customer_id,name,phone,email,district,dob,gender,updated_at
LK-C00001,Test Shopper 00001,+256700000031,shopper.lk1@example.invalid,Kampala,1965-01-01,female,2025-12-20
LK-C00002,Test Shopper 00002,+256700007950,shopper.lk2@example.invalid,Kampala,1966-02-02,male,2026-07-15
LK-C00003,Test Shopper 00003,+256700015869,shopper.lk3@example.invalid,Jinja,1967-03-03,not_stated,2026-07-15
LK-C00004,Test Shopper 00004,+256700023788,shopper.lk4@example.invalid,Mbarara,1968-04-04,female,2026-07-15
LK-C00005,Test Shopper 00005,+256700031707,shopper.lk5@example.invalid,Kampala,1969-05-05,male,2026-07-15
LK-C00006,Test Shopper 00006,+256700039626,shopper.lk6@example.invalid,Gulu,1970-06-06,female,2026-07-15
LK-C00007,Test Shopper 00007,+256700047545,shopper.lk7@example.invalid,Jinja,1971-07-07,male,2025-12-20
LK-C00008,Test Shopper 00008,+256700055464,shopper.lk8@example.invalid,Mbarara,1972-08-08,not_stated,2026-07-15
LK-C00009,Test Shopper 00009,+256700063383,shopper.lk9@example.invalid,Kampala,1973-09-09,female,2026-07-15
LK-C00010,Test Shopper 00010,+256700071302,shopper.lk10@example.invalid,Kampala,1974-10-10,male,2026-07-15
LK-C00011,Test Shopper 00011,+256700079221,shopper.lk11@example.invalid,Jinja,1975-11-11,female,2026-07-15
LK-C00012,Test Shopper 00012,+256700087140,shopper.lk12@example.invalid,Mbarara,1976-12-12,male,2026-07-15
LK-C00013,Test Shopper 00013,+256700095059,shopper.lk13@example.invalid,Kampala,1977-01-13,not_stated,2025-12-20
LK-C00014,Test Shopper 00014,+256700102978,shopper.lk14@example.invalid,Gulu,1978-02-14,female,2026-07-15
LK-C00015,Test Shopper 00015,+256700110897,shopper.lk15@example.invalid,Jinja,1979-03-15,male,2026-07-15
LK-C00016,Test Shopper 00016,+256700118816,shopper.lk16@example.invalid,Mbarara,1980-04-16,female,2026-07-15
LK-C00017,Test Shopper 00017,+256700126735,shopper.lk17@example.invalid,Kampala,1981-05-17,male,2026-07-15
LK-C00018,Test Shopper 00018,+256700134654,shopper.lk18@example.invalid,Kampala,1982-06-18,not_stated,2026-07-15
LK-C00019,Test Shopper 00019,+256700142573,shopper.lk19@example.invalid,Jinja,1983-07-19,female,2025-12-20
LK-C00020,Test Shopper 00020,+256700150492,shopper.lk20@example.invalid,Mbarara,1984-08-20,male,2026-07-15
LK-C00021,Test Shopper 00021,+256700158411,shopper.lk21@example.invalid,Kampala,1985-09-21,female,2026-07-15
LK-C00022,Test Shopper 00022,+256700166330,shopper.lk22@example.invalid,Gulu,1986-10-22,male,2026-07-15
LK-C00023,Test Shopper 00023,+256700174249,shopper.lk23@example.invalid,Jinja,1987-11-23,not_stated,2026-07-15
LK-C00024,Test Shopper 00024,+256700182168,shopper.lk24@example.invalid,Mbarara,1988-12-24,female,2026-07-15
LK-C00025,Test Shopper 00025,+256700190087,shopper.lk25@example.invalid,Kampala,1989-01-25,male,2025-12-20
LK-C00026,Test Shopper 00026,+256700198006,shopper.lk26@example.invalid,Kampala,1990-02-26,female,2026-07-15
LK-C00027,Test Shopper 00027,+256700205925,shopper.lk27@example.invalid,Jinja,1991-03-27,male,2026-07-15
LK-C00028,Test Shopper 00028,+256700213844,shopper.lk28@example.invalid,Mbarara,1992-04-01,not_stated,2026-07-15
LK-C00029,Test Shopper 00029,+256700221763,shopper.lk29@example.invalid,Kampala,1993-05-02,female,2026-07-15
LK-C00030,Test Shopper 00030,+256700229682,shopper.lk30@example.invalid,Gulu,1994-06-03,male,2026-07-15
LK-C00031,Test Shopper 00031,+256700237601,shopper.lk31@example.invalid,Jinja,1995-07-04,female,2025-12-20
LK-C00032,Test Shopper 00032,+256700245520,shopper.lk32@example.invalid,Mbarara,1996-08-05,male,2026-07-15
LK-C00033,Test Shopper 00033,+256700253439,shopper.lk33@example.invalid,Kampala,1997-09-06,not_stated,2026-07-15
LK-C00034,Test Shopper 00034,+256700261358,shopper.lk34@example.invalid,Kampala,1998-10-07,female,2026-07-15
LK-C00035,Test Shopper 00035,+256700269277,shopper.lk35@example.invalid,Jinja,1999-11-08,male,2026-07-15
LK-C00036,Test Shopper 00036,+256700277196,shopper.lk36@example.invalid,Mbarara,2000-12-09,female,2026-07-15
LK-C00037,Test Shopper 00037,+256700285115,shopper.lk37@example.invalid,Kampala,2001-01-10,male,2025-12-20
LK-C00038,Test Shopper 00038,+256700293034,shopper.lk38@example.invalid,Gulu,2002-02-11,not_stated,2026-07-15
LK-C00039,Test Shopper 00039,+256700300953,shopper.lk39@example.invalid,Jinja,2003-03-12,female,2026-07-15
LK-C00040,Test Shopper 00040,+256700308872,shopper.lk40@example.invalid,Mbarara,2004-04-13,male,2026-07-15
LK-C00041,Test Shopper 00041,+256700316791,shopper.lk41@example.invalid,Kampala,2005-05-14,female,2026-07-15
LK-C00042,Test Shopper 00042,+256700324710,shopper.lk42@example.invalid,Kampala,1965-06-15,male,2026-07-15
LK-C00043,Test Shopper 00043,+256700332629,shopper.lk43@example.invalid,Jinja,1966-07-16,not_stated,2025-12-20
LK-C00044,Test Shopper 00044,+256700340548,shopper.lk44@example.invalid,Mbarara,1967-08-17,female,2026-07-15
LK-C00045,Test Shopper 00045,+256700348467,shopper.lk45@example.invalid,Kampala,1968-09-18,male,2026-07-15
LK-C00046,Test Shopper 00046,+256700356386,shopper.lk46@example.invalid,Gulu,1969-10-19,female,2026-07-15
LK-C00047,Test Shopper 00047,+256700364305,shopper.lk47@example.invalid,Jinja,1970-11-20,male,2026-07-15
LK-C00048,Test Shopper 00048,+256700372224,shopper.lk48@example.invalid,Mbarara,1971-12-21,not_stated,2026-07-15
LK-C00049,Test Shopper 00049,+256700380143,shopper.lk49@example.invalid,Kampala,1972-01-22,female,2025-12-20
LK-C00050,Test Shopper 00050,+256700388062,shopper.lk50@example.invalid,Kampala,1973-02-23,male,2026-07-15
LK-C00051,Test Shopper 00051,+256700395981,shopper.lk51@example.invalid,Jinja,1974-03-24,female,2026-07-15
LK-C00052,Test Shopper 00052,+256700403900,shopper.lk52@example.invalid,Mbarara,1975-04-25,male,2026-07-15
LK-C00053,Test Shopper 00053,+256700411819,shopper.lk53@example.invalid,Kampala,1976-05-26,not_stated,2026-07-15
LK-C00054,Test Shopper 00054,+256700419738,shopper.lk54@example.invalid,Gulu,1977-06-27,female,2026-07-15
LK-C00055,Test Shopper 00055,+256700427657,shopper.lk55@example.invalid,Jinja,1978-07-01,male,2025-12-20
LK-C00056,Test Shopper 00056,+256700435576,shopper.lk56@example.invalid,Mbarara,1979-08-02,female,2026-07-15
LK-C00057,Test Shopper 00057,+256700443495,shopper.lk57@example.invalid,Kampala,1980-09-03,male,2026-07-15
LK-C00058,Test Shopper 00058,+256700451414,shopper.lk58@example.invalid,Kampala,1981-10-04,not_stated,2026-07-15
LK-C00059,Test Shopper 00059,+256700459333,shopper.lk59@example.invalid,Jinja,1982-11-05,female,2026-07-15
LK-C00060,Test Shopper 00060,+256700467252,shopper.lk60@example.invalid,Mbarara,1983-12-06,male,2026-07-15
LK-C00061,Test Shopper 00061,+256700475171,shopper.lk61@example.invalid,Kampala,1984-01-07,female,2025-12-20
LK-C00062,Test Shopper 00062,+256700483090,shopper.lk62@example.invalid,Gulu,1985-02-08,male,2026-07-15
LK-C00063,Test Shopper 00063,+256700491009,shopper.lk63@example.invalid,Jinja,1986-03-09,not_stated,2026-07-15
LK-C00064,Test Shopper 00064,+256700498928,shopper.lk64@example.invalid,Mbarara,1987-04-10,female,2026-07-15
LK-C00065,Test Shopper 00065,+256700506847,shopper.lk65@example.invalid,Kampala,1988-05-11,male,2026-07-15
LK-C00066,Test Shopper 00066,+256700514766,shopper.lk66@example.invalid,Kampala,1989-06-12,female,2026-07-15
LK-C00067,Test Shopper 00067,+256700522685,shopper.lk67@example.invalid,Jinja,1990-07-13,male,2025-12-20
LK-C00068,Test Shopper 00068,+256700530604,shopper.lk68@example.invalid,Mbarara,1991-08-14,not_stated,2026-07-15
LK-C00069,Test Shopper 00069,+256700538523,shopper.lk69@example.invalid,Kampala,1992-09-15,female,2026-07-15
LK-C00070,Test Shopper 00070,+256700546442,shopper.lk70@example.invalid,Gulu,1993-10-16,male,2026-07-15
LK-C00071,Test Shopper 00071,+256700554361,shopper.lk71@example.invalid,Jinja,1994-11-17,female,2026-07-15
LK-C00072,Test Shopper 00072,+256700562280,shopper.lk72@example.invalid,Mbarara,1995-12-18,male,2026-07-15
LK-C00073,Test Shopper 00073,+256700570199,shopper.lk73@example.invalid,Kampala,1996-01-19,not_stated,2025-12-20
LK-C00074,Test Shopper 00074,+256700578118,shopper.lk74@example.invalid,Kampala,1997-02-20,female,2026-07-15
LK-C00075,Test Shopper 00075,+256700586037,shopper.lk75@example.invalid,Jinja,1998-03-21,male,2026-07-15
LK-C00076,Test Shopper 00076,+256700593956,shopper.lk76@example.invalid,Mbarara,1999-04-22,female,2026-07-15
LK-C00077,Test Shopper 00077,+256700601875,shopper.lk77@example.invalid,Kampala,2000-05-23,male,2026-07-15
LK-C00078,Test Shopper 00078,+256700609794,shopper.lk78@example.invalid,Gulu,2001-06-24,not_stated,2026-07-15
LK-C00079,Test Shopper 00079,+256700617713,shopper.lk79@example.invalid,Jinja,2002-07-25,female,2025-12-20
LK-C00080,Test Shopper 00080,+256700625632,shopper.lk80@example.invalid,Mbarara,2003-08-26,male,2026-07-15
LK-C00081,Test Shopper 00081,+256700633551,shopper.lk81@example.invalid,Kampala,2004-09-27,female,2026-07-15
LK-C00082,Test Shopper 00082,+256700641470,shopper.lk82@example.invalid,Kampala,2005-10-01,male,2026-07-15
LK-C00083,Test Shopper 00083,+256700649389,shopper.lk83@example.invalid,Jinja,1965-11-02,not_stated,2026-07-15
LK-C00084,Test Shopper 00084,+256700657308,shopper.lk84@example.invalid,Mbarara,1966-12-03,female,2026-07-15
LK-C00085,Test Shopper 00085,+256700665227,shopper.lk85@example.invalid,Kampala,1967-01-04,male,2025-12-20
LK-C00086,Test Shopper 00086,+256700673146,shopper.lk86@example.invalid,Gulu,1968-02-05,female,2026-07-15
LK-C00087,Test Shopper 00087,+256700681065,shopper.lk87@example.invalid,Jinja,1969-03-06,male,2026-07-15
LK-C00088,Test Shopper 00088,+256700688984,shopper.lk88@example.invalid,Mbarara,1970-04-07,not_stated,2026-07-15
LK-C00089,Test Shopper 00089,+256700696903,shopper.lk89@example.invalid,Kampala,1971-05-08,female,2026-07-15
LK-C00090,Test Shopper 00090,+256700704822,shopper.lk90@example.invalid,Kampala,1972-06-09,male,2026-07-15
LK-C00091,Test Shopper 00091,+256700712741,shopper.lk91@example.invalid,Jinja,1973-07-10,female,2025-12-20
LK-C00092,Test Shopper 00092,+256700720660,shopper.lk92@example.invalid,Mbarara,1974-08-11,male,2026-07-15
LK-C00093,Test Shopper 00093,+256700728579,shopper.lk93@example.invalid,Kampala,1975-09-12,not_stated,2026-07-15
LK-C00094,Test Shopper 00094,+256700736498,shopper.lk94@example.invalid,Gulu,1976-10-13,female,2026-07-15
LK-C00095,Test Shopper 00095,+256700744417,shopper.lk95@example.invalid,Jinja,1977-11-14,male,2026-07-15
LK-C00096,Test Shopper 00096,+256700752336,shopper.lk96@example.invalid,Mbarara,1978-12-15,female,2026-07-15
LK-C00097,Test Shopper 00097,+256700760255,shopper.lk97@example.invalid,Kampala,1979-01-16,male,2025-12-20
LK-C00098,Test Shopper 00098,+256700768174,shopper.lk98@example.invalid,Kampala,1980-02-17,not_stated,2026-07-15
LK-C00099,Test Shopper 00099,+256700776093,shopper.lk99@example.invalid,Jinja,1981-03-18,female,2026-07-15
LK-C00100,Test Shopper 00100,+256700784012,shopper.lk100@example.invalid,Mbarara,1982-04-19,male,2026-07-15
LK-C00101,Test Shopper 00101,+256700791931,shopper.lk101@example.invalid,Kampala,1983-05-20,female,2026-07-15
LK-C00102,Test Shopper 00102,+256700799850,shopper.lk102@example.invalid,Gulu,1984-06-21,male,2026-07-15
LK-C00103,Test Shopper 00103,+256700807769,shopper.lk103@example.invalid,Jinja,1985-07-22,not_stated,2025-12-20
LK-C00104,Test Shopper 00104,+256700815688,shopper.lk104@example.invalid,Mbarara,1986-08-23,female,2026-07-15
LK-C00105,Test Shopper 00105,+256700823607,shopper.lk105@example.invalid,Kampala,1987-09-24,male,2026-07-15
LK-C00106,Test Shopper 00106,+256700831526,shopper.lk106@example.invalid,Kampala,1988-10-25,female,2026-07-15
LK-C00107,Test Shopper 00107,+256700839445,shopper.lk107@example.invalid,Jinja,1989-11-26,male,2026-07-15
LK-C00108,Test Shopper 00108,+256700847364,shopper.lk108@example.invalid,Mbarara,1990-12-27,not_stated,2026-07-15
LK-C00109,Test Shopper 00109,+256700855283,shopper.lk109@example.invalid,Kampala,1991-01-01,female,2025-12-20
LK-C00110,Test Shopper 00110,+256700863202,shopper.lk110@example.invalid,Gulu,1992-02-02,male,2026-07-15
LK-C00111,Test Shopper 00111,+256700871121,shopper.lk111@example.invalid,Jinja,1993-03-03,female,2026-07-15
LK-C00112,Test Shopper 00112,+256700879040,shopper.lk112@example.invalid,Mbarara,1994-04-04,male,2026-07-15
LK-C00113,Test Shopper 00113,+256700886959,shopper.lk113@example.invalid,Kampala,1995-05-05,not_stated,2026-07-15
LK-C00114,Test Shopper 00114,+256700894878,shopper.lk114@example.invalid,Kampala,1996-06-06,female,2026-07-15
LK-C00115,Test Shopper 00115,+256700902797,shopper.lk115@example.invalid,Jinja,1997-07-07,male,2025-12-20
LK-C00116,Test Shopper 00116,+256700910716,shopper.lk116@example.invalid,Mbarara,1998-08-08,female,2026-07-15
LK-C00117,Test Shopper 00117,+256700918635,shopper.lk117@example.invalid,Kampala,1999-09-09,male,2026-07-15
LK-C00118,Test Shopper 00118,+256700926554,shopper.lk118@example.invalid,Gulu,2000-10-10,not_stated,2026-07-15
LK-C00119,Test Shopper 00119,+256700934473,shopper.lk119@example.invalid,Jinja,2001-11-11,female,2026-07-15
LK-C00120,Test Shopper 00120,+256700942392,shopper.lk120@example.invalid,Mbarara,2002-12-12,male,2026-07-15
LK-C00121,Test Shopper 00121,+256700950311,shopper.lk121@example.invalid,Kampala,2003-01-13,female,2025-12-20
LK-C00122,Test Shopper 00122,+256700958230,shopper.lk122@example.invalid,Kampala,2004-02-14,male,2026-07-15
LK-C00123,Test Shopper 00123,+256700966149,shopper.lk123@example.invalid,Jinja,2005-03-15,not_stated,2026-07-15
LK-C00124,Test Shopper 00124,+256700974068,shopper.lk124@example.invalid,Mbarara,1965-04-16,female,2026-07-15
LK-C00125,Test Shopper 00125,+256700981987,shopper.lk125@example.invalid,Kampala,1966-05-17,male,2026-07-15
LK-C00126,Test Shopper 00126,+256700989906,shopper.lk126@example.invalid,Gulu,1967-06-18,female,2026-07-15
LK-C00127,Test Shopper 00127,+256700997825,shopper.lk127@example.invalid,Jinja,1968-07-19,male,2025-12-20
LK-C00128,Test Shopper 00128,+256701005744,shopper.lk128@example.invalid,Mbarara,1969-08-20,not_stated,2026-07-15
LK-C00129,Test Shopper 00129,+256701013663,shopper.lk129@example.invalid,Kampala,1970-09-21,female,2026-07-15
LK-C00130,Test Shopper 00130,+256701021582,shopper.lk130@example.invalid,Kampala,1971-10-22,male,2026-07-15
LK-C00131,Test Shopper 00131,+256701029501,shopper.lk131@example.invalid,Jinja,1972-11-23,female,2026-07-15
LK-C00132,Test Shopper 00132,+256701037420,shopper.lk132@example.invalid,Mbarara,1973-12-24,male,2026-07-15
LK-C00133,Test Shopper 00133,+256701045339,shopper.lk133@example.invalid,Kampala,1974-01-25,not_stated,2025-12-20
LK-C00134,Test Shopper 00134,+256701053258,shopper.lk134@example.invalid,Gulu,1975-02-26,female,2026-07-15
LK-C00135,Test Shopper 00135,+256701061177,shopper.lk135@example.invalid,Jinja,1976-03-27,male,2026-07-15
LK-C00136,Test Shopper 00136,+256701069096,shopper.lk136@example.invalid,Mbarara,1977-04-01,female,2026-07-15
LK-C00137,Test Shopper 00137,+256701077015,shopper.lk137@example.invalid,Kampala,1978-05-02,male,2026-07-15
LK-C00138,Test Shopper 00138,+256701084934,shopper.lk138@example.invalid,Kampala,1979-06-03,not_stated,2026-07-15
LK-C00139,Test Shopper 00139,+256701092853,shopper.lk139@example.invalid,Jinja,1980-07-04,female,2025-12-20
LK-C00140,Test Shopper 00140,+256701100772,shopper.lk140@example.invalid,Mbarara,1981-08-05,male,2026-07-15
LK-C00141,Test Shopper 00141,+256701108691,shopper.lk141@example.invalid,Kampala,1982-09-06,female,2026-07-15
LK-C00142,Test Shopper 00142,+256701116610,shopper.lk142@example.invalid,Gulu,1983-10-07,male,2026-07-15
LK-C00143,Test Shopper 00143,+256701124529,shopper.lk143@example.invalid,Jinja,1984-11-08,not_stated,2026-07-15
LK-C00144,Test Shopper 00144,+256701132448,shopper.lk144@example.invalid,Mbarara,1985-12-09,female,2026-07-15
LK-C00145,Test Shopper 00145,+256701140367,shopper.lk145@example.invalid,Kampala,1986-01-10,male,2025-12-20
LK-C00146,Test Shopper 00146,+256701148286,shopper.lk146@example.invalid,Kampala,1987-02-11,female,2026-07-15
LK-C00147,Test Shopper 00147,+256701156205,shopper.lk147@example.invalid,Jinja,1988-03-12,male,2026-07-15
LK-C00148,Test Shopper 00148,+256701164124,shopper.lk148@example.invalid,Mbarara,1989-04-13,not_stated,2026-07-15
LK-C00149,Test Shopper 00149,+256701172043,shopper.lk149@example.invalid,Kampala,1990-05-14,female,2026-07-15
LK-C00150,Test Shopper 00150,+256701179962,shopper.lk150@example.invalid,Gulu,1991-06-15,male,2026-07-15
LK-C00151,Test Shopper 00151,+256701187881,shopper.lk151@example.invalid,Jinja,1992-07-16,female,2025-12-20
LK-C00152,Test Shopper 00152,+256701195800,shopper.lk152@example.invalid,Mbarara,1993-08-17,male,2026-07-15
LK-C00153,Test Shopper 00153,+256701203719,shopper.lk153@example.invalid,Kampala,1994-09-18,not_stated,2026-07-15
LK-C00154,Test Shopper 00154,+256701211638,shopper.lk154@example.invalid,Kampala,1995-10-19,female,2026-07-15
LK-C00155,Test Shopper 00155,+256701219557,shopper.lk155@example.invalid,Jinja,1996-11-20,male,2026-07-15
LK-C00156,Test Shopper 00156,+256701227476,shopper.lk156@example.invalid,Mbarara,1997-12-21,female,2026-07-15
LK-C00157,Test Shopper 00157,+256701235395,shopper.lk157@example.invalid,Kampala,1998-01-22,male,2025-12-20
LK-C00158,Test Shopper 00158,+256701243314,shopper.lk158@example.invalid,Gulu,1999-02-23,not_stated,2026-07-15
LK-C00159,Test Shopper 00159,+256701251233,shopper.lk159@example.invalid,Jinja,2000-03-24,female,2026-07-15
LK-C00160,Test Shopper 00160,+256701259152,shopper.lk160@example.invalid,Mbarara,2001-04-25,male,2026-07-15
LK-C00161,Test Shopper 00161,+256701267071,shopper.lk161@example.invalid,Kampala,2002-05-26,female,2026-07-15
LK-C00162,Test Shopper 00162,+256701274990,shopper.lk162@example.invalid,Kampala,2003-06-27,male,2026-07-15
LK-C00163,Test Shopper 00163,+256701282909,shopper.lk163@example.invalid,Jinja,2004-07-01,not_stated,2025-12-20
LK-C00164,Test Shopper 00164,+256701290828,shopper.lk164@example.invalid,Mbarara,2005-08-02,female,2026-07-15
LK-C00165,Test Shopper 00165,+256701298747,shopper.lk165@example.invalid,Kampala,1965-09-03,male,2026-07-15
LK-C00166,Test Shopper 00166,+256701306666,shopper.lk166@example.invalid,Gulu,1966-10-04,female,2026-07-15
LK-C00167,Test Shopper 00167,+256701314585,shopper.lk167@example.invalid,Jinja,1967-11-05,male,2026-07-15
LK-C00168,Test Shopper 00168,+256701322504,shopper.lk168@example.invalid,Mbarara,1968-12-06,not_stated,2026-07-15
LK-C00169,Test Shopper 00169,+256701330423,shopper.lk169@example.invalid,Kampala,1969-01-07,female,2025-12-20
LK-C00170,Test Shopper 00170,+256701338342,shopper.lk170@example.invalid,Kampala,1970-02-08,male,2026-07-15
LK-C00171,Test Shopper 00171,+256701346261,shopper.lk171@example.invalid,Jinja,1971-03-09,female,2026-07-15
LK-C00172,Test Shopper 00172,+256701354180,shopper.lk172@example.invalid,Mbarara,1972-04-10,male,2026-07-15
LK-C00173,Test Shopper 00173,+256701362099,shopper.lk173@example.invalid,Kampala,1973-05-11,not_stated,2026-07-15
LK-C00174,Test Shopper 00174,+256701370018,shopper.lk174@example.invalid,Gulu,1974-06-12,female,2026-07-15
LK-C00175,Test Shopper 00175,+256701377937,shopper.lk175@example.invalid,Jinja,1975-07-13,male,2025-12-20
LK-C00176,Test Shopper 00176,+256701385856,shopper.lk176@example.invalid,Mbarara,1976-08-14,female,2026-07-15
LK-C00177,Test Shopper 00177,+256701393775,shopper.lk177@example.invalid,Kampala,1977-09-15,male,2026-07-15
LK-C00178,Test Shopper 00178,+256701401694,shopper.lk178@example.invalid,Kampala,1978-10-16,not_stated,2026-07-15
LK-C00179,Test Shopper 00179,+256701409613,shopper.lk179@example.invalid,Jinja,1979-11-17,female,2026-07-15
LK-C00180,Test Shopper 00180,+256701417532,shopper.lk180@example.invalid,Mbarara,1980-12-18,male,2026-07-15
LK-C00181,Test Shopper 00181,+256701425451,shopper.lk181@example.invalid,Kampala,1981-01-19,female,2025-12-20
LK-C00182,Test Shopper 00182,+256701433370,shopper.lk182@example.invalid,Gulu,1982-02-20,male,2026-07-15
LK-C00183,Test Shopper 00183,+256701441289,shopper.lk183@example.invalid,Jinja,1983-03-21,not_stated,2026-07-15
LK-C00184,Test Shopper 00184,+256701449208,shopper.lk184@example.invalid,Mbarara,1984-04-22,female,2026-07-15
LK-C00185,Test Shopper 00185,+256701457127,shopper.lk185@example.invalid,Kampala,1985-05-23,male,2026-07-15
LK-C00186,Test Shopper 00186,+256701465046,shopper.lk186@example.invalid,Kampala,1986-06-24,female,2026-07-15
LK-C00187,Test Shopper 00187,+256701472965,shopper.lk187@example.invalid,Jinja,1987-07-25,male,2025-12-20
LK-C00188,Test Shopper 00188,+256701480884,shopper.lk188@example.invalid,Mbarara,1988-08-26,not_stated,2026-07-15
LK-C00189,Test Shopper 00189,+256701488803,shopper.lk189@example.invalid,Kampala,1989-09-27,female,2026-07-15
LK-C00190,Test Shopper 00190,+256701496722,shopper.lk190@example.invalid,Gulu,1990-10-01,male,2026-07-15
LK-C00191,Test Shopper 00191,+256701504641,shopper.lk191@example.invalid,Jinja,1991-11-02,female,2026-07-15
LK-C00192,Test Shopper 00192,+256701512560,shopper.lk192@example.invalid,Mbarara,1992-12-03,male,2026-07-15
LK-C00193,Test Shopper 00193,+256701520479,shopper.lk193@example.invalid,Kampala,1993-01-04,not_stated,2025-12-20
LK-C00194,Test Shopper 00194,+256701528398,shopper.lk194@example.invalid,Kampala,1994-02-05,female,2026-07-15
LK-C00195,Test Shopper 00195,+256701536317,shopper.lk195@example.invalid,Jinja,1995-03-06,male,2026-07-15
LK-C00196,Test Shopper 00196,+256701544236,shopper.lk196@example.invalid,Mbarara,1996-04-07,female,2026-07-15
LK-C00197,Test Shopper 00197,+256701552155,shopper.lk197@example.invalid,Kampala,1997-05-08,male,2026-07-15
LK-C00198,Test Shopper 00198,+256701560074,shopper.lk198@example.invalid,Gulu,1998-06-09,not_stated,2026-07-15
LK-C00199,Test Shopper 00199,+256701567993,shopper.lk199@example.invalid,Jinja,1999-07-10,female,2025-12-20
LK-C00200,Test Shopper 00200,+256701575912,shopper.lk200@example.invalid,Mbarara,2000-08-11,male,2026-07-15
LK-C00201,Test Shopper 00201,+256701583831,shopper.lk201@example.invalid,Kampala,2001-09-12,female,2026-07-15
LK-C00202,Test Shopper 00202,+256701591750,shopper.lk202@example.invalid,Kampala,2002-10-13,male,2026-07-15
LK-C00203,Test Shopper 00203,+256701599669,shopper.lk203@example.invalid,Jinja,2003-11-14,not_stated,2026-07-15
LK-C00204,Test Shopper 00204,+256701607588,shopper.lk204@example.invalid,Mbarara,2004-12-15,female,2026-07-15
LK-C00205,Test Shopper 00205,+256701615507,shopper.lk205@example.invalid,Kampala,2005-01-16,male,2025-12-20
LK-C00206,Test Shopper 00206,+256701623426,shopper.lk206@example.invalid,Gulu,1965-02-17,female,2026-07-15
LK-C00207,Test Shopper 00207,+256701631345,shopper.lk207@example.invalid,Jinja,1966-03-18,male,2026-07-15
LK-C00208,Test Shopper 00208,+256701639264,shopper.lk208@example.invalid,Mbarara,1967-04-19,not_stated,2026-07-15
LK-C00209,Test Shopper 00209,+256701647183,shopper.lk209@example.invalid,Kampala,1968-05-20,female,2026-07-15
LK-C00210,Test Shopper 00210,+256701655102,shopper.lk210@example.invalid,Kampala,1969-06-21,male,2026-07-15
LK-C00211,Test Shopper 00211,+256701663021,shopper.lk211@example.invalid,Jinja,1970-07-22,female,2025-12-20
LK-C00212,Test Shopper 00212,+256701670940,shopper.lk212@example.invalid,Mbarara,1971-08-23,male,2026-07-15
LK-C00213,Test Shopper 00213,+256701678859,shopper.lk213@example.invalid,Kampala,1972-09-24,not_stated,2026-07-15
LK-C00214,Test Shopper 00214,+256701686778,shopper.lk214@example.invalid,Gulu,1973-10-25,female,2026-07-15
LK-C00215,Test Shopper 00215,+256701694697,shopper.lk215@example.invalid,Jinja,1974-11-26,male,2026-07-15
LK-C00216,Test Shopper 00216,+256701702616,shopper.lk216@example.invalid,Mbarara,1975-12-27,female,2026-07-15
LK-C00217,Test Shopper 00217,+256701710535,shopper.lk217@example.invalid,Kampala,1976-01-01,male,2025-12-20
LK-C00218,Test Shopper 00218,+256701718454,shopper.lk218@example.invalid,Kampala,1977-02-02,not_stated,2026-07-15
LK-C00219,Test Shopper 00219,+256701726373,shopper.lk219@example.invalid,Jinja,1978-03-03,female,2026-07-15
LK-C00220,Test Shopper 00220,+256701734292,shopper.lk220@example.invalid,Mbarara,1979-04-04,male,2026-07-15
LK-C00221,Test Shopper 00221,+256701742211,shopper.lk221@example.invalid,Kampala,1980-05-05,female,2026-07-15
LK-C00222,Test Shopper 00222,+256701750130,shopper.lk222@example.invalid,Gulu,1981-06-06,male,2026-07-15
LK-C00223,Test Shopper 00223,+256701758049,shopper.lk223@example.invalid,Jinja,1982-07-07,not_stated,2025-12-20
LK-C00224,Test Shopper 00224,+256701765968,shopper.lk224@example.invalid,Mbarara,1983-08-08,female,2026-07-15
LK-C00225,Test Shopper 00225,+256701773887,shopper.lk225@example.invalid,Kampala,1984-09-09,male,2026-07-15
LK-C00226,Test Shopper 00226,+256701781806,shopper.lk226@example.invalid,Kampala,1985-10-10,female,2026-07-15
LK-C00227,Test Shopper 00227,+256701789725,shopper.lk227@example.invalid,Jinja,1986-11-11,male,2026-07-15
LK-C00228,Test Shopper 00228,+256701797644,shopper.lk228@example.invalid,Mbarara,1987-12-12,not_stated,2026-07-15
LK-C00229,Test Shopper 00229,+256701805563,shopper.lk229@example.invalid,Kampala,1988-01-13,female,2025-12-20
LK-C00230,Test Shopper 00230,+256701813482,shopper.lk230@example.invalid,Gulu,1989-02-14,male,2026-07-15
LK-C00231,Test Shopper 00231,+256701821401,shopper.lk231@example.invalid,Jinja,1990-03-15,female,2026-07-15
LK-C00232,Test Shopper 00232,+256701829320,shopper.lk232@example.invalid,Mbarara,1991-04-16,male,2026-07-15
LK-C00233,Test Shopper 00233,+256701837239,shopper.lk233@example.invalid,Kampala,1992-05-17,not_stated,2026-07-15
LK-C00234,Test Shopper 00234,+256701845158,shopper.lk234@example.invalid,Kampala,1993-06-18,female,2026-07-15
LK-C00235,Test Shopper 00235,+256701853077,shopper.lk235@example.invalid,Jinja,1994-07-19,male,2025-12-20
LK-C00236,Test Shopper 00236,+256701860996,shopper.lk236@example.invalid,Mbarara,1995-08-20,female,2026-07-15
LK-C00237,Test Shopper 00237,+256701868915,shopper.lk237@example.invalid,Kampala,1996-09-21,male,2026-07-15
LK-C00238,Test Shopper 00238,+256701876834,shopper.lk238@example.invalid,Gulu,1997-10-22,not_stated,2026-07-15
LK-C00239,Test Shopper 00239,+256701884753,shopper.lk239@example.invalid,Jinja,1998-11-23,female,2026-07-15
LK-C00240,Test Shopper 00240,+256701892672,shopper.lk240@example.invalid,Mbarara,1999-12-24,male,2026-07-15
LK-C00241,Test Shopper 00241,+256701900591,shopper.lk241@example.invalid,Kampala,2000-01-25,female,2025-12-20
LK-C00242,Test Shopper 00242,+256701908510,shopper.lk242@example.invalid,Kampala,2001-02-26,male,2026-07-15
LK-C00243,Test Shopper 00243,+256701916429,shopper.lk243@example.invalid,Jinja,2002-03-27,not_stated,2026-07-15
LK-C00244,Test Shopper 00244,+256701924348,shopper.lk244@example.invalid,Mbarara,2003-04-01,female,2026-07-15
LK-C00245,Test Shopper 00245,+256701932267,shopper.lk245@example.invalid,Kampala,2004-05-02,male,2026-07-15
LK-C00246,Test Shopper 00246,+256701940186,shopper.lk246@example.invalid,Gulu,2005-06-03,female,2026-07-15
LK-C00247,Test Shopper 00247,+256701948105,shopper.lk247@example.invalid,Jinja,1965-07-04,male,2025-12-20
LK-C00248,Test Shopper 00248,+256701956024,shopper.lk248@example.invalid,Mbarara,1966-08-05,not_stated,2026-07-15
LK-C00249,Test Shopper 00249,+256701963943,shopper.lk249@example.invalid,Kampala,1967-09-06,female,2026-07-15
LK-C00250,Test Shopper 00250,+256701971862,shopper.lk250@example.invalid,Kampala,1968-10-07,male,2026-07-15
LK-C00251,Test Shopper 00251,+256701979781,shopper.lk251@example.invalid,Jinja,1969-11-08,female,2026-07-15
LK-C00252,Test Shopper 00252,+256701987700,shopper.lk252@example.invalid,Mbarara,1970-12-09,male,2026-07-15
LK-C00253,Test Shopper 00253,+256701995619,shopper.lk253@example.invalid,Kampala,1971-01-10,not_stated,2025-12-20
LK-C00254,Test Shopper 00254,+256702003538,shopper.lk254@example.invalid,Gulu,1972-02-11,female,2026-07-15
LK-C00255,Test Shopper 00255,+256702011457,shopper.lk255@example.invalid,Jinja,1973-03-12,male,2026-07-15
LK-C00256,Test Shopper 00256,+256702019376,shopper.lk256@example.invalid,Mbarara,1974-04-13,female,2026-07-15
LK-C00257,Test Shopper 00257,+256702027295,shopper.lk257@example.invalid,Kampala,1975-05-14,male,2026-07-15
LK-C00258,Test Shopper 00258,+256702035214,shopper.lk258@example.invalid,Kampala,1976-06-15,not_stated,2026-07-15
LK-C00259,Test Shopper 00259,+256702043133,shopper.lk259@example.invalid,Jinja,1977-07-16,female,2025-12-20
LK-C00260,Test Shopper 00260,+256702051052,shopper.lk260@example.invalid,Mbarara,1978-08-17,male,2026-07-15
LK-C00261,Test Shopper 00261,+256702058971,shopper.lk261@example.invalid,Kampala,1979-09-18,female,2026-07-15
LK-C00262,Test Shopper 00262,+256702066890,shopper.lk262@example.invalid,Gulu,1980-10-19,male,2026-07-15
LK-C00263,Test Shopper 00263,+256702074809,shopper.lk263@example.invalid,Jinja,1981-11-20,not_stated,2026-07-15
LK-C00264,Test Shopper 00264,+256702082728,shopper.lk264@example.invalid,Mbarara,1982-12-21,female,2026-07-15
LK-C00265,Test Shopper 00265,+256702090647,shopper.lk265@example.invalid,Kampala,1983-01-22,male,2025-12-20
LK-C00266,Test Shopper 00266,+256702098566,shopper.lk266@example.invalid,Kampala,1984-02-23,female,2026-07-15
LK-C00267,Test Shopper 00267,+256702106485,shopper.lk267@example.invalid,Jinja,1985-03-24,male,2026-07-15
LK-C00268,Test Shopper 00268,+256702114404,shopper.lk268@example.invalid,Mbarara,1986-04-25,not_stated,2026-07-15
LK-C00269,Test Shopper 00269,+256702122323,shopper.lk269@example.invalid,Kampala,1987-05-26,female,2026-07-15
LK-C00270,Test Shopper 00270,+256702130242,shopper.lk270@example.invalid,Gulu,1988-06-27,male,2026-07-15
LK-C00271,Test Shopper 00271,+256702138161,shopper.lk271@example.invalid,Jinja,1989-07-01,female,2025-12-20
LK-C00272,Test Shopper 00272,+256702146080,shopper.lk272@example.invalid,Mbarara,1990-08-02,male,2026-07-15
LK-C00273,Test Shopper 00273,+256702153999,shopper.lk273@example.invalid,Kampala,1991-09-03,not_stated,2026-07-15
LK-C00274,Test Shopper 00274,+256702161918,shopper.lk274@example.invalid,Kampala,1992-10-04,female,2026-07-15
LK-C00275,Test Shopper 00275,+256702169837,shopper.lk275@example.invalid,Jinja,1993-11-05,male,2026-07-15
LK-C00276,Test Shopper 00276,+256702177756,shopper.lk276@example.invalid,Mbarara,1994-12-06,female,2026-07-15
LK-C00277,Test Shopper 00277,+256702185675,shopper.lk277@example.invalid,Kampala,1995-01-07,male,2025-12-20
LK-C00278,Test Shopper 00278,+256702193594,shopper.lk278@example.invalid,Gulu,1996-02-08,not_stated,2026-07-15
LK-C00279,Test Shopper 00279,+256702201513,shopper.lk279@example.invalid,Jinja,1997-03-09,female,2026-07-15
LK-C00280,Test Shopper 00280,+256702209432,shopper.lk280@example.invalid,Mbarara,1998-04-10,male,2026-07-15
LK-C00281,Test Shopper 00281,+256702217351,shopper.lk281@example.invalid,Kampala,1999-05-11,female,2026-07-15
LK-C00282,Test Shopper 00282,+256702225270,shopper.lk282@example.invalid,Kampala,2000-06-12,male,2026-07-15
LK-C00283,Test Shopper 00283,+256702233189,shopper.lk283@example.invalid,Jinja,2001-07-13,not_stated,2025-12-20
LK-C00284,Test Shopper 00284,+256702241108,shopper.lk284@example.invalid,Mbarara,2002-08-14,female,2026-07-15
LK-C00285,Test Shopper 00285,+256702249027,shopper.lk285@example.invalid,Kampala,2003-09-15,male,2026-07-15
LK-C00286,Test Shopper 00286,+256702256946,shopper.lk286@example.invalid,Gulu,2004-10-16,female,2026-07-15
LK-C00287,Test Shopper 00287,+256702264865,shopper.lk287@example.invalid,Jinja,2005-11-17,male,2026-07-15
LK-C00288,Test Shopper 00288,+256702272784,shopper.lk288@example.invalid,Mbarara,1965-12-18,not_stated,2026-07-15
LK-C00289,Test Shopper 00289,+256702280703,shopper.lk289@example.invalid,Kampala,1966-01-19,female,2025-12-20
LK-C00290,Test Shopper 00290,+256702288622,shopper.lk290@example.invalid,Kampala,1967-02-20,male,2026-07-15
LK-C00291,Test Shopper 00291,+256702296541,shopper.lk291@example.invalid,Jinja,1968-03-21,female,2026-07-15
LK-C00292,Test Shopper 00292,+256702304460,shopper.lk292@example.invalid,Mbarara,1969-04-22,male,2026-07-15
LK-C00293,Test Shopper 00293,+256702312379,shopper.lk293@example.invalid,Kampala,1970-05-23,not_stated,2026-07-15
LK-C00294,Test Shopper 00294,+256702320298,shopper.lk294@example.invalid,Gulu,1971-06-24,female,2026-07-15
LK-C00295,Test Shopper 00295,+256702328217,shopper.lk295@example.invalid,Jinja,1972-07-25,male,2025-12-20
LK-C00296,Test Shopper 00296,+256702336136,shopper.lk296@example.invalid,Mbarara,1973-08-26,female,2026-07-15
LK-C00297,Test Shopper 00297,+256702344055,shopper.lk297@example.invalid,Kampala,1974-09-27,male,2026-07-15
LK-C00298,Test Shopper 00298,+256702351974,shopper.lk298@example.invalid,Kampala,1975-10-01,not_stated,2026-07-15
LK-C00299,Test Shopper 00299,+256702359893,shopper.lk299@example.invalid,Jinja,1976-11-02,female,2026-07-15
LK-C00300,Test Shopper 00300,+256702367812,shopper.lk300@example.invalid,Mbarara,1977-12-03,male,2026-07-15
LK-C00301,Test Shopper 00301,+256702375731,shopper.lk301@example.invalid,Kampala,1978-01-04,female,2025-12-20
LK-C00302,Test Shopper 00302,+256702383650,shopper.lk302@example.invalid,Gulu,1979-02-05,male,2026-07-15
LK-C00303,Test Shopper 00303,+256702391569,shopper.lk303@example.invalid,Jinja,1980-03-06,not_stated,2026-07-15
LK-C00304,Test Shopper 00304,+256702399488,shopper.lk304@example.invalid,Mbarara,1981-04-07,female,2026-07-15
LK-C00305,Test Shopper 00305,+256702407407,shopper.lk305@example.invalid,Kampala,1982-05-08,male,2026-07-15
LK-C00306,Test Shopper 00306,+256702415326,shopper.lk306@example.invalid,Kampala,1983-06-09,female,2026-07-15
LK-C00307,Test Shopper 00307,+256702423245,shopper.lk307@example.invalid,Jinja,1984-07-10,male,2025-12-20
LK-C00308,Test Shopper 00308,+256702431164,shopper.lk308@example.invalid,Mbarara,1985-08-11,not_stated,2026-07-15
LK-C00309,Test Shopper 00309,+256702439083,shopper.lk309@example.invalid,Kampala,1986-09-12,female,2026-07-15
LK-C00310,Test Shopper 00310,+256702447002,shopper.lk310@example.invalid,Gulu,1987-10-13,male,2026-07-15
LK-C00311,Test Shopper 00311,+256702454921,shopper.lk311@example.invalid,Jinja,1988-11-14,female,2026-07-15
LK-C00312,Test Shopper 00312,+256702462840,shopper.lk312@example.invalid,Mbarara,1989-12-15,male,2026-07-15
LK-C00313,Test Shopper 00313,+256702470759,shopper.lk313@example.invalid,Kampala,1990-01-16,not_stated,2025-12-20
LK-C00314,Test Shopper 00314,+256702478678,shopper.lk314@example.invalid,Kampala,1991-02-17,female,2026-07-15
LK-C00315,Test Shopper 00315,+256702486597,shopper.lk315@example.invalid,Jinja,1992-03-18,male,2026-07-15
LK-C00316,Test Shopper 00316,+256702494516,shopper.lk316@example.invalid,Mbarara,1993-04-19,female,2026-07-15
LK-C00317,Test Shopper 00317,+256702502435,shopper.lk317@example.invalid,Kampala,1994-05-20,male,2026-07-15
LK-C00318,Test Shopper 00318,+256702510354,shopper.lk318@example.invalid,Gulu,1995-06-21,not_stated,2026-07-15
LK-C00319,Test Shopper 00319,+256702518273,shopper.lk319@example.invalid,Jinja,1996-07-22,female,2025-12-20
LK-C00320,Test Shopper 00320,+256702526192,shopper.lk320@example.invalid,Mbarara,1997-08-23,male,2026-07-15
LK-C00321,Test Shopper 00321,+256702534111,shopper.lk321@example.invalid,Kampala,1998-09-24,female,2026-07-15
LK-C00322,Test Shopper 00322,+256702542030,shopper.lk322@example.invalid,Kampala,1999-10-25,male,2026-07-15
LK-C00323,Test Shopper 00323,+256702549949,shopper.lk323@example.invalid,Jinja,2000-11-26,not_stated,2026-07-15
LK-C00324,Test Shopper 00324,+256702557868,shopper.lk324@example.invalid,Mbarara,2001-12-27,female,2026-07-15
LK-C00325,Test Shopper 00325,+256702565787,shopper.lk325@example.invalid,Kampala,2002-01-01,male,2025-12-20
LK-C00326,Test Shopper 00326,+256702573706,shopper.lk326@example.invalid,Gulu,2003-02-02,female,2026-07-15
LK-C00327,Test Shopper 00327,+256702581625,shopper.lk327@example.invalid,Jinja,2004-03-03,male,2026-07-15
LK-C00328,Test Shopper 00328,+256702589544,shopper.lk328@example.invalid,Mbarara,2005-04-04,not_stated,2026-07-15
LK-C00329,Test Shopper 00329,+256702597463,shopper.lk329@example.invalid,Kampala,1965-05-05,female,2026-07-15
LK-C00330,Test Shopper 00330,+256702605382,shopper.lk330@example.invalid,Kampala,1966-06-06,male,2026-07-15
LK-C00331,Test Shopper 00331,+256702613301,shopper.lk331@example.invalid,Jinja,1967-07-07,female,2025-12-20
LK-C00332,Test Shopper 00332,+256702621220,shopper.lk332@example.invalid,Mbarara,1968-08-08,male,2026-07-15
LK-C00333,Test Shopper 00333,+256702629139,shopper.lk333@example.invalid,Kampala,1969-09-09,not_stated,2026-07-15
LK-C00334,Test Shopper 00334,+256702637058,shopper.lk334@example.invalid,Gulu,1970-10-10,female,2026-07-15
LK-C00335,Test Shopper 00335,+256702644977,shopper.lk335@example.invalid,Jinja,1971-11-11,male,2026-07-15
LK-C00336,Test Shopper 00336,+256702652896,shopper.lk336@example.invalid,Mbarara,1972-12-12,female,2026-07-15
LK-C00337,Test Shopper 00337,+256702660815,shopper.lk337@example.invalid,Kampala,1973-01-13,male,2025-12-20
LK-C00338,Test Shopper 00338,+256702668734,shopper.lk338@example.invalid,Kampala,1974-02-14,not_stated,2026-07-15
LK-C00339,Test Shopper 00339,+256702676653,shopper.lk339@example.invalid,Jinja,1975-03-15,female,2026-07-15
LK-C00340,Test Shopper 00340,+256702684572,shopper.lk340@example.invalid,Mbarara,1976-04-16,male,2026-07-15
LK-C00341,Test Shopper 00341,+256702692491,shopper.lk341@example.invalid,Kampala,1977-05-17,female,2026-07-15
LK-C00342,Test Shopper 00342,+256702700410,shopper.lk342@example.invalid,Gulu,1978-06-18,male,2026-07-15
LK-C00343,Test Shopper 00343,+256702708329,shopper.lk343@example.invalid,Jinja,1979-07-19,not_stated,2025-12-20
LK-C00344,Test Shopper 00344,+256702716248,shopper.lk344@example.invalid,Mbarara,1980-08-20,female,2026-07-15
LK-C00345,Test Shopper 00345,+256702724167,shopper.lk345@example.invalid,Kampala,1981-09-21,male,2026-07-15
LK-C00346,Test Shopper 00346,+256702732086,shopper.lk346@example.invalid,Kampala,1982-10-22,female,2026-07-15
LK-C00347,Test Shopper 00347,+256702740005,shopper.lk347@example.invalid,Jinja,1983-11-23,male,2026-07-15
LK-C00348,Test Shopper 00348,+256702747924,shopper.lk348@example.invalid,Mbarara,1984-12-24,not_stated,2026-07-15
LK-C00349,Test Shopper 00349,+256702755843,shopper.lk349@example.invalid,Kampala,1985-01-25,female,2025-12-20
LK-C00350,Test Shopper 00350,+256702763762,shopper.lk350@example.invalid,Gulu,1986-02-26,male,2026-07-15
LK-C00351,Test Shopper 00351,+256702771681,shopper.lk351@example.invalid,Jinja,1987-03-27,female,2026-07-15
LK-C00352,Test Shopper 00352,+256702779600,shopper.lk352@example.invalid,Mbarara,1988-04-01,male,2026-07-15
LK-C00353,Test Shopper 00353,+256702787519,shopper.lk353@example.invalid,Kampala,1989-05-02,not_stated,2026-07-15
LK-C00354,Test Shopper 00354,+256702795438,shopper.lk354@example.invalid,Kampala,1990-06-03,female,2026-07-15
LK-C00355,Test Shopper 00355,+256702803357,shopper.lk355@example.invalid,Jinja,1991-07-04,male,2025-12-20
LK-C00356,Test Shopper 00356,+256702811276,shopper.lk356@example.invalid,Mbarara,1992-08-05,female,2026-07-15
LK-C00357,Test Shopper 00357,+256702819195,shopper.lk357@example.invalid,Kampala,1993-09-06,male,2026-07-15
LK-C00358,Test Shopper 00358,+256702827114,shopper.lk358@example.invalid,Gulu,1994-10-07,not_stated,2026-07-15
LK-C00359,Test Shopper 00359,+256702835033,shopper.lk359@example.invalid,Jinja,1995-11-08,female,2026-07-15
LK-C00360,Test Shopper 00360,+256702842952,shopper.lk360@example.invalid,Mbarara,1996-12-09,male,2026-07-15
LK-C00361,Test Shopper 00361,+256702850871,shopper.lk361@example.invalid,Kampala,1997-01-10,female,2025-12-20
LK-C00362,Test Shopper 00362,+256702858790,shopper.lk362@example.invalid,Kampala,1998-02-11,male,2026-07-15
LK-C00363,Test Shopper 00363,+256702866709,shopper.lk363@example.invalid,Jinja,1999-03-12,not_stated,2026-07-15
LK-C00364,Test Shopper 00364,+256702874628,shopper.lk364@example.invalid,Mbarara,2000-04-13,female,2026-07-15
LK-C00365,Test Shopper 00365,+256702882547,shopper.lk365@example.invalid,Kampala,2001-05-14,male,2026-07-15
LK-C00366,Test Shopper 00366,+256702890466,shopper.lk366@example.invalid,Gulu,2002-06-15,female,2026-07-15
LK-C00367,Test Shopper 00367,+256702898385,shopper.lk367@example.invalid,Jinja,2003-07-16,male,2025-12-20
LK-C00368,Test Shopper 00368,+256702906304,shopper.lk368@example.invalid,Mbarara,2004-08-17,not_stated,2026-07-15
LK-C00369,Test Shopper 00369,+256702914223,shopper.lk369@example.invalid,Kampala,2005-09-18,female,2026-07-15
LK-C00370,Test Shopper 00370,+256702922142,shopper.lk370@example.invalid,Kampala,1965-10-19,male,2026-07-15
LK-C00371,Test Shopper 00371,+256702930061,shopper.lk371@example.invalid,Jinja,1966-11-20,female,2026-07-15
LK-C00372,Test Shopper 00372,+256702937980,shopper.lk372@example.invalid,Mbarara,1967-12-21,male,2026-07-15
LK-C00373,Test Shopper 00373,+256702945899,shopper.lk373@example.invalid,Kampala,1968-01-22,not_stated,2025-12-20
LK-C00374,Test Shopper 00374,+256702953818,shopper.lk374@example.invalid,Gulu,1969-02-23,female,2026-07-15
LK-C00375,Test Shopper 00375,+256702961737,shopper.lk375@example.invalid,Jinja,1970-03-24,male,2026-07-15
LK-C00376,Test Shopper 00376,+256702969656,shopper.lk376@example.invalid,Mbarara,1971-04-25,female,2026-07-15
LK-C00377,Test Shopper 00377,+256702977575,shopper.lk377@example.invalid,Kampala,1972-05-26,male,2026-07-15
LK-C00378,Test Shopper 00378,+256702985494,shopper.lk378@example.invalid,Kampala,1973-06-27,not_stated,2026-07-15
LK-C00379,Test Shopper 00379,+256702993413,shopper.lk379@example.invalid,Jinja,1974-07-01,female,2025-12-20
LK-C00380,Test Shopper 00380,+256703001332,shopper.lk380@example.invalid,Mbarara,1975-08-02,male,2026-07-15
LK-C00381,Test Shopper 00381,+256703009251,shopper.lk381@example.invalid,Kampala,1976-09-03,female,2026-07-15
LK-C00382,Test Shopper 00382,+256703017170,shopper.lk382@example.invalid,Gulu,1977-10-04,male,2026-07-15
LK-C00383,Test Shopper 00383,+256703025089,shopper.lk383@example.invalid,Jinja,1978-11-05,not_stated,2026-07-15
LK-C00384,Test Shopper 00384,+256703033008,shopper.lk384@example.invalid,Mbarara,1979-12-06,female,2026-07-15
LK-C00385,Test Shopper 00385,+256703040927,shopper.lk385@example.invalid,Kampala,1980-01-07,male,2025-12-20
LK-C00386,Test Shopper 00386,+256703048846,shopper.lk386@example.invalid,Kampala,1981-02-08,female,2026-07-15
LK-C00387,Test Shopper 00387,+256703056765,shopper.lk387@example.invalid,Jinja,1982-03-09,male,2026-07-15
LK-C00388,Test Shopper 00388,+256703064684,shopper.lk388@example.invalid,Mbarara,1983-04-10,not_stated,2026-07-15
LK-C00389,Test Shopper 00389,+256703072603,shopper.lk389@example.invalid,Kampala,1984-05-11,female,2026-07-15
LK-C00390,Test Shopper 00390,+256703080522,shopper.lk390@example.invalid,Gulu,1985-06-12,male,2026-07-15
LK-C00391,Test Shopper 00391,+256703088441,shopper.lk391@example.invalid,Jinja,1986-07-13,female,2025-12-20
LK-C00392,Test Shopper 00392,+256703096360,shopper.lk392@example.invalid,Mbarara,1987-08-14,male,2026-07-15
LK-C00393,Test Shopper 00393,+256703104279,shopper.lk393@example.invalid,Kampala,1988-09-15,not_stated,2026-07-15
LK-C00394,Test Shopper 00394,+256703112198,shopper.lk394@example.invalid,Kampala,1989-10-16,female,2026-07-15
LK-C00395,Test Shopper 00395,+256703120117,shopper.lk395@example.invalid,Jinja,1990-11-17,male,2026-07-15
LK-C00396,Test Shopper 00396,+256703128036,shopper.lk396@example.invalid,Mbarara,1991-12-18,female,2026-07-15
LK-C00397,Test Shopper 00397,+256703135955,shopper.lk397@example.invalid,Kampala,1992-01-19,male,2025-12-20
LK-C00398,Test Shopper 00398,+256703143874,shopper.lk398@example.invalid,Gulu,1993-02-20,not_stated,2026-07-15
LK-C00399,Test Shopper 00399,+256703151793,shopper.lk399@example.invalid,Jinja,1994-03-21,female,2026-07-15
LK-C00400,Test Shopper 00400,+256703159712,shopper.lk400@example.invalid,Mbarara,1995-04-22,male,2026-07-15
LK-C00401,Test Shopper 00401,+256703167631,shopper.lk401@example.invalid,Kampala,1996-05-23,female,2026-07-15
LK-C00402,Test Shopper 00402,+256703175550,shopper.lk402@example.invalid,Kampala,1997-06-24,male,2026-07-15
LK-C00403,Test Shopper 00403,+256703183469,shopper.lk403@example.invalid,Jinja,1998-07-25,not_stated,2025-12-20
LK-C00404,Test Shopper 00404,+256703191388,shopper.lk404@example.invalid,Mbarara,1999-08-26,female,2026-07-15
LK-C00405,Test Shopper 00405,+256703199307,shopper.lk405@example.invalid,Kampala,2000-09-27,male,2026-07-15
LK-C00406,Test Shopper 00406,+256703207226,shopper.lk406@example.invalid,Gulu,2001-10-01,female,2026-07-15
LK-C00407,Test Shopper 00407,+256703215145,shopper.lk407@example.invalid,Jinja,2002-11-02,male,2026-07-15
LK-C00408,Test Shopper 00408,+256703223064,shopper.lk408@example.invalid,Mbarara,2003-12-03,not_stated,2026-07-15
LK-C00409,Test Shopper 00409,+256703230983,shopper.lk409@example.invalid,Kampala,2004-01-04,female,2025-12-20
LK-C00410,Test Shopper 00410,+256703238902,shopper.lk410@example.invalid,Kampala,2005-02-05,male,2026-07-15
LK-C00411,Test Shopper 00411,+256703246821,shopper.lk411@example.invalid,Jinja,1965-03-06,female,2026-07-15
LK-C00412,Test Shopper 00412,+256703254740,shopper.lk412@example.invalid,Mbarara,1966-04-07,male,2026-07-15
LK-C00413,Test Shopper 00413,+256703262659,shopper.lk413@example.invalid,Kampala,1967-05-08,not_stated,2026-07-15
LK-C00414,Test Shopper 00414,+256703270578,shopper.lk414@example.invalid,Gulu,1968-06-09,female,2026-07-15
LK-C00415,Test Shopper 00415,+256703278497,shopper.lk415@example.invalid,Jinja,1969-07-10,male,2025-12-20
LK-C00416,Test Shopper 00416,+256703286416,shopper.lk416@example.invalid,Mbarara,1970-08-11,female,2026-07-15
LK-C00417,Test Shopper 00417,+256703294335,shopper.lk417@example.invalid,Kampala,1971-09-12,male,2026-07-15
LK-C00418,Test Shopper 00418,+256703302254,shopper.lk418@example.invalid,Kampala,1972-10-13,not_stated,2026-07-15
LK-C00419,Test Shopper 00419,+256703310173,shopper.lk419@example.invalid,Jinja,1973-11-14,female,2026-07-15
LK-C00420,Test Shopper 00420,+256703318092,shopper.lk420@example.invalid,Mbarara,1974-12-15,male,2026-07-15
LK-C00421,Test Shopper 00421,+256703326011,shopper.lk421@example.invalid,Kampala,1975-01-16,female,2025-12-20
LK-C00422,Test Shopper 00422,+256703333930,shopper.lk422@example.invalid,Gulu,1976-02-17,male,2026-07-15
LK-C00423,Test Shopper 00423,+256703341849,shopper.lk423@example.invalid,Jinja,1977-03-18,not_stated,2026-07-15
LK-C00424,Test Shopper 00424,+256703349768,shopper.lk424@example.invalid,Mbarara,1978-04-19,female,2026-07-15
LK-C00425,Test Shopper 00425,+256703357687,shopper.lk425@example.invalid,Kampala,1979-05-20,male,2026-07-15
LK-C00426,Test Shopper 00426,+256703365606,shopper.lk426@example.invalid,Kampala,1980-06-21,female,2026-07-15
LK-C00427,Test Shopper 00427,+256703373525,shopper.lk427@example.invalid,Jinja,1981-07-22,male,2025-12-20
LK-C00428,Test Shopper 00428,+256703381444,shopper.lk428@example.invalid,Mbarara,1982-08-23,not_stated,2026-07-15
LK-C00429,Test Shopper 00429,+256703389363,shopper.lk429@example.invalid,Kampala,1983-09-24,female,2026-07-15
LK-C00430,Test Shopper 00430,+256703397282,shopper.lk430@example.invalid,Gulu,1984-10-25,male,2026-07-15
LK-C00431,Test Shopper 00431,+256703405201,shopper.lk431@example.invalid,Jinja,1985-11-26,female,2026-07-15
LK-C00432,Test Shopper 00432,+256703413120,shopper.lk432@example.invalid,Mbarara,1986-12-27,male,2026-07-15
LK-C00433,Test Shopper 00433,+256703421039,shopper.lk433@example.invalid,Kampala,1987-01-01,not_stated,2025-12-20
LK-C00434,Test Shopper 00434,+256703428958,shopper.lk434@example.invalid,Kampala,1988-02-02,female,2026-07-15
LK-C00435,Test Shopper 00435,+256703436877,shopper.lk435@example.invalid,Jinja,1989-03-03,male,2026-07-15
LK-C00436,Test Shopper 00436,+256703444796,shopper.lk436@example.invalid,Mbarara,1990-04-04,female,2026-07-15
LK-C00437,Test Shopper 00437,+256703452715,shopper.lk437@example.invalid,Kampala,1991-05-05,male,2026-07-15
LK-C00438,Test Shopper 00438,+256703460634,shopper.lk438@example.invalid,Gulu,1992-06-06,not_stated,2026-07-15
LK-C00439,Test Shopper 00439,+256703468553,shopper.lk439@example.invalid,Jinja,1993-07-07,female,2025-12-20
LK-C00440,Test Shopper 00440,+256703476472,shopper.lk440@example.invalid,Mbarara,1994-08-08,male,2026-07-15
LK-C00441,Test Shopper 00441,+256703484391,shopper.lk441@example.invalid,Kampala,1995-09-09,female,2026-07-15
LK-C00442,Test Shopper 00442,+256703492310,shopper.lk442@example.invalid,Kampala,1996-10-10,male,2026-07-15
LK-C00443,Test Shopper 00443,+256703500229,shopper.lk443@example.invalid,Jinja,1997-11-11,not_stated,2026-07-15
LK-C00444,Test Shopper 00444,+256703508148,shopper.lk444@example.invalid,Mbarara,1998-12-12,female,2026-07-15
LK-C00445,Test Shopper 00445,+256703516067,shopper.lk445@example.invalid,Kampala,1999-01-13,male,2025-12-20
LK-C00446,Test Shopper 00446,+256703523986,shopper.lk446@example.invalid,Gulu,2000-02-14,female,2026-07-15
LK-C00447,Test Shopper 00447,+256703531905,shopper.lk447@example.invalid,Jinja,2001-03-15,male,2026-07-15
LK-C00448,Test Shopper 00448,+256703539824,shopper.lk448@example.invalid,Mbarara,2002-04-16,not_stated,2026-07-15
LK-C00449,Test Shopper 00449,+256703547743,shopper.lk449@example.invalid,Kampala,2003-05-17,female,2026-07-15
LK-C00450,Test Shopper 00450,+256703555662,shopper.lk450@example.invalid,Kampala,2004-06-18,male,2026-07-15
LK-C00451,Test Shopper 00451,+256703563581,shopper.lk451@example.invalid,Jinja,2005-07-19,female,2025-12-20
LK-C00452,Test Shopper 00452,+256703571500,shopper.lk452@example.invalid,Mbarara,1965-08-20,male,2026-07-15
LK-C00453,Test Shopper 00453,+256703579419,shopper.lk453@example.invalid,Kampala,1966-09-21,not_stated,2026-07-15
LK-C00454,Test Shopper 00454,+256703587338,shopper.lk454@example.invalid,Gulu,1967-10-22,female,2026-07-15
LK-C00455,Test Shopper 00455,+256703595257,shopper.lk455@example.invalid,Jinja,1968-11-23,male,2026-07-15
LK-C00456,Test Shopper 00456,+256703603176,shopper.lk456@example.invalid,Mbarara,1969-12-24,female,2026-07-15
LK-C00457,Test Shopper 00457,+256703611095,shopper.lk457@example.invalid,Kampala,1970-01-25,male,2025-12-20
LK-C00458,Test Shopper 00458,+256703619014,shopper.lk458@example.invalid,Kampala,1971-02-26,not_stated,2026-07-15
LK-C00459,Test Shopper 00459,+256703626933,shopper.lk459@example.invalid,Jinja,1972-03-27,female,2026-07-15
LK-C00460,Test Shopper 00460,+256703634852,shopper.lk460@example.invalid,Mbarara,1973-04-01,male,2026-07-15
LK-C00461,Test Shopper 00461,+256703642771,shopper.lk461@example.invalid,Kampala,1974-05-02,female,2026-07-15
LK-C00462,Test Shopper 00462,+256703650690,shopper.lk462@example.invalid,Gulu,1975-06-03,male,2026-07-15
LK-C00463,Test Shopper 00463,+256703658609,shopper.lk463@example.invalid,Jinja,1976-07-04,not_stated,2025-12-20
LK-C00464,Test Shopper 00464,+256703666528,shopper.lk464@example.invalid,Mbarara,1977-08-05,female,2026-07-15
LK-C00465,Test Shopper 00465,+256703674447,shopper.lk465@example.invalid,Kampala,1978-09-06,male,2026-07-15
LK-C00466,Test Shopper 00466,+256703682366,shopper.lk466@example.invalid,Kampala,1979-10-07,female,2026-07-15
LK-C00467,Test Shopper 00467,+256703690285,shopper.lk467@example.invalid,Jinja,1980-11-08,male,2026-07-15
LK-C00468,Test Shopper 00468,+256703698204,shopper.lk468@example.invalid,Mbarara,1981-12-09,not_stated,2026-07-15
LK-C00469,Test Shopper 00469,+256703706123,shopper.lk469@example.invalid,Kampala,1982-01-10,female,2025-12-20
LK-C00470,Test Shopper 00470,+256703714042,shopper.lk470@example.invalid,Gulu,1983-02-11,male,2026-07-15
LK-C00471,Test Shopper 00471,+256703721961,shopper.lk471@example.invalid,Jinja,1984-03-12,female,2026-07-15
LK-C00472,Test Shopper 00472,+256703729880,shopper.lk472@example.invalid,Mbarara,1985-04-13,male,2026-07-15
LK-C00473,Test Shopper 00473,+256703737799,shopper.lk473@example.invalid,Kampala,1986-05-14,not_stated,2026-07-15
LK-C00474,Test Shopper 00474,+256703745718,shopper.lk474@example.invalid,Kampala,1987-06-15,female,2026-07-15
LK-C00475,Test Shopper 00475,+256703753637,shopper.lk475@example.invalid,Jinja,1988-07-16,male,2025-12-20
LK-C00476,Test Shopper 00476,+256703761556,shopper.lk476@example.invalid,Mbarara,1989-08-17,female,2026-07-15
LK-C00477,Test Shopper 00477,+256703769475,shopper.lk477@example.invalid,Kampala,1990-09-18,male,2026-07-15
LK-C00478,Test Shopper 00478,+256703777394,shopper.lk478@example.invalid,Gulu,1991-10-19,not_stated,2026-07-15
LK-C00479,Test Shopper 00479,+256703785313,shopper.lk479@example.invalid,Jinja,1992-11-20,female,2026-07-15
LK-C00480,Test Shopper 00480,+256703793232,shopper.lk480@example.invalid,Mbarara,1993-12-21,male,2026-07-15
LK-C00481,Test Shopper 00481,+256703801151,shopper.lk481@example.invalid,Kampala,1994-01-22,female,2025-12-20
LK-C00482,Test Shopper 00482,+256703809070,shopper.lk482@example.invalid,Kampala,1995-02-23,male,2026-07-15
LK-C00483,Test Shopper 00483,+256703816989,shopper.lk483@example.invalid,Jinja,1996-03-24,not_stated,2026-07-15
LK-C00484,Test Shopper 00484,+256703824908,shopper.lk484@example.invalid,Mbarara,1997-04-25,female,2026-07-15
LK-C00485,Test Shopper 00485,+256703832827,shopper.lk485@example.invalid,Kampala,1998-05-26,male,2026-07-15
LK-C00486,Test Shopper 00486,+256703840746,shopper.lk486@example.invalid,Gulu,1999-06-27,female,2026-07-15
LK-C00487,Test Shopper 00487,+256703848665,shopper.lk487@example.invalid,Jinja,2000-07-01,male,2025-12-20
LK-C00488,Test Shopper 00488,+256703856584,shopper.lk488@example.invalid,Mbarara,2001-08-02,not_stated,2026-07-15
LK-C00489,Test Shopper 00489,+256703864503,shopper.lk489@example.invalid,Kampala,2002-09-03,female,2026-07-15
LK-C00490,Test Shopper 00490,+256703872422,shopper.lk490@example.invalid,Kampala,2003-10-04,male,2026-07-15
LK-C00491,Test Shopper 00491,+256703880341,shopper.lk491@example.invalid,Jinja,2004-11-05,female,2026-07-15
LK-C00492,Test Shopper 00492,+256703888260,shopper.lk492@example.invalid,Mbarara,2005-12-06,male,2026-07-15
LK-C00493,Test Shopper 00493,+256703896179,shopper.lk493@example.invalid,Kampala,1965-01-07,not_stated,2025-12-20
LK-C00494,Test Shopper 00494,+256703904098,shopper.lk494@example.invalid,Gulu,1966-02-08,female,2026-07-15
LK-C00495,Test Shopper 00495,+256703912017,shopper.lk495@example.invalid,Jinja,1967-03-09,male,2026-07-15
LK-C00496,Test Shopper 00496,+256703919936,shopper.lk496@example.invalid,Mbarara,1968-04-10,female,2026-07-15
LK-C00497,Test Shopper 00497,+256703927855,shopper.lk497@example.invalid,Kampala,1969-05-11,male,2026-07-15
LK-C00498,Test Shopper 00498,+256703935774,shopper.lk498@example.invalid,Kampala,1970-06-12,not_stated,2026-07-15
LK-C00499,Test Shopper 00499,+256703943693,shopper.lk499@example.invalid,Jinja,1971-07-13,female,2025-12-20
LK-C00500,Test Shopper 00500,+256703951612,shopper.lk500@example.invalid,Mbarara,1972-08-14,male,2026-07-15
LK-C00501,Test Shopper 00501,+256703959531,shopper.lk501@example.invalid,Kampala,1973-09-15,female,2026-07-15
LK-C00502,Test Shopper 00502,+256703967450,shopper.lk502@example.invalid,Gulu,1974-10-16,male,2026-07-15
LK-C00503,Test Shopper 00503,+256703975369,shopper.lk503@example.invalid,Jinja,1975-11-17,not_stated,2026-07-15
LK-C00504,Test Shopper 00504,+256703983288,shopper.lk504@example.invalid,Mbarara,1976-12-18,female,2026-07-15
LK-C00505,Test Shopper 00505,+256703991207,shopper.lk505@example.invalid,Kampala,1977-01-19,male,2025-12-20
LK-C00506,Test Shopper 00506,+256703999126,shopper.lk506@example.invalid,Kampala,1978-02-20,female,2026-07-15
LK-C00507,Test Shopper 00507,+256704007045,shopper.lk507@example.invalid,Jinja,1979-03-21,male,2026-07-15
LK-C00508,Test Shopper 00508,+256704014964,shopper.lk508@example.invalid,Mbarara,1980-04-22,not_stated,2026-07-15
LK-C00509,Test Shopper 00509,+256704022883,shopper.lk509@example.invalid,Kampala,1981-05-23,female,2026-07-15
LK-C00510,Test Shopper 00510,+256704030802,shopper.lk510@example.invalid,Gulu,1982-06-24,male,2026-07-15
LK-C00511,Test Shopper 00511,+256704038721,shopper.lk511@example.invalid,Jinja,1983-07-25,female,2025-12-20
LK-C00512,Test Shopper 00512,+256704046640,shopper.lk512@example.invalid,Mbarara,1984-08-26,male,2026-07-15
LK-C00513,Test Shopper 00513,+256704054559,shopper.lk513@example.invalid,Kampala,1985-09-27,not_stated,2026-07-15
LK-C00514,Test Shopper 00514,+256704062478,shopper.lk514@example.invalid,Kampala,1986-10-01,female,2026-07-15
LK-C00515,Test Shopper 00515,+256704070397,shopper.lk515@example.invalid,Jinja,1987-11-02,male,2026-07-15
LK-C00516,Test Shopper 00516,+256704078316,shopper.lk516@example.invalid,Mbarara,1988-12-03,female,2026-07-15
LK-C00517,Test Shopper 00517,+256704086235,shopper.lk517@example.invalid,Kampala,1989-01-04,male,2025-12-20
LK-C00518,Test Shopper 00518,+256704094154,shopper.lk518@example.invalid,Gulu,1990-02-05,not_stated,2026-07-15
LK-C00519,Test Shopper 00519,+256704102073,shopper.lk519@example.invalid,Jinja,1991-03-06,female,2026-07-15
LK-C00520,Test Shopper 00520,+256704109992,shopper.lk520@example.invalid,Mbarara,1992-04-07,male,2026-07-15
LK-C00521,Test Shopper 00521,+256704117911,shopper.lk521@example.invalid,Kampala,1993-05-08,female,2026-07-15
LK-C00522,Test Shopper 00522,+256704125830,shopper.lk522@example.invalid,Kampala,1994-06-09,male,2026-07-15
LK-C00523,Test Shopper 00523,+256704133749,shopper.lk523@example.invalid,Jinja,1995-07-10,not_stated,2025-12-20
LK-C00524,Test Shopper 00524,+256704141668,shopper.lk524@example.invalid,Mbarara,1996-08-11,female,2026-07-15
LK-C00525,Test Shopper 00525,+256704149587,shopper.lk525@example.invalid,Kampala,1997-09-12,male,2026-07-15
LK-C00526,Test Shopper 00526,+256704157506,shopper.lk526@example.invalid,Gulu,1998-10-13,female,2026-07-15
LK-C00527,Test Shopper 00527,+256704165425,shopper.lk527@example.invalid,Jinja,1999-11-14,male,2026-07-15
LK-C00528,Test Shopper 00528,+256704173344,shopper.lk528@example.invalid,Mbarara,2000-12-15,not_stated,2026-07-15
LK-C00529,Test Shopper 00529,+256704181263,shopper.lk529@example.invalid,Kampala,2001-01-16,female,2025-12-20
LK-C00530,Test Shopper 00530,+256704189182,shopper.lk530@example.invalid,Kampala,2002-02-17,male,2026-07-15
LK-C00531,Test Shopper 00531,+256704197101,shopper.lk531@example.invalid,Jinja,2003-03-18,female,2026-07-15
LK-C00532,Test Shopper 00532,+256704205020,shopper.lk532@example.invalid,Mbarara,2004-04-19,male,2026-07-15
LK-C00533,Test Shopper 00533,+256704212939,shopper.lk533@example.invalid,Kampala,2005-05-20,not_stated,2026-07-15
LK-C00534,Test Shopper 00534,+256704220858,shopper.lk534@example.invalid,Gulu,1965-06-21,female,2026-07-15
LK-C00535,Test Shopper 00535,+256704228777,shopper.lk535@example.invalid,Jinja,1966-07-22,male,2025-12-20
LK-C00536,Test Shopper 00536,+256704236696,shopper.lk536@example.invalid,Mbarara,1967-08-23,female,2026-07-15
LK-C00537,Test Shopper 00537,+256704244615,shopper.lk537@example.invalid,Kampala,1968-09-24,male,2026-07-15
LK-C00538,Test Shopper 00538,+256704252534,shopper.lk538@example.invalid,Kampala,1969-10-25,not_stated,2026-07-15
LK-C00539,Test Shopper 00539,+256704260453,shopper.lk539@example.invalid,Jinja,1970-11-26,female,2026-07-15
LK-C00540,Test Shopper 00540,+256704268372,shopper.lk540@example.invalid,Mbarara,1971-12-27,male,2026-07-15
LK-C00541,Test Shopper 00541,+256704276291,shopper.lk541@example.invalid,Kampala,1972-01-01,female,2025-12-20
LK-C00542,Test Shopper 00542,+256704284210,shopper.lk542@example.invalid,Gulu,1973-02-02,male,2026-07-15
LK-C00543,Test Shopper 00543,+256704292129,shopper.lk543@example.invalid,Jinja,1974-03-03,not_stated,2026-07-15
LK-C00544,Test Shopper 00544,+256704300048,shopper.lk544@example.invalid,Mbarara,1975-04-04,female,2026-07-15
LK-C00545,Test Shopper 00545,+256704307967,shopper.lk545@example.invalid,Kampala,1976-05-05,male,2026-07-15
LK-C00546,Test Shopper 00546,+256704315886,shopper.lk546@example.invalid,Kampala,1977-06-06,female,2026-07-15
LK-C00547,Test Shopper 00547,+256704323805,shopper.lk547@example.invalid,Jinja,1978-07-07,male,2025-12-20
LK-C00548,Test Shopper 00548,+256704331724,shopper.lk548@example.invalid,Mbarara,1979-08-08,not_stated,2026-07-15
LK-C00549,Test Shopper 00549,+256704339643,shopper.lk549@example.invalid,Kampala,1980-09-09,female,2026-07-15
LK-C00550,Test Shopper 00550,+256704347562,shopper.lk550@example.invalid,Gulu,1981-10-10,male,2026-07-15
LK-C00551,Test Shopper 00551,+256704355481,shopper.lk551@example.invalid,Jinja,1982-11-11,female,2026-07-15
LK-C00552,Test Shopper 00552,+256704363400,shopper.lk552@example.invalid,Mbarara,1983-12-12,male,2026-07-15
LK-C00553,Test Shopper 00553,+256704371319,shopper.lk553@example.invalid,Kampala,1984-01-13,not_stated,2025-12-20
LK-C00554,Test Shopper 00554,+256704379238,shopper.lk554@example.invalid,Kampala,1985-02-14,female,2026-07-15
LK-C00555,Test Shopper 00555,+256704387157,shopper.lk555@example.invalid,Jinja,1986-03-15,male,2026-07-15
LK-C00556,Test Shopper 00556,+256704395076,shopper.lk556@example.invalid,Mbarara,1987-04-16,female,2026-07-15
LK-C00557,Test Shopper 00557,+256704402995,shopper.lk557@example.invalid,Kampala,1988-05-17,male,2026-07-15
LK-C00558,Test Shopper 00558,+256704410914,shopper.lk558@example.invalid,Gulu,1989-06-18,not_stated,2026-07-15
LK-C00559,Test Shopper 00559,+256704418833,shopper.lk559@example.invalid,Jinja,1990-07-19,female,2025-12-20
LK-C00560,Test Shopper 00560,+256704426752,shopper.lk560@example.invalid,Mbarara,1991-08-20,male,2026-07-15
LK-C00561,Test Shopper 00561,+256704434671,shopper.lk561@example.invalid,Kampala,1992-09-21,female,2026-07-15
LK-C00562,Test Shopper 00562,+256704442590,shopper.lk562@example.invalid,Kampala,1993-10-22,male,2026-07-15
LK-C00563,Test Shopper 00563,+256704450509,shopper.lk563@example.invalid,Jinja,1994-11-23,not_stated,2026-07-15
LK-C00564,Test Shopper 00564,+256704458428,shopper.lk564@example.invalid,Mbarara,1995-12-24,female,2026-07-15
LK-C00565,Test Shopper 00565,+256704466347,shopper.lk565@example.invalid,Kampala,1996-01-25,male,2025-12-20
LK-C00566,Test Shopper 00566,+256704474266,shopper.lk566@example.invalid,Gulu,1997-02-26,female,2026-07-15
LK-C00567,Test Shopper 00567,+256704482185,shopper.lk567@example.invalid,Jinja,1998-03-27,male,2026-07-15
LK-C00568,Test Shopper 00568,+256704490104,shopper.lk568@example.invalid,Mbarara,1999-04-01,not_stated,2026-07-15
LK-C00569,Test Shopper 00569,+256704498023,shopper.lk569@example.invalid,Kampala,2000-05-02,female,2026-07-15
LK-C00570,Test Shopper 00570,+256704505942,shopper.lk570@example.invalid,Kampala,2001-06-03,male,2026-07-15
LK-C00571,Test Shopper 00571,+256704513861,shopper.lk571@example.invalid,Jinja,2002-07-04,female,2025-12-20
LK-C00572,Test Shopper 00572,+256704521780,shopper.lk572@example.invalid,Mbarara,2003-08-05,male,2026-07-15
LK-C00573,Test Shopper 00573,+256704529699,shopper.lk573@example.invalid,Kampala,2004-09-06,not_stated,2026-07-15
LK-C00574,Test Shopper 00574,+256704537618,shopper.lk574@example.invalid,Gulu,2005-10-07,female,2026-07-15
LK-C00575,Test Shopper 00575,+256704545537,shopper.lk575@example.invalid,Jinja,1965-11-08,male,2026-07-15
LK-C00576,Test Shopper 00576,+256704553456,shopper.lk576@example.invalid,Mbarara,1966-12-09,female,2026-07-15
LK-C00577,Test Shopper 00577,+256704561375,shopper.lk577@example.invalid,Kampala,1967-01-10,male,2025-12-20
LK-C00578,Test Shopper 00578,+256704569294,shopper.lk578@example.invalid,Kampala,1968-02-11,not_stated,2026-07-15
LK-C00579,Test Shopper 00579,+256704577213,shopper.lk579@example.invalid,Jinja,1969-03-12,female,2026-07-15
LK-C00580,Test Shopper 00580,+256704585132,shopper.lk580@example.invalid,Mbarara,1970-04-13,male,2026-07-15
LK-C00581,Test Shopper 00581,+256704593051,shopper.lk581@example.invalid,Kampala,1971-05-14,female,2026-07-15
LK-C00582,Test Shopper 00582,+256704600970,shopper.lk582@example.invalid,Gulu,1972-06-15,male,2026-07-15
LK-C00583,Test Shopper 00583,+256704608889,shopper.lk583@example.invalid,Jinja,1973-07-16,not_stated,2025-12-20
LK-C00584,Test Shopper 00584,+256704616808,shopper.lk584@example.invalid,Mbarara,1974-08-17,female,2026-07-15
LK-C00585,Test Shopper 00585,+256704624727,shopper.lk585@example.invalid,Kampala,1975-09-18,male,2026-07-15
LK-C00586,Test Shopper 00586,+256704632646,shopper.lk586@example.invalid,Kampala,1976-10-19,female,2026-07-15
LK-C00587,Test Shopper 00587,+256704640565,shopper.lk587@example.invalid,Jinja,1977-11-20,male,2026-07-15
LK-C00588,Test Shopper 00588,+256704648484,shopper.lk588@example.invalid,Mbarara,1978-12-21,not_stated,2026-07-15
LK-C00589,Test Shopper 00589,+256704656403,shopper.lk589@example.invalid,Kampala,1979-01-22,female,2025-12-20
LK-C00590,Test Shopper 00590,+256704664322,shopper.lk590@example.invalid,Gulu,1980-02-23,male,2026-07-15
LK-C00591,Test Shopper 00591,+256704672241,shopper.lk591@example.invalid,Jinja,1981-03-24,female,2026-07-15
LK-C00592,Test Shopper 00592,+256704680160,shopper.lk592@example.invalid,Mbarara,1982-04-25,male,2026-07-15
LK-C00593,Test Shopper 00593,+256704688079,shopper.lk593@example.invalid,Kampala,1983-05-26,not_stated,2026-07-15
LK-C00594,Test Shopper 00594,+256704695998,shopper.lk594@example.invalid,Kampala,1984-06-27,female,2026-07-15
LK-C00595,Test Shopper 00595,+256704703917,shopper.lk595@example.invalid,Jinja,1985-07-01,male,2025-12-20
LK-C00596,Test Shopper 00596,+256704711836,shopper.lk596@example.invalid,Mbarara,1986-08-02,female,2026-07-15
LK-C00597,Test Shopper 00597,+256704719755,shopper.lk597@example.invalid,Kampala,1987-09-03,male,2026-07-15
LK-C00598,Test Shopper 00598,+256704727674,shopper.lk598@example.invalid,Gulu,1988-10-04,not_stated,2026-07-15
LK-C00599,Test Shopper 00599,+256704735593,shopper.lk599@example.invalid,Jinja,1989-11-05,female,2026-07-15
LK-C00600,Test Shopper 00600,+256704743512,shopper.lk600@example.invalid,Mbarara,1990-12-06,male,2026-07-15
LK-C00601,Test Shopper 00601,+256704751431,shopper.lk601@example.invalid,Kampala,1991-01-07,female,2025-12-20
LK-C00602,Test Shopper 00602,+256704759350,shopper.lk602@example.invalid,Kampala,1992-02-08,male,2026-07-15
LK-C00603,Test Shopper 00603,+256704767269,shopper.lk603@example.invalid,Jinja,1993-03-09,not_stated,2026-07-15
LK-C00604,Test Shopper 00604,+256704775188,shopper.lk604@example.invalid,Mbarara,1994-04-10,female,2026-07-15
LK-C00605,Test Shopper 00605,+256704783107,shopper.lk605@example.invalid,Kampala,1995-05-11,male,2026-07-15
LK-C00606,Test Shopper 00606,+256704791026,shopper.lk606@example.invalid,Gulu,1996-06-12,female,2026-07-15
LK-C00607,Test Shopper 00607,+256704798945,shopper.lk607@example.invalid,Jinja,1997-07-13,male,2025-12-20
LK-C00608,Test Shopper 00608,+256704806864,shopper.lk608@example.invalid,Mbarara,1998-08-14,not_stated,2026-07-15
LK-C00609,Test Shopper 00609,+256704814783,shopper.lk609@example.invalid,Kampala,1999-09-15,female,2026-07-15
LK-C00610,Test Shopper 00610,+256704822702,shopper.lk610@example.invalid,Kampala,2000-10-16,male,2026-07-15
LK-C00611,Test Shopper 00611,+256704830621,shopper.lk611@example.invalid,Jinja,2001-11-17,female,2026-07-15
LK-C00612,Test Shopper 00612,+256704838540,shopper.lk612@example.invalid,Mbarara,2002-12-18,male,2026-07-15
LK-C00613,Test Shopper 00613,+256704846459,shopper.lk613@example.invalid,Kampala,2003-01-19,not_stated,2025-12-20
LK-C00614,Test Shopper 00614,+256704854378,shopper.lk614@example.invalid,Gulu,2004-02-20,female,2026-07-15
LK-C00615,Test Shopper 00615,+256704862297,shopper.lk615@example.invalid,Jinja,2005-03-21,male,2026-07-15
LK-C00616,Test Shopper 00616,+256704870216,shopper.lk616@example.invalid,Mbarara,1965-04-22,female,2026-07-15
LK-C00617,Test Shopper 00617,+256704878135,shopper.lk617@example.invalid,Kampala,1966-05-23,male,2026-07-15
LK-C00618,Test Shopper 00618,+256704886054,shopper.lk618@example.invalid,Kampala,1967-06-24,not_stated,2026-07-15
LK-C00619,Test Shopper 00619,+256704893973,shopper.lk619@example.invalid,Jinja,1968-07-25,female,2025-12-20
LK-C00620,Test Shopper 00620,+256704901892,shopper.lk620@example.invalid,Mbarara,1969-08-26,male,2026-07-15
LK-C00621,Test Shopper 00621,+256704909811,shopper.lk621@example.invalid,Kampala,1970-09-27,female,2026-07-15
LK-C00622,Test Shopper 00622,+256704917730,shopper.lk622@example.invalid,Gulu,1971-10-01,male,2026-07-15
LK-C00623,Test Shopper 00623,+256704925649,shopper.lk623@example.invalid,Jinja,1972-11-02,not_stated,2026-07-15
LK-C00624,Test Shopper 00624,+256704933568,shopper.lk624@example.invalid,Mbarara,1973-12-03,female,2026-07-15
LK-C00625,Test Shopper 00625,+256704941487,shopper.lk625@example.invalid,Kampala,1974-01-04,male,2025-12-20
LK-C00626,Test Shopper 00626,+256704949406,shopper.lk626@example.invalid,Kampala,1975-02-05,female,2026-07-15
LK-C00627,Test Shopper 00627,+256704957325,shopper.lk627@example.invalid,Jinja,1976-03-06,male,2026-07-15
LK-C00628,Test Shopper 00628,+256704965244,shopper.lk628@example.invalid,Mbarara,1977-04-07,not_stated,2026-07-15
LK-C00629,Test Shopper 00629,+256704973163,shopper.lk629@example.invalid,Kampala,1978-05-08,female,2026-07-15
LK-C00630,Test Shopper 00630,+256704981082,shopper.lk630@example.invalid,Gulu,1979-06-09,male,2026-07-15
LK-C00631,Test Shopper 00631,+256704989001,shopper.lk631@example.invalid,Jinja,1980-07-10,female,2025-12-20
LK-C00632,Test Shopper 00632,+256704996920,shopper.lk632@example.invalid,Mbarara,1981-08-11,male,2026-07-15
LK-C00633,Test Shopper 00633,+256705004839,shopper.lk633@example.invalid,Kampala,1982-09-12,not_stated,2026-07-15
LK-C00634,Test Shopper 00634,+256705012758,shopper.lk634@example.invalid,Kampala,1983-10-13,female,2026-07-15
LK-C00635,Test Shopper 00635,+256705020677,shopper.lk635@example.invalid,Jinja,1984-11-14,male,2026-07-15
LK-C00636,Test Shopper 00636,+256705028596,shopper.lk636@example.invalid,Mbarara,1985-12-15,female,2026-07-15
LK-C00637,Test Shopper 00637,+256705036515,shopper.lk637@example.invalid,Kampala,1986-01-16,male,2025-12-20
LK-C00638,Test Shopper 00638,+256705044434,shopper.lk638@example.invalid,Gulu,1987-02-17,not_stated,2026-07-15
LK-C00639,Test Shopper 00639,+256705052353,shopper.lk639@example.invalid,Jinja,1988-03-18,female,2026-07-15
LK-C00640,Test Shopper 00640,+256705060272,shopper.lk640@example.invalid,Mbarara,1989-04-19,male,2026-07-15
LK-C00641,Test Shopper 00641,+256705068191,shopper.lk641@example.invalid,Kampala,1990-05-20,female,2026-07-15
LK-C00642,Test Shopper 00642,+256705076110,shopper.lk642@example.invalid,Kampala,1991-06-21,male,2026-07-15
LK-C00643,Test Shopper 00643,+256705084029,shopper.lk643@example.invalid,Jinja,1992-07-22,not_stated,2025-12-20
LK-C00644,Test Shopper 00644,+256705091948,shopper.lk644@example.invalid,Mbarara,1993-08-23,female,2026-07-15
LK-C00645,Test Shopper 00645,+256705099867,shopper.lk645@example.invalid,Kampala,1994-09-24,male,2026-07-15
LK-C00646,Test Shopper 00646,+256705107786,shopper.lk646@example.invalid,Gulu,1995-10-25,female,2026-07-15
LK-C00647,Test Shopper 00647,+256705115705,shopper.lk647@example.invalid,Jinja,1996-11-26,male,2026-07-15
LK-C00648,Test Shopper 00648,+256705123624,shopper.lk648@example.invalid,Mbarara,1997-12-27,not_stated,2026-07-15
LK-C00649,Test Shopper 00649,+256705131543,shopper.lk649@example.invalid,Kampala,1998-01-01,female,2025-12-20
LK-C00650,Test Shopper 00650,+256705139462,shopper.lk650@example.invalid,Kampala,1999-02-02,male,2026-07-15
LK-C00651,Test Shopper 00651,+256705147381,shopper.lk651@example.invalid,Jinja,2000-03-03,female,2026-07-15
LK-C00652,Test Shopper 00652,+256705155300,shopper.lk652@example.invalid,Mbarara,2001-04-04,male,2026-07-15
LK-C00653,Test Shopper 00653,+256705163219,shopper.lk653@example.invalid,Kampala,2002-05-05,not_stated,2026-07-15
LK-C00654,Test Shopper 00654,+256705171138,shopper.lk654@example.invalid,Gulu,2003-06-06,female,2026-07-15
LK-C00655,Test Shopper 00655,+256705179057,shopper.lk655@example.invalid,Jinja,2004-07-07,male,2025-12-20
LK-C00656,Test Shopper 00656,+256705186976,shopper.lk656@example.invalid,Mbarara,2005-08-08,female,2026-07-15
LK-C00657,Test Shopper 00657,+256705194895,shopper.lk657@example.invalid,Kampala,1965-09-09,male,2026-07-15
LK-C00658,Test Shopper 00658,+256705202814,shopper.lk658@example.invalid,Kampala,1966-10-10,not_stated,2026-07-15
LK-C00659,Test Shopper 00659,+256705210733,shopper.lk659@example.invalid,Jinja,1967-11-11,female,2026-07-15
LK-C00660,Test Shopper 00660,+256705218652,shopper.lk660@example.invalid,Mbarara,1968-12-12,male,2026-07-15
LK-C00661,Test Shopper 00661,+256705226571,shopper.lk661@example.invalid,Kampala,1969-01-13,female,2025-12-20
LK-C00662,Test Shopper 00662,+256705234490,shopper.lk662@example.invalid,Gulu,1970-02-14,male,2026-07-15
LK-C00663,Test Shopper 00663,+256705242409,shopper.lk663@example.invalid,Jinja,1971-03-15,not_stated,2026-07-15
LK-C00664,Test Shopper 00664,+256705250328,shopper.lk664@example.invalid,Mbarara,1972-04-16,female,2026-07-15
LK-C00665,Test Shopper 00665,+256705258247,shopper.lk665@example.invalid,Kampala,1973-05-17,male,2026-07-15
LK-C00666,Test Shopper 00666,+256705266166,shopper.lk666@example.invalid,Kampala,1974-06-18,female,2026-07-15
LK-C00667,Test Shopper 00667,+256705274085,shopper.lk667@example.invalid,Jinja,1975-07-19,male,2025-12-20
LK-C00668,Test Shopper 00668,+256705282004,shopper.lk668@example.invalid,Mbarara,1976-08-20,not_stated,2026-07-15
LK-C00669,Test Shopper 00669,+256705289923,shopper.lk669@example.invalid,Kampala,1977-09-21,female,2026-07-15
LK-C00670,Test Shopper 00670,+256705297842,shopper.lk670@example.invalid,Gulu,1978-10-22,male,2026-07-15
LK-C00671,Test Shopper 00671,+256705305761,shopper.lk671@example.invalid,Jinja,1979-11-23,female,2026-07-15
LK-C00672,Test Shopper 00672,+256705313680,shopper.lk672@example.invalid,Mbarara,1980-12-24,male,2026-07-15
LK-C00673,Test Shopper 00673,+256705321599,shopper.lk673@example.invalid,Kampala,1981-01-25,not_stated,2025-12-20
LK-C00674,Test Shopper 00674,+256705329518,shopper.lk674@example.invalid,Kampala,1982-02-26,female,2026-07-15
LK-C00675,Test Shopper 00675,+256705337437,shopper.lk675@example.invalid,Jinja,1983-03-27,male,2026-07-15
LK-C00676,Test Shopper 00676,+256705345356,shopper.lk676@example.invalid,Mbarara,1984-04-01,female,2026-07-15
LK-C00677,Test Shopper 00677,+256705353275,shopper.lk677@example.invalid,Kampala,1985-05-02,male,2026-07-15
LK-C00678,Test Shopper 00678,+256705361194,shopper.lk678@example.invalid,Gulu,1986-06-03,not_stated,2026-07-15
LK-C00679,Test Shopper 00679,+256705369113,shopper.lk679@example.invalid,Jinja,1987-07-04,female,2025-12-20
LK-C00680,Test Shopper 00680,+256705377032,shopper.lk680@example.invalid,Mbarara,1988-08-05,male,2026-07-15
LK-C00681,Test Shopper 00681,+256705384951,shopper.lk681@example.invalid,Kampala,1989-09-06,female,2026-07-15
LK-C00682,Test Shopper 00682,+256705392870,shopper.lk682@example.invalid,Kampala,1990-10-07,male,2026-07-15
LK-C00683,Test Shopper 00683,+256705400789,shopper.lk683@example.invalid,Jinja,1991-11-08,not_stated,2026-07-15
LK-C00684,Test Shopper 00684,+256705408708,shopper.lk684@example.invalid,Mbarara,1992-12-09,female,2026-07-15
LK-C00685,Test Shopper 00685,+256705416627,shopper.lk685@example.invalid,Kampala,1993-01-10,male,2025-12-20
LK-C00686,Test Shopper 00686,+256705424546,shopper.lk686@example.invalid,Gulu,1994-02-11,female,2026-07-15
LK-C00687,Test Shopper 00687,+256705432465,shopper.lk687@example.invalid,Jinja,1995-03-12,male,2026-07-15
LK-C00688,Test Shopper 00688,+256705440384,shopper.lk688@example.invalid,Mbarara,1996-04-13,not_stated,2026-07-15
LK-C00689,Test Shopper 00689,+256705448303,shopper.lk689@example.invalid,Kampala,1997-05-14,female,2026-07-15
LK-C00690,Test Shopper 00690,+256705456222,shopper.lk690@example.invalid,Kampala,1998-06-15,male,2026-07-15
LK-C00691,Test Shopper 00691,+256705464141,shopper.lk691@example.invalid,Jinja,1999-07-16,female,2025-12-20
LK-C00692,Test Shopper 00692,+256705472060,shopper.lk692@example.invalid,Mbarara,2000-08-17,male,2026-07-15
LK-C00693,Test Shopper 00693,+256705479979,shopper.lk693@example.invalid,Kampala,2001-09-18,not_stated,2026-07-15
LK-C00694,Test Shopper 00694,+256705487898,shopper.lk694@example.invalid,Gulu,2002-10-19,female,2026-07-15
LK-C00695,Test Shopper 00695,+256705495817,shopper.lk695@example.invalid,Jinja,2003-11-20,male,2026-07-15
LK-C00696,Test Shopper 00696,+256705503736,shopper.lk696@example.invalid,Mbarara,2004-12-21,female,2026-07-15
LK-C00697,Test Shopper 00697,+256705511655,shopper.lk697@example.invalid,Kampala,2005-01-22,male,2025-12-20
LK-C00698,Test Shopper 00698,+256705519574,shopper.lk698@example.invalid,Kampala,1965-02-23,not_stated,2026-07-15
LK-C00699,Test Shopper 00699,+256705527493,shopper.lk699@example.invalid,Jinja,1966-03-24,female,2026-07-15
LK-C00700,Test Shopper 00700,+256705535412,shopper.lk700@example.invalid,Mbarara,1967-04-25,male,2026-07-15
LK-C00701,Test Shopper 00701,+256705543331,shopper.lk701@example.invalid,Kampala,1968-05-26,female,2026-07-15
LK-C00702,Test Shopper 00702,+256705551250,shopper.lk702@example.invalid,Gulu,1969-06-27,male,2026-07-15
LK-C00703,Test Shopper 00703,+256705559169,shopper.lk703@example.invalid,Jinja,1970-07-01,not_stated,2025-12-20
LK-C00704,Test Shopper 00704,+256705567088,shopper.lk704@example.invalid,Mbarara,1971-08-02,female,2026-07-15
LK-C00705,Test Shopper 00705,+256705575007,shopper.lk705@example.invalid,Kampala,1972-09-03,male,2026-07-15
LK-C00706,Test Shopper 00706,+256705582926,shopper.lk706@example.invalid,Kampala,1973-10-04,female,2026-07-15
LK-C00707,Test Shopper 00707,+256705590845,shopper.lk707@example.invalid,Jinja,1974-11-05,male,2026-07-15
LK-C00708,Test Shopper 00708,+256705598764,shopper.lk708@example.invalid,Mbarara,1975-12-06,not_stated,2026-07-15
LK-C00709,Test Shopper 00709,+256705606683,shopper.lk709@example.invalid,Kampala,1976-01-07,female,2025-12-20
LK-C00710,Test Shopper 00710,+256705614602,shopper.lk710@example.invalid,Gulu,1977-02-08,male,2026-07-15
LK-C00711,Test Shopper 00711,+256705622521,shopper.lk711@example.invalid,Jinja,1978-03-09,female,2026-07-15
LK-C00712,Test Shopper 00712,+256705630440,shopper.lk712@example.invalid,Mbarara,1979-04-10,male,2026-07-15
LK-C00713,Test Shopper 00713,+256705638359,shopper.lk713@example.invalid,Kampala,1980-05-11,not_stated,2026-07-15
LK-C00714,Test Shopper 00714,+256705646278,shopper.lk714@example.invalid,Kampala,1981-06-12,female,2026-07-15
LK-C00715,Test Shopper 00715,+256705654197,shopper.lk715@example.invalid,Jinja,1982-07-13,male,2025-12-20
LK-C00716,Test Shopper 00716,+256705662116,shopper.lk716@example.invalid,Mbarara,1983-08-14,female,2026-07-15
LK-C00717,Test Shopper 00717,+256705670035,shopper.lk717@example.invalid,Kampala,1984-09-15,male,2026-07-15
LK-C00718,Test Shopper 00718,+256705677954,shopper.lk718@example.invalid,Gulu,1985-10-16,not_stated,2026-07-15
LK-C00719,Test Shopper 00719,+256705685873,shopper.lk719@example.invalid,Jinja,1986-11-17,female,2026-07-15
LK-C00720,Test Shopper 00720,+256705693792,shopper.lk720@example.invalid,Mbarara,1987-12-18,male,2026-07-15
LK-C00721,Test Shopper 00721,+256705701711,shopper.lk721@example.invalid,Kampala,1988-01-19,female,2025-12-20
LK-C00722,Test Shopper 00722,+256705709630,shopper.lk722@example.invalid,Kampala,1989-02-20,male,2026-07-15
LK-C00723,Test Shopper 00723,+256705717549,shopper.lk723@example.invalid,Jinja,1990-03-21,not_stated,2026-07-15
LK-C00724,Test Shopper 00724,+256705725468,shopper.lk724@example.invalid,Mbarara,1991-04-22,female,2026-07-15
LK-C00725,Test Shopper 00725,+256705733387,shopper.lk725@example.invalid,Kampala,1992-05-23,male,2026-07-15
LK-C00726,Test Shopper 00726,+256705741306,shopper.lk726@example.invalid,Gulu,1993-06-24,female,2026-07-15
LK-C00727,Test Shopper 00727,+256705749225,shopper.lk727@example.invalid,Jinja,1994-07-25,male,2025-12-20
LK-C00728,Test Shopper 00728,+256705757144,shopper.lk728@example.invalid,Mbarara,1995-08-26,not_stated,2026-07-15
LK-C00729,Test Shopper 00729,+256705765063,shopper.lk729@example.invalid,Kampala,1996-09-27,female,2026-07-15
LK-C00730,Test Shopper 00730,+256705772982,shopper.lk730@example.invalid,Kampala,1997-10-01,male,2026-07-15
LK-C00731,Test Shopper 00731,+256705780901,shopper.lk731@example.invalid,Jinja,1998-11-02,female,2026-07-15
LK-C00732,Test Shopper 00732,+256705788820,shopper.lk732@example.invalid,Mbarara,1999-12-03,male,2026-07-15
LK-C00733,Test Shopper 00733,+256705796739,shopper.lk733@example.invalid,Kampala,2000-01-04,not_stated,2025-12-20
LK-C00734,Test Shopper 00734,+256705804658,shopper.lk734@example.invalid,Gulu,2001-02-05,female,2026-07-15
LK-C00735,Test Shopper 00735,+256705812577,shopper.lk735@example.invalid,Jinja,2002-03-06,male,2026-07-15
LK-C00736,Test Shopper 00736,+256705820496,shopper.lk736@example.invalid,Mbarara,2003-04-07,female,2026-07-15
LK-C00737,Test Shopper 00737,+256705828415,shopper.lk737@example.invalid,Kampala,2004-05-08,male,2026-07-15
LK-C00738,Test Shopper 00738,+256705836334,shopper.lk738@example.invalid,Kampala,2005-06-09,not_stated,2026-07-15
LK-C00739,Test Shopper 00739,+256705844253,shopper.lk739@example.invalid,Jinja,1965-07-10,female,2025-12-20
LK-C00740,Test Shopper 00740,+256705852172,shopper.lk740@example.invalid,Mbarara,1966-08-11,male,2026-07-15
LK-C00741,Test Shopper 00741,+256705860091,shopper.lk741@example.invalid,Kampala,1967-09-12,female,2026-07-15
LK-C00742,Test Shopper 00742,+256705868010,shopper.lk742@example.invalid,Gulu,1968-10-13,male,2026-07-15
LK-C00743,Test Shopper 00743,+256705875929,shopper.lk743@example.invalid,Jinja,1969-11-14,not_stated,2026-07-15
LK-C00744,Test Shopper 00744,+256705883848,shopper.lk744@example.invalid,Mbarara,1970-12-15,female,2026-07-15
LK-C00745,Test Shopper 00745,+256705891767,shopper.lk745@example.invalid,Kampala,1971-01-16,male,2025-12-20
LK-C00746,Test Shopper 00746,+256705899686,shopper.lk746@example.invalid,Kampala,1972-02-17,female,2026-07-15
LK-C00747,Test Shopper 00747,+256705907605,shopper.lk747@example.invalid,Jinja,1973-03-18,male,2026-07-15
LK-C00748,Test Shopper 00748,+256705915524,shopper.lk748@example.invalid,Mbarara,1974-04-19,not_stated,2026-07-15
LK-C00749,Test Shopper 00749,+256705923443,shopper.lk749@example.invalid,Kampala,1975-05-20,female,2026-07-15
LK-C00750,Test Shopper 00750,+256705931362,shopper.lk750@example.invalid,Gulu,1976-06-21,male,2026-07-15
LK-C00751,Test Shopper 00751,+256705939281,shopper.lk751@example.invalid,Jinja,1977-07-22,female,2025-12-20
LK-C00752,Test Shopper 00752,+256705947200,shopper.lk752@example.invalid,Mbarara,1978-08-23,male,2026-07-15
LK-C00753,Test Shopper 00753,+256705955119,shopper.lk753@example.invalid,Kampala,1979-09-24,not_stated,2026-07-15
LK-C00754,Test Shopper 00754,+256705963038,shopper.lk754@example.invalid,Kampala,1980-10-25,female,2026-07-15
LK-C00755,Test Shopper 00755,+256705970957,shopper.lk755@example.invalid,Jinja,1981-11-26,male,2026-07-15
LK-C00756,Test Shopper 00756,+256705978876,shopper.lk756@example.invalid,Mbarara,1982-12-27,female,2026-07-15
LK-C00757,Test Shopper 00757,+256705986795,shopper.lk757@example.invalid,Kampala,1983-01-01,male,2025-12-20
LK-C00758,Test Shopper 00758,+256705994714,shopper.lk758@example.invalid,Gulu,1984-02-02,not_stated,2026-07-15
LK-C00759,Test Shopper 00759,+256706002633,shopper.lk759@example.invalid,Jinja,1985-03-03,female,2026-07-15
LK-C00760,Test Shopper 00760,+256706010552,shopper.lk760@example.invalid,Mbarara,1986-04-04,male,2026-07-15
LK-C00761,Test Shopper 00761,+256706018471,shopper.lk761@example.invalid,Kampala,1987-05-05,female,2026-07-15
LK-C00762,Test Shopper 00762,+256706026390,shopper.lk762@example.invalid,Kampala,1988-06-06,male,2026-07-15
LK-C00763,Test Shopper 00763,+256706034309,shopper.lk763@example.invalid,Jinja,1989-07-07,not_stated,2025-12-20
LK-C00764,Test Shopper 00764,+256706042228,shopper.lk764@example.invalid,Mbarara,1990-08-08,female,2026-07-15
LK-C00765,Test Shopper 00765,+256706050147,shopper.lk765@example.invalid,Kampala,1991-09-09,male,2026-07-15
LK-C00766,Test Shopper 00766,+256706058066,shopper.lk766@example.invalid,Gulu,1992-10-10,female,2026-07-15
LK-C00767,Test Shopper 00767,+256706065985,shopper.lk767@example.invalid,Jinja,1993-11-11,male,2026-07-15
LK-C00768,Test Shopper 00768,+256706073904,shopper.lk768@example.invalid,Mbarara,1994-12-12,not_stated,2026-07-15
LK-C00769,Test Shopper 00769,+256706081823,shopper.lk769@example.invalid,Kampala,1995-01-13,female,2025-12-20
LK-C00770,Test Shopper 00770,+256706089742,shopper.lk770@example.invalid,Kampala,1996-02-14,male,2026-07-15
LK-C00771,Test Shopper 00771,+256706097661,shopper.lk771@example.invalid,Jinja,1997-03-15,female,2026-07-15
LK-C00772,Test Shopper 00772,+256706105580,shopper.lk772@example.invalid,Mbarara,1998-04-16,male,2026-07-15
LK-C00773,Test Shopper 00773,+256706113499,shopper.lk773@example.invalid,Kampala,1999-05-17,not_stated,2026-07-15
LK-C00774,Test Shopper 00774,+256706121418,shopper.lk774@example.invalid,Gulu,2000-06-18,female,2026-07-15
LK-C00775,Test Shopper 00775,+256706129337,shopper.lk775@example.invalid,Jinja,2001-07-19,male,2025-12-20
LK-C00776,Test Shopper 00776,+256706137256,shopper.lk776@example.invalid,Mbarara,2002-08-20,female,2026-07-15
LK-C00777,Test Shopper 00777,+256706145175,shopper.lk777@example.invalid,Kampala,2003-09-21,male,2026-07-15
LK-C00778,Test Shopper 00778,+256706153094,shopper.lk778@example.invalid,Kampala,2004-10-22,not_stated,2026-07-15
LK-C00779,Test Shopper 00779,+256706161013,shopper.lk779@example.invalid,Jinja,2005-11-23,female,2026-07-15
LK-C00780,Test Shopper 00780,+256706168932,shopper.lk780@example.invalid,Mbarara,1965-12-24,male,2026-07-15
LK-C00781,Test Shopper 00781,+256706176851,shopper.lk781@example.invalid,Kampala,1966-01-25,female,2025-12-20
LK-C00782,Test Shopper 00782,+256706184770,shopper.lk782@example.invalid,Gulu,1967-02-26,male,2026-07-15
LK-C00783,Test Shopper 00783,+256706192689,shopper.lk783@example.invalid,Jinja,1968-03-27,not_stated,2026-07-15
LK-C00784,Test Shopper 00784,+256706200608,shopper.lk784@example.invalid,Mbarara,1969-04-01,female,2026-07-15
LK-C00785,Test Shopper 00785,+256706208527,shopper.lk785@example.invalid,Kampala,1970-05-02,male,2026-07-15
LK-C00786,Test Shopper 00786,+256706216446,shopper.lk786@example.invalid,Kampala,1971-06-03,female,2026-07-15
LK-C00787,Test Shopper 00787,+256706224365,shopper.lk787@example.invalid,Jinja,1972-07-04,male,2025-12-20
LK-C00788,Test Shopper 00788,+256706232284,shopper.lk788@example.invalid,Mbarara,1973-08-05,not_stated,2026-07-15
LK-C00789,Test Shopper 00789,+256706240203,shopper.lk789@example.invalid,Kampala,1974-09-06,female,2026-07-15
LK-C00790,Test Shopper 00790,+256706248122,shopper.lk790@example.invalid,Gulu,1975-10-07,male,2026-07-15
LK-C00791,Test Shopper 00791,+256706256041,shopper.lk791@example.invalid,Jinja,1976-11-08,female,2026-07-15
LK-C00792,Test Shopper 00792,+256706263960,shopper.lk792@example.invalid,Mbarara,1977-12-09,male,2026-07-15
LK-C00793,Test Shopper 00793,+256706271879,shopper.lk793@example.invalid,Kampala,1978-01-10,not_stated,2025-12-20
LK-C00794,Test Shopper 00794,+256706279798,shopper.lk794@example.invalid,Kampala,1979-02-11,female,2026-07-15
LK-C00795,Test Shopper 00795,+256706287717,shopper.lk795@example.invalid,Jinja,1980-03-12,male,2026-07-15
LK-C00796,Test Shopper 00796,+256706295636,shopper.lk796@example.invalid,Mbarara,1981-04-13,female,2026-07-15
LK-C00797,Test Shopper 00797,+256706303555,shopper.lk797@example.invalid,Kampala,1982-05-14,male,2026-07-15
LK-C00798,Test Shopper 00798,+256706311474,shopper.lk798@example.invalid,Gulu,1983-06-15,not_stated,2026-07-15
LK-C00799,Test Shopper 00799,+256706319393,shopper.lk799@example.invalid,Jinja,1984-07-16,female,2025-12-20
LK-C00800,Test Shopper 00800,+256706327312,shopper.lk800@example.invalid,Mbarara,1985-08-17,male,2026-07-15
LK-C00801,Test Shopper 00801,+256706335231,shopper.lk801@example.invalid,Kampala,1986-09-18,female,2026-07-15
LK-C00802,Test Shopper 00802,+256706343150,shopper.lk802@example.invalid,Kampala,1987-10-19,male,2026-07-15
LK-C00803,Test Shopper 00803,+256706351069,shopper.lk803@example.invalid,Jinja,1988-11-20,not_stated,2026-07-15
LK-C00804,Test Shopper 00804,+256706358988,shopper.lk804@example.invalid,Mbarara,1989-12-21,female,2026-07-15
LK-C00805,Test Shopper 00805,+256706366907,shopper.lk805@example.invalid,Kampala,1990-01-22,male,2025-12-20
LK-C00806,Test Shopper 00806,+256706374826,shopper.lk806@example.invalid,Gulu,1991-02-23,female,2026-07-15
LK-C00807,Test Shopper 00807,+256706382745,shopper.lk807@example.invalid,Jinja,1992-03-24,male,2026-07-15
LK-C00808,Test Shopper 00808,+256706390664,shopper.lk808@example.invalid,Mbarara,1993-04-25,not_stated,2026-07-15
LK-C00809,Test Shopper 00809,+256706398583,shopper.lk809@example.invalid,Kampala,1994-05-26,female,2026-07-15
LK-C00810,Test Shopper 00810,+256706406502,shopper.lk810@example.invalid,Kampala,1995-06-27,male,2026-07-15
LK-C00811,Test Shopper 00811,+256706414421,shopper.lk811@example.invalid,Jinja,1996-07-01,female,2025-12-20
LK-C00812,Test Shopper 00812,+256706422340,shopper.lk812@example.invalid,Mbarara,1997-08-02,male,2026-07-15
LK-C00813,Test Shopper 00813,+256706430259,shopper.lk813@example.invalid,Kampala,1998-09-03,not_stated,2026-07-15
LK-C00814,Test Shopper 00814,+256706438178,shopper.lk814@example.invalid,Gulu,1999-10-04,female,2026-07-15
LK-C00815,Test Shopper 00815,+256706446097,shopper.lk815@example.invalid,Jinja,2000-11-05,male,2026-07-15
LK-C00816,Test Shopper 00816,+256706454016,shopper.lk816@example.invalid,Mbarara,2001-12-06,female,2026-07-15
LK-C00817,Test Shopper 00817,+256706461935,shopper.lk817@example.invalid,Kampala,2002-01-07,male,2025-12-20
LK-C00818,Test Shopper 00818,+256706469854,shopper.lk818@example.invalid,Kampala,2003-02-08,not_stated,2026-07-15
LK-C00819,Test Shopper 00819,+256706477773,shopper.lk819@example.invalid,Jinja,2004-03-09,female,2026-07-15
LK-C00820,Test Shopper 00820,+256706485692,shopper.lk820@example.invalid,Mbarara,2005-04-10,male,2026-07-15
LK-C00821,Test Shopper 00821,+256706493611,shopper.lk821@example.invalid,Kampala,1965-05-11,female,2026-07-15
LK-C00822,Test Shopper 00822,+256706501530,shopper.lk822@example.invalid,Gulu,1966-06-12,male,2026-07-15
LK-C00823,Test Shopper 00823,+256706509449,shopper.lk823@example.invalid,Jinja,1967-07-13,not_stated,2025-12-20
LK-C00824,Test Shopper 00824,+256706517368,shopper.lk824@example.invalid,Mbarara,1968-08-14,female,2026-07-15
LK-C00825,Test Shopper 00825,+256706525287,shopper.lk825@example.invalid,Kampala,1969-09-15,male,2026-07-15
LK-C00826,Test Shopper 00826,+256706533206,shopper.lk826@example.invalid,Kampala,1970-10-16,female,2026-07-15
LK-C00827,Test Shopper 00827,+256706541125,shopper.lk827@example.invalid,Jinja,1971-11-17,male,2026-07-15
LK-C00828,Test Shopper 00828,+256706549044,shopper.lk828@example.invalid,Mbarara,1972-12-18,not_stated,2026-07-15
LK-C00829,Test Shopper 00829,+256706556963,shopper.lk829@example.invalid,Kampala,1973-01-19,female,2025-12-20
LK-C00830,Test Shopper 00830,+256706564882,shopper.lk830@example.invalid,Gulu,1974-02-20,male,2026-07-15
LK-C00831,Test Shopper 00831,+256706572801,shopper.lk831@example.invalid,Jinja,1975-03-21,female,2026-07-15
LK-C00832,Test Shopper 00832,+256706580720,shopper.lk832@example.invalid,Mbarara,1976-04-22,male,2026-07-15
LK-C00833,Test Shopper 00833,+256706588639,shopper.lk833@example.invalid,Kampala,1977-05-23,not_stated,2026-07-15
LK-C00834,Test Shopper 00834,+256706596558,shopper.lk834@example.invalid,Kampala,1978-06-24,female,2026-07-15
LK-C00835,Test Shopper 00835,+256706604477,shopper.lk835@example.invalid,Jinja,1979-07-25,male,2025-12-20
LK-C00836,Test Shopper 00836,+256706612396,shopper.lk836@example.invalid,Mbarara,1980-08-26,female,2026-07-15
LK-C00837,Test Shopper 00837,+256706620315,shopper.lk837@example.invalid,Kampala,1981-09-27,male,2026-07-15
LK-C00838,Test Shopper 00838,+256706628234,shopper.lk838@example.invalid,Gulu,1982-10-01,not_stated,2026-07-15
LK-C00839,Test Shopper 00839,+256706636153,shopper.lk839@example.invalid,Jinja,1983-11-02,female,2026-07-15
LK-C00840,Test Shopper 00840,+256706644072,shopper.lk840@example.invalid,Mbarara,1984-12-03,male,2026-07-15
LK-C00841,Test Shopper 00841,+256706651991,shopper.lk841@example.invalid,Kampala,1985-01-04,female,2025-12-20
LK-C00842,Test Shopper 00842,+256706659910,shopper.lk842@example.invalid,Kampala,1986-02-05,male,2026-07-15
LK-C00843,Test Shopper 00843,+256706667829,shopper.lk843@example.invalid,Jinja,1987-03-06,not_stated,2026-07-15
LK-C00844,Test Shopper 00844,+256706675748,shopper.lk844@example.invalid,Mbarara,1988-04-07,female,2026-07-15
LK-C00845,Test Shopper 00845,+256706683667,shopper.lk845@example.invalid,Kampala,1989-05-08,male,2026-07-15
LK-C00846,Test Shopper 00846,+256706691586,shopper.lk846@example.invalid,Gulu,1990-06-09,female,2026-07-15
LK-C00847,Test Shopper 00847,+256706699505,shopper.lk847@example.invalid,Jinja,1991-07-10,male,2025-12-20
LK-C00848,Test Shopper 00848,+256706707424,shopper.lk848@example.invalid,Mbarara,1992-08-11,not_stated,2026-07-15
LK-C00849,Test Shopper 00849,+256706715343,shopper.lk849@example.invalid,Kampala,1993-09-12,female,2026-07-15
LK-C00850,Test Shopper 00850,+256706723262,shopper.lk850@example.invalid,Kampala,1994-10-13,male,2026-07-15
LK-C00851,Test Shopper 00851,+256706731181,shopper.lk851@example.invalid,Jinja,1995-11-14,female,2026-07-15
LK-C00852,Test Shopper 00852,+256706739100,shopper.lk852@example.invalid,Mbarara,1996-12-15,male,2026-07-15
LK-C00853,Test Shopper 00853,+256706747019,shopper.lk853@example.invalid,Kampala,1997-01-16,not_stated,2025-12-20
LK-C00854,Test Shopper 00854,+256706754938,shopper.lk854@example.invalid,Gulu,1998-02-17,female,2026-07-15
LK-C00855,Test Shopper 00855,+256706762857,shopper.lk855@example.invalid,Jinja,1999-03-18,male,2026-07-15
LK-C00856,Test Shopper 00856,+256706770776,shopper.lk856@example.invalid,Mbarara,2000-04-19,female,2026-07-15
LK-C00857,Test Shopper 00857,+256706778695,shopper.lk857@example.invalid,Kampala,2001-05-20,male,2026-07-15
LK-C00858,Test Shopper 00858,+256706786614,shopper.lk858@example.invalid,Kampala,2002-06-21,not_stated,2026-07-15
LK-C00859,Test Shopper 00859,+256706794533,shopper.lk859@example.invalid,Jinja,2003-07-22,female,2025-12-20
LK-C00860,Test Shopper 00860,+256706802452,shopper.lk860@example.invalid,Mbarara,2004-08-23,male,2026-07-15
LK-C00861,Test Shopper 00861,+256706810371,shopper.lk861@example.invalid,Kampala,2005-09-24,female,2026-07-15
LK-C00862,Test Shopper 00862,+256706818290,shopper.lk862@example.invalid,Gulu,1965-10-25,male,2026-07-15
LK-C00863,Test Shopper 00863,+256706826209,shopper.lk863@example.invalid,Jinja,1966-11-26,not_stated,2026-07-15
LK-C00864,Test Shopper 00864,+256706834128,shopper.lk864@example.invalid,Mbarara,1967-12-27,female,2026-07-15
LK-C00865,Test Shopper 00865,+256706842047,shopper.lk865@example.invalid,Kampala,1968-01-01,male,2025-12-20
LK-C00866,Test Shopper 00866,+256706849966,shopper.lk866@example.invalid,Kampala,1969-02-02,female,2026-07-15
LK-C00867,Test Shopper 00867,+256706857885,shopper.lk867@example.invalid,Jinja,1970-03-03,male,2026-07-15
LK-C00868,Test Shopper 00868,+256706865804,shopper.lk868@example.invalid,Mbarara,1971-04-04,not_stated,2026-07-15
LK-C00869,Test Shopper 00869,+256706873723,shopper.lk869@example.invalid,Kampala,1972-05-05,female,2026-07-15
LK-C00870,Test Shopper 00870,+256706881642,shopper.lk870@example.invalid,Gulu,1973-06-06,male,2026-07-15
LK-C00871,Test Shopper 00871,+256706889561,shopper.lk871@example.invalid,Jinja,1974-07-07,female,2025-12-20
LK-C00872,Test Shopper 00872,+256706897480,shopper.lk872@example.invalid,Mbarara,1975-08-08,male,2026-07-15
LK-C00873,Test Shopper 00873,+256706905399,shopper.lk873@example.invalid,Kampala,1976-09-09,not_stated,2026-07-15
LK-C00874,Test Shopper 00874,+256706913318,shopper.lk874@example.invalid,Kampala,1977-10-10,female,2026-07-15
LK-C00875,Test Shopper 00875,+256706921237,shopper.lk875@example.invalid,Jinja,1978-11-11,male,2026-07-15
LK-C00876,Test Shopper 00876,+256706929156,shopper.lk876@example.invalid,Mbarara,1979-12-12,female,2026-07-15
LK-C00877,Test Shopper 00877,+256706937075,shopper.lk877@example.invalid,Kampala,1980-01-13,male,2025-12-20
LK-C00878,Test Shopper 00878,+256706944994,shopper.lk878@example.invalid,Gulu,1981-02-14,not_stated,2026-07-15
LK-C00879,Test Shopper 00879,+256706952913,shopper.lk879@example.invalid,Jinja,1982-03-15,female,2026-07-15
LK-C00880,Test Shopper 00880,+256706960832,shopper.lk880@example.invalid,Mbarara,1983-04-16,male,2026-07-15
LK-C00881,Test Shopper 00881,+256706968751,shopper.lk881@example.invalid,Kampala,1984-05-17,female,2026-07-15
LK-C00882,Test Shopper 00882,+256706976670,shopper.lk882@example.invalid,Kampala,1985-06-18,male,2026-07-15
LK-C00883,Test Shopper 00883,+256706984589,shopper.lk883@example.invalid,Jinja,1986-07-19,not_stated,2025-12-20
LK-C00884,Test Shopper 00884,+256706992508,shopper.lk884@example.invalid,Mbarara,1987-08-20,female,2026-07-15
LK-C00885,Test Shopper 00885,+256707000427,shopper.lk885@example.invalid,Kampala,1988-09-21,male,2026-07-15
LK-C00886,Test Shopper 00886,+256707008346,shopper.lk886@example.invalid,Gulu,1989-10-22,female,2026-07-15
LK-C00887,Test Shopper 00887,+256707016265,shopper.lk887@example.invalid,Jinja,1990-11-23,male,2026-07-15
LK-C00888,Test Shopper 00888,+256707024184,shopper.lk888@example.invalid,Mbarara,1991-12-24,not_stated,2026-07-15
LK-C00889,Test Shopper 00889,+256707032103,shopper.lk889@example.invalid,Kampala,1992-01-25,female,2025-12-20
LK-C00890,Test Shopper 00890,+256707040022,shopper.lk890@example.invalid,Kampala,1993-02-26,male,2026-07-15
LK-C00891,Test Shopper 00891,+256707047941,shopper.lk891@example.invalid,Jinja,1994-03-27,female,2026-07-15
LK-C00892,Test Shopper 00892,+256707055860,shopper.lk892@example.invalid,Mbarara,1995-04-01,male,2026-07-15
LK-C00893,Test Shopper 00893,+256707063779,shopper.lk893@example.invalid,Kampala,1996-05-02,not_stated,2026-07-15
LK-C00894,Test Shopper 00894,+256707071698,shopper.lk894@example.invalid,Gulu,1997-06-03,female,2026-07-15
LK-C00895,Test Shopper 00895,+256707079617,shopper.lk895@example.invalid,Jinja,1998-07-04,male,2025-12-20
LK-C00896,Test Shopper 00896,+256707087536,shopper.lk896@example.invalid,Mbarara,1999-08-05,female,2026-07-15
LK-C00897,Test Shopper 00897,+256707095455,shopper.lk897@example.invalid,Kampala,2000-09-06,male,2026-07-15
LK-C00898,Test Shopper 00898,+256707103374,shopper.lk898@example.invalid,Kampala,2001-10-07,not_stated,2026-07-15
LK-C00899,Test Shopper 00899,+256707111293,shopper.lk899@example.invalid,Jinja,2002-11-08,female,2026-07-15
LK-C00900,Test Shopper 00900,+256707119212,shopper.lk900@example.invalid,Mbarara,2003-12-09,male,2026-07-15
LK-C00901,Test Shopper 00901,+256707127131,shopper.lk901@example.invalid,Kampala,2004-01-10,female,2025-12-20
LK-C00902,Test Shopper 00902,+256707135050,shopper.lk902@example.invalid,Gulu,2005-02-11,male,2026-07-15
LK-C00903,Test Shopper 00903,+256707142969,shopper.lk903@example.invalid,Jinja,1965-03-12,not_stated,2026-07-15
LK-C00904,Test Shopper 00904,+256707150888,shopper.lk904@example.invalid,Mbarara,1966-04-13,female,2026-07-15
LK-C00905,Test Shopper 00905,+256707158807,shopper.lk905@example.invalid,Kampala,1967-05-14,male,2026-07-15
LK-C00906,Test Shopper 00906,+256707166726,shopper.lk906@example.invalid,Kampala,1968-06-15,female,2026-07-15
LK-C00907,Test Shopper 00907,+256707174645,shopper.lk907@example.invalid,Jinja,1969-07-16,male,2025-12-20
LK-C00908,Test Shopper 00908,+256707182564,shopper.lk908@example.invalid,Mbarara,1970-08-17,not_stated,2026-07-15
LK-C00909,Test Shopper 00909,+256707190483,shopper.lk909@example.invalid,Kampala,1971-09-18,female,2026-07-15
LK-C00910,Test Shopper 00910,+256707198402,shopper.lk910@example.invalid,Gulu,1972-10-19,male,2026-07-15
LK-C00911,Test Shopper 00911,+256707206321,shopper.lk911@example.invalid,Jinja,1973-11-20,female,2026-07-15
LK-C00912,Test Shopper 00912,+256707214240,shopper.lk912@example.invalid,Mbarara,1974-12-21,male,2026-07-15
LK-C00913,Test Shopper 00913,+256707222159,shopper.lk913@example.invalid,Kampala,1975-01-22,not_stated,2025-12-20
LK-C00914,Test Shopper 00914,+256707230078,shopper.lk914@example.invalid,Kampala,1976-02-23,female,2026-07-15
LK-C00915,Test Shopper 00915,+256707237997,shopper.lk915@example.invalid,Jinja,1977-03-24,male,2026-07-15
LK-C00916,Test Shopper 00916,+256707245916,shopper.lk916@example.invalid,Mbarara,1978-04-25,female,2026-07-15
LK-C00917,Test Shopper 00917,+256707253835,shopper.lk917@example.invalid,Kampala,1979-05-26,male,2026-07-15
LK-C00918,Test Shopper 00918,+256707261754,shopper.lk918@example.invalid,Gulu,1980-06-27,not_stated,2026-07-15
LK-C00919,Test Shopper 00919,+256707269673,shopper.lk919@example.invalid,Jinja,1981-07-01,female,2025-12-20
LK-C00920,Test Shopper 00920,+256707277592,shopper.lk920@example.invalid,Mbarara,1982-08-02,male,2026-07-15
LK-C00921,Test Shopper 00921,+256707285511,shopper.lk921@example.invalid,Kampala,1983-09-03,female,2026-07-15
LK-C00922,Test Shopper 00922,+256707293430,shopper.lk922@example.invalid,Kampala,1984-10-04,male,2026-07-15
LK-C00923,Test Shopper 00923,+256707301349,shopper.lk923@example.invalid,Jinja,1985-11-05,not_stated,2026-07-15
LK-C00924,Test Shopper 00924,+256707309268,shopper.lk924@example.invalid,Mbarara,1986-12-06,female,2026-07-15
LK-C00925,Test Shopper 00925,+256707317187,shopper.lk925@example.invalid,Kampala,1987-01-07,male,2025-12-20
LK-C00926,Test Shopper 00926,+256707325106,shopper.lk926@example.invalid,Gulu,1988-02-08,female,2026-07-15
LK-C00927,Test Shopper 00927,+256707333025,shopper.lk927@example.invalid,Jinja,1989-03-09,male,2026-07-15
LK-C00928,Test Shopper 00928,+256707340944,shopper.lk928@example.invalid,Mbarara,1990-04-10,not_stated,2026-07-15
LK-C00929,Test Shopper 00929,+256707348863,shopper.lk929@example.invalid,Kampala,1991-05-11,female,2026-07-15
LK-C00930,Test Shopper 00930,+256707356782,shopper.lk930@example.invalid,Kampala,1992-06-12,male,2026-07-15
LK-C00931,Test Shopper 00931,+256707364701,shopper.lk931@example.invalid,Jinja,1993-07-13,female,2025-12-20
LK-C00932,Test Shopper 00932,+256707372620,shopper.lk932@example.invalid,Mbarara,1994-08-14,male,2026-07-15
LK-C00933,Test Shopper 00933,+256707380539,shopper.lk933@example.invalid,Kampala,1995-09-15,not_stated,2026-07-15
LK-C00934,Test Shopper 00934,+256707388458,shopper.lk934@example.invalid,Gulu,1996-10-16,female,2026-07-15
LK-C00935,Test Shopper 00935,+256707396377,shopper.lk935@example.invalid,Jinja,1997-11-17,male,2026-07-15
LK-C00936,Test Shopper 00936,+256707404296,shopper.lk936@example.invalid,Mbarara,1998-12-18,female,2026-07-15
LK-C00937,Test Shopper 00937,+256707412215,shopper.lk937@example.invalid,Kampala,1999-01-19,male,2025-12-20
LK-C00938,Test Shopper 00938,+256707420134,shopper.lk938@example.invalid,Kampala,2000-02-20,not_stated,2026-07-15
LK-C00939,Test Shopper 00939,+256707428053,shopper.lk939@example.invalid,Jinja,2001-03-21,female,2026-07-15
LK-C00940,Test Shopper 00940,+256707435972,shopper.lk940@example.invalid,Mbarara,2002-04-22,male,2026-07-15
LK-C00941,Test Shopper 00941,+256707443891,shopper.lk941@example.invalid,Kampala,2003-05-23,female,2026-07-15
LK-C00942,Test Shopper 00942,+256707451810,shopper.lk942@example.invalid,Gulu,2004-06-24,male,2026-07-15
LK-C00943,Test Shopper 00943,+256707459729,shopper.lk943@example.invalid,Jinja,2005-07-25,not_stated,2025-12-20
LK-C00944,Test Shopper 00944,+256707467648,shopper.lk944@example.invalid,Mbarara,1965-08-26,female,2026-07-15
LK-C00945,Test Shopper 00945,+256707475567,shopper.lk945@example.invalid,Kampala,1966-09-27,male,2026-07-15
LK-C00946,Test Shopper 00946,+256707483486,shopper.lk946@example.invalid,Kampala,1967-10-01,female,2026-07-15
LK-C00947,Test Shopper 00947,+256707491405,shopper.lk947@example.invalid,Jinja,1968-11-02,male,2026-07-15
LK-C00948,Test Shopper 00948,+256707499324,shopper.lk948@example.invalid,Mbarara,1969-12-03,not_stated,2026-07-15
LK-C00949,Test Shopper 00949,+256707507243,shopper.lk949@example.invalid,Kampala,1970-01-04,female,2025-12-20
LK-C00950,Test Shopper 00950,+256707515162,shopper.lk950@example.invalid,Gulu,1971-02-05,male,2026-07-15
LK-C00951,Test Shopper 00951,+256707523081,shopper.lk951@example.invalid,Jinja,1972-03-06,female,2026-07-15
LK-C00952,Test Shopper 00952,+256707531000,shopper.lk952@example.invalid,Mbarara,1973-04-07,male,2026-07-15
LK-C00953,Test Shopper 00953,+256707538919,shopper.lk953@example.invalid,Kampala,1974-05-08,not_stated,2026-07-15
LK-C00954,Test Shopper 00954,+256707546838,shopper.lk954@example.invalid,Kampala,1975-06-09,female,2026-07-15
LK-C00955,Test Shopper 00955,+256707554757,shopper.lk955@example.invalid,Jinja,1976-07-10,male,2025-12-20
LK-C00956,Test Shopper 00956,+256707562676,shopper.lk956@example.invalid,Mbarara,1977-08-11,female,2026-07-15
LK-C00957,Test Shopper 00957,+256707570595,shopper.lk957@example.invalid,Kampala,1978-09-12,male,2026-07-15
LK-C00958,Test Shopper 00958,+256707578514,shopper.lk958@example.invalid,Gulu,1979-10-13,not_stated,2026-07-15
LK-C00959,Test Shopper 00959,+256707586433,shopper.lk959@example.invalid,Jinja,1980-11-14,female,2026-07-15
LK-C00960,Test Shopper 00960,+256707594352,shopper.lk960@example.invalid,Mbarara,1981-12-15,male,2026-07-15
LK-C00961,Test Shopper 00961,+256707602271,shopper.lk961@example.invalid,Kampala,1982-01-16,female,2025-12-20
LK-C00962,Test Shopper 00962,+256707610190,shopper.lk962@example.invalid,Kampala,1983-02-17,male,2026-07-15
LK-C00963,Test Shopper 00963,+256707618109,shopper.lk963@example.invalid,Jinja,1984-03-18,not_stated,2026-07-15
LK-C00964,Test Shopper 00964,+256707626028,shopper.lk964@example.invalid,Mbarara,1985-04-19,female,2026-07-15
LK-C00965,Test Shopper 00965,+256707633947,shopper.lk965@example.invalid,Kampala,1986-05-20,male,2026-07-15
LK-C00966,Test Shopper 00966,+256707641866,shopper.lk966@example.invalid,Gulu,1987-06-21,female,2026-07-15
LK-C00967,Test Shopper 00967,+256707649785,shopper.lk967@example.invalid,Jinja,1988-07-22,male,2025-12-20
LK-C00968,Test Shopper 00968,+256707657704,shopper.lk968@example.invalid,Mbarara,1989-08-23,not_stated,2026-07-15
LK-C00969,Test Shopper 00969,+256707665623,shopper.lk969@example.invalid,Kampala,1990-09-24,female,2026-07-15
LK-C00970,Test Shopper 00970,+256707673542,shopper.lk970@example.invalid,Kampala,1991-10-25,male,2026-07-15
LK-C00971,Test Shopper 00971,+256707681461,shopper.lk971@example.invalid,Jinja,1992-11-26,female,2026-07-15
LK-C00972,Test Shopper 00972,+256707689380,shopper.lk972@example.invalid,Mbarara,1993-12-27,male,2026-07-15
LK-C00973,Test Shopper 00973,+256707697299,shopper.lk973@example.invalid,Kampala,1994-01-01,not_stated,2025-12-20
LK-C00974,Test Shopper 00974,+256707705218,shopper.lk974@example.invalid,Gulu,1995-02-02,female,2026-07-15
LK-C00975,Test Shopper 00975,+256707713137,shopper.lk975@example.invalid,Jinja,1996-03-03,male,2026-07-15
LK-C00976,Test Shopper 00976,+256707721056,shopper.lk976@example.invalid,Mbarara,1997-04-04,female,2026-07-15
LK-C00977,Test Shopper 00977,+256707728975,shopper.lk977@example.invalid,Kampala,1998-05-05,male,2026-07-15
LK-C00978,Test Shopper 00978,+256707736894,shopper.lk978@example.invalid,Kampala,1999-06-06,not_stated,2026-07-15
LK-C00979,Test Shopper 00979,+256707744813,shopper.lk979@example.invalid,Jinja,2000-07-07,female,2025-12-20
LK-C00980,Test Shopper 00980,+256707752732,shopper.lk980@example.invalid,Mbarara,2001-08-08,male,2026-07-15
LK-C00981,Test Shopper 00981,+256707760651,shopper.lk981@example.invalid,Kampala,2002-09-09,female,2026-07-15
LK-C00982,Test Shopper 00982,+256707768570,shopper.lk982@example.invalid,Gulu,2003-10-10,male,2026-07-15
LK-C00983,Test Shopper 00983,+256707776489,shopper.lk983@example.invalid,Jinja,2004-11-11,not_stated,2026-07-15
LK-C00984,Test Shopper 00984,+256707784408,shopper.lk984@example.invalid,Mbarara,2005-12-12,female,2026-07-15
LK-C00985,Test Shopper 00985,+256707792327,shopper.lk985@example.invalid,Kampala,1965-01-13,male,2025-12-20
LK-C00986,Test Shopper 00986,+256707800246,shopper.lk986@example.invalid,Kampala,1966-02-14,female,2026-07-15
LK-C00987,Test Shopper 00987,+256707808165,shopper.lk987@example.invalid,Jinja,1967-03-15,male,2026-07-15
LK-C00988,Test Shopper 00988,+256707816084,shopper.lk988@example.invalid,Mbarara,1968-04-16,not_stated,2026-07-15
LK-C00989,Test Shopper 00989,+256707824003,shopper.lk989@example.invalid,Kampala,1969-05-17,female,2026-07-15
LK-C00990,Test Shopper 00990,+256707831922,shopper.lk990@example.invalid,Gulu,1970-06-18,male,2026-07-15
LK-C00991,Test Shopper 00991,+256707839841,shopper.lk991@example.invalid,Jinja,1971-07-19,female,2025-12-20
LK-C00992,Test Shopper 00992,+256707847760,shopper.lk992@example.invalid,Mbarara,1972-08-20,male,2026-07-15
LK-C00993,Test Shopper 00993,+256707855679,shopper.lk993@example.invalid,Kampala,1973-09-21,not_stated,2026-07-15
LK-C00994,Test Shopper 00994,+256707863598,shopper.lk994@example.invalid,Kampala,1974-10-22,female,2026-07-15
LK-C00995,Test Shopper 00995,+256707871517,shopper.lk995@example.invalid,Jinja,1975-11-23,male,2026-07-15
LK-C00996,Test Shopper 00996,+256707879436,shopper.lk996@example.invalid,Mbarara,1976-12-24,female,2026-07-15
LK-C00997,Test Shopper 00997,+256707887355,shopper.lk997@example.invalid,Kampala,1977-01-25,male,2025-12-20
LK-C00998,Test Shopper 00998,+256707895274,shopper.lk998@example.invalid,Gulu,1978-02-26,not_stated,2026-07-15
LK-C00999,Test Shopper 00999,+256707903193,shopper.lk999@example.invalid,Jinja,1979-03-27,female,2026-07-15
LK-C01000,Test Shopper 01000,+256707911112,shopper.lk1000@example.invalid,Mbarara,1980-04-01,male,2026-07-15
LK-C01001,Test Shopper 01001,+256707919031,shopper.lk1001@example.invalid,Kampala,1981-05-02,female,2026-07-15
LK-C01002,Test Shopper 01002,+256707926950,shopper.lk1002@example.invalid,Kampala,1982-06-03,male,2026-07-15
LK-C01003,Test Shopper 01003,+256707934869,shopper.lk1003@example.invalid,Jinja,1983-07-04,not_stated,2025-12-20
LK-C01004,Test Shopper 01004,+256707942788,shopper.lk1004@example.invalid,Mbarara,1984-08-05,female,2026-07-15
LK-C01005,Test Shopper 01005,+256707950707,shopper.lk1005@example.invalid,Kampala,1985-09-06,male,2026-07-15
LK-C01006,Test Shopper 01006,+256707958626,shopper.lk1006@example.invalid,Gulu,1986-10-07,female,2026-07-15
LK-C01007,Test Shopper 01007,+256707966545,shopper.lk1007@example.invalid,Jinja,1987-11-08,male,2026-07-15
LK-C01008,Test Shopper 01008,+256707974464,shopper.lk1008@example.invalid,Mbarara,1988-12-09,not_stated,2026-07-15
LK-C01009,Test Shopper 01009,+256707982383,shopper.lk1009@example.invalid,Kampala,1989-01-10,female,2025-12-20
LK-C01010,Test Shopper 01010,+256707990302,shopper.lk1010@example.invalid,Kampala,1990-02-11,male,2026-07-15
LK-C01011,Test Shopper 01011,+256707998221,shopper.lk1011@example.invalid,Jinja,1991-03-12,female,2026-07-15
LK-C01012,Test Shopper 01012,+256708006140,shopper.lk1012@example.invalid,Mbarara,1992-04-13,male,2026-07-15
LK-C01013,Test Shopper 01013,+256708014059,shopper.lk1013@example.invalid,Kampala,1993-05-14,not_stated,2026-07-15
LK-C01014,Test Shopper 01014,+256708021978,shopper.lk1014@example.invalid,Gulu,1994-06-15,female,2026-07-15
LK-C01015,Test Shopper 01015,+256708029897,shopper.lk1015@example.invalid,Jinja,1995-07-16,male,2025-12-20
LK-C01016,Test Shopper 01016,+256708037816,shopper.lk1016@example.invalid,Mbarara,1996-08-17,female,2026-07-15
LK-C01017,Test Shopper 01017,+256708045735,shopper.lk1017@example.invalid,Kampala,1997-09-18,male,2026-07-15
LK-C01018,Test Shopper 01018,+256708053654,shopper.lk1018@example.invalid,Kampala,1998-10-19,not_stated,2026-07-15
LK-C01019,Test Shopper 01019,+256708061573,shopper.lk1019@example.invalid,Jinja,1999-11-20,female,2026-07-15
LK-C01020,Test Shopper 01020,+256708069492,shopper.lk1020@example.invalid,Mbarara,2000-12-21,male,2026-07-15
LK-C01021,Test Shopper 01021,+256708077411,shopper.lk1021@example.invalid,Kampala,2001-01-22,female,2025-12-20
LK-C01022,Test Shopper 01022,+256708085330,shopper.lk1022@example.invalid,Gulu,2002-02-23,male,2026-07-15
LK-C01023,Test Shopper 01023,+256708093249,shopper.lk1023@example.invalid,Jinja,2003-03-24,not_stated,2026-07-15
LK-C01024,Test Shopper 01024,+256708101168,shopper.lk1024@example.invalid,Mbarara,2004-04-25,female,2026-07-15
LK-C01025,Test Shopper 01025,+256708109087,shopper.lk1025@example.invalid,Kampala,2005-05-26,male,2026-07-15
LK-C01026,Test Shopper 01026,+256708117006,shopper.lk1026@example.invalid,Kampala,1965-06-27,female,2026-07-15
LK-C01027,Test Shopper 01027,+256708124925,shopper.lk1027@example.invalid,Jinja,1966-07-01,male,2025-12-20
LK-C01028,Test Shopper 01028,+256708132844,shopper.lk1028@example.invalid,Mbarara,1967-08-02,not_stated,2026-07-15
LK-C01029,Test Shopper 01029,+256708140763,shopper.lk1029@example.invalid,Kampala,1968-09-03,female,2026-07-15
LK-C01030,Test Shopper 01030,+256708148682,shopper.lk1030@example.invalid,Gulu,1969-10-04,male,2026-07-15
LK-C01031,Test Shopper 01031,+256708156601,shopper.lk1031@example.invalid,Jinja,1970-11-05,female,2026-07-15
LK-C01032,Test Shopper 01032,+256708164520,shopper.lk1032@example.invalid,Mbarara,1971-12-06,male,2026-07-15
LK-C01033,Test Shopper 01033,+256708172439,shopper.lk1033@example.invalid,Kampala,1972-01-07,not_stated,2025-12-20
LK-C01034,Test Shopper 01034,+256708180358,shopper.lk1034@example.invalid,Kampala,1973-02-08,female,2026-07-15
LK-C01035,Test Shopper 01035,+256708188277,shopper.lk1035@example.invalid,Jinja,1974-03-09,male,2026-07-15
LK-C01036,Test Shopper 01036,+256708196196,shopper.lk1036@example.invalid,Mbarara,1975-04-10,female,2026-07-15
LK-C01037,Test Shopper 01037,+256708204115,shopper.lk1037@example.invalid,Kampala,1976-05-11,male,2026-07-15
LK-C01038,Test Shopper 01038,+256708212034,shopper.lk1038@example.invalid,Gulu,1977-06-12,not_stated,2026-07-15
LK-C01039,Test Shopper 01039,+256708219953,shopper.lk1039@example.invalid,Jinja,1978-07-13,female,2025-12-20
LK-C01040,Test Shopper 01040,+256708227872,shopper.lk1040@example.invalid,Mbarara,1979-08-14,male,2026-07-15
LK-C01041,Test Shopper 01041,+256708235791,shopper.lk1041@example.invalid,Kampala,1980-09-15,female,2026-07-15
LK-C01042,Test Shopper 01042,+256708243710,shopper.lk1042@example.invalid,Kampala,1981-10-16,male,2026-07-15
LK-C01043,Test Shopper 01043,+256708251629,shopper.lk1043@example.invalid,Jinja,1982-11-17,not_stated,2026-07-15
LK-C01044,Test Shopper 01044,+256708259548,shopper.lk1044@example.invalid,Mbarara,1983-12-18,female,2026-07-15
LK-C01045,Test Shopper 01045,+256708267467,shopper.lk1045@example.invalid,Kampala,1984-01-19,male,2025-12-20
LK-C01046,Test Shopper 01046,+256708275386,shopper.lk1046@example.invalid,Gulu,1985-02-20,female,2026-07-15
LK-C01047,Test Shopper 01047,+256708283305,shopper.lk1047@example.invalid,Jinja,1986-03-21,male,2026-07-15
LK-C01048,Test Shopper 01048,+256708291224,shopper.lk1048@example.invalid,Mbarara,1987-04-22,not_stated,2026-07-15
LK-C01049,Test Shopper 01049,+256708299143,shopper.lk1049@example.invalid,Kampala,1988-05-23,female,2026-07-15
LK-C01050,Test Shopper 01050,+256708307062,shopper.lk1050@example.invalid,Kampala,1989-06-24,male,2026-07-15
LK-C01051,Test Shopper 01051,+256708314981,shopper.lk1051@example.invalid,Jinja,1990-07-25,female,2025-12-20
LK-C01052,Test Shopper 01052,+256708322900,shopper.lk1052@example.invalid,Mbarara,1991-08-26,male,2026-07-15
LK-C01053,Test Shopper 01053,+256708330819,shopper.lk1053@example.invalid,Kampala,1992-09-27,not_stated,2026-07-15
LK-C01054,Test Shopper 01054,+256708338738,shopper.lk1054@example.invalid,Gulu,1993-10-01,female,2026-07-15
LK-C01055,Test Shopper 01055,+256708346657,shopper.lk1055@example.invalid,Jinja,1994-11-02,male,2026-07-15
LK-C01056,Test Shopper 01056,+256708354576,shopper.lk1056@example.invalid,Mbarara,1995-12-03,female,2026-07-15
LK-C01057,Test Shopper 01057,+256708362495,shopper.lk1057@example.invalid,Kampala,1996-01-04,male,2025-12-20
LK-C01058,Test Shopper 01058,+256708370414,shopper.lk1058@example.invalid,Kampala,1997-02-05,not_stated,2026-07-15
LK-C01059,Test Shopper 01059,+256708378333,shopper.lk1059@example.invalid,Jinja,1998-03-06,female,2026-07-15
LK-C01060,Test Shopper 01060,+256708386252,shopper.lk1060@example.invalid,Mbarara,1999-04-07,male,2026-07-15
LK-C01061,Test Shopper 01061,+256708394171,shopper.lk1061@example.invalid,Kampala,2000-05-08,female,2026-07-15
LK-C01062,Test Shopper 01062,+256708402090,shopper.lk1062@example.invalid,Gulu,2001-06-09,male,2026-07-15
LK-C01063,Test Shopper 01063,+256708410009,shopper.lk1063@example.invalid,Jinja,2002-07-10,not_stated,2025-12-20
LK-C01064,Test Shopper 01064,+256708417928,shopper.lk1064@example.invalid,Mbarara,2003-08-11,female,2026-07-15
LK-C01065,Test Shopper 01065,+256708425847,shopper.lk1065@example.invalid,Kampala,2004-09-12,male,2026-07-15
LK-C01066,Test Shopper 01066,+256708433766,shopper.lk1066@example.invalid,Kampala,2005-10-13,female,2026-07-15
LK-C01067,Test Shopper 01067,+256708441685,shopper.lk1067@example.invalid,Jinja,1965-11-14,male,2026-07-15
LK-C01068,Test Shopper 01068,+256708449604,shopper.lk1068@example.invalid,Mbarara,1966-12-15,not_stated,2026-07-15
LK-C01069,Test Shopper 01069,+256708457523,shopper.lk1069@example.invalid,Kampala,1967-01-16,female,2025-12-20
LK-C01070,Test Shopper 01070,+256708465442,shopper.lk1070@example.invalid,Gulu,1968-02-17,male,2026-07-15
LK-C01071,Test Shopper 01071,+256708473361,shopper.lk1071@example.invalid,Jinja,1969-03-18,female,2026-07-15
LK-C01072,Test Shopper 01072,+256708481280,shopper.lk1072@example.invalid,Mbarara,1970-04-19,male,2026-07-15
LK-C01073,Test Shopper 01073,+256708489199,shopper.lk1073@example.invalid,Kampala,1971-05-20,not_stated,2026-07-15
LK-C01074,Test Shopper 01074,+256708497118,shopper.lk1074@example.invalid,Kampala,1972-06-21,female,2026-07-15
LK-C01075,Test Shopper 01075,+256708505037,shopper.lk1075@example.invalid,Jinja,1973-07-22,male,2025-12-20
LK-C01076,Test Shopper 01076,+256708512956,shopper.lk1076@example.invalid,Mbarara,1974-08-23,female,2026-07-15
LK-C01077,Test Shopper 01077,+256708520875,shopper.lk1077@example.invalid,Kampala,1975-09-24,male,2026-07-15
LK-C01078,Test Shopper 01078,+256708528794,shopper.lk1078@example.invalid,Gulu,1976-10-25,not_stated,2026-07-15
LK-C01079,Test Shopper 01079,+256708536713,shopper.lk1079@example.invalid,Jinja,1977-11-26,female,2026-07-15
LK-C01080,Test Shopper 01080,+256708544632,shopper.lk1080@example.invalid,Mbarara,1978-12-27,male,2026-07-15
LK-C01081,Test Shopper 01081,+256708552551,shopper.lk1081@example.invalid,Kampala,1979-01-01,female,2025-12-20
LK-C01082,Test Shopper 01082,+256708560470,shopper.lk1082@example.invalid,Kampala,1980-02-02,male,2026-07-15
LK-C01083,Test Shopper 01083,+256708568389,shopper.lk1083@example.invalid,Jinja,1981-03-03,not_stated,2026-07-15
LK-C01084,Test Shopper 01084,+256708576308,shopper.lk1084@example.invalid,Mbarara,1982-04-04,female,2026-07-15
LK-C01085,Test Shopper 01085,+256708584227,shopper.lk1085@example.invalid,Kampala,1983-05-05,male,2026-07-15
LK-C01086,Test Shopper 01086,+256708592146,shopper.lk1086@example.invalid,Gulu,1984-06-06,female,2026-07-15
LK-C01087,Test Shopper 01087,+256708600065,shopper.lk1087@example.invalid,Jinja,1985-07-07,male,2025-12-20
LK-C01088,Test Shopper 01088,+256708607984,shopper.lk1088@example.invalid,Mbarara,1986-08-08,not_stated,2026-07-15
LK-C01089,Test Shopper 01089,+256708615903,shopper.lk1089@example.invalid,Kampala,1987-09-09,female,2026-07-15
LK-C01090,Test Shopper 01090,+256708623822,shopper.lk1090@example.invalid,Kampala,1988-10-10,male,2026-07-15
LK-C01091,Test Shopper 01091,+256708631741,shopper.lk1091@example.invalid,Jinja,1989-11-11,female,2026-07-15
LK-C01092,Test Shopper 01092,+256708639660,shopper.lk1092@example.invalid,Mbarara,1990-12-12,male,2026-07-15
LK-C01093,Test Shopper 01093,+256708647579,shopper.lk1093@example.invalid,Kampala,1991-01-13,not_stated,2025-12-20
LK-C01094,Test Shopper 01094,+256708655498,shopper.lk1094@example.invalid,Gulu,1992-02-14,female,2026-07-15
LK-C01095,Test Shopper 01095,+256708663417,shopper.lk1095@example.invalid,Jinja,1993-03-15,male,2026-07-15
LK-C01096,Test Shopper 01096,+256708671336,shopper.lk1096@example.invalid,Mbarara,1994-04-16,female,2026-07-15
LK-C01097,Test Shopper 01097,+256708679255,shopper.lk1097@example.invalid,Kampala,1995-05-17,male,2026-07-15
LK-C01098,Test Shopper 01098,+256708687174,shopper.lk1098@example.invalid,Kampala,1996-06-18,not_stated,2026-07-15
LK-C01099,Test Shopper 01099,+256708695093,shopper.lk1099@example.invalid,Jinja,1997-07-19,female,2025-12-20
LK-C01100,Test Shopper 01100,+256708703012,shopper.lk1100@example.invalid,Mbarara,1998-08-20,male,2026-07-15
LK-C01101,Test Shopper 01101,+256708710931,shopper.lk1101@example.invalid,Kampala,1999-09-21,female,2026-07-15
LK-C01102,Test Shopper 01102,+256708718850,shopper.lk1102@example.invalid,Gulu,2000-10-22,male,2026-07-15
LK-C01103,Test Shopper 01103,+256708726769,shopper.lk1103@example.invalid,Jinja,2001-11-23,not_stated,2026-07-15
LK-C01104,Test Shopper 01104,+256708734688,shopper.lk1104@example.invalid,Mbarara,2002-12-24,female,2026-07-15
LK-C01105,Test Shopper 01105,+256708742607,shopper.lk1105@example.invalid,Kampala,2003-01-25,male,2025-12-20
LK-C01106,Test Shopper 01106,+256708750526,shopper.lk1106@example.invalid,Kampala,2004-02-26,female,2026-07-15
LK-C01107,Test Shopper 01107,+256708758445,shopper.lk1107@example.invalid,Jinja,2005-03-27,male,2026-07-15
LK-C01108,Test Shopper 01108,+256708766364,shopper.lk1108@example.invalid,Mbarara,1965-04-01,not_stated,2026-07-15
LK-C01109,Test Shopper 01109,+256708774283,shopper.lk1109@example.invalid,Kampala,1966-05-02,female,2026-07-15
LK-C01110,Test Shopper 01110,+256708782202,shopper.lk1110@example.invalid,Gulu,1967-06-03,male,2026-07-15
LK-C01111,Test Shopper 01111,+256708790121,shopper.lk1111@example.invalid,Jinja,1968-07-04,female,2025-12-20
LK-C01112,Test Shopper 01112,+256708798040,shopper.lk1112@example.invalid,Mbarara,1969-08-05,male,2026-07-15
LK-C01113,Test Shopper 01113,+256708805959,shopper.lk1113@example.invalid,Kampala,1970-09-06,not_stated,2026-07-15
LK-C01114,Test Shopper 01114,+256708813878,shopper.lk1114@example.invalid,Kampala,1971-10-07,female,2026-07-15
LK-C01115,Test Shopper 01115,+256708821797,shopper.lk1115@example.invalid,Jinja,1972-11-08,male,2026-07-15
LK-C01116,Test Shopper 01116,+256708829716,shopper.lk1116@example.invalid,Mbarara,1973-12-09,female,2026-07-15
LK-C01117,Test Shopper 01117,+256708837635,shopper.lk1117@example.invalid,Kampala,1974-01-10,male,2025-12-20
LK-C01118,Test Shopper 01118,+256708845554,shopper.lk1118@example.invalid,Gulu,1975-02-11,not_stated,2026-07-15
LK-C01119,Test Shopper 01119,+256708853473,shopper.lk1119@example.invalid,Jinja,1976-03-12,female,2026-07-15
LK-C01120,Test Shopper 01120,+256708861392,shopper.lk1120@example.invalid,Mbarara,1977-04-13,male,2026-07-15
LK-C01121,Test Shopper 01121,+256708869311,shopper.lk1121@example.invalid,Kampala,1978-05-14,female,2026-07-15
LK-C01122,Test Shopper 01122,+256708877230,shopper.lk1122@example.invalid,Kampala,1979-06-15,male,2026-07-15
LK-C01123,Test Shopper 01123,+256708885149,shopper.lk1123@example.invalid,Jinja,1980-07-16,not_stated,2025-12-20
LK-C01124,Test Shopper 01124,+256708893068,shopper.lk1124@example.invalid,Mbarara,1981-08-17,female,2026-07-15
LK-C01125,Test Shopper 01125,+256708900987,shopper.lk1125@example.invalid,Kampala,1982-09-18,male,2026-07-15
LK-C01126,Test Shopper 01126,+256708908906,shopper.lk1126@example.invalid,Gulu,1983-10-19,female,2026-07-15
LK-C01127,Test Shopper 01127,+256708916825,shopper.lk1127@example.invalid,Jinja,1984-11-20,male,2026-07-15
LK-C01128,Test Shopper 01128,+256708924744,shopper.lk1128@example.invalid,Mbarara,1985-12-21,not_stated,2026-07-15
LK-C01129,Test Shopper 01129,+256708932663,shopper.lk1129@example.invalid,Kampala,1986-01-22,female,2025-12-20
LK-C01130,Test Shopper 01130,+256708940582,shopper.lk1130@example.invalid,Kampala,1987-02-23,male,2026-07-15
LK-C01131,Test Shopper 01131,+256708948501,shopper.lk1131@example.invalid,Jinja,1988-03-24,female,2026-07-15
LK-C01132,Test Shopper 01132,+256708956420,shopper.lk1132@example.invalid,Mbarara,1989-04-25,male,2026-07-15
LK-C01133,Test Shopper 01133,+256708964339,shopper.lk1133@example.invalid,Kampala,1990-05-26,not_stated,2026-07-15
LK-C01134,Test Shopper 01134,+256708972258,shopper.lk1134@example.invalid,Gulu,1991-06-27,female,2026-07-15
LK-C01135,Test Shopper 01135,+256708980177,shopper.lk1135@example.invalid,Jinja,1992-07-01,male,2025-12-20
LK-C01136,Test Shopper 01136,+256708988096,shopper.lk1136@example.invalid,Mbarara,1993-08-02,female,2026-07-15
LK-C01137,Test Shopper 01137,+256708996015,shopper.lk1137@example.invalid,Kampala,1994-09-03,male,2026-07-15
LK-C01138,Test Shopper 01138,+256709003934,shopper.lk1138@example.invalid,Kampala,1995-10-04,not_stated,2026-07-15
LK-C01139,Test Shopper 01139,+256709011853,shopper.lk1139@example.invalid,Jinja,1996-11-05,female,2026-07-15
LK-C01140,Test Shopper 01140,+256709019772,shopper.lk1140@example.invalid,Mbarara,1997-12-06,male,2026-07-15
LK-C01141,Test Shopper 01141,+256709027691,shopper.lk1141@example.invalid,Kampala,1998-01-07,female,2025-12-20
LK-C01142,Test Shopper 01142,+256709035610,shopper.lk1142@example.invalid,Gulu,1999-02-08,male,2026-07-15
LK-C01143,Test Shopper 01143,+256709043529,shopper.lk1143@example.invalid,Jinja,2000-03-09,not_stated,2026-07-15
LK-C01144,Test Shopper 01144,+256709051448,shopper.lk1144@example.invalid,Mbarara,2001-04-10,female,2026-07-15
LK-C01145,Test Shopper 01145,+256709059367,shopper.lk1145@example.invalid,Kampala,2002-05-11,male,2026-07-15
LK-C01146,Test Shopper 01146,+256709067286,shopper.lk1146@example.invalid,Kampala,2003-06-12,female,2026-07-15
LK-C01147,Test Shopper 01147,+256709075205,shopper.lk1147@example.invalid,Jinja,2004-07-13,male,2025-12-20
LK-C01148,Test Shopper 01148,+256709083124,shopper.lk1148@example.invalid,Mbarara,2005-08-14,not_stated,2026-07-15
LK-C01149,Test Shopper 01149,+256709091043,shopper.lk1149@example.invalid,Kampala,1965-09-15,female,2026-07-15
LK-C01150,Test Shopper 01150,+256709098962,shopper.lk1150@example.invalid,Gulu,1966-10-16,male,2026-07-15
LK-C01151,Test Shopper 01151,+256709106881,shopper.lk1151@example.invalid,Jinja,1967-11-17,female,2026-07-15
LK-C01152,Test Shopper 01152,+256709114800,shopper.lk1152@example.invalid,Mbarara,1968-12-18,male,2026-07-15
LK-C01153,Test Shopper 01153,+256709122719,shopper.lk1153@example.invalid,Kampala,1969-01-19,not_stated,2025-12-20
LK-C01154,Test Shopper 01154,+256709130638,shopper.lk1154@example.invalid,Kampala,1970-02-20,female,2026-07-15
LK-C01155,Test Shopper 01155,+256709138557,shopper.lk1155@example.invalid,Jinja,1971-03-21,male,2026-07-15
LK-C01156,Test Shopper 01156,+256709146476,shopper.lk1156@example.invalid,Mbarara,1972-04-22,female,2026-07-15
LK-C01157,Test Shopper 01157,+256709154395,shopper.lk1157@example.invalid,Kampala,1973-05-23,male,2026-07-15
LK-C01158,Test Shopper 01158,+256709162314,shopper.lk1158@example.invalid,Gulu,1974-06-24,not_stated,2026-07-15
LK-C01159,Test Shopper 01159,+256709170233,shopper.lk1159@example.invalid,Jinja,1975-07-25,female,2025-12-20
LK-C01160,Test Shopper 01160,+256709178152,shopper.lk1160@example.invalid,Mbarara,1976-08-26,male,2026-07-15
LK-C01161,Test Shopper 01161,+256709186071,shopper.lk1161@example.invalid,Kampala,1977-09-27,female,2026-07-15
LK-C01162,Test Shopper 01162,+256709193990,shopper.lk1162@example.invalid,Kampala,1978-10-01,male,2026-07-15
LK-C01163,Test Shopper 01163,+256709201909,shopper.lk1163@example.invalid,Jinja,1979-11-02,not_stated,2026-07-15
LK-C01164,Test Shopper 01164,+256709209828,shopper.lk1164@example.invalid,Mbarara,1980-12-03,female,2026-07-15
LK-C01165,Test Shopper 01165,+256709217747,shopper.lk1165@example.invalid,Kampala,1981-01-04,male,2025-12-20
LK-C01166,Test Shopper 01166,+256709225666,shopper.lk1166@example.invalid,Gulu,1982-02-05,female,2026-07-15
LK-C01167,Test Shopper 01167,+256709233585,shopper.lk1167@example.invalid,Jinja,1983-03-06,male,2026-07-15
LK-C01168,Test Shopper 01168,+256709241504,shopper.lk1168@example.invalid,Mbarara,1984-04-07,not_stated,2026-07-15
LK-C01169,Test Shopper 01169,+256709249423,shopper.lk1169@example.invalid,Kampala,1985-05-08,female,2026-07-15
LK-C01170,Test Shopper 01170,+256709257342,shopper.lk1170@example.invalid,Kampala,1986-06-09,male,2026-07-15
LK-C01171,Test Shopper 01171,+256709265261,shopper.lk1171@example.invalid,Jinja,1987-07-10,female,2025-12-20
LK-C01172,Test Shopper 01172,+256709273180,shopper.lk1172@example.invalid,Mbarara,1988-08-11,male,2026-07-15
LK-C01173,Test Shopper 01173,+256709281099,shopper.lk1173@example.invalid,Kampala,1989-09-12,not_stated,2026-07-15
LK-C01174,Test Shopper 01174,+256709289018,shopper.lk1174@example.invalid,Gulu,1990-10-13,female,2026-07-15
LK-C01175,Test Shopper 01175,+256709296937,shopper.lk1175@example.invalid,Jinja,1991-11-14,male,2026-07-15
LK-C01176,Test Shopper 01176,+256709304856,shopper.lk1176@example.invalid,Mbarara,1992-12-15,female,2026-07-15
LK-C01177,Test Shopper 01177,+256709312775,shopper.lk1177@example.invalid,Kampala,1993-01-16,male,2025-12-20
LK-C01178,Test Shopper 01178,+256709320694,shopper.lk1178@example.invalid,Kampala,1994-02-17,not_stated,2026-07-15
LK-C01179,Test Shopper 01179,+256709328613,shopper.lk1179@example.invalid,Jinja,1995-03-18,female,2026-07-15
LK-C01180,Test Shopper 01180,+256709336532,shopper.lk1180@example.invalid,Mbarara,1996-04-19,male,2026-07-15
LK-C01181,Test Shopper 01181,+256709344451,shopper.lk1181@example.invalid,Kampala,1997-05-20,female,2026-07-15
LK-C01182,Test Shopper 01182,+256709352370,shopper.lk1182@example.invalid,Gulu,1998-06-21,male,2026-07-15
LK-C01183,Test Shopper 01183,+256709360289,shopper.lk1183@example.invalid,Jinja,1999-07-22,not_stated,2025-12-20
LK-C01184,Test Shopper 01184,+256709368208,shopper.lk1184@example.invalid,Mbarara,2000-08-23,female,2026-07-15
LK-C01185,Test Shopper 01185,+256709376127,shopper.lk1185@example.invalid,Kampala,2001-09-24,male,2026-07-15
LK-C01186,Test Shopper 01186,+256709384046,shopper.lk1186@example.invalid,Kampala,2002-10-25,female,2026-07-15
LK-C01187,Test Shopper 01187,+256709391965,shopper.lk1187@example.invalid,Jinja,2003-11-26,male,2026-07-15
LK-C01188,Test Shopper 01188,+256709399884,shopper.lk1188@example.invalid,Mbarara,2004-12-27,not_stated,2026-07-15
LK-C01189,Test Shopper 01189,+256709407803,shopper.lk1189@example.invalid,Kampala,2005-01-01,female,2025-12-20
LK-C01190,Test Shopper 01190,+256709415722,shopper.lk1190@example.invalid,Gulu,1965-02-02,male,2026-07-15
LK-C01191,Test Shopper 01191,+256709423641,shopper.lk1191@example.invalid,Jinja,1966-03-03,female,2026-07-15
LK-C01192,Test Shopper 01192,+256709431560,shopper.lk1192@example.invalid,Mbarara,1967-04-04,male,2026-07-15
LK-C01193,Test Shopper 01193,+256709439479,shopper.lk1193@example.invalid,Kampala,1968-05-05,not_stated,2026-07-15
LK-C01194,Test Shopper 01194,+256709447398,shopper.lk1194@example.invalid,Kampala,1969-06-06,female,2026-07-15
LK-C01195,Test Shopper 01195,+256709455317,shopper.lk1195@example.invalid,Jinja,1970-07-07,male,2025-12-20
LK-C01196,Test Shopper 01196,+256709463236,shopper.lk1196@example.invalid,Mbarara,1971-08-08,female,2026-07-15
LK-C01197,Test Shopper 01197,+256709471155,shopper.lk1197@example.invalid,Kampala,1972-09-09,male,2026-07-15
LK-C01198,Test Shopper 01198,+256709479074,shopper.lk1198@example.invalid,Gulu,1973-10-10,not_stated,2026-07-15
LK-C01199,Test Shopper 01199,+256709486993,shopper.lk1199@example.invalid,Jinja,1974-11-11,female,2026-07-15
LK-C01200,Test Shopper 01200,+256709494912,shopper.lk1200@example.invalid,Mbarara,1975-12-12,male,2026-07-15
LK-C01201,Test Shopper 01201,+256709502831,shopper.lk1201@example.invalid,Kampala,1976-01-13,female,2025-12-20
LK-C01202,Test Shopper 01202,+256709510750,shopper.lk1202@example.invalid,Kampala,1977-02-14,male,2026-07-15
LK-C01203,Test Shopper 01203,+256709518669,shopper.lk1203@example.invalid,Jinja,1978-03-15,not_stated,2026-07-15
LK-C01204,Test Shopper 01204,+256709526588,shopper.lk1204@example.invalid,Mbarara,1979-04-16,female,2026-07-15
LK-C01205,Test Shopper 01205,+256709534507,shopper.lk1205@example.invalid,Kampala,1980-05-17,male,2026-07-15
LK-C01206,Test Shopper 01206,+256709542426,shopper.lk1206@example.invalid,Gulu,1981-06-18,female,2026-07-15
LK-C01207,Test Shopper 01207,+256709550345,shopper.lk1207@example.invalid,Jinja,1982-07-19,male,2025-12-20
LK-C01208,Test Shopper 01208,+256709558264,shopper.lk1208@example.invalid,Mbarara,1983-08-20,not_stated,2026-07-15
LK-C01209,Test Shopper 01209,+256709566183,shopper.lk1209@example.invalid,Kampala,1984-09-21,female,2026-07-15
LK-C01210,Test Shopper 01210,+256709574102,shopper.lk1210@example.invalid,Kampala,1985-10-22,male,2026-07-15
LK-C01211,Test Shopper 01211,+256709582021,shopper.lk1211@example.invalid,Jinja,1986-11-23,female,2026-07-15
LK-C01212,Test Shopper 01212,+256709589940,shopper.lk1212@example.invalid,Mbarara,1987-12-24,male,2026-07-15
LK-C01213,Test Shopper 01213,+256709597859,shopper.lk1213@example.invalid,Kampala,1988-01-25,not_stated,2025-12-20
LK-C01214,Test Shopper 01214,+256709605778,shopper.lk1214@example.invalid,Gulu,1989-02-26,female,2026-07-15
LK-C01215,Test Shopper 01215,+256709613697,shopper.lk1215@example.invalid,Jinja,1990-03-27,male,2026-07-15
LK-C01216,Test Shopper 01216,+256709621616,shopper.lk1216@example.invalid,Mbarara,1991-04-01,female,2026-07-15
LK-C01217,Test Shopper 01217,+256709629535,shopper.lk1217@example.invalid,Kampala,1992-05-02,male,2026-07-15
LK-C01218,Test Shopper 01218,+256709637454,shopper.lk1218@example.invalid,Kampala,1993-06-03,not_stated,2026-07-15
LK-C01219,Test Shopper 01219,+256709645373,shopper.lk1219@example.invalid,Jinja,1994-07-04,female,2025-12-20
LK-C01220,Test Shopper 01220,+256709653292,shopper.lk1220@example.invalid,Mbarara,1995-08-05,male,2026-07-15
LK-C01221,Test Shopper 01221,+256709661211,shopper.lk1221@example.invalid,Kampala,1996-09-06,female,2026-07-15
LK-C01222,Test Shopper 01222,+256709669130,shopper.lk1222@example.invalid,Gulu,1997-10-07,male,2026-07-15
LK-C01223,Test Shopper 01223,+256709677049,shopper.lk1223@example.invalid,Jinja,1998-11-08,not_stated,2026-07-15
LK-C01224,Test Shopper 01224,+256709684968,shopper.lk1224@example.invalid,Mbarara,1999-12-09,female,2026-07-15
LK-C01225,Test Shopper 01225,+256709692887,shopper.lk1225@example.invalid,Kampala,2000-01-10,male,2025-12-20
LK-C01226,Test Shopper 01226,+256709700806,shopper.lk1226@example.invalid,Kampala,2001-02-11,female,2026-07-15
LK-C01227,Test Shopper 01227,+256709708725,shopper.lk1227@example.invalid,Jinja,2002-03-12,male,2026-07-15
LK-C01228,Test Shopper 01228,+256709716644,shopper.lk1228@example.invalid,Mbarara,2003-04-13,not_stated,2026-07-15
LK-C01229,Test Shopper 01229,+256709724563,shopper.lk1229@example.invalid,Kampala,2004-05-14,female,2026-07-15
LK-C01230,Test Shopper 01230,+256709732482,shopper.lk1230@example.invalid,Gulu,2005-06-15,male,2026-07-15
LK-C01231,Test Shopper 01231,+256709740401,shopper.lk1231@example.invalid,Jinja,1965-07-16,female,2025-12-20
LK-C01232,Test Shopper 01232,+256709748320,shopper.lk1232@example.invalid,Mbarara,1966-08-17,male,2026-07-15
LK-C01233,Test Shopper 01233,+256709756239,shopper.lk1233@example.invalid,Kampala,1967-09-18,not_stated,2026-07-15
LK-C01234,Test Shopper 01234,+256709764158,shopper.lk1234@example.invalid,Kampala,1968-10-19,female,2026-07-15
LK-C01235,Test Shopper 01235,+256709772077,shopper.lk1235@example.invalid,Jinja,1969-11-20,male,2026-07-15
LK-C01236,Test Shopper 01236,+256709779996,shopper.lk1236@example.invalid,Mbarara,1970-12-21,female,2026-07-15
LK-C01237,Test Shopper 01237,+256709787915,shopper.lk1237@example.invalid,Kampala,1971-01-22,male,2025-12-20
LK-C01238,Test Shopper 01238,+256709795834,shopper.lk1238@example.invalid,Gulu,1972-02-23,not_stated,2026-07-15
LK-C01239,Test Shopper 01239,+256709803753,shopper.lk1239@example.invalid,Jinja,1973-03-24,female,2026-07-15
LK-C01240,Test Shopper 01240,+256709811672,shopper.lk1240@example.invalid,Mbarara,1974-04-25,male,2026-07-15
LK-C01241,Test Shopper 01241,+256709819591,shopper.lk1241@example.invalid,Kampala,1975-05-26,female,2026-07-15
LK-C01242,Test Shopper 01242,+256709827510,shopper.lk1242@example.invalid,Kampala,1976-06-27,male,2026-07-15
LK-C01243,Test Shopper 01243,+256709835429,shopper.lk1243@example.invalid,Jinja,1977-07-01,not_stated,2025-12-20
LK-C01244,Test Shopper 01244,+256709843348,shopper.lk1244@example.invalid,Mbarara,1978-08-02,female,2026-07-15
LK-C01245,Test Shopper 01245,+256709851267,shopper.lk1245@example.invalid,Kampala,1979-09-03,male,2026-07-15
LK-C01246,Test Shopper 01246,+256709859186,shopper.lk1246@example.invalid,Gulu,1980-10-04,female,2026-07-15
LK-C01247,Test Shopper 01247,+256709867105,shopper.lk1247@example.invalid,Jinja,1981-11-05,male,2026-07-15
LK-C01248,Test Shopper 01248,+256709875024,shopper.lk1248@example.invalid,Mbarara,1982-12-06,not_stated,2026-07-15
LK-C01249,Test Shopper 01249,+256709882943,shopper.lk1249@example.invalid,Kampala,1983-01-07,female,2025-12-20
LK-C01250,Test Shopper 01250,+256709890862,shopper.lk1250@example.invalid,Kampala,1984-02-08,male,2026-07-15
LK-C01251,Test Shopper 01251,+256709898781,shopper.lk1251@example.invalid,Jinja,1985-03-09,female,2026-07-15
LK-C01252,Test Shopper 01252,+256709906700,shopper.lk1252@example.invalid,Mbarara,1986-04-10,male,2026-07-15
LK-C01253,Test Shopper 01253,+256709914619,shopper.lk1253@example.invalid,Kampala,1987-05-11,not_stated,2026-07-15
LK-C01254,Test Shopper 01254,+256709922538,shopper.lk1254@example.invalid,Gulu,1988-06-12,female,2026-07-15
LK-C01255,Test Shopper 01255,+256709930457,shopper.lk1255@example.invalid,Jinja,1989-07-13,male,2025-12-20
LK-C01256,Test Shopper 01256,+256709938376,shopper.lk1256@example.invalid,Mbarara,1990-08-14,female,2026-07-15
LK-C01257,Test Shopper 01257,+256709946295,shopper.lk1257@example.invalid,Kampala,1991-09-15,male,2026-07-15
LK-C01258,Test Shopper 01258,+256709954214,shopper.lk1258@example.invalid,Kampala,1992-10-16,not_stated,2026-07-15
LK-C01259,Test Shopper 01259,+256709962133,shopper.lk1259@example.invalid,Jinja,1993-11-17,female,2026-07-15
LK-C01260,Test Shopper 01260,+256709970052,shopper.lk1260@example.invalid,Mbarara,1994-12-18,male,2026-07-15
LK-C01261,Test Shopper 01261,+256709977971,shopper.lk1261@example.invalid,Kampala,1995-01-19,female,2025-12-20
LK-C01262,Test Shopper 01262,+256709985890,shopper.lk1262@example.invalid,Gulu,1996-02-20,male,2026-07-15
LK-C01263,Test Shopper 01263,+256709993809,shopper.lk1263@example.invalid,Jinja,1997-03-21,not_stated,2026-07-15
LK-C01264,Test Shopper 01264,+256710001728,shopper.lk1264@example.invalid,Mbarara,1998-04-22,female,2026-07-15
LK-C01265,Test Shopper 01265,+256710009647,shopper.lk1265@example.invalid,Kampala,1999-05-23,male,2026-07-15
LK-C01266,Test Shopper 01266,+256710017566,shopper.lk1266@example.invalid,Kampala,2000-06-24,female,2026-07-15
LK-C01267,Test Shopper 01267,+256710025485,shopper.lk1267@example.invalid,Jinja,2001-07-25,male,2025-12-20
LK-C01268,Test Shopper 01268,+256710033404,shopper.lk1268@example.invalid,Mbarara,2002-08-26,not_stated,2026-07-15
LK-C01269,Test Shopper 01269,+256710041323,shopper.lk1269@example.invalid,Kampala,2003-09-27,female,2026-07-15
LK-C01270,Test Shopper 01270,+256710049242,shopper.lk1270@example.invalid,Gulu,2004-10-01,male,2026-07-15
LK-C01271,Test Shopper 01271,+256710057161,shopper.lk1271@example.invalid,Jinja,2005-11-02,female,2026-07-15
LK-C01272,Test Shopper 01272,+256710065080,shopper.lk1272@example.invalid,Mbarara,1965-12-03,male,2026-07-15
LK-C01273,Test Shopper 01273,+256710072999,shopper.lk1273@example.invalid,Kampala,1966-01-04,not_stated,2025-12-20
LK-C01274,Test Shopper 01274,+256710080918,shopper.lk1274@example.invalid,Kampala,1967-02-05,female,2026-07-15
LK-C01275,Test Shopper 01275,+256710088837,shopper.lk1275@example.invalid,Jinja,1968-03-06,male,2026-07-15
LK-C01276,Test Shopper 01276,+256710096756,shopper.lk1276@example.invalid,Mbarara,1969-04-07,female,2026-07-15
LK-C01277,Test Shopper 01277,+256710104675,shopper.lk1277@example.invalid,Kampala,1970-05-08,male,2026-07-15
LK-C01278,Test Shopper 01278,+256710112594,shopper.lk1278@example.invalid,Gulu,1971-06-09,not_stated,2026-07-15
LK-C01279,Test Shopper 01279,+256710120513,shopper.lk1279@example.invalid,Jinja,1972-07-10,female,2025-12-20
LK-C01280,Test Shopper 01280,+256710128432,shopper.lk1280@example.invalid,Mbarara,1973-08-11,male,2026-07-15
LK-C01281,Test Shopper 01281,+256710136351,shopper.lk1281@example.invalid,Kampala,1974-09-12,female,2026-07-15
LK-C01282,Test Shopper 01282,+256710144270,shopper.lk1282@example.invalid,Kampala,1975-10-13,male,2026-07-15
LK-C01283,Test Shopper 01283,+256710152189,shopper.lk1283@example.invalid,Jinja,1976-11-14,not_stated,2026-07-15
LK-C01284,Test Shopper 01284,+256710160108,shopper.lk1284@example.invalid,Mbarara,1977-12-15,female,2026-07-15
LK-C01285,Test Shopper 01285,+256710168027,shopper.lk1285@example.invalid,Kampala,1978-01-16,male,2025-12-20
LK-C01286,Test Shopper 01286,+256710175946,shopper.lk1286@example.invalid,Gulu,1979-02-17,female,2026-07-15
LK-C01287,Test Shopper 01287,+256710183865,shopper.lk1287@example.invalid,Jinja,1980-03-18,male,2026-07-15
LK-C01288,Test Shopper 01288,+256710191784,shopper.lk1288@example.invalid,Mbarara,1981-04-19,not_stated,2026-07-15
LK-C01289,Test Shopper 01289,+256710199703,shopper.lk1289@example.invalid,Kampala,1982-05-20,female,2026-07-15
LK-C01290,Test Shopper 01290,+256710207622,shopper.lk1290@example.invalid,Kampala,1983-06-21,male,2026-07-15
LK-C01291,Test Shopper 01291,+256710215541,shopper.lk1291@example.invalid,Jinja,1984-07-22,female,2025-12-20
LK-C01292,Test Shopper 01292,+256710223460,shopper.lk1292@example.invalid,Mbarara,1985-08-23,male,2026-07-15
LK-C01293,Test Shopper 01293,+256710231379,shopper.lk1293@example.invalid,Kampala,1986-09-24,not_stated,2026-07-15
LK-C01294,Test Shopper 01294,+256710239298,shopper.lk1294@example.invalid,Gulu,1987-10-25,female,2026-07-15
LK-C01295,Test Shopper 01295,+256710247217,shopper.lk1295@example.invalid,Jinja,1988-11-26,male,2026-07-15
LK-C01296,Test Shopper 01296,+256710255136,shopper.lk1296@example.invalid,Mbarara,1989-12-27,female,2026-07-15
LK-C01297,Test Shopper 01297,+256710263055,shopper.lk1297@example.invalid,Kampala,1990-01-01,male,2025-12-20
LK-C01298,Test Shopper 01298,+256710270974,shopper.lk1298@example.invalid,Kampala,1991-02-02,not_stated,2026-07-15
LK-C01299,Test Shopper 01299,+256710278893,shopper.lk1299@example.invalid,Jinja,1992-03-03,female,2026-07-15
LK-C01300,Test Shopper 01300,+256710286812,shopper.lk1300@example.invalid,Mbarara,1993-04-04,male,2026-07-15
LK-C01301,Test Shopper 01301,+256710294731,shopper.lk1301@example.invalid,Kampala,1994-05-05,female,2026-07-15
LK-C01302,Test Shopper 01302,+256710302650,shopper.lk1302@example.invalid,Gulu,1995-06-06,male,2026-07-15
LK-C01303,Test Shopper 01303,+256710310569,shopper.lk1303@example.invalid,Jinja,1996-07-07,not_stated,2025-12-20
LK-C01304,Test Shopper 01304,+256710318488,shopper.lk1304@example.invalid,Mbarara,1997-08-08,female,2026-07-15
LK-C01305,Test Shopper 01305,+256710326407,shopper.lk1305@example.invalid,Kampala,1998-09-09,male,2026-07-15
LK-C01306,Test Shopper 01306,+256710334326,shopper.lk1306@example.invalid,Kampala,1999-10-10,female,2026-07-15
LK-C01307,Test Shopper 01307,+256710342245,shopper.lk1307@example.invalid,Jinja,2000-11-11,male,2026-07-15
LK-C01308,Test Shopper 01308,+256710350164,shopper.lk1308@example.invalid,Mbarara,2001-12-12,not_stated,2026-07-15
LK-C01309,Test Shopper 01309,+256710358083,shopper.lk1309@example.invalid,Kampala,2002-01-13,female,2025-12-20
LK-C01310,Test Shopper 01310,+256710366002,shopper.lk1310@example.invalid,Gulu,2003-02-14,male,2026-07-15
LK-C01311,Test Shopper 01311,+256710373921,shopper.lk1311@example.invalid,Jinja,2004-03-15,female,2026-07-15
LK-C01312,Test Shopper 01312,+256710381840,shopper.lk1312@example.invalid,Mbarara,2005-04-16,male,2026-07-15
LK-C01313,Test Shopper 01313,+256710389759,shopper.lk1313@example.invalid,Kampala,1965-05-17,not_stated,2026-07-15
LK-C01314,Test Shopper 01314,+256710397678,shopper.lk1314@example.invalid,Kampala,1966-06-18,female,2026-07-15
LK-C01315,Test Shopper 01315,+256710405597,shopper.lk1315@example.invalid,Jinja,1967-07-19,male,2025-12-20
LK-C01316,Test Shopper 01316,+256710413516,shopper.lk1316@example.invalid,Mbarara,1968-08-20,female,2026-07-15
LK-C01317,Test Shopper 01317,+256710421435,shopper.lk1317@example.invalid,Kampala,1969-09-21,male,2026-07-15
LK-C01318,Test Shopper 01318,+256710429354,shopper.lk1318@example.invalid,Gulu,1970-10-22,not_stated,2026-07-15
LK-C01319,Test Shopper 01319,+256710437273,shopper.lk1319@example.invalid,Jinja,1971-11-23,female,2026-07-15
LK-C01320,Test Shopper 01320,+256710445192,shopper.lk1320@example.invalid,Mbarara,1972-12-24,male,2026-07-15
LK-C01321,Test Shopper 01321,+256710453111,shopper.lk1321@example.invalid,Kampala,1973-01-25,female,2025-12-20
LK-C01322,Test Shopper 01322,+256710461030,shopper.lk1322@example.invalid,Kampala,1974-02-26,male,2026-07-15
LK-C01323,Test Shopper 01323,+256710468949,shopper.lk1323@example.invalid,Jinja,1975-03-27,not_stated,2026-07-15
LK-C01324,Test Shopper 01324,+256710476868,shopper.lk1324@example.invalid,Mbarara,1976-04-01,female,2026-07-15
LK-C01325,Test Shopper 01325,+256710484787,shopper.lk1325@example.invalid,Kampala,1977-05-02,male,2026-07-15
LK-C01326,Test Shopper 01326,+256710492706,shopper.lk1326@example.invalid,Gulu,1978-06-03,female,2026-07-15
LK-C01327,Test Shopper 01327,+256710500625,shopper.lk1327@example.invalid,Jinja,1979-07-04,male,2025-12-20
LK-C01328,Test Shopper 01328,+256710508544,shopper.lk1328@example.invalid,Mbarara,1980-08-05,not_stated,2026-07-15
LK-C01329,Test Shopper 01329,+256710516463,shopper.lk1329@example.invalid,Kampala,1981-09-06,female,2026-07-15
LK-C01330,Test Shopper 01330,+256710524382,shopper.lk1330@example.invalid,Kampala,1982-10-07,male,2026-07-15
LK-C01331,Test Shopper 01331,+256710532301,shopper.lk1331@example.invalid,Jinja,1983-11-08,female,2026-07-15
LK-C01332,Test Shopper 01332,+256710540220,shopper.lk1332@example.invalid,Mbarara,1984-12-09,male,2026-07-15
LK-C01333,Test Shopper 01333,+256710548139,shopper.lk1333@example.invalid,Kampala,1985-01-10,not_stated,2025-12-20
LK-C01334,Test Shopper 01334,+256710556058,shopper.lk1334@example.invalid,Gulu,1986-02-11,female,2026-07-15
LK-C01335,Test Shopper 01335,+256710563977,shopper.lk1335@example.invalid,Jinja,1987-03-12,male,2026-07-15
LK-C01336,Test Shopper 01336,+256710571896,shopper.lk1336@example.invalid,Mbarara,1988-04-13,female,2026-07-15
LK-C01337,Test Shopper 01337,+256710579815,shopper.lk1337@example.invalid,Kampala,1989-05-14,male,2026-07-15
LK-C01338,Test Shopper 01338,+256710587734,shopper.lk1338@example.invalid,Kampala,1990-06-15,not_stated,2026-07-15
LK-C01339,Test Shopper 01339,+256710595653,shopper.lk1339@example.invalid,Jinja,1991-07-16,female,2025-12-20
LK-C01340,Test Shopper 01340,+256710603572,shopper.lk1340@example.invalid,Mbarara,1992-08-17,male,2026-07-15
LK-C01341,Test Shopper 01341,+256710611491,shopper.lk1341@example.invalid,Kampala,1993-09-18,female,2026-07-15
LK-C01342,Test Shopper 01342,+256710619410,shopper.lk1342@example.invalid,Gulu,1994-10-19,male,2026-07-15
LK-C01343,Test Shopper 01343,+256710627329,shopper.lk1343@example.invalid,Jinja,1995-11-20,not_stated,2026-07-15
LK-C01344,Test Shopper 01344,+256710635248,shopper.lk1344@example.invalid,Mbarara,1996-12-21,female,2026-07-15
LK-C01345,Test Shopper 01345,+256710643167,shopper.lk1345@example.invalid,Kampala,1997-01-22,male,2025-12-20
LK-C01346,Test Shopper 01346,+256710651086,shopper.lk1346@example.invalid,Kampala,1998-02-23,female,2026-07-15
LK-C01347,Test Shopper 01347,+256710659005,shopper.lk1347@example.invalid,Jinja,1999-03-24,male,2026-07-15
LK-C01348,Test Shopper 01348,+256710666924,shopper.lk1348@example.invalid,Mbarara,2000-04-25,not_stated,2026-07-15
LK-C01349,Test Shopper 01349,+256710674843,shopper.lk1349@example.invalid,Kampala,2001-05-26,female,2026-07-15
LK-C01350,Test Shopper 01350,+256710682762,shopper.lk1350@example.invalid,Gulu,2002-06-27,male,2026-07-15
LK-C01351,Test Shopper 01351,+256710690681,shopper.lk1351@example.invalid,Jinja,2003-07-01,female,2025-12-20
LK-C01352,Test Shopper 01352,+256710698600,shopper.lk1352@example.invalid,Mbarara,2004-08-02,male,2026-07-15
LK-C01353,Test Shopper 01353,+256710706519,shopper.lk1353@example.invalid,Kampala,2005-09-03,not_stated,2026-07-15
LK-C01354,Test Shopper 01354,+256710714438,shopper.lk1354@example.invalid,Kampala,1965-10-04,female,2026-07-15
LK-C01355,Test Shopper 01355,+256710722357,shopper.lk1355@example.invalid,Jinja,1966-11-05,male,2026-07-15
LK-C01356,Test Shopper 01356,+256710730276,shopper.lk1356@example.invalid,Mbarara,1967-12-06,female,2026-07-15
LK-C01357,Test Shopper 01357,+256710738195,shopper.lk1357@example.invalid,Kampala,1968-01-07,male,2025-12-20
LK-C01358,Test Shopper 01358,+256710746114,shopper.lk1358@example.invalid,Gulu,1969-02-08,not_stated,2026-07-15
LK-C01359,Test Shopper 01359,+256710754033,shopper.lk1359@example.invalid,Jinja,1970-03-09,female,2026-07-15
LK-C01360,Test Shopper 01360,+256710761952,shopper.lk1360@example.invalid,Mbarara,1971-04-10,male,2026-07-15
LK-C01361,Test Shopper 01361,+256710769871,shopper.lk1361@example.invalid,Kampala,1972-05-11,female,2026-07-15
LK-C01362,Test Shopper 01362,+256710777790,shopper.lk1362@example.invalid,Kampala,1973-06-12,male,2026-07-15
LK-C01363,Test Shopper 01363,+256710785709,shopper.lk1363@example.invalid,Jinja,1974-07-13,not_stated,2025-12-20
LK-C01364,Test Shopper 01364,+256710793628,shopper.lk1364@example.invalid,Mbarara,1975-08-14,female,2026-07-15
LK-C01365,Test Shopper 01365,+256710801547,shopper.lk1365@example.invalid,Kampala,1976-09-15,male,2026-07-15
LK-C01366,Test Shopper 01366,+256710809466,shopper.lk1366@example.invalid,Gulu,1977-10-16,female,2026-07-15
LK-C01367,Test Shopper 01367,+256710817385,shopper.lk1367@example.invalid,Jinja,1978-11-17,male,2026-07-15
LK-C01368,Test Shopper 01368,+256710825304,shopper.lk1368@example.invalid,Mbarara,1979-12-18,not_stated,2026-07-15
LK-C01369,Test Shopper 01369,+256710833223,shopper.lk1369@example.invalid,Kampala,1980-01-19,female,2025-12-20
LK-C01370,Test Shopper 01370,+256710841142,shopper.lk1370@example.invalid,Kampala,1981-02-20,male,2026-07-15
LK-C01371,Test Shopper 01371,+256710849061,shopper.lk1371@example.invalid,Jinja,1982-03-21,female,2026-07-15
LK-C01372,Test Shopper 01372,+256710856980,shopper.lk1372@example.invalid,Mbarara,1983-04-22,male,2026-07-15
LK-C01373,Test Shopper 01373,+256710864899,shopper.lk1373@example.invalid,Kampala,1984-05-23,not_stated,2026-07-15
LK-C01374,Test Shopper 01374,+256710872818,shopper.lk1374@example.invalid,Gulu,1985-06-24,female,2026-07-15
LK-C01375,Test Shopper 01375,+256710880737,shopper.lk1375@example.invalid,Jinja,1986-07-25,male,2025-12-20
LK-C01376,Test Shopper 01376,+256710888656,shopper.lk1376@example.invalid,Mbarara,1987-08-26,female,2026-07-15
LK-C01377,Test Shopper 01377,+256710896575,shopper.lk1377@example.invalid,Kampala,1988-09-27,male,2026-07-15
LK-C01378,Test Shopper 01378,+256710904494,shopper.lk1378@example.invalid,Kampala,1989-10-01,not_stated,2026-07-15
LK-C01379,Test Shopper 01379,+256710912413,shopper.lk1379@example.invalid,Jinja,1990-11-02,female,2026-07-15
LK-C01380,Test Shopper 01380,+256710920332,shopper.lk1380@example.invalid,Mbarara,1991-12-03,male,2026-07-15
LK-C01381,Test Shopper 01381,+256710928251,shopper.lk1381@example.invalid,Kampala,1992-01-04,female,2025-12-20
LK-C01382,Test Shopper 01382,+256710936170,shopper.lk1382@example.invalid,Gulu,1993-02-05,male,2026-07-15
LK-C01383,Test Shopper 01383,+256710944089,shopper.lk1383@example.invalid,Jinja,1994-03-06,not_stated,2026-07-15
LK-C01384,Test Shopper 01384,+256710952008,shopper.lk1384@example.invalid,Mbarara,1995-04-07,female,2026-07-15
LK-C01385,Test Shopper 01385,+256710959927,shopper.lk1385@example.invalid,Kampala,1996-05-08,male,2026-07-15
LK-C01386,Test Shopper 01386,+256710967846,shopper.lk1386@example.invalid,Kampala,1997-06-09,female,2026-07-15
LK-C01387,Test Shopper 01387,+256710975765,shopper.lk1387@example.invalid,Jinja,1998-07-10,male,2025-12-20
LK-C01388,Test Shopper 01388,+256710983684,shopper.lk1388@example.invalid,Mbarara,1999-08-11,not_stated,2026-07-15
LK-C01389,Test Shopper 01389,+256710991603,shopper.lk1389@example.invalid,Kampala,2000-09-12,female,2026-07-15
LK-C01390,Test Shopper 01390,+256710999522,shopper.lk1390@example.invalid,Gulu,2001-10-13,male,2026-07-15
LK-C01391,Test Shopper 01391,+256711007441,shopper.lk1391@example.invalid,Jinja,2002-11-14,female,2026-07-15
LK-C01392,Test Shopper 01392,+256711015360,shopper.lk1392@example.invalid,Mbarara,2003-12-15,male,2026-07-15
LK-C01393,Test Shopper 01393,+256711023279,shopper.lk1393@example.invalid,Kampala,2004-01-16,not_stated,2025-12-20
LK-C01394,Test Shopper 01394,+256711031198,shopper.lk1394@example.invalid,Kampala,2005-02-17,female,2026-07-15
LK-C01395,Test Shopper 01395,+256711039117,shopper.lk1395@example.invalid,Jinja,1965-03-18,male,2026-07-15
LK-C01396,Test Shopper 01396,+256711047036,shopper.lk1396@example.invalid,Mbarara,1966-04-19,female,2026-07-15
LK-C01397,Test Shopper 01397,+256711054955,shopper.lk1397@example.invalid,Kampala,1967-05-20,male,2026-07-15
LK-C01398,Test Shopper 01398,+256711062874,shopper.lk1398@example.invalid,Gulu,1968-06-21,not_stated,2026-07-15
LK-C01399,Test Shopper 01399,+256711070793,shopper.lk1399@example.invalid,Jinja,1969-07-22,female,2025-12-20
LK-C01400,Test Shopper 01400,+256711078712,shopper.lk1400@example.invalid,Mbarara,1970-08-23,male,2026-07-15
LK-C01401,Test Shopper 01401,+256711086631,shopper.lk1401@example.invalid,Kampala,1971-09-24,female,2026-07-15
LK-C01402,Test Shopper 01402,+256711094550,shopper.lk1402@example.invalid,Kampala,1972-10-25,male,2026-07-15
LK-C01403,Test Shopper 01403,+256711102469,shopper.lk1403@example.invalid,Jinja,1973-11-26,not_stated,2026-07-15
LK-C01404,Test Shopper 01404,+256711110388,shopper.lk1404@example.invalid,Mbarara,1974-12-27,female,2026-07-15
LK-C01405,Test Shopper 01405,+256711118307,shopper.lk1405@example.invalid,Kampala,1975-01-01,male,2025-12-20
LK-C01406,Test Shopper 01406,+256711126226,shopper.lk1406@example.invalid,Gulu,1976-02-02,female,2026-07-15
LK-C01407,Test Shopper 01407,+256711134145,shopper.lk1407@example.invalid,Jinja,1977-03-03,male,2026-07-15
LK-C01408,Test Shopper 01408,+256711142064,shopper.lk1408@example.invalid,Mbarara,1978-04-04,not_stated,2026-07-15
LK-C01409,Test Shopper 01409,+256711149983,shopper.lk1409@example.invalid,Kampala,1979-05-05,female,2026-07-15
LK-C01410,Test Shopper 01410,+256711157902,shopper.lk1410@example.invalid,Kampala,1980-06-06,male,2026-07-15
LK-C01411,Test Shopper 01411,+256711165821,shopper.lk1411@example.invalid,Jinja,1981-07-07,female,2025-12-20
LK-C01412,Test Shopper 01412,+256711173740,shopper.lk1412@example.invalid,Mbarara,1982-08-08,male,2026-07-15
LK-C01413,Test Shopper 01413,+256711181659,shopper.lk1413@example.invalid,Kampala,1983-09-09,not_stated,2026-07-15
LK-C01414,Test Shopper 01414,+256711189578,shopper.lk1414@example.invalid,Gulu,1984-10-10,female,2026-07-15
LK-C01415,Test Shopper 01415,+256711197497,shopper.lk1415@example.invalid,Jinja,1985-11-11,male,2026-07-15
LK-C01416,Test Shopper 01416,+256711205416,shopper.lk1416@example.invalid,Mbarara,1986-12-12,female,2026-07-15
LK-C01417,Test Shopper 01417,+256711213335,shopper.lk1417@example.invalid,Kampala,1987-01-13,male,2025-12-20
LK-C01418,Test Shopper 01418,+256711221254,shopper.lk1418@example.invalid,Kampala,1988-02-14,not_stated,2026-07-15
LK-C01419,Test Shopper 01419,+256711229173,shopper.lk1419@example.invalid,Jinja,1989-03-15,female,2026-07-15
LK-C01420,Test Shopper 01420,+256711237092,shopper.lk1420@example.invalid,Mbarara,1990-04-16,male,2026-07-15
LK-C01421,Test Shopper 01421,+256711245011,shopper.lk1421@example.invalid,Kampala,1991-05-17,female,2026-07-15
LK-C01422,Test Shopper 01422,+256711252930,shopper.lk1422@example.invalid,Gulu,1992-06-18,male,2026-07-15
LK-C01423,Test Shopper 01423,+256711260849,shopper.lk1423@example.invalid,Jinja,1993-07-19,not_stated,2025-12-20
LK-C01424,Test Shopper 01424,+256711268768,shopper.lk1424@example.invalid,Mbarara,1994-08-20,female,2026-07-15
LK-C01425,Test Shopper 01425,+256711276687,shopper.lk1425@example.invalid,Kampala,1995-09-21,male,2026-07-15
LK-C01426,Test Shopper 01426,+256711284606,shopper.lk1426@example.invalid,Kampala,1996-10-22,female,2026-07-15
LK-C01427,Test Shopper 01427,+256711292525,shopper.lk1427@example.invalid,Jinja,1997-11-23,male,2026-07-15
LK-C01428,Test Shopper 01428,+256711300444,shopper.lk1428@example.invalid,Mbarara,1998-12-24,not_stated,2026-07-15
LK-C01429,Test Shopper 01429,+256711308363,shopper.lk1429@example.invalid,Kampala,1999-01-25,female,2025-12-20
LK-C01430,Test Shopper 01430,+256711316282,shopper.lk1430@example.invalid,Gulu,2000-02-26,male,2026-07-15
LK-C01431,Test Shopper 01431,+256711324201,shopper.lk1431@example.invalid,Jinja,2001-03-27,female,2026-07-15
LK-C01432,Test Shopper 01432,+256711332120,shopper.lk1432@example.invalid,Mbarara,2002-04-01,male,2026-07-15
LK-C01433,Test Shopper 01433,+256711340039,shopper.lk1433@example.invalid,Kampala,2003-05-02,not_stated,2026-07-15
LK-C01434,Test Shopper 01434,+256711347958,shopper.lk1434@example.invalid,Kampala,2004-06-03,female,2026-07-15
LK-C01435,Test Shopper 01435,+256711355877,shopper.lk1435@example.invalid,Jinja,2005-07-04,male,2025-12-20
LK-C01436,Test Shopper 01436,+256711363796,shopper.lk1436@example.invalid,Mbarara,1965-08-05,female,2026-07-15
LK-C01437,Test Shopper 01437,+256711371715,shopper.lk1437@example.invalid,Kampala,1966-09-06,male,2026-07-15
LK-C01438,Test Shopper 01438,+256711379634,shopper.lk1438@example.invalid,Gulu,1967-10-07,not_stated,2026-07-15
LK-C01439,Test Shopper 01439,+256711387553,shopper.lk1439@example.invalid,Jinja,1968-11-08,female,2026-07-15
LK-C01440,Test Shopper 01440,+256711395472,shopper.lk1440@example.invalid,Mbarara,1969-12-09,male,2026-07-15
LK-C01441,Test Shopper 01441,+256711403391,shopper.lk1441@example.invalid,Kampala,1970-01-10,female,2025-12-20
LK-C01442,Test Shopper 01442,+256711411310,shopper.lk1442@example.invalid,Kampala,1971-02-11,male,2026-07-15
LK-C01443,Test Shopper 01443,+256711419229,shopper.lk1443@example.invalid,Jinja,1972-03-12,not_stated,2026-07-15
LK-C01444,Test Shopper 01444,+256711427148,shopper.lk1444@example.invalid,Mbarara,1973-04-13,female,2026-07-15
LK-C01445,Test Shopper 01445,+256711435067,shopper.lk1445@example.invalid,Kampala,1974-05-14,male,2026-07-15
LK-C01446,Test Shopper 01446,+256711442986,shopper.lk1446@example.invalid,Gulu,1975-06-15,female,2026-07-15
LK-C01447,Test Shopper 01447,+256711450905,shopper.lk1447@example.invalid,Jinja,1976-07-16,male,2025-12-20
LK-C01448,Test Shopper 01448,+256711458824,shopper.lk1448@example.invalid,Mbarara,1977-08-17,not_stated,2026-07-15
LK-C01449,Test Shopper 01449,+256711466743,shopper.lk1449@example.invalid,Kampala,1978-09-18,female,2026-07-15
LK-C01450,Test Shopper 01450,+256711474662,shopper.lk1450@example.invalid,Kampala,1979-10-19,male,2026-07-15
LK-C01451,Test Shopper 01451,+256711482581,shopper.lk1451@example.invalid,Jinja,1980-11-20,female,2026-07-15
LK-C01452,Test Shopper 01452,+256711490500,shopper.lk1452@example.invalid,Mbarara,1981-12-21,male,2026-07-15
LK-C01453,Test Shopper 01453,+256711498419,shopper.lk1453@example.invalid,Kampala,1982-01-22,not_stated,2025-12-20
LK-C01454,Test Shopper 01454,+256711506338,shopper.lk1454@example.invalid,Gulu,1983-02-23,female,2026-07-15
LK-C01455,Test Shopper 01455,+256711514257,shopper.lk1455@example.invalid,Jinja,1984-03-24,male,2026-07-15
LK-C01456,Test Shopper 01456,+256711522176,shopper.lk1456@example.invalid,Mbarara,1985-04-25,female,2026-07-15
LK-C01457,Test Shopper 01457,+256711530095,shopper.lk1457@example.invalid,Kampala,1986-05-26,male,2026-07-15
LK-C01458,Test Shopper 01458,+256711538014,shopper.lk1458@example.invalid,Kampala,1987-06-27,not_stated,2026-07-15
LK-C01459,Test Shopper 01459,+256711545933,shopper.lk1459@example.invalid,Jinja,1988-07-01,female,2025-12-20
LK-C01460,Test Shopper 01460,+256711553852,shopper.lk1460@example.invalid,Mbarara,1989-08-02,male,2026-07-15
LK-C01461,Test Shopper 01461,+256711561771,shopper.lk1461@example.invalid,Kampala,1990-09-03,female,2026-07-15
LK-C01462,Test Shopper 01462,+256711569690,shopper.lk1462@example.invalid,Gulu,1991-10-04,male,2026-07-15
LK-C01463,Test Shopper 01463,+256711577609,shopper.lk1463@example.invalid,Jinja,1992-11-05,not_stated,2026-07-15
LK-C01464,Test Shopper 01464,+256711585528,shopper.lk1464@example.invalid,Mbarara,1993-12-06,female,2026-07-15
LK-C01465,Test Shopper 01465,+256711593447,shopper.lk1465@example.invalid,Kampala,1994-01-07,male,2025-12-20
LK-C01466,Test Shopper 01466,+256711601366,shopper.lk1466@example.invalid,Kampala,1995-02-08,female,2026-07-15
LK-C01467,Test Shopper 01467,+256711609285,shopper.lk1467@example.invalid,Jinja,1996-03-09,male,2026-07-15
LK-C01468,Test Shopper 01468,+256711617204,shopper.lk1468@example.invalid,Mbarara,1997-04-10,not_stated,2026-07-15
LK-C01469,Test Shopper 01469,+256711625123,shopper.lk1469@example.invalid,Kampala,1998-05-11,female,2026-07-15
LK-C01470,Test Shopper 01470,+256711633042,shopper.lk1470@example.invalid,Gulu,1999-06-12,male,2026-07-15
LK-C01471,Test Shopper 01471,+256711640961,shopper.lk1471@example.invalid,Jinja,2000-07-13,female,2025-12-20
LK-C01472,Test Shopper 01472,+256711648880,shopper.lk1472@example.invalid,Mbarara,2001-08-14,male,2026-07-15
LK-C01473,Test Shopper 01473,+256711656799,shopper.lk1473@example.invalid,Kampala,2002-09-15,not_stated,2026-07-15
LK-C01474,Test Shopper 01474,+256711664718,shopper.lk1474@example.invalid,Kampala,2003-10-16,female,2026-07-15
LK-C01475,Test Shopper 01475,+256711672637,shopper.lk1475@example.invalid,Jinja,2004-11-17,male,2026-07-15
LK-C01476,Test Shopper 01476,+256711680556,shopper.lk1476@example.invalid,Mbarara,2005-12-18,female,2026-07-15
LK-C01477,Test Shopper 01477,+256711688475,shopper.lk1477@example.invalid,Kampala,1965-01-19,male,2025-12-20
LK-C01478,Test Shopper 01478,+256711696394,shopper.lk1478@example.invalid,Gulu,1966-02-20,not_stated,2026-07-15
LK-C01479,Test Shopper 01479,+256711704313,shopper.lk1479@example.invalid,Jinja,1967-03-21,female,2026-07-15
LK-C01480,Test Shopper 01480,+256711712232,shopper.lk1480@example.invalid,Mbarara,1968-04-22,male,2026-07-15
LK-C01481,Test Shopper 01481,+256711720151,shopper.lk1481@example.invalid,Kampala,1969-05-23,female,2026-07-15
LK-C01482,Test Shopper 01482,+256711728070,shopper.lk1482@example.invalid,Kampala,1970-06-24,male,2026-07-15
LK-C01483,Test Shopper 01483,+256711735989,shopper.lk1483@example.invalid,Jinja,1971-07-25,not_stated,2025-12-20
LK-C01484,Test Shopper 01484,+256711743908,shopper.lk1484@example.invalid,Mbarara,1972-08-26,female,2026-07-15
LK-C01485,Test Shopper 01485,+256711751827,shopper.lk1485@example.invalid,Kampala,1973-09-27,male,2026-07-15
LK-C01486,Test Shopper 01486,+256711759746,shopper.lk1486@example.invalid,Gulu,1974-10-01,female,2026-07-15
LK-C01487,Test Shopper 01487,+256711767665,shopper.lk1487@example.invalid,Jinja,1975-11-02,male,2026-07-15
LK-C01488,Test Shopper 01488,+256711775584,shopper.lk1488@example.invalid,Mbarara,1976-12-03,not_stated,2026-07-15
LK-C01489,Test Shopper 01489,+256711783503,shopper.lk1489@example.invalid,Kampala,1977-01-04,female,2025-12-20
LK-C01490,Test Shopper 01490,+256711791422,shopper.lk1490@example.invalid,Kampala,1978-02-05,male,2026-07-15
LK-C01491,Test Shopper 01491,+256711799341,shopper.lk1491@example.invalid,Jinja,1979-03-06,female,2026-07-15
LK-C01492,Test Shopper 01492,+256711807260,shopper.lk1492@example.invalid,Mbarara,1980-04-07,male,2026-07-15
LK-C01493,Test Shopper 01493,+256711815179,shopper.lk1493@example.invalid,Kampala,1981-05-08,not_stated,2026-07-15
LK-C01494,Test Shopper 01494,+256711823098,shopper.lk1494@example.invalid,Gulu,1982-06-09,female,2026-07-15
LK-C01495,Test Shopper 01495,+256711831017,shopper.lk1495@example.invalid,Jinja,1983-07-10,male,2025-12-20
LK-C01496,Test Shopper 01496,+256711838936,shopper.lk1496@example.invalid,Mbarara,1984-08-11,female,2026-07-15
LK-C01497,Test Shopper 01497,+256711846855,shopper.lk1497@example.invalid,Kampala,1985-09-12,male,2026-07-15
LK-C01498,Test Shopper 01498,+256711854774,shopper.lk1498@example.invalid,Kampala,1986-10-13,not_stated,2026-07-15
LK-C01499,Test Shopper 01499,+256711862693,shopper.lk1499@example.invalid,Jinja,1987-11-14,female,2026-07-15
LK-C01500,Test Shopper 01500,+256711870612,shopper.lk1500@example.invalid,Mbarara,1988-12-15,male,2026-07-15
LK-C01501,Test Shopper 01501,+256711878531,shopper.lk1501@example.invalid,Kampala,1989-01-16,female,2025-12-20
LK-C01502,Test Shopper 01502,+256711886450,shopper.lk1502@example.invalid,Gulu,1990-02-17,male,2026-07-15
LK-C01503,Test Shopper 01503,+256711894369,shopper.lk1503@example.invalid,Jinja,1991-03-18,not_stated,2026-07-15
LK-C01504,Test Shopper 01504,+256711902288,shopper.lk1504@example.invalid,Mbarara,1992-04-19,female,2026-07-15
LK-C01505,Test Shopper 01505,+256711910207,shopper.lk1505@example.invalid,Kampala,1993-05-20,male,2026-07-15
LK-C01506,Test Shopper 01506,+256711918126,shopper.lk1506@example.invalid,Kampala,1994-06-21,female,2026-07-15
LK-C01507,Test Shopper 01507,+256711926045,shopper.lk1507@example.invalid,Jinja,1995-07-22,male,2025-12-20
LK-C01508,Test Shopper 01508,+256711933964,shopper.lk1508@example.invalid,Mbarara,1996-08-23,not_stated,2026-07-15
LK-C01509,Test Shopper 01509,+256711941883,shopper.lk1509@example.invalid,Kampala,1997-09-24,female,2026-07-15
LK-C01510,Test Shopper 01510,+256711949802,shopper.lk1510@example.invalid,Gulu,1998-10-25,male,2026-07-15
LK-C01511,Test Shopper 01511,+256711957721,shopper.lk1511@example.invalid,Jinja,1999-11-26,female,2026-07-15
LK-C01512,Test Shopper 01512,+256711965640,shopper.lk1512@example.invalid,Mbarara,2000-12-27,male,2026-07-15
LK-C01513,Test Shopper 01513,+256711973559,shopper.lk1513@example.invalid,Kampala,2001-01-01,not_stated,2025-12-20
LK-C01514,Test Shopper 01514,+256711981478,shopper.lk1514@example.invalid,Kampala,2002-02-02,female,2026-07-15
LK-C01515,Test Shopper 01515,+256711989397,shopper.lk1515@example.invalid,Jinja,2003-03-03,male,2026-07-15
LK-C01516,Test Shopper 01516,+256711997316,shopper.lk1516@example.invalid,Mbarara,2004-04-04,female,2026-07-15
LK-C01517,Test Shopper 01517,+256712005235,shopper.lk1517@example.invalid,Kampala,2005-05-05,male,2026-07-15
LK-C01518,Test Shopper 01518,+256712013154,shopper.lk1518@example.invalid,Gulu,1965-06-06,not_stated,2026-07-15
LK-C01519,Test Shopper 01519,+256712021073,shopper.lk1519@example.invalid,Jinja,1966-07-07,female,2025-12-20
LK-C01520,Test Shopper 01520,+256712028992,shopper.lk1520@example.invalid,Mbarara,1967-08-08,male,2026-07-15
LK-C01521,Test Shopper 01521,+256712036911,shopper.lk1521@example.invalid,Kampala,1968-09-09,female,2026-07-15
LK-C01522,Test Shopper 01522,+256712044830,shopper.lk1522@example.invalid,Kampala,1969-10-10,male,2026-07-15
LK-C01523,Test Shopper 01523,+256712052749,shopper.lk1523@example.invalid,Jinja,1970-11-11,not_stated,2026-07-15
LK-C01524,Test Shopper 01524,+256712060668,shopper.lk1524@example.invalid,Mbarara,1971-12-12,female,2026-07-15
LK-C01525,Test Shopper 01525,+256712068587,shopper.lk1525@example.invalid,Kampala,1972-01-13,male,2025-12-20
LK-C01526,Test Shopper 01526,+256712076506,shopper.lk1526@example.invalid,Gulu,1973-02-14,female,2026-07-15
LK-C01527,Test Shopper 01527,+256712084425,shopper.lk1527@example.invalid,Jinja,1974-03-15,male,2026-07-15
LK-C01528,Test Shopper 01528,+256712092344,shopper.lk1528@example.invalid,Mbarara,1975-04-16,not_stated,2026-07-15
LK-C01529,Test Shopper 01529,+256712100263,shopper.lk1529@example.invalid,Kampala,1976-05-17,female,2026-07-15
LK-C01530,Test Shopper 01530,+256712108182,shopper.lk1530@example.invalid,Kampala,1977-06-18,male,2026-07-15
LK-C01531,Test Shopper 01531,+256712116101,shopper.lk1531@example.invalid,Jinja,1978-07-19,female,2025-12-20
LK-C01532,Test Shopper 01532,+256712124020,shopper.lk1532@example.invalid,Mbarara,1979-08-20,male,2026-07-15
LK-C01533,Test Shopper 01533,+256712131939,shopper.lk1533@example.invalid,Kampala,1980-09-21,not_stated,2026-07-15
LK-C01534,Test Shopper 01534,+256712139858,shopper.lk1534@example.invalid,Gulu,1981-10-22,female,2026-07-15
LK-C01535,Test Shopper 01535,+256712147777,shopper.lk1535@example.invalid,Jinja,1982-11-23,male,2026-07-15
LK-C01536,Test Shopper 01536,+256712155696,shopper.lk1536@example.invalid,Mbarara,1983-12-24,female,2026-07-15
LK-C01537,Test Shopper 01537,+256712163615,shopper.lk1537@example.invalid,Kampala,1984-01-25,male,2025-12-20
LK-C01538,Test Shopper 01538,+256712171534,shopper.lk1538@example.invalid,Kampala,1985-02-26,not_stated,2026-07-15
LK-C01539,Test Shopper 01539,+256712179453,shopper.lk1539@example.invalid,Jinja,1986-03-27,female,2026-07-15
LK-C01540,Test Shopper 01540,+256712187372,shopper.lk1540@example.invalid,Mbarara,1987-04-01,male,2026-07-15
LK-C01541,Test Shopper 01541,+256712195291,shopper.lk1541@example.invalid,Kampala,1988-05-02,female,2026-07-15
LK-C01542,Test Shopper 01542,+256712203210,shopper.lk1542@example.invalid,Gulu,1989-06-03,male,2026-07-15
LK-C01543,Test Shopper 01543,+256712211129,shopper.lk1543@example.invalid,Jinja,1990-07-04,not_stated,2025-12-20
LK-C01544,Test Shopper 01544,+256712219048,shopper.lk1544@example.invalid,Mbarara,1991-08-05,female,2026-07-15
LK-C01545,Test Shopper 01545,+256712226967,shopper.lk1545@example.invalid,Kampala,1992-09-06,male,2026-07-15
LK-C01546,Test Shopper 01546,+256712234886,shopper.lk1546@example.invalid,Kampala,1993-10-07,female,2026-07-15
LK-C01547,Test Shopper 01547,+256712242805,shopper.lk1547@example.invalid,Jinja,1994-11-08,male,2026-07-15
LK-C01548,Test Shopper 01548,+256712250724,shopper.lk1548@example.invalid,Mbarara,1995-12-09,not_stated,2026-07-15
LK-C01549,Test Shopper 01549,+256712258643,shopper.lk1549@example.invalid,Kampala,1996-01-10,female,2025-12-20
LK-C01550,Test Shopper 01550,+256712266562,shopper.lk1550@example.invalid,Gulu,1997-02-11,male,2026-07-15
LK-C01551,Test Shopper 01551,+256712274481,shopper.lk1551@example.invalid,Jinja,1998-03-12,female,2026-07-15
LK-C01552,Test Shopper 01552,+256712282400,shopper.lk1552@example.invalid,Mbarara,1999-04-13,male,2026-07-15
LK-C01553,Test Shopper 01553,+256712290319,shopper.lk1553@example.invalid,Kampala,2000-05-14,not_stated,2026-07-15
LK-C01554,Test Shopper 01554,+256712298238,shopper.lk1554@example.invalid,Kampala,2001-06-15,female,2026-07-15
LK-C01555,Test Shopper 01555,+256712306157,shopper.lk1555@example.invalid,Jinja,2002-07-16,male,2025-12-20
LK-C01556,Test Shopper 01556,+256712314076,shopper.lk1556@example.invalid,Mbarara,2003-08-17,female,2026-07-15
LK-C01557,Test Shopper 01557,+256712321995,shopper.lk1557@example.invalid,Kampala,2004-09-18,male,2026-07-15
LK-C01558,Test Shopper 01558,+256712329914,shopper.lk1558@example.invalid,Gulu,2005-10-19,not_stated,2026-07-15
LK-C01559,Test Shopper 01559,+256712337833,shopper.lk1559@example.invalid,Jinja,1965-11-20,female,2026-07-15
LK-C01560,Test Shopper 01560,+256712345752,shopper.lk1560@example.invalid,Mbarara,1966-12-21,male,2026-07-15
LK-C01561,Test Shopper 01561,+256712353671,shopper.lk1561@example.invalid,Kampala,1967-01-22,female,2025-12-20
LK-C01562,Test Shopper 01562,+256712361590,shopper.lk1562@example.invalid,Kampala,1968-02-23,male,2026-07-15
LK-C01563,Test Shopper 01563,+256712369509,shopper.lk1563@example.invalid,Jinja,1969-03-24,not_stated,2026-07-15
LK-C01564,Test Shopper 01564,+256712377428,shopper.lk1564@example.invalid,Mbarara,1970-04-25,female,2026-07-15
LK-C01565,Test Shopper 01565,+256712385347,shopper.lk1565@example.invalid,Kampala,1971-05-26,male,2026-07-15
LK-C01566,Test Shopper 01566,+256712393266,shopper.lk1566@example.invalid,Gulu,1972-06-27,female,2026-07-15
LK-C01567,Test Shopper 01567,+256712401185,shopper.lk1567@example.invalid,Jinja,1973-07-01,male,2025-12-20
LK-C01568,Test Shopper 01568,+256712409104,shopper.lk1568@example.invalid,Mbarara,1974-08-02,not_stated,2026-07-15
LK-C01569,Test Shopper 01569,+256712417023,shopper.lk1569@example.invalid,Kampala,1975-09-03,female,2026-07-15
LK-C01570,Test Shopper 01570,+256712424942,shopper.lk1570@example.invalid,Kampala,1976-10-04,male,2026-07-15
LK-C01571,Test Shopper 01571,+256712432861,shopper.lk1571@example.invalid,Jinja,1977-11-05,female,2026-07-15
LK-C01572,Test Shopper 01572,+256712440780,shopper.lk1572@example.invalid,Mbarara,1978-12-06,male,2026-07-15
LK-C01573,Test Shopper 01573,+256712448699,shopper.lk1573@example.invalid,Kampala,1979-01-07,not_stated,2025-12-20
LK-C01574,Test Shopper 01574,+256712456618,shopper.lk1574@example.invalid,Gulu,1980-02-08,female,2026-07-15
LK-C01575,Test Shopper 01575,+256712464537,shopper.lk1575@example.invalid,Jinja,1981-03-09,male,2026-07-15
LK-C01576,Test Shopper 01576,+256712472456,shopper.lk1576@example.invalid,Mbarara,1982-04-10,female,2026-07-15
LK-C01577,Test Shopper 01577,+256712480375,shopper.lk1577@example.invalid,Kampala,1983-05-11,male,2026-07-15
LK-C01578,Test Shopper 01578,+256712488294,shopper.lk1578@example.invalid,Kampala,1984-06-12,not_stated,2026-07-15
LK-C01579,Test Shopper 01579,+256712496213,shopper.lk1579@example.invalid,Jinja,1985-07-13,female,2025-12-20
LK-C01580,Test Shopper 01580,+256712504132,shopper.lk1580@example.invalid,Mbarara,1986-08-14,male,2026-07-15
LK-C01581,Test Shopper 01581,+256712512051,shopper.lk1581@example.invalid,Kampala,1987-09-15,female,2026-07-15
LK-C01582,Test Shopper 01582,+256712519970,shopper.lk1582@example.invalid,Gulu,1988-10-16,male,2026-07-15
LK-C01583,Test Shopper 01583,+256712527889,shopper.lk1583@example.invalid,Jinja,1989-11-17,not_stated,2026-07-15
LK-C01584,Test Shopper 01584,+256712535808,shopper.lk1584@example.invalid,Mbarara,1990-12-18,female,2026-07-15
LK-C01585,Test Shopper 01585,+256712543727,shopper.lk1585@example.invalid,Kampala,1991-01-19,male,2025-12-20
LK-C01586,Test Shopper 01586,+256712551646,shopper.lk1586@example.invalid,Kampala,1992-02-20,female,2026-07-15
LK-C01587,Test Shopper 01587,+256712559565,shopper.lk1587@example.invalid,Jinja,1993-03-21,male,2026-07-15
LK-C01588,Test Shopper 01588,+256712567484,shopper.lk1588@example.invalid,Mbarara,1994-04-22,not_stated,2026-07-15
LK-C01589,Test Shopper 01589,+256712575403,shopper.lk1589@example.invalid,Kampala,1995-05-23,female,2026-07-15
LK-C01590,Test Shopper 01590,+256712583322,shopper.lk1590@example.invalid,Gulu,1996-06-24,male,2026-07-15
LK-C01591,Test Shopper 01591,+256712591241,shopper.lk1591@example.invalid,Jinja,1997-07-25,female,2025-12-20
LK-C01592,Test Shopper 01592,+256712599160,shopper.lk1592@example.invalid,Mbarara,1998-08-26,male,2026-07-15
LK-C01593,Test Shopper 01593,+256712607079,shopper.lk1593@example.invalid,Kampala,1999-09-27,not_stated,2026-07-15
LK-C01594,Test Shopper 01594,+256712614998,shopper.lk1594@example.invalid,Kampala,2000-10-01,female,2026-07-15
LK-C01595,Test Shopper 01595,+256712622917,shopper.lk1595@example.invalid,Jinja,2001-11-02,male,2026-07-15
LK-C01596,Test Shopper 01596,+256712630836,shopper.lk1596@example.invalid,Mbarara,2002-12-03,female,2026-07-15
LK-C01597,Test Shopper 01597,+256712638755,shopper.lk1597@example.invalid,Kampala,2003-01-04,male,2025-12-20
LK-C01598,Test Shopper 01598,+256712646674,shopper.lk1598@example.invalid,Gulu,2004-02-05,not_stated,2026-07-15
LK-C01599,Test Shopper 01599,+256712654593,shopper.lk1599@example.invalid,Jinja,2005-03-06,female,2026-07-15
LK-C01600,Test Shopper 01600,+256712662512,shopper.lk1600@example.invalid,Mbarara,1965-04-07,male,2026-07-15
LK-C01601,Test Shopper 01601,+256712670431,shopper.lk1601@example.invalid,Kampala,1966-05-08,female,2026-07-15
LK-C01602,Test Shopper 01602,+256712678350,shopper.lk1602@example.invalid,Kampala,1967-06-09,male,2026-07-15
LK-C01603,Test Shopper 01603,+256712686269,shopper.lk1603@example.invalid,Jinja,1968-07-10,not_stated,2025-12-20
LK-C01604,Test Shopper 01604,+256712694188,shopper.lk1604@example.invalid,Mbarara,1969-08-11,female,2026-07-15
LK-C01605,Test Shopper 01605,+256712702107,shopper.lk1605@example.invalid,Kampala,1970-09-12,male,2026-07-15
LK-C01606,Test Shopper 01606,+256712710026,shopper.lk1606@example.invalid,Gulu,1971-10-13,female,2026-07-15
LK-C01607,Test Shopper 01607,+256712717945,shopper.lk1607@example.invalid,Jinja,1972-11-14,male,2026-07-15
LK-C01608,Test Shopper 01608,+256712725864,shopper.lk1608@example.invalid,Mbarara,1973-12-15,not_stated,2026-07-15
LK-C01609,Test Shopper 01609,+256712733783,shopper.lk1609@example.invalid,Kampala,1974-01-16,female,2025-12-20
LK-C01610,Test Shopper 01610,+256712741702,shopper.lk1610@example.invalid,Kampala,1975-02-17,male,2026-07-15
LK-C01611,Test Shopper 01611,+256712749621,shopper.lk1611@example.invalid,Jinja,1976-03-18,female,2026-07-15
LK-C01612,Test Shopper 01612,+256712757540,shopper.lk1612@example.invalid,Mbarara,1977-04-19,male,2026-07-15
LK-C01613,Test Shopper 01613,+256712765459,shopper.lk1613@example.invalid,Kampala,1978-05-20,not_stated,2026-07-15
LK-C01614,Test Shopper 01614,+256712773378,shopper.lk1614@example.invalid,Gulu,1979-06-21,female,2026-07-15
LK-C01615,Test Shopper 01615,+256712781297,shopper.lk1615@example.invalid,Jinja,1980-07-22,male,2025-12-20
LK-C01616,Test Shopper 01616,+256712789216,shopper.lk1616@example.invalid,Mbarara,1981-08-23,female,2026-07-15
LK-C01617,Test Shopper 01617,+256712797135,shopper.lk1617@example.invalid,Kampala,1982-09-24,male,2026-07-15
LK-C01618,Test Shopper 01618,+256712805054,shopper.lk1618@example.invalid,Kampala,1983-10-25,not_stated,2026-07-15
LK-C01619,Test Shopper 01619,+256712812973,shopper.lk1619@example.invalid,Jinja,1984-11-26,female,2026-07-15
LK-C01620,Test Shopper 01620,+256712820892,shopper.lk1620@example.invalid,Mbarara,1985-12-27,male,2026-07-15
LK-C01621,Test Shopper 01621,+256712828811,shopper.lk1621@example.invalid,Kampala,1986-01-01,female,2025-12-20
LK-C01622,Test Shopper 01622,+256712836730,shopper.lk1622@example.invalid,Gulu,1987-02-02,male,2026-07-15
LK-C01623,Test Shopper 01623,+256712844649,shopper.lk1623@example.invalid,Jinja,1988-03-03,not_stated,2026-07-15
LK-C01624,Test Shopper 01624,+256712852568,shopper.lk1624@example.invalid,Mbarara,1989-04-04,female,2026-07-15
LK-C01625,Test Shopper 01625,+256712860487,shopper.lk1625@example.invalid,Kampala,1990-05-05,male,2026-07-15
LK-C01626,Test Shopper 01626,+256712868406,shopper.lk1626@example.invalid,Kampala,1991-06-06,female,2026-07-15
LK-C01627,Test Shopper 01627,+256712876325,shopper.lk1627@example.invalid,Jinja,1992-07-07,male,2025-12-20
LK-C01628,Test Shopper 01628,+256712884244,shopper.lk1628@example.invalid,Mbarara,1993-08-08,not_stated,2026-07-15
LK-C01629,Test Shopper 01629,+256712892163,shopper.lk1629@example.invalid,Kampala,1994-09-09,female,2026-07-15
LK-C01630,Test Shopper 01630,+256712900082,shopper.lk1630@example.invalid,Gulu,1995-10-10,male,2026-07-15
LK-C01631,Test Shopper 01631,+256712908001,shopper.lk1631@example.invalid,Jinja,1996-11-11,female,2026-07-15
LK-C01632,Test Shopper 01632,+256712915920,shopper.lk1632@example.invalid,Mbarara,1997-12-12,male,2026-07-15
LK-C01633,Test Shopper 01633,+256712923839,shopper.lk1633@example.invalid,Kampala,1998-01-13,not_stated,2025-12-20
LK-C01634,Test Shopper 01634,+256712931758,shopper.lk1634@example.invalid,Kampala,1999-02-14,female,2026-07-15
LK-C01635,Test Shopper 01635,+256712939677,shopper.lk1635@example.invalid,Jinja,2000-03-15,male,2026-07-15
LK-C01636,Test Shopper 01636,+256712947596,shopper.lk1636@example.invalid,Mbarara,2001-04-16,female,2026-07-15
LK-C01637,Test Shopper 01637,+256712955515,shopper.lk1637@example.invalid,Kampala,2002-05-17,male,2026-07-15
LK-C01638,Test Shopper 01638,+256712963434,shopper.lk1638@example.invalid,Gulu,2003-06-18,not_stated,2026-07-15
LK-C01639,Test Shopper 01639,+256712971353,shopper.lk1639@example.invalid,Jinja,2004-07-19,female,2025-12-20
LK-C01640,Test Shopper 01640,+256712979272,shopper.lk1640@example.invalid,Mbarara,2005-08-20,male,2026-07-15
LK-C01641,Test Shopper 01641,+256712987191,shopper.lk1641@example.invalid,Kampala,1965-09-21,female,2026-07-15
LK-C01642,Test Shopper 01642,+256712995110,shopper.lk1642@example.invalid,Kampala,1966-10-22,male,2026-07-15
LK-C01643,Test Shopper 01643,+256713003029,shopper.lk1643@example.invalid,Jinja,1967-11-23,not_stated,2026-07-15
LK-C01644,Test Shopper 01644,+256713010948,shopper.lk1644@example.invalid,Mbarara,1968-12-24,female,2026-07-15
LK-C01645,Test Shopper 01645,+256713018867,shopper.lk1645@example.invalid,Kampala,1969-01-25,male,2025-12-20
LK-C01646,Test Shopper 01646,+256713026786,shopper.lk1646@example.invalid,Gulu,1970-02-26,female,2026-07-15
LK-C01647,Test Shopper 01647,+256713034705,shopper.lk1647@example.invalid,Jinja,1971-03-27,male,2026-07-15
LK-C01648,Test Shopper 01648,+256713042624,shopper.lk1648@example.invalid,Mbarara,1972-04-01,not_stated,2026-07-15
LK-C01649,Test Shopper 01649,+256713050543,shopper.lk1649@example.invalid,Kampala,1973-05-02,female,2026-07-15
LK-C01650,Test Shopper 01650,+256713058462,shopper.lk1650@example.invalid,Kampala,1974-06-03,male,2026-07-15
LK-C01651,Test Shopper 01651,+256713066381,shopper.lk1651@example.invalid,Jinja,1975-07-04,female,2025-12-20
LK-C01652,Test Shopper 01652,+256713074300,shopper.lk1652@example.invalid,Mbarara,1976-08-05,male,2026-07-15
LK-C01653,Test Shopper 01653,+256713082219,shopper.lk1653@example.invalid,Kampala,1977-09-06,not_stated,2026-07-15
LK-C01654,Test Shopper 01654,+256713090138,shopper.lk1654@example.invalid,Gulu,1978-10-07,female,2026-07-15
LK-C01655,Test Shopper 01655,+256713098057,shopper.lk1655@example.invalid,Jinja,1979-11-08,male,2026-07-15
LK-C01656,Test Shopper 01656,+256713105976,shopper.lk1656@example.invalid,Mbarara,1980-12-09,female,2026-07-15
LK-C01657,Test Shopper 01657,+256713113895,shopper.lk1657@example.invalid,Kampala,1981-01-10,male,2025-12-20
LK-C01658,Test Shopper 01658,+256713121814,shopper.lk1658@example.invalid,Kampala,1982-02-11,not_stated,2026-07-15
LK-C01659,Test Shopper 01659,+256713129733,shopper.lk1659@example.invalid,Jinja,1983-03-12,female,2026-07-15
LK-C01660,Test Shopper 01660,+256713137652,shopper.lk1660@example.invalid,Mbarara,1984-04-13,male,2026-07-15
LK-C01661,Test Shopper 01661,+256713145571,shopper.lk1661@example.invalid,Kampala,1985-05-14,female,2026-07-15
LK-C01662,Test Shopper 01662,+256713153490,shopper.lk1662@example.invalid,Gulu,1986-06-15,male,2026-07-15
LK-C01663,Test Shopper 01663,+256713161409,shopper.lk1663@example.invalid,Jinja,1987-07-16,not_stated,2025-12-20
LK-C01664,Test Shopper 01664,+256713169328,shopper.lk1664@example.invalid,Mbarara,1988-08-17,female,2026-07-15
LK-C01665,Test Shopper 01665,+256713177247,shopper.lk1665@example.invalid,Kampala,1989-09-18,male,2026-07-15
LK-C01666,Test Shopper 01666,+256713185166,shopper.lk1666@example.invalid,Kampala,1990-10-19,female,2026-07-15
LK-C01667,Test Shopper 01667,+256713193085,shopper.lk1667@example.invalid,Jinja,1991-11-20,male,2026-07-15
LK-C01668,Test Shopper 01668,+256713201004,shopper.lk1668@example.invalid,Mbarara,1992-12-21,not_stated,2026-07-15
LK-C01669,Test Shopper 01669,+256713208923,shopper.lk1669@example.invalid,Kampala,1993-01-22,female,2025-12-20
LK-C01670,Test Shopper 01670,+256713216842,shopper.lk1670@example.invalid,Gulu,1994-02-23,male,2026-07-15
LK-C01671,Test Shopper 01671,+256713224761,shopper.lk1671@example.invalid,Jinja,1995-03-24,female,2026-07-15
LK-C01672,Test Shopper 01672,+256713232680,shopper.lk1672@example.invalid,Mbarara,1996-04-25,male,2026-07-15
LK-C01673,Test Shopper 01673,+256713240599,shopper.lk1673@example.invalid,Kampala,1997-05-26,not_stated,2026-07-15
LK-C01674,Test Shopper 01674,+256713248518,shopper.lk1674@example.invalid,Kampala,1998-06-27,female,2026-07-15
LK-C01675,Test Shopper 01675,+256713256437,shopper.lk1675@example.invalid,Jinja,1999-07-01,male,2025-12-20
LK-C01676,Test Shopper 01676,+256713264356,shopper.lk1676@example.invalid,Mbarara,2000-08-02,female,2026-07-15
LK-C01677,Test Shopper 01677,+256713272275,shopper.lk1677@example.invalid,Kampala,2001-09-03,male,2026-07-15
LK-C01678,Test Shopper 01678,+256713280194,shopper.lk1678@example.invalid,Gulu,2002-10-04,not_stated,2026-07-15
LK-C01679,Test Shopper 01679,+256713288113,shopper.lk1679@example.invalid,Jinja,2003-11-05,female,2026-07-15
LK-C01680,Test Shopper 01680,+256713296032,shopper.lk1680@example.invalid,Mbarara,2004-12-06,male,2026-07-15
LK-C01681,Test Shopper 01681,+256713303951,shopper.lk1681@example.invalid,Kampala,2005-01-07,female,2025-12-20
LK-C01682,Test Shopper 01682,+256713311870,shopper.lk1682@example.invalid,Kampala,1965-02-08,male,2026-07-15
LK-C01683,Test Shopper 01683,+256713319789,shopper.lk1683@example.invalid,Jinja,1966-03-09,not_stated,2026-07-15
LK-C01684,Test Shopper 01684,+256713327708,shopper.lk1684@example.invalid,Mbarara,1967-04-10,female,2026-07-15
LK-C01685,Test Shopper 01685,+256713335627,shopper.lk1685@example.invalid,Kampala,1968-05-11,male,2026-07-15
LK-C01686,Test Shopper 01686,+256713343546,shopper.lk1686@example.invalid,Gulu,1969-06-12,female,2026-07-15
LK-C01687,Test Shopper 01687,+256713351465,shopper.lk1687@example.invalid,Jinja,1970-07-13,male,2025-12-20
LK-C01688,Test Shopper 01688,+256713359384,shopper.lk1688@example.invalid,Mbarara,1971-08-14,not_stated,2026-07-15
LK-C01689,Test Shopper 01689,+256713367303,shopper.lk1689@example.invalid,Kampala,1972-09-15,female,2026-07-15
LK-C01690,Test Shopper 01690,+256713375222,shopper.lk1690@example.invalid,Kampala,1973-10-16,male,2026-07-15
LK-C01691,Test Shopper 01691,+256713383141,shopper.lk1691@example.invalid,Jinja,1974-11-17,female,2026-07-15
LK-C01692,Test Shopper 01692,+256713391060,shopper.lk1692@example.invalid,Mbarara,1975-12-18,male,2026-07-15
LK-C01693,Test Shopper 01693,+256713398979,shopper.lk1693@example.invalid,Kampala,1976-01-19,not_stated,2025-12-20
LK-C01694,Test Shopper 01694,+256713406898,shopper.lk1694@example.invalid,Gulu,1977-02-20,female,2026-07-15
LK-C01695,Test Shopper 01695,+256713414817,shopper.lk1695@example.invalid,Jinja,1978-03-21,male,2026-07-15
LK-C01696,Test Shopper 01696,+256713422736,shopper.lk1696@example.invalid,Mbarara,1979-04-22,female,2026-07-15
LK-C01697,Test Shopper 01697,+256713430655,shopper.lk1697@example.invalid,Kampala,1980-05-23,male,2026-07-15
LK-C01698,Test Shopper 01698,+256713438574,shopper.lk1698@example.invalid,Kampala,1981-06-24,not_stated,2026-07-15
LK-C01699,Test Shopper 01699,+256713446493,shopper.lk1699@example.invalid,Jinja,1982-07-25,female,2025-12-20
LK-C01700,Test Shopper 01700,+256713454412,shopper.lk1700@example.invalid,Mbarara,1983-08-26,male,2026-07-15
LK-C01701,Test Shopper 01701,+256713462331,shopper.lk1701@example.invalid,Kampala,1984-09-27,female,2026-07-15
LK-C01702,Test Shopper 01702,+256713470250,shopper.lk1702@example.invalid,Gulu,1985-10-01,male,2026-07-15
LK-C01703,Test Shopper 01703,+256713478169,shopper.lk1703@example.invalid,Jinja,1986-11-02,not_stated,2026-07-15
LK-C01704,Test Shopper 01704,+256713486088,shopper.lk1704@example.invalid,Mbarara,1987-12-03,female,2026-07-15
LK-C01705,Test Shopper 01705,+256713494007,shopper.lk1705@example.invalid,Kampala,1988-01-04,male,2025-12-20
LK-C01706,Test Shopper 01706,+256713501926,shopper.lk1706@example.invalid,Kampala,1989-02-05,female,2026-07-15
LK-C01707,Test Shopper 01707,+256713509845,shopper.lk1707@example.invalid,Jinja,1990-03-06,male,2026-07-15
LK-C01708,Test Shopper 01708,+256713517764,shopper.lk1708@example.invalid,Mbarara,1991-04-07,not_stated,2026-07-15
LK-C01709,Test Shopper 01709,+256713525683,shopper.lk1709@example.invalid,Kampala,1992-05-08,female,2026-07-15
LK-C01710,Test Shopper 01710,+256713533602,shopper.lk1710@example.invalid,Gulu,1993-06-09,male,2026-07-15
LK-C01711,Test Shopper 01711,+256713541521,shopper.lk1711@example.invalid,Jinja,1994-07-10,female,2025-12-20
LK-C01712,Test Shopper 01712,+256713549440,shopper.lk1712@example.invalid,Mbarara,1995-08-11,male,2026-07-15
LK-C01713,Test Shopper 01713,+256713557359,shopper.lk1713@example.invalid,Kampala,1996-09-12,not_stated,2026-07-15
LK-C01714,Test Shopper 01714,+256713565278,shopper.lk1714@example.invalid,Kampala,1997-10-13,female,2026-07-15
LK-C01715,Test Shopper 01715,+256713573197,shopper.lk1715@example.invalid,Jinja,1998-11-14,male,2026-07-15
LK-C01716,Test Shopper 01716,+256713581116,shopper.lk1716@example.invalid,Mbarara,1999-12-15,female,2026-07-15
LK-C01717,Test Shopper 01717,+256713589035,shopper.lk1717@example.invalid,Kampala,2000-01-16,male,2025-12-20
LK-C01718,Test Shopper 01718,+256713596954,shopper.lk1718@example.invalid,Gulu,2001-02-17,not_stated,2026-07-15
LK-C01719,Test Shopper 01719,+256713604873,shopper.lk1719@example.invalid,Jinja,2002-03-18,female,2026-07-15
LK-C01720,Test Shopper 01720,+256713612792,shopper.lk1720@example.invalid,Mbarara,2003-04-19,male,2026-07-15
LK-C01721,Test Shopper 01721,+256713620711,shopper.lk1721@example.invalid,Kampala,2004-05-20,female,2026-07-15
LK-C01722,Test Shopper 01722,+256713628630,shopper.lk1722@example.invalid,Kampala,2005-06-21,male,2026-07-15
LK-C01723,Test Shopper 01723,+256713636549,shopper.lk1723@example.invalid,Jinja,1965-07-22,not_stated,2025-12-20
LK-C01724,Test Shopper 01724,+256713644468,shopper.lk1724@example.invalid,Mbarara,1966-08-23,female,2026-07-15
LK-C01725,Test Shopper 01725,+256713652387,shopper.lk1725@example.invalid,Kampala,1967-09-24,male,2026-07-15
LK-C01726,Test Shopper 01726,+256713660306,shopper.lk1726@example.invalid,Gulu,1968-10-25,female,2026-07-15
LK-C01727,Test Shopper 01727,+256713668225,shopper.lk1727@example.invalid,Jinja,1969-11-26,male,2026-07-15
LK-C01728,Test Shopper 01728,+256713676144,shopper.lk1728@example.invalid,Mbarara,1970-12-27,not_stated,2026-07-15
LK-C01729,Test Shopper 01729,+256713684063,shopper.lk1729@example.invalid,Kampala,1971-01-01,female,2025-12-20
LK-C01730,Test Shopper 01730,+256713691982,shopper.lk1730@example.invalid,Kampala,1972-02-02,male,2026-07-15
LK-C01731,Test Shopper 01731,+256713699901,shopper.lk1731@example.invalid,Jinja,1973-03-03,female,2026-07-15
LK-C01732,Test Shopper 01732,+256713707820,shopper.lk1732@example.invalid,Mbarara,1974-04-04,male,2026-07-15
LK-C01733,Test Shopper 01733,+256713715739,shopper.lk1733@example.invalid,Kampala,1975-05-05,not_stated,2026-07-15
LK-C01734,Test Shopper 01734,+256713723658,shopper.lk1734@example.invalid,Gulu,1976-06-06,female,2026-07-15
LK-C01735,Test Shopper 01735,+256713731577,shopper.lk1735@example.invalid,Jinja,1977-07-07,male,2025-12-20
LK-C01736,Test Shopper 01736,+256713739496,shopper.lk1736@example.invalid,Mbarara,1978-08-08,female,2026-07-15
LK-C01737,Test Shopper 01737,+256713747415,shopper.lk1737@example.invalid,Kampala,1979-09-09,male,2026-07-15
LK-C01738,Test Shopper 01738,+256713755334,shopper.lk1738@example.invalid,Kampala,1980-10-10,not_stated,2026-07-15
LK-C01739,Test Shopper 01739,+256713763253,shopper.lk1739@example.invalid,Jinja,1981-11-11,female,2026-07-15
LK-C01740,Test Shopper 01740,+256713771172,shopper.lk1740@example.invalid,Mbarara,1982-12-12,male,2026-07-15
LK-C01741,Test Shopper 01741,+256713779091,shopper.lk1741@example.invalid,Kampala,1983-01-13,female,2025-12-20
LK-C01742,Test Shopper 01742,+256713787010,shopper.lk1742@example.invalid,Gulu,1984-02-14,male,2026-07-15
LK-C01743,Test Shopper 01743,+256713794929,shopper.lk1743@example.invalid,Jinja,1985-03-15,not_stated,2026-07-15
LK-C01744,Test Shopper 01744,+256713802848,shopper.lk1744@example.invalid,Mbarara,1986-04-16,female,2026-07-15
LK-C01745,Test Shopper 01745,+256713810767,shopper.lk1745@example.invalid,Kampala,1987-05-17,male,2026-07-15
LK-C01746,Test Shopper 01746,+256713818686,shopper.lk1746@example.invalid,Kampala,1988-06-18,female,2026-07-15
LK-C01747,Test Shopper 01747,+256713826605,shopper.lk1747@example.invalid,Jinja,1989-07-19,male,2025-12-20
LK-C01748,Test Shopper 01748,+256713834524,shopper.lk1748@example.invalid,Mbarara,1990-08-20,not_stated,2026-07-15
LK-C01749,Test Shopper 01749,+256713842443,shopper.lk1749@example.invalid,Kampala,1991-09-21,female,2026-07-15
LK-C01750,Test Shopper 01750,+256713850362,shopper.lk1750@example.invalid,Gulu,1992-10-22,male,2026-07-15
LK-C01751,Test Shopper 01751,+256713858281,shopper.lk1751@example.invalid,Jinja,1993-11-23,female,2026-07-15
LK-C01752,Test Shopper 01752,+256713866200,shopper.lk1752@example.invalid,Mbarara,1994-12-24,male,2026-07-15
LK-C01753,Test Shopper 01753,+256713874119,shopper.lk1753@example.invalid,Kampala,1995-01-25,not_stated,2025-12-20
LK-C01754,Test Shopper 01754,+256713882038,shopper.lk1754@example.invalid,Kampala,1996-02-26,female,2026-07-15
LK-C01755,Test Shopper 01755,+256713889957,shopper.lk1755@example.invalid,Jinja,1997-03-27,male,2026-07-15
LK-C01756,Test Shopper 01756,+256713897876,shopper.lk1756@example.invalid,Mbarara,1998-04-01,female,2026-07-15
LK-C01757,Test Shopper 01757,+256713905795,shopper.lk1757@example.invalid,Kampala,1999-05-02,male,2026-07-15
LK-C01758,Test Shopper 01758,+256713913714,shopper.lk1758@example.invalid,Gulu,2000-06-03,not_stated,2026-07-15
LK-C01759,Test Shopper 01759,+256713921633,shopper.lk1759@example.invalid,Jinja,2001-07-04,female,2025-12-20
LK-C01760,Test Shopper 01760,+256713929552,shopper.lk1760@example.invalid,Mbarara,2002-08-05,male,2026-07-15
LK-C01761,Test Shopper 01761,+256713937471,shopper.lk1761@example.invalid,Kampala,2003-09-06,female,2026-07-15
LK-C01762,Test Shopper 01762,+256713945390,shopper.lk1762@example.invalid,Kampala,2004-10-07,male,2026-07-15
LK-C01763,Test Shopper 01763,+256713953309,shopper.lk1763@example.invalid,Jinja,2005-11-08,not_stated,2026-07-15
LK-C01764,Test Shopper 01764,+256713961228,shopper.lk1764@example.invalid,Mbarara,1965-12-09,female,2026-07-15
LK-C01765,Test Shopper 01765,+256713969147,shopper.lk1765@example.invalid,Kampala,1966-01-10,male,2025-12-20
LK-C01766,Test Shopper 01766,+256713977066,shopper.lk1766@example.invalid,Gulu,1967-02-11,female,2026-07-15
LK-C01767,Test Shopper 01767,+256713984985,shopper.lk1767@example.invalid,Jinja,1968-03-12,male,2026-07-15
LK-C01768,Test Shopper 01768,+256713992904,shopper.lk1768@example.invalid,Mbarara,1969-04-13,not_stated,2026-07-15
LK-C01769,Test Shopper 01769,+256714000823,shopper.lk1769@example.invalid,Kampala,1970-05-14,female,2026-07-15
LK-C01770,Test Shopper 01770,+256714008742,shopper.lk1770@example.invalid,Kampala,1971-06-15,male,2026-07-15
LK-C01771,Test Shopper 01771,+256714016661,shopper.lk1771@example.invalid,Jinja,1972-07-16,female,2025-12-20
LK-C01772,Test Shopper 01772,+256714024580,shopper.lk1772@example.invalid,Mbarara,1973-08-17,male,2026-07-15
LK-C01773,Test Shopper 01773,+256714032499,shopper.lk1773@example.invalid,Kampala,1974-09-18,not_stated,2026-07-15
LK-C01774,Test Shopper 01774,+256714040418,shopper.lk1774@example.invalid,Gulu,1975-10-19,female,2026-07-15
LK-C01775,Test Shopper 01775,+256714048337,shopper.lk1775@example.invalid,Jinja,1976-11-20,male,2026-07-15
LK-C01776,Test Shopper 01776,+256714056256,shopper.lk1776@example.invalid,Mbarara,1977-12-21,female,2026-07-15
LK-C01777,Test Shopper 01777,+256714064175,shopper.lk1777@example.invalid,Kampala,1978-01-22,male,2025-12-20
LK-C01778,Test Shopper 01778,+256714072094,shopper.lk1778@example.invalid,Kampala,1979-02-23,not_stated,2026-07-15
LK-C01779,Test Shopper 01779,+256714080013,shopper.lk1779@example.invalid,Jinja,1980-03-24,female,2026-07-15
LK-C01780,Test Shopper 01780,+256714087932,shopper.lk1780@example.invalid,Mbarara,1981-04-25,male,2026-07-15
LK-C01781,Test Shopper 01781,+256714095851,shopper.lk1781@example.invalid,Kampala,1982-05-26,female,2026-07-15
LK-C01782,Test Shopper 01782,+256714103770,shopper.lk1782@example.invalid,Gulu,1983-06-27,male,2026-07-15
LK-C01783,Test Shopper 01783,+256714111689,shopper.lk1783@example.invalid,Jinja,1984-07-01,not_stated,2025-12-20
LK-C01784,Test Shopper 01784,+256714119608,shopper.lk1784@example.invalid,Mbarara,1985-08-02,female,2026-07-15
LK-C01785,Test Shopper 01785,+256714127527,shopper.lk1785@example.invalid,Kampala,1986-09-03,male,2026-07-15
LK-C01786,Test Shopper 01786,+256714135446,shopper.lk1786@example.invalid,Kampala,1987-10-04,female,2026-07-15
LK-C01787,Test Shopper 01787,+256714143365,shopper.lk1787@example.invalid,Jinja,1988-11-05,male,2026-07-15
LK-C01788,Test Shopper 01788,+256714151284,shopper.lk1788@example.invalid,Mbarara,1989-12-06,not_stated,2026-07-15
LK-C01789,Test Shopper 01789,+256714159203,shopper.lk1789@example.invalid,Kampala,1990-01-07,female,2025-12-20
LK-C01790,Test Shopper 01790,+256714167122,shopper.lk1790@example.invalid,Gulu,1991-02-08,male,2026-07-15
LK-C01791,Test Shopper 01791,+256714175041,shopper.lk1791@example.invalid,Jinja,1992-03-09,female,2026-07-15
LK-C01792,Test Shopper 01792,+256714182960,shopper.lk1792@example.invalid,Mbarara,1993-04-10,male,2026-07-15
LK-C01793,Test Shopper 01793,+256714190879,shopper.lk1793@example.invalid,Kampala,1994-05-11,not_stated,2026-07-15
LK-C01794,Test Shopper 01794,+256714198798,shopper.lk1794@example.invalid,Kampala,1995-06-12,female,2026-07-15
LK-C01795,Test Shopper 01795,+256714206717,shopper.lk1795@example.invalid,Jinja,1996-07-13,male,2025-12-20
LK-C01796,Test Shopper 01796,+256714214636,shopper.lk1796@example.invalid,Mbarara,1997-08-14,female,2026-07-15
LK-C01797,Test Shopper 01797,+256714222555,shopper.lk1797@example.invalid,Kampala,1998-09-15,male,2026-07-15
LK-C01798,Test Shopper 01798,+256714230474,shopper.lk1798@example.invalid,Gulu,1999-10-16,not_stated,2026-07-15
LK-C01799,Test Shopper 01799,+256714238393,shopper.lk1799@example.invalid,Jinja,2000-11-17,female,2026-07-15
LK-C01800,Test Shopper 01800,+256714246312,shopper.lk1800@example.invalid,Mbarara,2001-12-18,male,2026-07-15
LK-C01801,Test Shopper 01801,+256714254231,shopper.lk1801@example.invalid,Kampala,2002-01-19,female,2025-12-20
LK-C01802,Test Shopper 01802,+256714262150,shopper.lk1802@example.invalid,Kampala,2003-02-20,male,2026-07-15
LK-C01803,Test Shopper 01803,+256714270069,shopper.lk1803@example.invalid,Jinja,2004-03-21,not_stated,2026-07-15
LK-C01804,Test Shopper 01804,+256714277988,shopper.lk1804@example.invalid,Mbarara,2005-04-22,female,2026-07-15
LK-C01805,Test Shopper 01805,+256714285907,shopper.lk1805@example.invalid,Kampala,1965-05-23,male,2026-07-15
LK-C01806,Test Shopper 01806,+256714293826,shopper.lk1806@example.invalid,Gulu,1966-06-24,female,2026-07-15
LK-C01807,Test Shopper 01807,+256714301745,shopper.lk1807@example.invalid,Jinja,1967-07-25,male,2025-12-20
LK-C01808,Test Shopper 01808,+256714309664,shopper.lk1808@example.invalid,Mbarara,1968-08-26,not_stated,2026-07-15
LK-C01809,Test Shopper 01809,+256714317583,shopper.lk1809@example.invalid,Kampala,1969-09-27,female,2026-07-15
LK-C01810,Test Shopper 01810,+256714325502,shopper.lk1810@example.invalid,Kampala,1970-10-01,male,2026-07-15
LK-C01811,Test Shopper 01811,+256714333421,shopper.lk1811@example.invalid,Jinja,1971-11-02,female,2026-07-15
LK-C01812,Test Shopper 01812,+256714341340,shopper.lk1812@example.invalid,Mbarara,1972-12-03,male,2026-07-15
LK-C01813,Test Shopper 01813,+256714349259,shopper.lk1813@example.invalid,Kampala,1973-01-04,not_stated,2025-12-20
LK-C01814,Test Shopper 01814,+256714357178,shopper.lk1814@example.invalid,Gulu,1974-02-05,female,2026-07-15
LK-C01815,Test Shopper 01815,+256714365097,shopper.lk1815@example.invalid,Jinja,1975-03-06,male,2026-07-15
LK-C01816,Test Shopper 01816,+256714373016,shopper.lk1816@example.invalid,Mbarara,1976-04-07,female,2026-07-15
LK-C01817,Test Shopper 01817,+256714380935,shopper.lk1817@example.invalid,Kampala,1977-05-08,male,2026-07-15
LK-C01818,Test Shopper 01818,+256714388854,shopper.lk1818@example.invalid,Kampala,1978-06-09,not_stated,2026-07-15
LK-C01819,Test Shopper 01819,+256714396773,shopper.lk1819@example.invalid,Jinja,1979-07-10,female,2025-12-20
LK-C01820,Test Shopper 01820,+256714404692,shopper.lk1820@example.invalid,Mbarara,1980-08-11,male,2026-07-15
LK-C01821,Test Shopper 01821,+256714412611,shopper.lk1821@example.invalid,Kampala,1981-09-12,female,2026-07-15
LK-C01822,Test Shopper 01822,+256714420530,shopper.lk1822@example.invalid,Gulu,1982-10-13,male,2026-07-15
LK-C01823,Test Shopper 01823,+256714428449,shopper.lk1823@example.invalid,Jinja,1983-11-14,not_stated,2026-07-15
LK-C01824,Test Shopper 01824,+256714436368,shopper.lk1824@example.invalid,Mbarara,1984-12-15,female,2026-07-15
LK-C01825,Test Shopper 01825,+256714444287,shopper.lk1825@example.invalid,Kampala,1985-01-16,male,2025-12-20
LK-C01826,Test Shopper 01826,+256714452206,shopper.lk1826@example.invalid,Kampala,1986-02-17,female,2026-07-15
LK-C01827,Test Shopper 01827,+256714460125,shopper.lk1827@example.invalid,Jinja,1987-03-18,male,2026-07-15
LK-C01828,Test Shopper 01828,+256714468044,shopper.lk1828@example.invalid,Mbarara,1988-04-19,not_stated,2026-07-15
LK-C01829,Test Shopper 01829,+256714475963,shopper.lk1829@example.invalid,Kampala,1989-05-20,female,2026-07-15
LK-C01830,Test Shopper 01830,+256714483882,shopper.lk1830@example.invalid,Gulu,1990-06-21,male,2026-07-15
LK-C01831,Test Shopper 01831,+256714491801,shopper.lk1831@example.invalid,Jinja,1991-07-22,female,2025-12-20
LK-C01832,Test Shopper 01832,+256714499720,shopper.lk1832@example.invalid,Mbarara,1992-08-23,male,2026-07-15
LK-C01833,Test Shopper 01833,+256714507639,shopper.lk1833@example.invalid,Kampala,1993-09-24,not_stated,2026-07-15
LK-C01834,Test Shopper 01834,+256714515558,shopper.lk1834@example.invalid,Kampala,1994-10-25,female,2026-07-15
LK-C01835,Test Shopper 01835,+256714523477,shopper.lk1835@example.invalid,Jinja,1995-11-26,male,2026-07-15
LK-C01836,Test Shopper 01836,+256714531396,shopper.lk1836@example.invalid,Mbarara,1996-12-27,female,2026-07-15
LK-C01837,Test Shopper 01837,+256714539315,shopper.lk1837@example.invalid,Kampala,1997-01-01,male,2025-12-20
LK-C01838,Test Shopper 01838,+256714547234,shopper.lk1838@example.invalid,Gulu,1998-02-02,not_stated,2026-07-15
LK-C01839,Test Shopper 01839,+256714555153,shopper.lk1839@example.invalid,Jinja,1999-03-03,female,2026-07-15
LK-C01840,Test Shopper 01840,+256714563072,shopper.lk1840@example.invalid,Mbarara,2000-04-04,male,2026-07-15
LK-C01841,Test Shopper 01841,+256714570991,shopper.lk1841@example.invalid,Kampala,2001-05-05,female,2026-07-15
LK-C01842,Test Shopper 01842,+256714578910,shopper.lk1842@example.invalid,Kampala,2002-06-06,male,2026-07-15
LK-C01843,Test Shopper 01843,+256714586829,shopper.lk1843@example.invalid,Jinja,2003-07-07,not_stated,2025-12-20
LK-C01844,Test Shopper 01844,+256714594748,shopper.lk1844@example.invalid,Mbarara,2004-08-08,female,2026-07-15
LK-C01845,Test Shopper 01845,+256714602667,shopper.lk1845@example.invalid,Kampala,2005-09-09,male,2026-07-15
LK-C01846,Test Shopper 01846,+256714610586,shopper.lk1846@example.invalid,Gulu,1965-10-10,female,2026-07-15
LK-C01847,Test Shopper 01847,+256714618505,shopper.lk1847@example.invalid,Jinja,1966-11-11,male,2026-07-15
LK-C01848,Test Shopper 01848,+256714626424,shopper.lk1848@example.invalid,Mbarara,1967-12-12,not_stated,2026-07-15
LK-C01849,Test Shopper 01849,+256714634343,shopper.lk1849@example.invalid,Kampala,1968-01-13,female,2025-12-20
LK-C01850,Test Shopper 01850,+256714642262,shopper.lk1850@example.invalid,Kampala,1969-02-14,male,2026-07-15
LK-C01851,Test Shopper 01851,+256714650181,shopper.lk1851@example.invalid,Jinja,1970-03-15,female,2026-07-15
LK-C01852,Test Shopper 01852,+256714658100,shopper.lk1852@example.invalid,Mbarara,1971-04-16,male,2026-07-15
LK-C01853,Test Shopper 01853,+256714666019,shopper.lk1853@example.invalid,Kampala,1972-05-17,not_stated,2026-07-15
LK-C01854,Test Shopper 01854,+256714673938,shopper.lk1854@example.invalid,Gulu,1973-06-18,female,2026-07-15
LK-C01855,Test Shopper 01855,+256714681857,shopper.lk1855@example.invalid,Jinja,1974-07-19,male,2025-12-20
LK-C01856,Test Shopper 01856,+256714689776,shopper.lk1856@example.invalid,Mbarara,1975-08-20,female,2026-07-15
LK-C01857,Test Shopper 01857,+256714697695,shopper.lk1857@example.invalid,Kampala,1976-09-21,male,2026-07-15
LK-C01858,Test Shopper 01858,+256714705614,shopper.lk1858@example.invalid,Kampala,1977-10-22,not_stated,2026-07-15
LK-C01859,Test Shopper 01859,+256714713533,shopper.lk1859@example.invalid,Jinja,1978-11-23,female,2026-07-15
LK-C01860,Test Shopper 01860,+256714721452,shopper.lk1860@example.invalid,Mbarara,1979-12-24,male,2026-07-15
LK-C01861,Test Shopper 01861,+256714729371,shopper.lk1861@example.invalid,Kampala,1980-01-25,female,2025-12-20
LK-C01862,Test Shopper 01862,+256714737290,shopper.lk1862@example.invalid,Gulu,1981-02-26,male,2026-07-15
LK-C01863,Test Shopper 01863,+256714745209,shopper.lk1863@example.invalid,Jinja,1982-03-27,not_stated,2026-07-15
LK-C01864,Test Shopper 01864,+256714753128,shopper.lk1864@example.invalid,Mbarara,1983-04-01,female,2026-07-15
LK-C01865,Test Shopper 01865,+256714761047,shopper.lk1865@example.invalid,Kampala,1984-05-02,male,2026-07-15
LK-C01866,Test Shopper 01866,+256714768966,shopper.lk1866@example.invalid,Kampala,1985-06-03,female,2026-07-15
LK-C01867,Test Shopper 01867,+256714776885,shopper.lk1867@example.invalid,Jinja,1986-07-04,male,2025-12-20
LK-C01868,Test Shopper 01868,+256714784804,shopper.lk1868@example.invalid,Mbarara,1987-08-05,not_stated,2026-07-15
LK-C01869,Test Shopper 01869,+256714792723,shopper.lk1869@example.invalid,Kampala,1988-09-06,female,2026-07-15
LK-C01870,Test Shopper 01870,+256714800642,shopper.lk1870@example.invalid,Gulu,1989-10-07,male,2026-07-15
LK-C01871,Test Shopper 01871,+256714808561,shopper.lk1871@example.invalid,Jinja,1990-11-08,female,2026-07-15
LK-C01872,Test Shopper 01872,+256714816480,shopper.lk1872@example.invalid,Mbarara,1991-12-09,male,2026-07-15
LK-C01873,Test Shopper 01873,+256714824399,shopper.lk1873@example.invalid,Kampala,1992-01-10,not_stated,2025-12-20
LK-C01874,Test Shopper 01874,+256714832318,shopper.lk1874@example.invalid,Kampala,1993-02-11,female,2026-07-15
LK-C01875,Test Shopper 01875,+256714840237,shopper.lk1875@example.invalid,Jinja,1994-03-12,male,2026-07-15
LK-C01876,Test Shopper 01876,+256714848156,shopper.lk1876@example.invalid,Mbarara,1995-04-13,female,2026-07-15
LK-C01877,Test Shopper 01877,+256714856075,shopper.lk1877@example.invalid,Kampala,1996-05-14,male,2026-07-15
LK-C01878,Test Shopper 01878,+256714863994,shopper.lk1878@example.invalid,Gulu,1997-06-15,not_stated,2026-07-15
LK-C01879,Test Shopper 01879,+256714871913,shopper.lk1879@example.invalid,Jinja,1998-07-16,female,2025-12-20
LK-C01880,Test Shopper 01880,+256714879832,shopper.lk1880@example.invalid,Mbarara,1999-08-17,male,2026-07-15
LK-C01881,Test Shopper 01881,+256714887751,shopper.lk1881@example.invalid,Kampala,2000-09-18,female,2026-07-15
LK-C01882,Test Shopper 01882,+256714895670,shopper.lk1882@example.invalid,Kampala,2001-10-19,male,2026-07-15
LK-C01883,Test Shopper 01883,+256714903589,shopper.lk1883@example.invalid,Jinja,2002-11-20,not_stated,2026-07-15
LK-C01884,Test Shopper 01884,+256714911508,shopper.lk1884@example.invalid,Mbarara,2003-12-21,female,2026-07-15
LK-C01885,Test Shopper 01885,+256714919427,shopper.lk1885@example.invalid,Kampala,2004-01-22,male,2025-12-20
LK-C01886,Test Shopper 01886,+256714927346,shopper.lk1886@example.invalid,Gulu,2005-02-23,female,2026-07-15
LK-C01887,Test Shopper 01887,+256714935265,shopper.lk1887@example.invalid,Jinja,1965-03-24,male,2026-07-15
LK-C01888,Test Shopper 01888,+256714943184,shopper.lk1888@example.invalid,Mbarara,1966-04-25,not_stated,2026-07-15
LK-C01889,Test Shopper 01889,+256714951103,shopper.lk1889@example.invalid,Kampala,1967-05-26,female,2026-07-15
LK-C01890,Test Shopper 01890,+256714959022,shopper.lk1890@example.invalid,Kampala,1968-06-27,male,2026-07-15
LK-C01891,Test Shopper 01891,+256714966941,shopper.lk1891@example.invalid,Jinja,1969-07-01,female,2025-12-20
LK-C01892,Test Shopper 01892,+256714974860,shopper.lk1892@example.invalid,Mbarara,1970-08-02,male,2026-07-15
LK-C01893,Test Shopper 01893,+256714982779,shopper.lk1893@example.invalid,Kampala,1971-09-03,not_stated,2026-07-15
LK-C01894,Test Shopper 01894,+256714990698,shopper.lk1894@example.invalid,Gulu,1972-10-04,female,2026-07-15
LK-C01895,Test Shopper 01895,+256714998617,shopper.lk1895@example.invalid,Jinja,1973-11-05,male,2026-07-15
LK-C01896,Test Shopper 01896,+256715006536,shopper.lk1896@example.invalid,Mbarara,1974-12-06,female,2026-07-15
LK-C01897,Test Shopper 01897,+256715014455,shopper.lk1897@example.invalid,Kampala,1975-01-07,male,2025-12-20
LK-C01898,Test Shopper 01898,+256715022374,shopper.lk1898@example.invalid,Kampala,1976-02-08,not_stated,2026-07-15
LK-C01899,Test Shopper 01899,+256715030293,shopper.lk1899@example.invalid,Jinja,1977-03-09,female,2026-07-15
LK-C01900,Test Shopper 01900,+256715038212,shopper.lk1900@example.invalid,Mbarara,1978-04-10,male,2026-07-15
LK-C01901,Test Shopper 01901,+256715046131,shopper.lk1901@example.invalid,Kampala,1979-05-11,female,2026-07-15
LK-C01902,Test Shopper 01902,+256715054050,shopper.lk1902@example.invalid,Gulu,1980-06-12,male,2026-07-15
LK-C01903,Test Shopper 01903,+256715061969,shopper.lk1903@example.invalid,Jinja,1981-07-13,not_stated,2025-12-20
LK-C01904,Test Shopper 01904,+256715069888,shopper.lk1904@example.invalid,Mbarara,1982-08-14,female,2026-07-15
LK-C01905,Test Shopper 01905,+256715077807,shopper.lk1905@example.invalid,Kampala,1983-09-15,male,2026-07-15
LK-C01906,Test Shopper 01906,+256715085726,shopper.lk1906@example.invalid,Kampala,1984-10-16,female,2026-07-15
LK-C01907,Test Shopper 01907,+256715093645,shopper.lk1907@example.invalid,Jinja,1985-11-17,male,2026-07-15
LK-C01908,Test Shopper 01908,+256715101564,shopper.lk1908@example.invalid,Mbarara,1986-12-18,not_stated,2026-07-15
LK-C01909,Test Shopper 01909,+256715109483,shopper.lk1909@example.invalid,Kampala,1987-01-19,female,2025-12-20
LK-C01910,Test Shopper 01910,+256715117402,shopper.lk1910@example.invalid,Gulu,1988-02-20,male,2026-07-15
LK-C01911,Test Shopper 01911,+256715125321,shopper.lk1911@example.invalid,Jinja,1989-03-21,female,2026-07-15
LK-C01912,Test Shopper 01912,+256715133240,shopper.lk1912@example.invalid,Mbarara,1990-04-22,male,2026-07-15
LK-C01913,Test Shopper 01913,+256715141159,shopper.lk1913@example.invalid,Kampala,1991-05-23,not_stated,2026-07-15
LK-C01914,Test Shopper 01914,+256715149078,shopper.lk1914@example.invalid,Kampala,1992-06-24,female,2026-07-15
LK-C01915,Test Shopper 01915,+256715156997,shopper.lk1915@example.invalid,Jinja,1993-07-25,male,2025-12-20
LK-C01916,Test Shopper 01916,+256715164916,shopper.lk1916@example.invalid,Mbarara,1994-08-26,female,2026-07-15
LK-C01917,Test Shopper 01917,+256715172835,shopper.lk1917@example.invalid,Kampala,1995-09-27,male,2026-07-15
LK-C01918,Test Shopper 01918,+256715180754,shopper.lk1918@example.invalid,Gulu,1996-10-01,not_stated,2026-07-15
LK-C01919,Test Shopper 01919,+256715188673,shopper.lk1919@example.invalid,Jinja,1997-11-02,female,2026-07-15
LK-C01920,Test Shopper 01920,+256715196592,shopper.lk1920@example.invalid,Mbarara,1998-12-03,male,2026-07-15
LK-C01921,Test Shopper 01921,+256715204511,shopper.lk1921@example.invalid,Kampala,1999-01-04,female,2025-12-20
LK-C01922,Test Shopper 01922,+256715212430,shopper.lk1922@example.invalid,Kampala,2000-02-05,male,2026-07-15
LK-C01923,Test Shopper 01923,+256715220349,shopper.lk1923@example.invalid,Jinja,2001-03-06,not_stated,2026-07-15
LK-C01924,Test Shopper 01924,+256715228268,shopper.lk1924@example.invalid,Mbarara,2002-04-07,female,2026-07-15
LK-C01925,Test Shopper 01925,+256715236187,shopper.lk1925@example.invalid,Kampala,2003-05-08,male,2026-07-15
LK-C01926,Test Shopper 01926,+256715244106,shopper.lk1926@example.invalid,Gulu,2004-06-09,female,2026-07-15
LK-C01927,Test Shopper 01927,+256715252025,shopper.lk1927@example.invalid,Jinja,2005-07-10,male,2025-12-20
LK-C01928,Test Shopper 01928,+256715259944,shopper.lk1928@example.invalid,Mbarara,1965-08-11,not_stated,2026-07-15
LK-C01929,Test Shopper 01929,+256715267863,shopper.lk1929@example.invalid,Kampala,1966-09-12,female,2026-07-15
LK-C01930,Test Shopper 01930,+256715275782,shopper.lk1930@example.invalid,Kampala,1967-10-13,male,2026-07-15
LK-C01931,Test Shopper 01931,+256715283701,shopper.lk1931@example.invalid,Jinja,1968-11-14,female,2026-07-15
LK-C01932,Test Shopper 01932,+256715291620,shopper.lk1932@example.invalid,Mbarara,1969-12-15,male,2026-07-15
LK-C01933,Test Shopper 01933,+256715299539,shopper.lk1933@example.invalid,Kampala,1970-01-16,not_stated,2025-12-20
LK-C01934,Test Shopper 01934,+256715307458,shopper.lk1934@example.invalid,Gulu,1971-02-17,female,2026-07-15
LK-C01935,Test Shopper 01935,+256715315377,shopper.lk1935@example.invalid,Jinja,1972-03-18,male,2026-07-15
LK-C01936,Test Shopper 01936,+256715323296,shopper.lk1936@example.invalid,Mbarara,1973-04-19,female,2026-07-15
LK-C01937,Test Shopper 01937,+256715331215,shopper.lk1937@example.invalid,Kampala,1974-05-20,male,2026-07-15
LK-C01938,Test Shopper 01938,+256715339134,shopper.lk1938@example.invalid,Kampala,1975-06-21,not_stated,2026-07-15
LK-C01939,Test Shopper 01939,+256715347053,shopper.lk1939@example.invalid,Jinja,1976-07-22,female,2025-12-20
LK-C01940,Test Shopper 01940,+256715354972,shopper.lk1940@example.invalid,Mbarara,1977-08-23,male,2026-07-15
LK-C01941,Test Shopper 01941,+256715362891,shopper.lk1941@example.invalid,Kampala,1978-09-24,female,2026-07-15
LK-C01942,Test Shopper 01942,+256715370810,shopper.lk1942@example.invalid,Gulu,1979-10-25,male,2026-07-15
LK-C01943,Test Shopper 01943,+256715378729,shopper.lk1943@example.invalid,Jinja,1980-11-26,not_stated,2026-07-15
LK-C01944,Test Shopper 01944,+256715386648,shopper.lk1944@example.invalid,Mbarara,1981-12-27,female,2026-07-15
LK-C01945,Test Shopper 01945,+256715394567,shopper.lk1945@example.invalid,Kampala,1982-01-01,male,2025-12-20
LK-C01946,Test Shopper 01946,+256715402486,shopper.lk1946@example.invalid,Kampala,1983-02-02,female,2026-07-15
LK-C01947,Test Shopper 01947,+256715410405,shopper.lk1947@example.invalid,Jinja,1984-03-03,male,2026-07-15
LK-C01948,Test Shopper 01948,+256715418324,shopper.lk1948@example.invalid,Mbarara,1985-04-04,not_stated,2026-07-15
LK-C01949,Test Shopper 01949,+256715426243,shopper.lk1949@example.invalid,Kampala,1986-05-05,female,2026-07-15
LK-C01950,Test Shopper 01950,+256715434162,shopper.lk1950@example.invalid,Gulu,1987-06-06,male,2026-07-15
LK-C01951,Test Shopper 01951,+256715442081,shopper.lk1951@example.invalid,Jinja,1988-07-07,female,2025-12-20
LK-C01952,Test Shopper 01952,+256715450000,shopper.lk1952@example.invalid,Mbarara,1989-08-08,male,2026-07-15
LK-C01953,Test Shopper 01953,+256715457919,shopper.lk1953@example.invalid,Kampala,1990-09-09,not_stated,2026-07-15
LK-C01954,Test Shopper 01954,+256715465838,shopper.lk1954@example.invalid,Kampala,1991-10-10,female,2026-07-15
LK-C01955,Test Shopper 01955,+256715473757,shopper.lk1955@example.invalid,Jinja,1992-11-11,male,2026-07-15
LK-C01956,Test Shopper 01956,+256715481676,shopper.lk1956@example.invalid,Mbarara,1993-12-12,female,2026-07-15
LK-C01957,Test Shopper 01957,+256715489595,shopper.lk1957@example.invalid,Kampala,1994-01-13,male,2025-12-20
LK-C01958,Test Shopper 01958,+256715497514,shopper.lk1958@example.invalid,Gulu,1995-02-14,not_stated,2026-07-15
LK-C01959,Test Shopper 01959,+256715505433,shopper.lk1959@example.invalid,Jinja,1996-03-15,female,2026-07-15
LK-C01960,Test Shopper 01960,+256715513352,shopper.lk1960@example.invalid,Mbarara,1997-04-16,male,2026-07-15
LK-C01961,Test Shopper 01961,+256715521271,shopper.lk1961@example.invalid,Kampala,1998-05-17,female,2026-07-15
LK-C01962,Test Shopper 01962,+256715529190,shopper.lk1962@example.invalid,Kampala,1999-06-18,male,2026-07-15
LK-C01963,Test Shopper 01963,+256715537109,shopper.lk1963@example.invalid,Jinja,2000-07-19,not_stated,2025-12-20
LK-C01964,Test Shopper 01964,+256715545028,shopper.lk1964@example.invalid,Mbarara,2001-08-20,female,2026-07-15
LK-C01965,Test Shopper 01965,+256715552947,shopper.lk1965@example.invalid,Kampala,2002-09-21,male,2026-07-15
LK-C01966,Test Shopper 01966,+256715560866,shopper.lk1966@example.invalid,Gulu,2003-10-22,female,2026-07-15
LK-C01967,Test Shopper 01967,+256715568785,shopper.lk1967@example.invalid,Jinja,2004-11-23,male,2026-07-15
LK-C01968,Test Shopper 01968,+256715576704,shopper.lk1968@example.invalid,Mbarara,2005-12-24,not_stated,2026-07-15
LK-C01969,Test Shopper 01969,+256715584623,shopper.lk1969@example.invalid,Kampala,1965-01-25,female,2025-12-20
LK-C01970,Test Shopper 01970,+256715592542,shopper.lk1970@example.invalid,Kampala,1966-02-26,male,2026-07-15
LK-C01971,Test Shopper 01971,+256715600461,shopper.lk1971@example.invalid,Jinja,1967-03-27,female,2026-07-15
LK-C01972,Test Shopper 01972,+256715608380,shopper.lk1972@example.invalid,Mbarara,1968-04-01,male,2026-07-15
LK-C01973,Test Shopper 01973,+256715616299,shopper.lk1973@example.invalid,Kampala,1969-05-02,not_stated,2026-07-15
LK-C01974,Test Shopper 01974,+256715624218,shopper.lk1974@example.invalid,Gulu,1970-06-03,female,2026-07-15
LK-C01975,Test Shopper 01975,+256715632137,shopper.lk1975@example.invalid,Jinja,1971-07-04,male,2025-12-20
LK-C01976,Test Shopper 01976,+256715640056,shopper.lk1976@example.invalid,Mbarara,1972-08-05,female,2026-07-15
LK-C01977,Test Shopper 01977,+256715647975,shopper.lk1977@example.invalid,Kampala,1973-09-06,male,2026-07-15
LK-C01978,Test Shopper 01978,+256715655894,shopper.lk1978@example.invalid,Kampala,1974-10-07,not_stated,2026-07-15
LK-C01979,Test Shopper 01979,+256715663813,shopper.lk1979@example.invalid,Jinja,1975-11-08,female,2026-07-15
LK-C01980,Test Shopper 01980,+256715671732,shopper.lk1980@example.invalid,Mbarara,1976-12-09,male,2026-07-15
LK-C01981,Test Shopper 01981,+256715679651,shopper.lk1981@example.invalid,Kampala,1977-01-10,female,2025-12-20
LK-C01982,Test Shopper 01982,+256715687570,shopper.lk1982@example.invalid,Gulu,1978-02-11,male,2026-07-15
LK-C01983,Test Shopper 01983,+256715695489,shopper.lk1983@example.invalid,Jinja,1979-03-12,not_stated,2026-07-15
LK-C01984,Test Shopper 01984,+256715703408,shopper.lk1984@example.invalid,Mbarara,1980-04-13,female,2026-07-15
LK-C01985,Test Shopper 01985,+256715711327,shopper.lk1985@example.invalid,Kampala,1981-05-14,male,2026-07-15
LK-C01986,Test Shopper 01986,+256715719246,shopper.lk1986@example.invalid,Kampala,1982-06-15,female,2026-07-15
LK-C01987,Test Shopper 01987,+256715727165,shopper.lk1987@example.invalid,Jinja,1983-07-16,male,2025-12-20
LK-C01988,Test Shopper 01988,+256715735084,shopper.lk1988@example.invalid,Mbarara,1984-08-17,not_stated,2026-07-15
LK-C01989,Test Shopper 01989,+256715743003,shopper.lk1989@example.invalid,Kampala,1985-09-18,female,2026-07-15
LK-C01990,Test Shopper 01990,+256715750922,shopper.lk1990@example.invalid,Gulu,1986-10-19,male,2026-07-15
LK-C01991,Test Shopper 01991,+256715758841,shopper.lk1991@example.invalid,Jinja,1987-11-20,female,2026-07-15
LK-C01992,Test Shopper 01992,+256715766760,shopper.lk1992@example.invalid,Mbarara,1988-12-21,male,2026-07-15
LK-C01993,Test Shopper 01993,+256715774679,shopper.lk1993@example.invalid,Kampala,1989-01-22,not_stated,2025-12-20
LK-C01994,Test Shopper 01994,+256715782598,shopper.lk1994@example.invalid,Kampala,1990-02-23,female,2026-07-15
LK-C01995,Test Shopper 01995,+256715790517,shopper.lk1995@example.invalid,Jinja,1991-03-24,male,2026-07-15
LK-C01996,Test Shopper 01996,+256715798436,shopper.lk1996@example.invalid,Mbarara,1992-04-25,female,2026-07-15
LK-C01997,Test Shopper 01997,+256715806355,shopper.lk1997@example.invalid,Kampala,1993-05-26,male,2026-07-15
LK-C01998,Test Shopper 01998,+256715814274,shopper.lk1998@example.invalid,Gulu,1994-06-27,not_stated,2026-07-15
LK-C01999,Test Shopper 01999,+256715822193,shopper.lk1999@example.invalid,Jinja,1995-07-01,female,2025-12-20
LK-C02000,Test Shopper 02000,+256715830112,shopper.lk2000@example.invalid,Mbarara,1996-08-02,male,2026-07-15
LK-C02001,Test Shopper 02001,+256715838031,shopper.lk2001@example.invalid,Kampala,1997-09-03,female,2026-07-15
LK-C02002,Test Shopper 02002,+256715845950,shopper.lk2002@example.invalid,Kampala,1998-10-04,male,2026-07-15
LK-C02003,Test Shopper 02003,+256715853869,shopper.lk2003@example.invalid,Jinja,1999-11-05,not_stated,2026-07-15
LK-C02004,Test Shopper 02004,+256715861788,shopper.lk2004@example.invalid,Mbarara,2000-12-06,female,2026-07-15
LK-C02005,Test Shopper 02005,+256715869707,shopper.lk2005@example.invalid,Kampala,2001-01-07,male,2025-12-20
LK-C02006,Test Shopper 02006,+256715877626,shopper.lk2006@example.invalid,Gulu,2002-02-08,female,2026-07-15
LK-C02007,Test Shopper 02007,+256715885545,shopper.lk2007@example.invalid,Jinja,2003-03-09,male,2026-07-15
LK-C02008,Test Shopper 02008,+256715893464,shopper.lk2008@example.invalid,Mbarara,2004-04-10,not_stated,2026-07-15
LK-C02009,Test Shopper 02009,+256715901383,shopper.lk2009@example.invalid,Kampala,2005-05-11,female,2026-07-15
LK-C02010,Test Shopper 02010,+256715909302,shopper.lk2010@example.invalid,Kampala,1965-06-12,male,2026-07-15
LK-C02011,Test Shopper 02011,+256715917221,shopper.lk2011@example.invalid,Jinja,1966-07-13,female,2025-12-20
LK-C02012,Test Shopper 02012,+256715925140,shopper.lk2012@example.invalid,Mbarara,1967-08-14,male,2026-07-15
LK-C02013,Test Shopper 02013,+256715933059,shopper.lk2013@example.invalid,Kampala,1968-09-15,not_stated,2026-07-15
LK-C02014,Test Shopper 02014,+256715940978,shopper.lk2014@example.invalid,Gulu,1969-10-16,female,2026-07-15
LK-C02015,Test Shopper 02015,+256715948897,shopper.lk2015@example.invalid,Jinja,1970-11-17,male,2026-07-15
LK-C02016,Test Shopper 02016,+256715956816,shopper.lk2016@example.invalid,Mbarara,1971-12-18,female,2026-07-15
LK-C02017,Test Shopper 02017,+256715964735,shopper.lk2017@example.invalid,Kampala,1972-01-19,male,2025-12-20
LK-C02018,Test Shopper 02018,+256715972654,shopper.lk2018@example.invalid,Kampala,1973-02-20,not_stated,2026-07-15
LK-C02019,Test Shopper 02019,+256715980573,shopper.lk2019@example.invalid,Jinja,1974-03-21,female,2026-07-15
LK-C02020,Test Shopper 02020,+256715988492,shopper.lk2020@example.invalid,Mbarara,1975-04-22,male,2026-07-15
LK-C02021,Test Shopper 02021,+256715996411,shopper.lk2021@example.invalid,Kampala,1976-05-23,female,2026-07-15
LK-C02022,Test Shopper 02022,+256716004330,shopper.lk2022@example.invalid,Gulu,1977-06-24,male,2026-07-15
LK-C02023,Test Shopper 02023,+256716012249,shopper.lk2023@example.invalid,Jinja,1978-07-25,not_stated,2025-12-20
LK-C02024,Test Shopper 02024,+256716020168,shopper.lk2024@example.invalid,Mbarara,1979-08-26,female,2026-07-15
LK-C02025,Test Shopper 02025,+256716028087,shopper.lk2025@example.invalid,Kampala,1980-09-27,male,2026-07-15
LK-C02026,Test Shopper 02026,+256716036006,shopper.lk2026@example.invalid,Kampala,1981-10-01,female,2026-07-15
LK-C02027,Test Shopper 02027,+256716043925,shopper.lk2027@example.invalid,Jinja,1982-11-02,male,2026-07-15
LK-C02028,Test Shopper 02028,+256716051844,shopper.lk2028@example.invalid,Mbarara,1983-12-03,not_stated,2026-07-15
LK-C02029,Test Shopper 02029,+256716059763,shopper.lk2029@example.invalid,Kampala,1984-01-04,female,2025-12-20
LK-C02030,Test Shopper 02030,+256716067682,shopper.lk2030@example.invalid,Gulu,1985-02-05,male,2026-07-15
LK-C02031,Test Shopper 02031,+256716075601,shopper.lk2031@example.invalid,Jinja,1986-03-06,female,2026-07-15
LK-C02032,Test Shopper 02032,+256716083520,shopper.lk2032@example.invalid,Mbarara,1987-04-07,male,2026-07-15
LK-C02033,Test Shopper 02033,+256716091439,shopper.lk2033@example.invalid,Kampala,1988-05-08,not_stated,2026-07-15
LK-C02034,Test Shopper 02034,+256716099358,shopper.lk2034@example.invalid,Kampala,1989-06-09,female,2026-07-15
LK-C02035,Test Shopper 02035,+256716107277,shopper.lk2035@example.invalid,Jinja,1990-07-10,male,2025-12-20
LK-C02036,Test Shopper 02036,+256716115196,shopper.lk2036@example.invalid,Mbarara,1991-08-11,female,2026-07-15
LK-C02037,Test Shopper 02037,+256716123115,shopper.lk2037@example.invalid,Kampala,1992-09-12,male,2026-07-15
LK-C02038,Test Shopper 02038,+256716131034,shopper.lk2038@example.invalid,Gulu,1993-10-13,not_stated,2026-07-15
LK-C02039,Test Shopper 02039,+256716138953,shopper.lk2039@example.invalid,Jinja,1994-11-14,female,2026-07-15
LK-C02040,Test Shopper 02040,+256716146872,shopper.lk2040@example.invalid,Mbarara,1995-12-15,male,2026-07-15
LK-C02041,Test Shopper 02041,+256716154791,shopper.lk2041@example.invalid,Kampala,1996-01-16,female,2025-12-20
LK-C02042,Test Shopper 02042,+256716162710,shopper.lk2042@example.invalid,Kampala,1997-02-17,male,2026-07-15
LK-C02043,Test Shopper 02043,+256716170629,shopper.lk2043@example.invalid,Jinja,1998-03-18,not_stated,2026-07-15
LK-C02044,Test Shopper 02044,+256716178548,shopper.lk2044@example.invalid,Mbarara,1999-04-19,female,2026-07-15
LK-C02045,Test Shopper 02045,+256716186467,shopper.lk2045@example.invalid,Kampala,2000-05-20,male,2026-07-15
LK-C02046,Test Shopper 02046,+256716194386,shopper.lk2046@example.invalid,Gulu,2001-06-21,female,2026-07-15
LK-C02047,Test Shopper 02047,+256716202305,shopper.lk2047@example.invalid,Jinja,2002-07-22,male,2025-12-20
LK-C02048,Test Shopper 02048,+256716210224,shopper.lk2048@example.invalid,Mbarara,2003-08-23,not_stated,2026-07-15
LK-C02049,Test Shopper 02049,+256716218143,shopper.lk2049@example.invalid,Kampala,2004-09-24,female,2026-07-15
LK-C02050,Test Shopper 02050,+256716226062,shopper.lk2050@example.invalid,Kampala,2005-10-25,male,2026-07-15
LK-C02051,Test Shopper 02051,+256716233981,shopper.lk2051@example.invalid,Jinja,1965-11-26,female,2026-07-15
LK-C02052,Test Shopper 02052,+256716241900,shopper.lk2052@example.invalid,Mbarara,1966-12-27,male,2026-07-15
LK-C02053,Test Shopper 02053,+256716249819,shopper.lk2053@example.invalid,Kampala,1967-01-01,not_stated,2025-12-20
LK-C02054,Test Shopper 02054,+256716257738,shopper.lk2054@example.invalid,Gulu,1968-02-02,female,2026-07-15
LK-C02055,Test Shopper 02055,+256716265657,shopper.lk2055@example.invalid,Jinja,1969-03-03,male,2026-07-15
LK-C02056,Test Shopper 02056,+256716273576,shopper.lk2056@example.invalid,Mbarara,1970-04-04,female,2026-07-15
LK-C02057,Test Shopper 02057,+256716281495,shopper.lk2057@example.invalid,Kampala,1971-05-05,male,2026-07-15
LK-C02058,Test Shopper 02058,+256716289414,shopper.lk2058@example.invalid,Kampala,1972-06-06,not_stated,2026-07-15
LK-C02059,Test Shopper 02059,+256716297333,shopper.lk2059@example.invalid,Jinja,1973-07-07,female,2025-12-20
LK-C02060,Test Shopper 02060,+256716305252,shopper.lk2060@example.invalid,Mbarara,1974-08-08,male,2026-07-15
LK-C02061,Test Shopper 02061,+256716313171,shopper.lk2061@example.invalid,Kampala,1975-09-09,female,2026-07-15
LK-C02062,Test Shopper 02062,+256716321090,shopper.lk2062@example.invalid,Gulu,1976-10-10,male,2026-07-15
LK-C02063,Test Shopper 02063,+256716329009,shopper.lk2063@example.invalid,Jinja,1977-11-11,not_stated,2026-07-15
LK-C02064,Test Shopper 02064,+256716336928,shopper.lk2064@example.invalid,Mbarara,1978-12-12,female,2026-07-15
LK-C02065,Test Shopper 02065,+256716344847,shopper.lk2065@example.invalid,Kampala,1979-01-13,male,2025-12-20
LK-C02066,Test Shopper 02066,+256716352766,shopper.lk2066@example.invalid,Kampala,1980-02-14,female,2026-07-15
LK-C02067,Test Shopper 02067,+256716360685,shopper.lk2067@example.invalid,Jinja,1981-03-15,male,2026-07-15
LK-C02068,Test Shopper 02068,+256716368604,shopper.lk2068@example.invalid,Mbarara,1982-04-16,not_stated,2026-07-15
LK-C02069,Test Shopper 02069,+256716376523,shopper.lk2069@example.invalid,Kampala,1983-05-17,female,2026-07-15
LK-C02070,Test Shopper 02070,+256716384442,shopper.lk2070@example.invalid,Gulu,1984-06-18,male,2026-07-15
LK-C02071,Test Shopper 02071,+256716392361,shopper.lk2071@example.invalid,Jinja,1985-07-19,female,2025-12-20
LK-C02072,Test Shopper 02072,+256716400280,shopper.lk2072@example.invalid,Mbarara,1986-08-20,male,2026-07-15
LK-C02073,Test Shopper 02073,+256716408199,shopper.lk2073@example.invalid,Kampala,1987-09-21,not_stated,2026-07-15
LK-C02074,Test Shopper 02074,+256716416118,shopper.lk2074@example.invalid,Kampala,1988-10-22,female,2026-07-15
LK-C02075,Test Shopper 02075,+256716424037,shopper.lk2075@example.invalid,Jinja,1989-11-23,male,2026-07-15
LK-C02076,Test Shopper 02076,+256716431956,shopper.lk2076@example.invalid,Mbarara,1990-12-24,female,2026-07-15
LK-C02077,Test Shopper 02077,+256716439875,shopper.lk2077@example.invalid,Kampala,1991-01-25,male,2025-12-20
LK-C02078,Test Shopper 02078,+256716447794,shopper.lk2078@example.invalid,Gulu,1992-02-26,not_stated,2026-07-15
LK-C02079,Test Shopper 02079,+256716455713,shopper.lk2079@example.invalid,Jinja,1993-03-27,female,2026-07-15
LK-C02080,Test Shopper 02080,+256716463632,shopper.lk2080@example.invalid,Mbarara,1994-04-01,male,2026-07-15
LK-C02081,Test Shopper 02081,+256716471551,shopper.lk2081@example.invalid,Kampala,1995-05-02,female,2026-07-15
LK-C02082,Test Shopper 02082,+256716479470,shopper.lk2082@example.invalid,Kampala,1996-06-03,male,2026-07-15
LK-C02083,Test Shopper 02083,+256716487389,shopper.lk2083@example.invalid,Jinja,1997-07-04,not_stated,2025-12-20
LK-C02084,Test Shopper 02084,+256716495308,shopper.lk2084@example.invalid,Mbarara,1998-08-05,female,2026-07-15
LK-C02085,Test Shopper 02085,+256716503227,shopper.lk2085@example.invalid,Kampala,1999-09-06,male,2026-07-15
LK-C02086,Test Shopper 02086,+256716511146,shopper.lk2086@example.invalid,Gulu,2000-10-07,female,2026-07-15
LK-C02087,Test Shopper 02087,+256716519065,shopper.lk2087@example.invalid,Jinja,2001-11-08,male,2026-07-15
LK-C02088,Test Shopper 02088,+256716526984,shopper.lk2088@example.invalid,Mbarara,2002-12-09,not_stated,2026-07-15
LK-C02089,Test Shopper 02089,+256716534903,shopper.lk2089@example.invalid,Kampala,2003-01-10,female,2025-12-20
LK-C02090,Test Shopper 02090,+256716542822,shopper.lk2090@example.invalid,Kampala,2004-02-11,male,2026-07-15
LK-C02091,Test Shopper 02091,+256716550741,shopper.lk2091@example.invalid,Jinja,2005-03-12,female,2026-07-15
LK-C02092,Test Shopper 02092,+256716558660,shopper.lk2092@example.invalid,Mbarara,1965-04-13,male,2026-07-15
LK-C02093,Test Shopper 02093,+256716566579,shopper.lk2093@example.invalid,Kampala,1966-05-14,not_stated,2026-07-15
LK-C02094,Test Shopper 02094,+256716574498,shopper.lk2094@example.invalid,Gulu,1967-06-15,female,2026-07-15
LK-C02095,Test Shopper 02095,+256716582417,shopper.lk2095@example.invalid,Jinja,1968-07-16,male,2025-12-20
LK-C02096,Test Shopper 02096,+256716590336,shopper.lk2096@example.invalid,Mbarara,1969-08-17,female,2026-07-15
LK-C02097,Test Shopper 02097,+256716598255,shopper.lk2097@example.invalid,Kampala,1970-09-18,male,2026-07-15
LK-C02098,Test Shopper 02098,+256716606174,shopper.lk2098@example.invalid,Kampala,1971-10-19,not_stated,2026-07-15
LK-C02099,Test Shopper 02099,+256716614093,shopper.lk2099@example.invalid,Jinja,1972-11-20,female,2026-07-15
LK-C02100,Test Shopper 02100,+256716622012,shopper.lk2100@example.invalid,Mbarara,1973-12-21,male,2026-07-15
LK-C02101,Test Shopper 02101,+256716629931,shopper.lk2101@example.invalid,Kampala,1974-01-22,female,2025-12-20
LK-C02102,Test Shopper 02102,+256716637850,shopper.lk2102@example.invalid,Gulu,1975-02-23,male,2026-07-15
LK-C02103,Test Shopper 02103,+256716645769,shopper.lk2103@example.invalid,Jinja,1976-03-24,not_stated,2026-07-15
LK-C02104,Test Shopper 02104,+256716653688,shopper.lk2104@example.invalid,Mbarara,1977-04-25,female,2026-07-15
LK-C02105,Test Shopper 02105,+256716661607,shopper.lk2105@example.invalid,Kampala,1978-05-26,male,2026-07-15
LK-C02106,Test Shopper 02106,+256716669526,shopper.lk2106@example.invalid,Kampala,1979-06-27,female,2026-07-15
LK-C02107,Test Shopper 02107,+256716677445,shopper.lk2107@example.invalid,Jinja,1980-07-01,male,2025-12-20
LK-C02108,Test Shopper 02108,+256716685364,shopper.lk2108@example.invalid,Mbarara,1981-08-02,not_stated,2026-07-15
LK-C02109,Test Shopper 02109,+256716693283,shopper.lk2109@example.invalid,Kampala,1982-09-03,female,2026-07-15
LK-C02110,Test Shopper 02110,+256716701202,shopper.lk2110@example.invalid,Gulu,1983-10-04,male,2026-07-15
LK-C02111,Test Shopper 02111,+256716709121,shopper.lk2111@example.invalid,Jinja,1984-11-05,female,2026-07-15
LK-C02112,Test Shopper 02112,+256716717040,shopper.lk2112@example.invalid,Mbarara,1985-12-06,male,2026-07-15
LK-C02113,Test Shopper 02113,+256716724959,shopper.lk2113@example.invalid,Kampala,1986-01-07,not_stated,2025-12-20
LK-C02114,Test Shopper 02114,+256716732878,shopper.lk2114@example.invalid,Kampala,1987-02-08,female,2026-07-15
LK-C02115,Test Shopper 02115,+256716740797,shopper.lk2115@example.invalid,Jinja,1988-03-09,male,2026-07-15
LK-C02116,Test Shopper 02116,+256716748716,shopper.lk2116@example.invalid,Mbarara,1989-04-10,female,2026-07-15
LK-C02117,Test Shopper 02117,+256716756635,shopper.lk2117@example.invalid,Kampala,1990-05-11,male,2026-07-15
LK-C02118,Test Shopper 02118,+256716764554,shopper.lk2118@example.invalid,Gulu,1991-06-12,not_stated,2026-07-15
LK-C02119,Test Shopper 02119,+256716772473,shopper.lk2119@example.invalid,Jinja,1992-07-13,female,2025-12-20
LK-C02120,Test Shopper 02120,+256716780392,shopper.lk2120@example.invalid,Mbarara,1993-08-14,male,2026-07-15
LK-C02121,Test Shopper 02121,+256716788311,shopper.lk2121@example.invalid,Kampala,1994-09-15,female,2026-07-15
LK-C02122,Test Shopper 02122,+256716796230,shopper.lk2122@example.invalid,Kampala,1995-10-16,male,2026-07-15
LK-C02123,Test Shopper 02123,+256716804149,shopper.lk2123@example.invalid,Jinja,1996-11-17,not_stated,2026-07-15
LK-C02124,Test Shopper 02124,+256716812068,shopper.lk2124@example.invalid,Mbarara,1997-12-18,female,2026-07-15
LK-C02125,Test Shopper 02125,+256716819987,shopper.lk2125@example.invalid,Kampala,1998-01-19,male,2025-12-20
LK-C02126,Test Shopper 02126,+256716827906,shopper.lk2126@example.invalid,Gulu,1999-02-20,female,2026-07-15
LK-C02127,Test Shopper 02127,+256716835825,shopper.lk2127@example.invalid,Jinja,2000-03-21,male,2026-07-15
LK-C02128,Test Shopper 02128,+256716843744,shopper.lk2128@example.invalid,Mbarara,2001-04-22,not_stated,2026-07-15
LK-C02129,Test Shopper 02129,+256716851663,shopper.lk2129@example.invalid,Kampala,2002-05-23,female,2026-07-15
LK-C02130,Test Shopper 02130,+256716859582,shopper.lk2130@example.invalid,Kampala,2003-06-24,male,2026-07-15
LK-C02131,Test Shopper 02131,+256716867501,shopper.lk2131@example.invalid,Jinja,2004-07-25,female,2025-12-20
LK-C02132,Test Shopper 02132,+256716875420,shopper.lk2132@example.invalid,Mbarara,2005-08-26,male,2026-07-15
LK-C02133,Test Shopper 02133,+256716883339,shopper.lk2133@example.invalid,Kampala,1965-09-27,not_stated,2026-07-15
LK-C02134,Test Shopper 02134,+256716891258,shopper.lk2134@example.invalid,Gulu,1966-10-01,female,2026-07-15
LK-C02135,Test Shopper 02135,+256716899177,shopper.lk2135@example.invalid,Jinja,1967-11-02,male,2026-07-15
LK-C02136,Test Shopper 02136,+256716907096,shopper.lk2136@example.invalid,Mbarara,1968-12-03,female,2026-07-15
LK-C02137,Test Shopper 02137,+256716915015,shopper.lk2137@example.invalid,Kampala,1969-01-04,male,2025-12-20
LK-C02138,Test Shopper 02138,+256716922934,shopper.lk2138@example.invalid,Kampala,1970-02-05,not_stated,2026-07-15
LK-C02139,Test Shopper 02139,+256716930853,shopper.lk2139@example.invalid,Jinja,1971-03-06,female,2026-07-15
LK-C02140,Test Shopper 02140,+256716938772,shopper.lk2140@example.invalid,Mbarara,1972-04-07,male,2026-07-15
LK-C02141,Test Shopper 02141,+256716946691,shopper.lk2141@example.invalid,Kampala,1973-05-08,female,2026-07-15
LK-C02142,Test Shopper 02142,+256716954610,shopper.lk2142@example.invalid,Gulu,1974-06-09,male,2026-07-15
LK-C02143,Test Shopper 02143,+256716962529,shopper.lk2143@example.invalid,Jinja,1975-07-10,not_stated,2025-12-20
LK-C02144,Test Shopper 02144,+256716970448,shopper.lk2144@example.invalid,Mbarara,1976-08-11,female,2026-07-15
LK-C02145,Test Shopper 02145,+256716978367,shopper.lk2145@example.invalid,Kampala,1977-09-12,male,2026-07-15
LK-C02146,Test Shopper 02146,+256716986286,shopper.lk2146@example.invalid,Kampala,1978-10-13,female,2026-07-15
LK-C02147,Test Shopper 02147,+256716994205,shopper.lk2147@example.invalid,Jinja,1979-11-14,male,2026-07-15
LK-C02148,Test Shopper 02148,+256717002124,shopper.lk2148@example.invalid,Mbarara,1980-12-15,not_stated,2026-07-15
LK-C02149,Test Shopper 02149,+256717010043,shopper.lk2149@example.invalid,Kampala,1981-01-16,female,2025-12-20
LK-C02150,Test Shopper 02150,+256717017962,shopper.lk2150@example.invalid,Gulu,1982-02-17,male,2026-07-15
LK-C02151,Test Shopper 02151,+256717025881,shopper.lk2151@example.invalid,Jinja,1983-03-18,female,2026-07-15
LK-C02152,Test Shopper 02152,+256717033800,shopper.lk2152@example.invalid,Mbarara,1984-04-19,male,2026-07-15
LK-C02153,Test Shopper 02153,+256717041719,shopper.lk2153@example.invalid,Kampala,1985-05-20,not_stated,2026-07-15
LK-C02154,Test Shopper 02154,+256717049638,shopper.lk2154@example.invalid,Kampala,1986-06-21,female,2026-07-15
LK-C02155,Test Shopper 02155,+256717057557,shopper.lk2155@example.invalid,Jinja,1987-07-22,male,2025-12-20
LK-C02156,Test Shopper 02156,+256717065476,shopper.lk2156@example.invalid,Mbarara,1988-08-23,female,2026-07-15
LK-C02157,Test Shopper 02157,+256717073395,shopper.lk2157@example.invalid,Kampala,1989-09-24,male,2026-07-15
LK-C02158,Test Shopper 02158,+256717081314,shopper.lk2158@example.invalid,Gulu,1990-10-25,not_stated,2026-07-15
LK-C02159,Test Shopper 02159,+256717089233,shopper.lk2159@example.invalid,Jinja,1991-11-26,female,2026-07-15
LK-C02160,Test Shopper 02160,+256717097152,shopper.lk2160@example.invalid,Mbarara,1992-12-27,male,2026-07-15
LK-C02161,Test Shopper 02161,+256717105071,shopper.lk2161@example.invalid,Kampala,1993-01-01,female,2025-12-20
LK-C02162,Test Shopper 02162,+256717112990,shopper.lk2162@example.invalid,Kampala,1994-02-02,male,2026-07-15
LK-C02163,Test Shopper 02163,+256717120909,shopper.lk2163@example.invalid,Jinja,1995-03-03,not_stated,2026-07-15
LK-C02164,Test Shopper 02164,+256717128828,shopper.lk2164@example.invalid,Mbarara,1996-04-04,female,2026-07-15
LK-C02165,Test Shopper 02165,+256717136747,shopper.lk2165@example.invalid,Kampala,1997-05-05,male,2026-07-15
LK-C02166,Test Shopper 02166,+256717144666,shopper.lk2166@example.invalid,Gulu,1998-06-06,female,2026-07-15
LK-C02167,Test Shopper 02167,+256717152585,shopper.lk2167@example.invalid,Jinja,1999-07-07,male,2025-12-20
LK-C02168,Test Shopper 02168,+256717160504,shopper.lk2168@example.invalid,Mbarara,2000-08-08,not_stated,2026-07-15
LK-C02169,Test Shopper 02169,+256717168423,shopper.lk2169@example.invalid,Kampala,2001-09-09,female,2026-07-15
LK-C02170,Test Shopper 02170,+256717176342,shopper.lk2170@example.invalid,Kampala,2002-10-10,male,2026-07-15
LK-C02171,Test Shopper 02171,+256717184261,shopper.lk2171@example.invalid,Jinja,2003-11-11,female,2026-07-15
LK-C02172,Test Shopper 02172,+256717192180,shopper.lk2172@example.invalid,Mbarara,2004-12-12,male,2026-07-15
LK-C02173,Test Shopper 02173,+256717200099,shopper.lk2173@example.invalid,Kampala,2005-01-13,not_stated,2025-12-20
LK-C02174,Test Shopper 02174,+256717208018,shopper.lk2174@example.invalid,Gulu,1965-02-14,female,2026-07-15
LK-C02175,Test Shopper 02175,+256717215937,shopper.lk2175@example.invalid,Jinja,1966-03-15,male,2026-07-15
LK-C02176,Test Shopper 02176,+256717223856,shopper.lk2176@example.invalid,Mbarara,1967-04-16,female,2026-07-15
LK-C02177,Test Shopper 02177,+256717231775,shopper.lk2177@example.invalid,Kampala,1968-05-17,male,2026-07-15
LK-C02178,Test Shopper 02178,+256717239694,shopper.lk2178@example.invalid,Kampala,1969-06-18,not_stated,2026-07-15
LK-C02179,Test Shopper 02179,+256717247613,shopper.lk2179@example.invalid,Jinja,1970-07-19,female,2025-12-20
LK-C02180,Test Shopper 02180,+256717255532,shopper.lk2180@example.invalid,Mbarara,1971-08-20,male,2026-07-15
LK-C02181,Test Shopper 02181,+256717263451,shopper.lk2181@example.invalid,Kampala,1972-09-21,female,2026-07-15
LK-C02182,Test Shopper 02182,+256717271370,shopper.lk2182@example.invalid,Gulu,1973-10-22,male,2026-07-15
LK-C02183,Test Shopper 02183,+256717279289,shopper.lk2183@example.invalid,Jinja,1974-11-23,not_stated,2026-07-15
LK-C02184,Test Shopper 02184,+256717287208,shopper.lk2184@example.invalid,Mbarara,1975-12-24,female,2026-07-15
LK-C02185,Test Shopper 02185,+256717295127,shopper.lk2185@example.invalid,Kampala,1976-01-25,male,2025-12-20
LK-C02186,Test Shopper 02186,+256717303046,shopper.lk2186@example.invalid,Kampala,1977-02-26,female,2026-07-15
LK-C02187,Test Shopper 02187,+256717310965,shopper.lk2187@example.invalid,Jinja,1978-03-27,male,2026-07-15
LK-C02188,Test Shopper 02188,+256717318884,shopper.lk2188@example.invalid,Mbarara,1979-04-01,not_stated,2026-07-15
LK-C02189,Test Shopper 02189,+256717326803,shopper.lk2189@example.invalid,Kampala,1980-05-02,female,2026-07-15
LK-C02190,Test Shopper 02190,+256717334722,shopper.lk2190@example.invalid,Gulu,1981-06-03,male,2026-07-15
LK-C02191,Test Shopper 02191,+256717342641,shopper.lk2191@example.invalid,Jinja,1982-07-04,female,2025-12-20
LK-C02192,Test Shopper 02192,+256717350560,shopper.lk2192@example.invalid,Mbarara,1983-08-05,male,2026-07-15
LK-C02193,Test Shopper 02193,+256717358479,shopper.lk2193@example.invalid,Kampala,1984-09-06,not_stated,2026-07-15
LK-C02194,Test Shopper 02194,+256717366398,shopper.lk2194@example.invalid,Kampala,1985-10-07,female,2026-07-15
LK-C02195,Test Shopper 02195,+256717374317,shopper.lk2195@example.invalid,Jinja,1986-11-08,male,2026-07-15
LK-C02196,Test Shopper 02196,+256717382236,shopper.lk2196@example.invalid,Mbarara,1987-12-09,female,2026-07-15
LK-C02197,Test Shopper 02197,+256717390155,shopper.lk2197@example.invalid,Kampala,1988-01-10,male,2025-12-20
LK-C02198,Test Shopper 02198,+256717398074,shopper.lk2198@example.invalid,Gulu,1989-02-11,not_stated,2026-07-15
LK-C02199,Test Shopper 02199,+256717405993,shopper.lk2199@example.invalid,Jinja,1990-03-12,female,2026-07-15
LK-C02200,Test Shopper 02200,+256717413912,shopper.lk2200@example.invalid,Mbarara,1991-04-13,male,2026-07-15
LK-C02201,Test Shopper 02201,+256717421831,shopper.lk2201@example.invalid,Kampala,1992-05-14,female,2026-07-15
LK-C02202,Test Shopper 02202,+256717429750,shopper.lk2202@example.invalid,Kampala,1993-06-15,male,2026-07-15
LK-C02203,Test Shopper 02203,+256717437669,shopper.lk2203@example.invalid,Jinja,1994-07-16,not_stated,2025-12-20
LK-C02204,Test Shopper 02204,+256717445588,shopper.lk2204@example.invalid,Mbarara,1995-08-17,female,2026-07-15
LK-C02205,Test Shopper 02205,+256717453507,shopper.lk2205@example.invalid,Kampala,1996-09-18,male,2026-07-15
LK-C02206,Test Shopper 02206,+256717461426,shopper.lk2206@example.invalid,Gulu,1997-10-19,female,2026-07-15
LK-C02207,Test Shopper 02207,+256717469345,shopper.lk2207@example.invalid,Jinja,1998-11-20,male,2026-07-15
LK-C02208,Test Shopper 02208,+256717477264,shopper.lk2208@example.invalid,Mbarara,1999-12-21,not_stated,2026-07-15
LK-C02209,Test Shopper 02209,+256717485183,shopper.lk2209@example.invalid,Kampala,2000-01-22,female,2025-12-20
LK-C02210,Test Shopper 02210,+256717493102,shopper.lk2210@example.invalid,Kampala,2001-02-23,male,2026-07-15
LK-C02211,Test Shopper 02211,+256717501021,shopper.lk2211@example.invalid,Jinja,2002-03-24,female,2026-07-15
LK-C02212,Test Shopper 02212,+256717508940,shopper.lk2212@example.invalid,Mbarara,2003-04-25,male,2026-07-15
LK-C02213,Test Shopper 02213,+256717516859,shopper.lk2213@example.invalid,Kampala,2004-05-26,not_stated,2026-07-15
LK-C02214,Test Shopper 02214,+256717524778,shopper.lk2214@example.invalid,Gulu,2005-06-27,female,2026-07-15
LK-C02215,Test Shopper 02215,+256717532697,shopper.lk2215@example.invalid,Jinja,1965-07-01,male,2025-12-20
LK-C02216,Test Shopper 02216,+256717540616,shopper.lk2216@example.invalid,Mbarara,1966-08-02,female,2026-07-15
LK-C02217,Test Shopper 02217,+256717548535,shopper.lk2217@example.invalid,Kampala,1967-09-03,male,2026-07-15
LK-C02218,Test Shopper 02218,+256717556454,shopper.lk2218@example.invalid,Kampala,1968-10-04,not_stated,2026-07-15
LK-C02219,Test Shopper 02219,+256717564373,shopper.lk2219@example.invalid,Jinja,1969-11-05,female,2026-07-15
LK-C02220,Test Shopper 02220,+256717572292,shopper.lk2220@example.invalid,Mbarara,1970-12-06,male,2026-07-15
LK-C02221,Test Shopper 02221,+256717580211,shopper.lk2221@example.invalid,Kampala,1971-01-07,female,2025-12-20
LK-C02222,Test Shopper 02222,+256717588130,shopper.lk2222@example.invalid,Gulu,1972-02-08,male,2026-07-15
LK-C02223,Test Shopper 02223,+256717596049,shopper.lk2223@example.invalid,Jinja,1973-03-09,not_stated,2026-07-15
LK-C02224,Test Shopper 02224,+256717603968,shopper.lk2224@example.invalid,Mbarara,1974-04-10,female,2026-07-15
LK-C02225,Test Shopper 02225,+256717611887,shopper.lk2225@example.invalid,Kampala,1975-05-11,male,2026-07-15
LK-C02226,Test Shopper 02226,+256717619806,shopper.lk2226@example.invalid,Kampala,1976-06-12,female,2026-07-15
LK-C02227,Test Shopper 02227,+256717627725,shopper.lk2227@example.invalid,Jinja,1977-07-13,male,2025-12-20
LK-C02228,Test Shopper 02228,+256717635644,shopper.lk2228@example.invalid,Mbarara,1978-08-14,not_stated,2026-07-15
LK-C02229,Test Shopper 02229,+256717643563,shopper.lk2229@example.invalid,Kampala,1979-09-15,female,2026-07-15
LK-C02230,Test Shopper 02230,+256717651482,shopper.lk2230@example.invalid,Gulu,1980-10-16,male,2026-07-15
LK-C02231,Test Shopper 02231,+256717659401,shopper.lk2231@example.invalid,Jinja,1981-11-17,female,2026-07-15
LK-C02232,Test Shopper 02232,+256717667320,shopper.lk2232@example.invalid,Mbarara,1982-12-18,male,2026-07-15
LK-C02233,Test Shopper 02233,+256717675239,shopper.lk2233@example.invalid,Kampala,1983-01-19,not_stated,2025-12-20
LK-C02234,Test Shopper 02234,+256717683158,shopper.lk2234@example.invalid,Kampala,1984-02-20,female,2026-07-15
LK-C02235,Test Shopper 02235,+256717691077,shopper.lk2235@example.invalid,Jinja,1985-03-21,male,2026-07-15
LK-C02236,Test Shopper 02236,+256717698996,shopper.lk2236@example.invalid,Mbarara,1986-04-22,female,2026-07-15
LK-C02237,Test Shopper 02237,+256717706915,shopper.lk2237@example.invalid,Kampala,1987-05-23,male,2026-07-15
LK-C02238,Test Shopper 02238,+256717714834,shopper.lk2238@example.invalid,Gulu,1988-06-24,not_stated,2026-07-15
LK-C02239,Test Shopper 02239,+256717722753,shopper.lk2239@example.invalid,Jinja,1989-07-25,female,2025-12-20
LK-C02240,Test Shopper 02240,+256717730672,shopper.lk2240@example.invalid,Mbarara,1990-08-26,male,2026-07-15
LK-C02241,Test Shopper 02241,+256717738591,shopper.lk2241@example.invalid,Kampala,1991-09-27,female,2026-07-15
LK-C02242,Test Shopper 02242,+256717746510,shopper.lk2242@example.invalid,Kampala,1992-10-01,male,2026-07-15
LK-C02243,Test Shopper 02243,+256717754429,shopper.lk2243@example.invalid,Jinja,1993-11-02,not_stated,2026-07-15
LK-C02244,Test Shopper 02244,+256717762348,shopper.lk2244@example.invalid,Mbarara,1994-12-03,female,2026-07-15
LK-C02245,Test Shopper 02245,+256717770267,shopper.lk2245@example.invalid,Kampala,1995-01-04,male,2025-12-20
LK-C02246,Test Shopper 02246,+256717778186,shopper.lk2246@example.invalid,Gulu,1996-02-05,female,2026-07-15
LK-C02247,Test Shopper 02247,+256717786105,shopper.lk2247@example.invalid,Jinja,1997-03-06,male,2026-07-15
LK-C02248,Test Shopper 02248,+256717794024,shopper.lk2248@example.invalid,Mbarara,1998-04-07,not_stated,2026-07-15
LK-C02249,Test Shopper 02249,+256717801943,shopper.lk2249@example.invalid,Kampala,1999-05-08,female,2026-07-15
LK-C02250,Test Shopper 02250,+256717809862,shopper.lk2250@example.invalid,Kampala,2000-06-09,male,2026-07-15
LK-C02251,Test Shopper 02251,+256717817781,shopper.lk2251@example.invalid,Jinja,2001-07-10,female,2025-12-20
LK-C02252,Test Shopper 02252,+256717825700,shopper.lk2252@example.invalid,Mbarara,2002-08-11,male,2026-07-15
LK-C02253,Test Shopper 02253,+256717833619,shopper.lk2253@example.invalid,Kampala,2003-09-12,not_stated,2026-07-15
LK-C02254,Test Shopper 02254,+256717841538,shopper.lk2254@example.invalid,Gulu,2004-10-13,female,2026-07-15
LK-C02255,Test Shopper 02255,+256717849457,shopper.lk2255@example.invalid,Jinja,2005-11-14,male,2026-07-15
LK-C02256,Test Shopper 02256,+256717857376,shopper.lk2256@example.invalid,Mbarara,1965-12-15,female,2026-07-15
LK-C02257,Test Shopper 02257,+256717865295,shopper.lk2257@example.invalid,Kampala,1966-01-16,male,2025-12-20
LK-C02258,Test Shopper 02258,+256717873214,shopper.lk2258@example.invalid,Kampala,1967-02-17,not_stated,2026-07-15
LK-C02259,Test Shopper 02259,+256717881133,shopper.lk2259@example.invalid,Jinja,1968-03-18,female,2026-07-15
LK-C02260,Test Shopper 02260,+256717889052,shopper.lk2260@example.invalid,Mbarara,1969-04-19,male,2026-07-15
LK-C02261,Test Shopper 02261,+256717896971,shopper.lk2261@example.invalid,Kampala,1970-05-20,female,2026-07-15
LK-C02262,Test Shopper 02262,+256717904890,shopper.lk2262@example.invalid,Gulu,1971-06-21,male,2026-07-15
LK-C02263,Test Shopper 02263,+256717912809,shopper.lk2263@example.invalid,Jinja,1972-07-22,not_stated,2025-12-20
LK-C02264,Test Shopper 02264,+256717920728,shopper.lk2264@example.invalid,Mbarara,1973-08-23,female,2026-07-15
LK-C02265,Test Shopper 02265,+256717928647,shopper.lk2265@example.invalid,Kampala,1974-09-24,male,2026-07-15
LK-C02266,Test Shopper 02266,+256717936566,shopper.lk2266@example.invalid,Kampala,1975-10-25,female,2026-07-15
LK-C02267,Test Shopper 02267,+256717944485,shopper.lk2267@example.invalid,Jinja,1976-11-26,male,2026-07-15
LK-C02268,Test Shopper 02268,+256717952404,shopper.lk2268@example.invalid,Mbarara,1977-12-27,not_stated,2026-07-15
LK-C02269,Test Shopper 02269,+256717960323,shopper.lk2269@example.invalid,Kampala,1978-01-01,female,2025-12-20
LK-C02270,Test Shopper 02270,+256717968242,shopper.lk2270@example.invalid,Gulu,1979-02-02,male,2026-07-15
LK-C02271,Test Shopper 02271,+256717976161,shopper.lk2271@example.invalid,Jinja,1980-03-03,female,2026-07-15
LK-C02272,Test Shopper 02272,+256717984080,shopper.lk2272@example.invalid,Mbarara,1981-04-04,male,2026-07-15
LK-C02273,Test Shopper 02273,+256717991999,shopper.lk2273@example.invalid,Kampala,1982-05-05,not_stated,2026-07-15
LK-C02274,Test Shopper 02274,+256717999918,shopper.lk2274@example.invalid,Kampala,1983-06-06,female,2026-07-15
LK-C02275,Test Shopper 02275,+256718007837,shopper.lk2275@example.invalid,Jinja,1984-07-07,male,2025-12-20
LK-C02276,Test Shopper 02276,+256718015756,shopper.lk2276@example.invalid,Mbarara,1985-08-08,female,2026-07-15
LK-C02277,Test Shopper 02277,+256718023675,shopper.lk2277@example.invalid,Kampala,1986-09-09,male,2026-07-15
LK-C02278,Test Shopper 02278,+256718031594,shopper.lk2278@example.invalid,Gulu,1987-10-10,not_stated,2026-07-15
LK-C02279,Test Shopper 02279,+256718039513,shopper.lk2279@example.invalid,Jinja,1988-11-11,female,2026-07-15
LK-C02280,Test Shopper 02280,+256718047432,shopper.lk2280@example.invalid,Mbarara,1989-12-12,male,2026-07-15
LK-C02281,Test Shopper 02281,+256718055351,shopper.lk2281@example.invalid,Kampala,1990-01-13,female,2025-12-20
LK-C02282,Test Shopper 02282,+256718063270,shopper.lk2282@example.invalid,Kampala,1991-02-14,male,2026-07-15
LK-C02283,Test Shopper 02283,+256718071189,shopper.lk2283@example.invalid,Jinja,1992-03-15,not_stated,2026-07-15
LK-C02284,Test Shopper 02284,+256718079108,shopper.lk2284@example.invalid,Mbarara,1993-04-16,female,2026-07-15
LK-C02285,Test Shopper 02285,+256718087027,shopper.lk2285@example.invalid,Kampala,1994-05-17,male,2026-07-15
LK-C02286,Test Shopper 02286,+256718094946,shopper.lk2286@example.invalid,Gulu,1995-06-18,female,2026-07-15
LK-C02287,Test Shopper 02287,+256718102865,shopper.lk2287@example.invalid,Jinja,1996-07-19,male,2025-12-20
LK-C02288,Test Shopper 02288,+256718110784,shopper.lk2288@example.invalid,Mbarara,1997-08-20,not_stated,2026-07-15
LK-C02289,Test Shopper 02289,+256718118703,shopper.lk2289@example.invalid,Kampala,1998-09-21,female,2026-07-15
LK-C02290,Test Shopper 02290,+256718126622,shopper.lk2290@example.invalid,Kampala,1999-10-22,male,2026-07-15
LK-C02291,Test Shopper 02291,+256718134541,shopper.lk2291@example.invalid,Jinja,2000-11-23,female,2026-07-15
LK-C02292,Test Shopper 02292,+256718142460,shopper.lk2292@example.invalid,Mbarara,2001-12-24,male,2026-07-15
LK-C02293,Test Shopper 02293,+256718150379,shopper.lk2293@example.invalid,Kampala,2002-01-25,not_stated,2025-12-20
LK-C02294,Test Shopper 02294,+256718158298,shopper.lk2294@example.invalid,Gulu,2003-02-26,female,2026-07-15
LK-C02295,Test Shopper 02295,+256718166217,shopper.lk2295@example.invalid,Jinja,2004-03-27,male,2026-07-15
LK-C02296,Test Shopper 02296,+256718174136,shopper.lk2296@example.invalid,Mbarara,2005-04-01,female,2026-07-15
LK-C02297,Test Shopper 02297,+256718182055,shopper.lk2297@example.invalid,Kampala,1965-05-02,male,2026-07-15
LK-C02298,Test Shopper 02298,+256718189974,shopper.lk2298@example.invalid,Kampala,1966-06-03,not_stated,2026-07-15
LK-C02299,Test Shopper 02299,+256718197893,shopper.lk2299@example.invalid,Jinja,1967-07-04,female,2025-12-20
LK-C02300,Test Shopper 02300,+256718205812,shopper.lk2300@example.invalid,Mbarara,1968-08-05,male,2026-07-15
LK-C02301,Test Shopper 02301,+256718213731,shopper.lk2301@example.invalid,Kampala,1969-09-06,female,2026-07-15
LK-C02302,Test Shopper 02302,+256718221650,shopper.lk2302@example.invalid,Gulu,1970-10-07,male,2026-07-15
LK-C02303,Test Shopper 02303,+256718229569,shopper.lk2303@example.invalid,Jinja,1971-11-08,not_stated,2026-07-15
LK-C02304,Test Shopper 02304,+256718237488,shopper.lk2304@example.invalid,Mbarara,1972-12-09,female,2026-07-15
LK-C02305,Test Shopper 02305,+256718245407,shopper.lk2305@example.invalid,Kampala,1973-01-10,male,2025-12-20
LK-C02306,Test Shopper 02306,+256718253326,shopper.lk2306@example.invalid,Kampala,1974-02-11,female,2026-07-15
LK-C02307,Test Shopper 02307,+256718261245,shopper.lk2307@example.invalid,Jinja,1975-03-12,male,2026-07-15
LK-C02308,Test Shopper 02308,+256718269164,shopper.lk2308@example.invalid,Mbarara,1976-04-13,not_stated,2026-07-15
LK-C02309,Test Shopper 02309,+256718277083,shopper.lk2309@example.invalid,Kampala,1977-05-14,female,2026-07-15
LK-C02310,Test Shopper 02310,+256718285002,shopper.lk2310@example.invalid,Gulu,1978-06-15,male,2026-07-15
LK-C02311,Test Shopper 02311,+256718292921,shopper.lk2311@example.invalid,Jinja,1979-07-16,female,2025-12-20
LK-C02312,Test Shopper 02312,+256718300840,shopper.lk2312@example.invalid,Mbarara,1980-08-17,male,2026-07-15
LK-C02313,Test Shopper 02313,+256718308759,shopper.lk2313@example.invalid,Kampala,1981-09-18,not_stated,2026-07-15
LK-C02314,Test Shopper 02314,+256718316678,shopper.lk2314@example.invalid,Kampala,1982-10-19,female,2026-07-15
LK-C02315,Test Shopper 02315,+256718324597,shopper.lk2315@example.invalid,Jinja,1983-11-20,male,2026-07-15
LK-C02316,Test Shopper 02316,+256718332516,shopper.lk2316@example.invalid,Mbarara,1984-12-21,female,2026-07-15
LK-C02317,Test Shopper 02317,+256718340435,shopper.lk2317@example.invalid,Kampala,1985-01-22,male,2025-12-20
LK-C02318,Test Shopper 02318,+256718348354,shopper.lk2318@example.invalid,Gulu,1986-02-23,not_stated,2026-07-15
LK-C02319,Test Shopper 02319,+256718356273,shopper.lk2319@example.invalid,Jinja,1987-03-24,female,2026-07-15
LK-C02320,Test Shopper 02320,+256718364192,shopper.lk2320@example.invalid,Mbarara,1988-04-25,male,2026-07-15
LK-C02321,Test Shopper 02321,+256718372111,shopper.lk2321@example.invalid,Kampala,1989-05-26,female,2026-07-15
LK-C02322,Test Shopper 02322,+256718380030,shopper.lk2322@example.invalid,Kampala,1990-06-27,male,2026-07-15
LK-C02323,Test Shopper 02323,+256718387949,shopper.lk2323@example.invalid,Jinja,1991-07-01,not_stated,2025-12-20
LK-C02324,Test Shopper 02324,+256718395868,shopper.lk2324@example.invalid,Mbarara,1992-08-02,female,2026-07-15
LK-C02325,Test Shopper 02325,+256718403787,shopper.lk2325@example.invalid,Kampala,1993-09-03,male,2026-07-15
LK-C02326,Test Shopper 02326,+256718411706,shopper.lk2326@example.invalid,Gulu,1994-10-04,female,2026-07-15
LK-C02327,Test Shopper 02327,+256718419625,shopper.lk2327@example.invalid,Jinja,1995-11-05,male,2026-07-15
LK-C02328,Test Shopper 02328,+256718427544,shopper.lk2328@example.invalid,Mbarara,1996-12-06,not_stated,2026-07-15
LK-C02329,Test Shopper 02329,+256718435463,shopper.lk2329@example.invalid,Kampala,1997-01-07,female,2025-12-20
LK-C02330,Test Shopper 02330,+256718443382,shopper.lk2330@example.invalid,Kampala,1998-02-08,male,2026-07-15
LK-C02331,Test Shopper 02331,+256718451301,shopper.lk2331@example.invalid,Jinja,1999-03-09,female,2026-07-15
LK-C02332,Test Shopper 02332,+256718459220,shopper.lk2332@example.invalid,Mbarara,2000-04-10,male,2026-07-15
LK-C02333,Test Shopper 02333,+256718467139,shopper.lk2333@example.invalid,Kampala,2001-05-11,not_stated,2026-07-15
LK-C02334,Test Shopper 02334,+256718475058,shopper.lk2334@example.invalid,Gulu,2002-06-12,female,2026-07-15
LK-C02335,Test Shopper 02335,+256718482977,shopper.lk2335@example.invalid,Jinja,2003-07-13,male,2025-12-20
LK-C02336,Test Shopper 02336,+256718490896,shopper.lk2336@example.invalid,Mbarara,2004-08-14,female,2026-07-15
LK-C02337,Test Shopper 02337,+256718498815,shopper.lk2337@example.invalid,Kampala,2005-09-15,male,2026-07-15
LK-C02338,Test Shopper 02338,+256718506734,shopper.lk2338@example.invalid,Kampala,1965-10-16,not_stated,2026-07-15
LK-C02339,Test Shopper 02339,+256718514653,shopper.lk2339@example.invalid,Jinja,1966-11-17,female,2026-07-15
LK-C02340,Test Shopper 02340,+256718522572,shopper.lk2340@example.invalid,Mbarara,1967-12-18,male,2026-07-15
LK-C02341,Test Shopper 02341,+256718530491,shopper.lk2341@example.invalid,Kampala,1968-01-19,female,2025-12-20
LK-C02342,Test Shopper 02342,+256718538410,shopper.lk2342@example.invalid,Gulu,1969-02-20,male,2026-07-15
LK-C02343,Test Shopper 02343,+256718546329,shopper.lk2343@example.invalid,Jinja,1970-03-21,not_stated,2026-07-15
LK-C02344,Test Shopper 02344,+256718554248,shopper.lk2344@example.invalid,Mbarara,1971-04-22,female,2026-07-15
LK-C02345,Test Shopper 02345,+256718562167,shopper.lk2345@example.invalid,Kampala,1972-05-23,male,2026-07-15
LK-C02346,Test Shopper 02346,+256718570086,shopper.lk2346@example.invalid,Kampala,1973-06-24,female,2026-07-15
LK-C02347,Test Shopper 02347,+256718578005,shopper.lk2347@example.invalid,Jinja,1974-07-25,male,2025-12-20
LK-C02348,Test Shopper 02348,+256718585924,shopper.lk2348@example.invalid,Mbarara,1975-08-26,not_stated,2026-07-15
LK-C02349,Test Shopper 02349,+256718593843,shopper.lk2349@example.invalid,Kampala,1976-09-27,female,2026-07-15
LK-C02350,Test Shopper 02350,+256718601762,shopper.lk2350@example.invalid,Gulu,1977-10-01,male,2026-07-15
LK-C02351,Test Shopper 02351,+256718609681,shopper.lk2351@example.invalid,Jinja,1978-11-02,female,2026-07-15
LK-C02352,Test Shopper 02352,+256718617600,shopper.lk2352@example.invalid,Mbarara,1979-12-03,male,2026-07-15
LK-C02353,Test Shopper 02353,+256718625519,shopper.lk2353@example.invalid,Kampala,1980-01-04,not_stated,2025-12-20
LK-C02354,Test Shopper 02354,+256718633438,shopper.lk2354@example.invalid,Kampala,1981-02-05,female,2026-07-15
LK-C02355,Test Shopper 02355,+256718641357,shopper.lk2355@example.invalid,Jinja,1982-03-06,male,2026-07-15
LK-C02356,Test Shopper 02356,+256718649276,shopper.lk2356@example.invalid,Mbarara,1983-04-07,female,2026-07-15
LK-C02357,Test Shopper 02357,+256718657195,shopper.lk2357@example.invalid,Kampala,1984-05-08,male,2026-07-15
LK-C02358,Test Shopper 02358,+256718665114,shopper.lk2358@example.invalid,Gulu,1985-06-09,not_stated,2026-07-15
LK-C02359,Test Shopper 02359,+256718673033,shopper.lk2359@example.invalid,Jinja,1986-07-10,female,2025-12-20
LK-C02360,Test Shopper 02360,+256718680952,shopper.lk2360@example.invalid,Mbarara,1987-08-11,male,2026-07-15
LK-C02361,Test Shopper 02361,+256718688871,shopper.lk2361@example.invalid,Kampala,1988-09-12,female,2026-07-15
LK-C02362,Test Shopper 02362,+256718696790,shopper.lk2362@example.invalid,Kampala,1989-10-13,male,2026-07-15
LK-C02363,Test Shopper 02363,+256718704709,shopper.lk2363@example.invalid,Jinja,1990-11-14,not_stated,2026-07-15
LK-C02364,Test Shopper 02364,+256718712628,shopper.lk2364@example.invalid,Mbarara,1991-12-15,female,2026-07-15
LK-C02365,Test Shopper 02365,+256718720547,shopper.lk2365@example.invalid,Kampala,1992-01-16,male,2025-12-20
LK-C02366,Test Shopper 02366,+256718728466,shopper.lk2366@example.invalid,Gulu,1993-02-17,female,2026-07-15
LK-C02367,Test Shopper 02367,+256718736385,shopper.lk2367@example.invalid,Jinja,1994-03-18,male,2026-07-15
LK-C02368,Test Shopper 02368,+256718744304,shopper.lk2368@example.invalid,Mbarara,1995-04-19,not_stated,2026-07-15
LK-C02369,Test Shopper 02369,+256718752223,shopper.lk2369@example.invalid,Kampala,1996-05-20,female,2026-07-15
LK-C02370,Test Shopper 02370,+256718760142,shopper.lk2370@example.invalid,Kampala,1997-06-21,male,2026-07-15
LK-C02371,Test Shopper 02371,+256718768061,shopper.lk2371@example.invalid,Jinja,1998-07-22,female,2025-12-20
LK-C02372,Test Shopper 02372,+256718775980,shopper.lk2372@example.invalid,Mbarara,1999-08-23,male,2026-07-15
LK-C02373,Test Shopper 02373,+256718783899,shopper.lk2373@example.invalid,Kampala,2000-09-24,not_stated,2026-07-15
LK-C02374,Test Shopper 02374,+256718791818,shopper.lk2374@example.invalid,Gulu,2001-10-25,female,2026-07-15
LK-C02375,Test Shopper 02375,+256718799737,shopper.lk2375@example.invalid,Jinja,2002-11-26,male,2026-07-15
LK-C02376,Test Shopper 02376,+256718807656,shopper.lk2376@example.invalid,Mbarara,2003-12-27,female,2026-07-15
LK-C02377,Test Shopper 02377,+256718815575,shopper.lk2377@example.invalid,Kampala,2004-01-01,male,2025-12-20
LK-C02378,Test Shopper 02378,+256718823494,shopper.lk2378@example.invalid,Kampala,2005-02-02,not_stated,2026-07-15
LK-C02379,Test Shopper 02379,+256718831413,shopper.lk2379@example.invalid,Jinja,1965-03-03,female,2026-07-15
LK-C02380,Test Shopper 02380,+256718839332,shopper.lk2380@example.invalid,Mbarara,1966-04-04,male,2026-07-15
LK-C02381,Test Shopper 02381,+256718847251,shopper.lk2381@example.invalid,Kampala,1967-05-05,female,2026-07-15
LK-C02382,Test Shopper 02382,+256718855170,shopper.lk2382@example.invalid,Gulu,1968-06-06,male,2026-07-15
LK-C02383,Test Shopper 02383,+256718863089,shopper.lk2383@example.invalid,Jinja,1969-07-07,not_stated,2025-12-20
LK-C02384,Test Shopper 02384,+256718871008,shopper.lk2384@example.invalid,Mbarara,1970-08-08,female,2026-07-15
LK-C02385,Test Shopper 02385,+256718878927,shopper.lk2385@example.invalid,Kampala,1971-09-09,male,2026-07-15
LK-C02386,Test Shopper 02386,+256718886846,shopper.lk2386@example.invalid,Kampala,1972-10-10,female,2026-07-15
LK-C02387,Test Shopper 02387,+256718894765,shopper.lk2387@example.invalid,Jinja,1973-11-11,male,2026-07-15
LK-C02388,Test Shopper 02388,+256718902684,shopper.lk2388@example.invalid,Mbarara,1974-12-12,not_stated,2026-07-15
LK-C02389,Test Shopper 02389,+256718910603,shopper.lk2389@example.invalid,Kampala,1975-01-13,female,2025-12-20
LK-C02390,Test Shopper 02390,+256718918522,shopper.lk2390@example.invalid,Gulu,1976-02-14,male,2026-07-15
LK-C02391,Test Shopper 02391,+256718926441,shopper.lk2391@example.invalid,Jinja,1977-03-15,female,2026-07-15
LK-C02392,Test Shopper 02392,+256718934360,shopper.lk2392@example.invalid,Mbarara,1978-04-16,male,2026-07-15
LK-C02393,Test Shopper 02393,+256718942279,shopper.lk2393@example.invalid,Kampala,1979-05-17,not_stated,2026-07-15
LK-C02394,Test Shopper 02394,+256718950198,shopper.lk2394@example.invalid,Kampala,1980-06-18,female,2026-07-15
LK-C02395,Test Shopper 02395,+256718958117,shopper.lk2395@example.invalid,Jinja,1981-07-19,male,2025-12-20
LK-C02396,Test Shopper 02396,+256718966036,shopper.lk2396@example.invalid,Mbarara,1982-08-20,female,2026-07-15
LK-C02397,Test Shopper 02397,+256718973955,shopper.lk2397@example.invalid,Kampala,1983-09-21,male,2026-07-15
LK-C02398,Test Shopper 02398,+256718981874,shopper.lk2398@example.invalid,Gulu,1984-10-22,not_stated,2026-07-15
LK-C02399,Test Shopper 02399,+256718989793,shopper.lk2399@example.invalid,Jinja,1985-11-23,female,2026-07-15
LK-C02400,Test Shopper 02400,+256718997712,shopper.lk2400@example.invalid,Mbarara,1986-12-24,male,2026-07-15
LK-C02401,Test Shopper 02401,+256719005631,shopper.lk2401@example.invalid,Kampala,1987-01-25,female,2025-12-20
LK-C02402,Test Shopper 02402,+256719013550,shopper.lk2402@example.invalid,Kampala,1988-02-26,male,2026-07-15
LK-C02403,Test Shopper 02403,+256719021469,shopper.lk2403@example.invalid,Jinja,1989-03-27,not_stated,2026-07-15
LK-C02404,Test Shopper 02404,+256719029388,shopper.lk2404@example.invalid,Mbarara,1990-04-01,female,2026-07-15
LK-C02405,Test Shopper 02405,+256719037307,shopper.lk2405@example.invalid,Kampala,1991-05-02,male,2026-07-15
LK-C02406,Test Shopper 02406,+256719045226,shopper.lk2406@example.invalid,Gulu,1992-06-03,female,2026-07-15
LK-C02407,Test Shopper 02407,+256719053145,shopper.lk2407@example.invalid,Jinja,1993-07-04,male,2025-12-20
LK-C02408,Test Shopper 02408,+256719061064,shopper.lk2408@example.invalid,Mbarara,1994-08-05,not_stated,2026-07-15
LK-C02409,Test Shopper 02409,+256719068983,shopper.lk2409@example.invalid,Kampala,1995-09-06,female,2026-07-15
LK-C02410,Test Shopper 02410,+256719076902,shopper.lk2410@example.invalid,Kampala,1996-10-07,male,2026-07-15
LK-C02411,Test Shopper 02411,+256719084821,shopper.lk2411@example.invalid,Jinja,1997-11-08,female,2026-07-15
LK-C02412,Test Shopper 02412,+256719092740,shopper.lk2412@example.invalid,Mbarara,1998-12-09,male,2026-07-15
LK-C02413,Test Shopper 02413,+256719100659,shopper.lk2413@example.invalid,Kampala,1999-01-10,not_stated,2025-12-20
LK-C02414,Test Shopper 02414,+256719108578,shopper.lk2414@example.invalid,Gulu,2000-02-11,female,2026-07-15
LK-C02415,Test Shopper 02415,+256719116497,shopper.lk2415@example.invalid,Jinja,2001-03-12,male,2026-07-15
LK-C02416,Test Shopper 02416,+256719124416,shopper.lk2416@example.invalid,Mbarara,2002-04-13,female,2026-07-15
LK-C02417,Test Shopper 02417,+256719132335,shopper.lk2417@example.invalid,Kampala,2003-05-14,male,2026-07-15
LK-C02418,Test Shopper 02418,+256719140254,shopper.lk2418@example.invalid,Kampala,2004-06-15,not_stated,2026-07-15
LK-C02419,Test Shopper 02419,+256719148173,shopper.lk2419@example.invalid,Jinja,2005-07-16,female,2025-12-20
LK-C02420,Test Shopper 02420,+256719156092,shopper.lk2420@example.invalid,Mbarara,1965-08-17,male,2026-07-15
LK-C02421,Test Shopper 02421,+256719164011,shopper.lk2421@example.invalid,Kampala,1966-09-18,female,2026-07-15
LK-C02422,Test Shopper 02422,+256719171930,shopper.lk2422@example.invalid,Gulu,1967-10-19,male,2026-07-15
LK-C02423,Test Shopper 02423,+256719179849,shopper.lk2423@example.invalid,Jinja,1968-11-20,not_stated,2026-07-15
LK-C02424,Test Shopper 02424,+256719187768,shopper.lk2424@example.invalid,Mbarara,1969-12-21,female,2026-07-15
LK-C02425,Test Shopper 02425,+256719195687,shopper.lk2425@example.invalid,Kampala,1970-01-22,male,2025-12-20
LK-C02426,Test Shopper 02426,+256719203606,shopper.lk2426@example.invalid,Kampala,1971-02-23,female,2026-07-15
LK-C02427,Test Shopper 02427,+256719211525,shopper.lk2427@example.invalid,Jinja,1972-03-24,male,2026-07-15
LK-C02428,Test Shopper 02428,+256719219444,shopper.lk2428@example.invalid,Mbarara,1973-04-25,not_stated,2026-07-15
LK-C02429,Test Shopper 02429,+256719227363,shopper.lk2429@example.invalid,Kampala,1974-05-26,female,2026-07-15
LK-C02430,Test Shopper 02430,+256719235282,shopper.lk2430@example.invalid,Gulu,1975-06-27,male,2026-07-15
LK-C02431,Test Shopper 02431,+256719243201,shopper.lk2431@example.invalid,Jinja,1976-07-01,female,2025-12-20
LK-C02432,Test Shopper 02432,+256719251120,shopper.lk2432@example.invalid,Mbarara,1977-08-02,male,2026-07-15
LK-C02433,Test Shopper 02433,+256719259039,shopper.lk2433@example.invalid,Kampala,1978-09-03,not_stated,2026-07-15
LK-C02434,Test Shopper 02434,+256719266958,shopper.lk2434@example.invalid,Kampala,1979-10-04,female,2026-07-15
LK-C02435,Test Shopper 02435,+256719274877,shopper.lk2435@example.invalid,Jinja,1980-11-05,male,2026-07-15
LK-C02436,Test Shopper 02436,+256719282796,shopper.lk2436@example.invalid,Mbarara,1981-12-06,female,2026-07-15
LK-C02437,Test Shopper 02437,+256719290715,shopper.lk2437@example.invalid,Kampala,1982-01-07,male,2025-12-20
LK-C02438,Test Shopper 02438,+256719298634,shopper.lk2438@example.invalid,Gulu,1983-02-08,not_stated,2026-07-15
LK-C02439,Test Shopper 02439,+256719306553,shopper.lk2439@example.invalid,Jinja,1984-03-09,female,2026-07-15
LK-C02440,Test Shopper 02440,+256719314472,shopper.lk2440@example.invalid,Mbarara,1985-04-10,male,2026-07-15
LK-C02441,Test Shopper 02441,+256719322391,shopper.lk2441@example.invalid,Kampala,1986-05-11,female,2026-07-15
LK-C02442,Test Shopper 02442,+256719330310,shopper.lk2442@example.invalid,Kampala,1987-06-12,male,2026-07-15
LK-C02443,Test Shopper 02443,+256719338229,shopper.lk2443@example.invalid,Jinja,1988-07-13,not_stated,2025-12-20
LK-C02444,Test Shopper 02444,+256719346148,shopper.lk2444@example.invalid,Mbarara,1989-08-14,female,2026-07-15
LK-C02445,Test Shopper 02445,+256719354067,shopper.lk2445@example.invalid,Kampala,1990-09-15,male,2026-07-15
LK-C02446,Test Shopper 02446,+256719361986,shopper.lk2446@example.invalid,Gulu,1991-10-16,female,2026-07-15
LK-C02447,Test Shopper 02447,+256719369905,shopper.lk2447@example.invalid,Jinja,1992-11-17,male,2026-07-15
LK-C02448,Test Shopper 02448,+256719377824,shopper.lk2448@example.invalid,Mbarara,1993-12-18,not_stated,2026-07-15
LK-C02449,Test Shopper 02449,+256719385743,shopper.lk2449@example.invalid,Kampala,1994-01-19,female,2025-12-20
LK-C02450,Test Shopper 02450,+256719393662,shopper.lk2450@example.invalid,Kampala,1995-02-20,male,2026-07-15
LK-C02451,Test Shopper 02451,+256719401581,shopper.lk2451@example.invalid,Jinja,1996-03-21,female,2026-07-15
LK-C02452,Test Shopper 02452,+256719409500,shopper.lk2452@example.invalid,Mbarara,1997-04-22,male,2026-07-15
LK-C02453,Test Shopper 02453,+256719417419,shopper.lk2453@example.invalid,Kampala,1998-05-23,not_stated,2026-07-15
LK-C02454,Test Shopper 02454,+256719425338,shopper.lk2454@example.invalid,Gulu,1999-06-24,female,2026-07-15
LK-C02455,Test Shopper 02455,+256719433257,shopper.lk2455@example.invalid,Jinja,2000-07-25,male,2025-12-20
LK-C02456,Test Shopper 02456,+256719441176,shopper.lk2456@example.invalid,Mbarara,2001-08-26,female,2026-07-15
LK-C02457,Test Shopper 02457,+256719449095,shopper.lk2457@example.invalid,Kampala,2002-09-27,male,2026-07-15
LK-C02458,Test Shopper 02458,+256719457014,shopper.lk2458@example.invalid,Kampala,2003-10-01,not_stated,2026-07-15
LK-C02459,Test Shopper 02459,+256719464933,shopper.lk2459@example.invalid,Jinja,2004-11-02,female,2026-07-15
LK-C02460,Test Shopper 02460,+256719472852,shopper.lk2460@example.invalid,Mbarara,2005-12-03,male,2026-07-15
LK-C02461,Test Shopper 02461,+256719480771,shopper.lk2461@example.invalid,Kampala,1965-01-04,female,2025-12-20
LK-C02462,Test Shopper 02462,+256719488690,shopper.lk2462@example.invalid,Gulu,1966-02-05,male,2026-07-15
LK-C02463,Test Shopper 02463,+256719496609,shopper.lk2463@example.invalid,Jinja,1967-03-06,not_stated,2026-07-15
LK-C02464,Test Shopper 02464,+256719504528,shopper.lk2464@example.invalid,Mbarara,1968-04-07,female,2026-07-15
LK-C02465,Test Shopper 02465,+256719512447,shopper.lk2465@example.invalid,Kampala,1969-05-08,male,2026-07-15
LK-C02466,Test Shopper 02466,+256719520366,shopper.lk2466@example.invalid,Kampala,1970-06-09,female,2026-07-15
LK-C02467,Test Shopper 02467,+256719528285,shopper.lk2467@example.invalid,Jinja,1971-07-10,male,2025-12-20
LK-C02468,Test Shopper 02468,+256719536204,shopper.lk2468@example.invalid,Mbarara,1972-08-11,not_stated,2026-07-15
LK-C02469,Test Shopper 02469,+256719544123,shopper.lk2469@example.invalid,Kampala,1973-09-12,female,2026-07-15
LK-C02470,Test Shopper 02470,+256719552042,shopper.lk2470@example.invalid,Gulu,1974-10-13,male,2026-07-15
LK-C02471,Test Shopper 02471,+256719559961,shopper.lk2471@example.invalid,Jinja,1975-11-14,female,2026-07-15
LK-C02472,Test Shopper 02472,+256719567880,shopper.lk2472@example.invalid,Mbarara,1976-12-15,male,2026-07-15
LK-C02473,Test Shopper 02473,+256719575799,shopper.lk2473@example.invalid,Kampala,1977-01-16,not_stated,2025-12-20
LK-C02474,Test Shopper 02474,+256719583718,shopper.lk2474@example.invalid,Kampala,1978-02-17,female,2026-07-15
LK-C02475,Test Shopper 02475,+256719591637,shopper.lk2475@example.invalid,Jinja,1979-03-18,male,2026-07-15
LK-C02476,Test Shopper 02476,+256719599556,shopper.lk2476@example.invalid,Mbarara,1980-04-19,female,2026-07-15
LK-C02477,Test Shopper 02477,+256719607475,shopper.lk2477@example.invalid,Kampala,1981-05-20,male,2026-07-15
LK-C02478,Test Shopper 02478,+256719615394,shopper.lk2478@example.invalid,Gulu,1982-06-21,not_stated,2026-07-15
LK-C02479,Test Shopper 02479,+256719623313,shopper.lk2479@example.invalid,Jinja,1983-07-22,female,2025-12-20
LK-C02480,Test Shopper 02480,+256719631232,shopper.lk2480@example.invalid,Mbarara,1984-08-23,male,2026-07-15
LK-C02481,Test Shopper 02481,+256719639151,shopper.lk2481@example.invalid,Kampala,1985-09-24,female,2026-07-15
LK-C02482,Test Shopper 02482,+256719647070,shopper.lk2482@example.invalid,Kampala,1986-10-25,male,2026-07-15
LK-C02483,Test Shopper 02483,+256719654989,shopper.lk2483@example.invalid,Jinja,1987-11-26,not_stated,2026-07-15
LK-C02484,Test Shopper 02484,+256719662908,shopper.lk2484@example.invalid,Mbarara,1988-12-27,female,2026-07-15
LK-C02485,Test Shopper 02485,+256719670827,shopper.lk2485@example.invalid,Kampala,1989-01-01,male,2025-12-20
LK-C02486,Test Shopper 02486,+256719678746,shopper.lk2486@example.invalid,Gulu,1990-02-02,female,2026-07-15
LK-C02487,Test Shopper 02487,+256719686665,shopper.lk2487@example.invalid,Jinja,1991-03-03,male,2026-07-15
LK-C02488,Test Shopper 02488,+256719694584,shopper.lk2488@example.invalid,Mbarara,1992-04-04,not_stated,2026-07-15
LK-C02489,Test Shopper 02489,+256719702503,shopper.lk2489@example.invalid,Kampala,1993-05-05,female,2026-07-15
LK-C02490,Test Shopper 02490,+256719710422,shopper.lk2490@example.invalid,Kampala,1994-06-06,male,2026-07-15
LK-C02491,Test Shopper 02491,+256719718341,shopper.lk2491@example.invalid,Jinja,1995-07-07,female,2025-12-20
LK-C02492,Test Shopper 02492,+256719726260,shopper.lk2492@example.invalid,Mbarara,1996-08-08,male,2026-07-15
LK-C02493,Test Shopper 02493,+256719734179,shopper.lk2493@example.invalid,Kampala,1997-09-09,not_stated,2026-07-15
LK-C02494,Test Shopper 02494,+256719742098,shopper.lk2494@example.invalid,Gulu,1998-10-10,female,2026-07-15
LK-C02495,Test Shopper 02495,+256719750017,shopper.lk2495@example.invalid,Jinja,1999-11-11,male,2026-07-15
LK-C02496,Test Shopper 02496,+256719757936,shopper.lk2496@example.invalid,Mbarara,2000-12-12,female,2026-07-15
LK-C02497,Test Shopper 02497,+256719765855,shopper.lk2497@example.invalid,Kampala,2001-01-13,male,2025-12-20
LK-C02498,Test Shopper 02498,+256719773774,shopper.lk2498@example.invalid,Kampala,2002-02-14,not_stated,2026-07-15
LK-C02499,Test Shopper 02499,+256719781693,shopper.lk2499@example.invalid,Jinja,2003-03-15,female,2026-07-15
LK-C02500,Test Shopper 02500,+256719789612,shopper.lk2500@example.invalid,Mbarara,2004-04-16,male,2026-07-15
LK-C02501,Test Shopper 02501,+256719797531,shopper.lk2501@example.invalid,Kampala,2005-05-17,female,2026-07-15
LK-C02502,Test Shopper 02502,+256719805450,shopper.lk2502@example.invalid,Gulu,1965-06-18,male,2026-07-15
LK-C02503,Test Shopper 02503,+256719813369,shopper.lk2503@example.invalid,Jinja,1966-07-19,not_stated,2025-12-20
LK-C02504,Test Shopper 02504,+256719821288,shopper.lk2504@example.invalid,Mbarara,1967-08-20,female,2026-07-15
LK-C02505,Test Shopper 02505,+256719829207,shopper.lk2505@example.invalid,Kampala,1968-09-21,male,2026-07-15
LK-C02506,Test Shopper 02506,+256719837126,shopper.lk2506@example.invalid,Kampala,1969-10-22,female,2026-07-15
LK-C02507,Test Shopper 02507,+256719845045,shopper.lk2507@example.invalid,Jinja,1970-11-23,male,2026-07-15
LK-C02508,Test Shopper 02508,+256719852964,shopper.lk2508@example.invalid,Mbarara,1971-12-24,not_stated,2026-07-15
LK-C02509,Test Shopper 02509,+256719860883,shopper.lk2509@example.invalid,Kampala,1972-01-25,female,2025-12-20
LK-C02510,Test Shopper 02510,+256719868802,shopper.lk2510@example.invalid,Gulu,1973-02-26,male,2026-07-15
LK-C02511,Test Shopper 02511,+256719876721,shopper.lk2511@example.invalid,Jinja,1974-03-27,female,2026-07-15
LK-C02512,Test Shopper 02512,+256719884640,shopper.lk2512@example.invalid,Mbarara,1975-04-01,male,2026-07-15
LK-C02513,Test Shopper 02513,+256719892559,shopper.lk2513@example.invalid,Kampala,1976-05-02,not_stated,2026-07-15
LK-C02514,Test Shopper 02514,+256719900478,shopper.lk2514@example.invalid,Kampala,1977-06-03,female,2026-07-15
LK-C02515,Test Shopper 02515,+256719908397,shopper.lk2515@example.invalid,Jinja,1978-07-04,male,2025-12-20
LK-C02516,Test Shopper 02516,+256719916316,shopper.lk2516@example.invalid,Mbarara,1979-08-05,female,2026-07-15
LK-C02517,Test Shopper 02517,+256719924235,shopper.lk2517@example.invalid,Kampala,1980-09-06,male,2026-07-15
LK-C02518,Test Shopper 02518,+256719932154,shopper.lk2518@example.invalid,Gulu,1981-10-07,not_stated,2026-07-15
LK-C02519,Test Shopper 02519,+256719940073,shopper.lk2519@example.invalid,Jinja,1982-11-08,female,2026-07-15
LK-C02520,Test Shopper 02520,+256719947992,shopper.lk2520@example.invalid,Mbarara,1983-12-09,male,2026-07-15
LK-C02521,Test Shopper 02521,+256719955911,shopper.lk2521@example.invalid,Kampala,1984-01-10,female,2025-12-20
LK-C02522,Test Shopper 02522,+256719963830,shopper.lk2522@example.invalid,Kampala,1985-02-11,male,2026-07-15
LK-C02523,Test Shopper 02523,+256719971749,shopper.lk2523@example.invalid,Jinja,1986-03-12,not_stated,2026-07-15
LK-C02524,Test Shopper 02524,+256719979668,shopper.lk2524@example.invalid,Mbarara,1987-04-13,female,2026-07-15
LK-C02525,Test Shopper 02525,+256719987587,shopper.lk2525@example.invalid,Kampala,1988-05-14,male,2026-07-15
LK-C02526,Test Shopper 02526,+256719995506,shopper.lk2526@example.invalid,Gulu,1989-06-15,female,2026-07-15
LK-C02527,Test Shopper 02527,+256720003425,shopper.lk2527@example.invalid,Jinja,1990-07-16,male,2025-12-20
LK-C02528,Test Shopper 02528,+256720011344,shopper.lk2528@example.invalid,Mbarara,1991-08-17,not_stated,2026-07-15
LK-C02529,Test Shopper 02529,+256720019263,shopper.lk2529@example.invalid,Kampala,1992-09-18,female,2026-07-15
LK-C02530,Test Shopper 02530,+256720027182,shopper.lk2530@example.invalid,Kampala,1993-10-19,male,2026-07-15
LK-C02531,Test Shopper 02531,+256720035101,shopper.lk2531@example.invalid,Jinja,1994-11-20,female,2026-07-15
LK-C02532,Test Shopper 02532,+256720043020,shopper.lk2532@example.invalid,Mbarara,1995-12-21,male,2026-07-15
LK-C02533,Test Shopper 02533,+256720050939,shopper.lk2533@example.invalid,Kampala,1996-01-22,not_stated,2025-12-20
LK-C02534,Test Shopper 02534,+256720058858,shopper.lk2534@example.invalid,Gulu,1997-02-23,female,2026-07-15
LK-C02535,Test Shopper 02535,+256720066777,shopper.lk2535@example.invalid,Jinja,1998-03-24,male,2026-07-15
LK-C02536,Test Shopper 02536,+256720074696,shopper.lk2536@example.invalid,Mbarara,1999-04-25,female,2026-07-15
LK-C02537,Test Shopper 02537,+256720082615,shopper.lk2537@example.invalid,Kampala,2000-05-26,male,2026-07-15
LK-C02538,Test Shopper 02538,+256720090534,shopper.lk2538@example.invalid,Kampala,2001-06-27,not_stated,2026-07-15
LK-C02539,Test Shopper 02539,+256720098453,shopper.lk2539@example.invalid,Jinja,2002-07-01,female,2025-12-20
LK-C02540,Test Shopper 02540,+256720106372,shopper.lk2540@example.invalid,Mbarara,2003-08-02,male,2026-07-15
LK-C02541,Test Shopper 02541,+256720114291,shopper.lk2541@example.invalid,Kampala,2004-09-03,female,2026-07-15
LK-C02542,Test Shopper 02542,+256720122210,shopper.lk2542@example.invalid,Gulu,2005-10-04,male,2026-07-15
LK-C02543,Test Shopper 02543,+256720130129,shopper.lk2543@example.invalid,Jinja,1965-11-05,not_stated,2026-07-15
LK-C02544,Test Shopper 02544,+256720138048,shopper.lk2544@example.invalid,Mbarara,1966-12-06,female,2026-07-15
LK-C02545,Test Shopper 02545,+256720145967,shopper.lk2545@example.invalid,Kampala,1967-01-07,male,2025-12-20
LK-C02546,Test Shopper 02546,+256720153886,shopper.lk2546@example.invalid,Kampala,1968-02-08,female,2026-07-15
LK-C02547,Test Shopper 02547,+256720161805,shopper.lk2547@example.invalid,Jinja,1969-03-09,male,2026-07-15
LK-C02548,Test Shopper 02548,+256720169724,shopper.lk2548@example.invalid,Mbarara,1970-04-10,not_stated,2026-07-15
LK-C02549,Test Shopper 02549,+256720177643,shopper.lk2549@example.invalid,Kampala,1971-05-11,female,2026-07-15
LK-C02550,Test Shopper 02550,+256720185562,shopper.lk2550@example.invalid,Gulu,1972-06-12,male,2026-07-15
LK-C02551,Test Shopper 02551,+256720193481,shopper.lk2551@example.invalid,Jinja,1973-07-13,female,2025-12-20
LK-C02552,Test Shopper 02552,+256720201400,shopper.lk2552@example.invalid,Mbarara,1974-08-14,male,2026-07-15
LK-C02553,Test Shopper 02553,+256720209319,shopper.lk2553@example.invalid,Kampala,1975-09-15,not_stated,2026-07-15
LK-C02554,Test Shopper 02554,+256720217238,shopper.lk2554@example.invalid,Kampala,1976-10-16,female,2026-07-15
LK-C02555,Test Shopper 02555,+256720225157,shopper.lk2555@example.invalid,Jinja,1977-11-17,male,2026-07-15
LK-C02556,Test Shopper 02556,+256720233076,shopper.lk2556@example.invalid,Mbarara,1978-12-18,female,2026-07-15
LK-C02557,Test Shopper 02557,+256720240995,shopper.lk2557@example.invalid,Kampala,1979-01-19,male,2025-12-20
LK-C02558,Test Shopper 02558,+256720248914,shopper.lk2558@example.invalid,Gulu,1980-02-20,not_stated,2026-07-15
LK-C02559,Test Shopper 02559,+256720256833,shopper.lk2559@example.invalid,Jinja,1981-03-21,female,2026-07-15
LK-C02560,Test Shopper 02560,+256720264752,shopper.lk2560@example.invalid,Mbarara,1982-04-22,male,2026-07-15
LK-C02561,Test Shopper 02561,+256720272671,shopper.lk2561@example.invalid,Kampala,1983-05-23,female,2026-07-15
LK-C02562,Test Shopper 02562,+256720280590,shopper.lk2562@example.invalid,Kampala,1984-06-24,male,2026-07-15
LK-C02563,Test Shopper 02563,+256720288509,shopper.lk2563@example.invalid,Jinja,1985-07-25,not_stated,2025-12-20
LK-C02564,Test Shopper 02564,+256720296428,shopper.lk2564@example.invalid,Mbarara,1986-08-26,female,2026-07-15
LK-C02565,Test Shopper 02565,+256720304347,shopper.lk2565@example.invalid,Kampala,1987-09-27,male,2026-07-15
LK-C02566,Test Shopper 02566,+256720312266,shopper.lk2566@example.invalid,Gulu,1988-10-01,female,2026-07-15
LK-C02567,Test Shopper 02567,+256720320185,shopper.lk2567@example.invalid,Jinja,1989-11-02,male,2026-07-15
LK-C02568,Test Shopper 02568,+256720328104,shopper.lk2568@example.invalid,Mbarara,1990-12-03,not_stated,2026-07-15
LK-C02569,Test Shopper 02569,+256720336023,shopper.lk2569@example.invalid,Kampala,1991-01-04,female,2025-12-20
LK-C02570,Test Shopper 02570,+256720343942,shopper.lk2570@example.invalid,Kampala,1992-02-05,male,2026-07-15
LK-C02571,Test Shopper 02571,+256720351861,shopper.lk2571@example.invalid,Jinja,1993-03-06,female,2026-07-15
LK-C02572,Test Shopper 02572,+256720359780,shopper.lk2572@example.invalid,Mbarara,1994-04-07,male,2026-07-15
LK-C02573,Test Shopper 02573,+256720367699,shopper.lk2573@example.invalid,Kampala,1995-05-08,not_stated,2026-07-15
LK-C02574,Test Shopper 02574,+256720375618,shopper.lk2574@example.invalid,Gulu,1996-06-09,female,2026-07-15
LK-C02575,Test Shopper 02575,+256720383537,shopper.lk2575@example.invalid,Jinja,1997-07-10,male,2025-12-20
LK-C02576,Test Shopper 02576,+256720391456,shopper.lk2576@example.invalid,Mbarara,1998-08-11,female,2026-07-15
LK-C02577,Test Shopper 02577,+256720399375,shopper.lk2577@example.invalid,Kampala,1999-09-12,male,2026-07-15
LK-C02578,Test Shopper 02578,+256720407294,shopper.lk2578@example.invalid,Kampala,2000-10-13,not_stated,2026-07-15
LK-C02579,Test Shopper 02579,+256720415213,shopper.lk2579@example.invalid,Jinja,2001-11-14,female,2026-07-15
LK-C02580,Test Shopper 02580,+256720423132,shopper.lk2580@example.invalid,Mbarara,2002-12-15,male,2026-07-15
LK-C02581,Test Shopper 02581,+256720431051,shopper.lk2581@example.invalid,Kampala,2003-01-16,female,2025-12-20
LK-C02582,Test Shopper 02582,+256720438970,shopper.lk2582@example.invalid,Gulu,2004-02-17,male,2026-07-15
LK-C02583,Test Shopper 02583,+256720446889,shopper.lk2583@example.invalid,Jinja,2005-03-18,not_stated,2026-07-15
LK-C02584,Test Shopper 02584,+256720454808,shopper.lk2584@example.invalid,Mbarara,1965-04-19,female,2026-07-15
LK-C02585,Test Shopper 02585,+256720462727,shopper.lk2585@example.invalid,Kampala,1966-05-20,male,2026-07-15
LK-C02586,Test Shopper 02586,+256720470646,shopper.lk2586@example.invalid,Kampala,1967-06-21,female,2026-07-15
LK-C02587,Test Shopper 02587,+256720478565,shopper.lk2587@example.invalid,Jinja,1968-07-22,male,2025-12-20
LK-C02588,Test Shopper 02588,+256720486484,shopper.lk2588@example.invalid,Mbarara,1969-08-23,not_stated,2026-07-15
LK-C02589,Test Shopper 02589,+256720494403,shopper.lk2589@example.invalid,Kampala,1970-09-24,female,2026-07-15
LK-C02590,Test Shopper 02590,+256720502322,shopper.lk2590@example.invalid,Gulu,1971-10-25,male,2026-07-15
LK-C02591,Test Shopper 02591,+256720510241,shopper.lk2591@example.invalid,Jinja,1972-11-26,female,2026-07-15
LK-C02592,Test Shopper 02592,+256720518160,shopper.lk2592@example.invalid,Mbarara,1973-12-27,male,2026-07-15
LK-C02593,Test Shopper 02593,+256720526079,shopper.lk2593@example.invalid,Kampala,1974-01-01,not_stated,2025-12-20
LK-C02594,Test Shopper 02594,+256720533998,shopper.lk2594@example.invalid,Kampala,1975-02-02,female,2026-07-15
LK-C02595,Test Shopper 02595,+256720541917,shopper.lk2595@example.invalid,Jinja,1976-03-03,male,2026-07-15
LK-C02596,Test Shopper 02596,+256720549836,shopper.lk2596@example.invalid,Mbarara,1977-04-04,female,2026-07-15
LK-C02597,Test Shopper 02597,+256720557755,shopper.lk2597@example.invalid,Kampala,1978-05-05,male,2026-07-15
LK-C02598,Test Shopper 02598,+256720565674,shopper.lk2598@example.invalid,Gulu,1979-06-06,not_stated,2026-07-15
LK-C02599,Test Shopper 02599,+256720573593,shopper.lk2599@example.invalid,Jinja,1980-07-07,female,2025-12-20
LK-C02600,Test Shopper 02600,+256720581512,shopper.lk2600@example.invalid,Mbarara,1981-08-08,male,2026-07-15
LK-C02601,Test Shopper 02601,+256720589431,shopper.lk2601@example.invalid,Kampala,1982-09-09,female,2026-07-15
LK-C02602,Test Shopper 02602,+256720597350,shopper.lk2602@example.invalid,Kampala,1983-10-10,male,2026-07-15
LK-C02603,Test Shopper 02603,+256720605269,shopper.lk2603@example.invalid,Jinja,1984-11-11,not_stated,2026-07-15
LK-C02604,Test Shopper 02604,+256720613188,shopper.lk2604@example.invalid,Mbarara,1985-12-12,female,2026-07-15
LK-C02605,Test Shopper 02605,+256720621107,shopper.lk2605@example.invalid,Kampala,1986-01-13,male,2025-12-20
LK-C02606,Test Shopper 02606,+256720629026,shopper.lk2606@example.invalid,Gulu,1987-02-14,female,2026-07-15
LK-C02607,Test Shopper 02607,+256720636945,shopper.lk2607@example.invalid,Jinja,1988-03-15,male,2026-07-15
LK-C02608,Test Shopper 02608,+256720644864,shopper.lk2608@example.invalid,Mbarara,1989-04-16,not_stated,2026-07-15
LK-C02609,Test Shopper 02609,+256720652783,shopper.lk2609@example.invalid,Kampala,1990-05-17,female,2026-07-15
LK-C02610,Test Shopper 02610,+256720660702,shopper.lk2610@example.invalid,Kampala,1991-06-18,male,2026-07-15
LK-C02611,Test Shopper 02611,+256720668621,shopper.lk2611@example.invalid,Jinja,1992-07-19,female,2025-12-20
LK-C02612,Test Shopper 02612,+256720676540,shopper.lk2612@example.invalid,Mbarara,1993-08-20,male,2026-07-15
LK-C02613,Test Shopper 02613,+256720684459,shopper.lk2613@example.invalid,Kampala,1994-09-21,not_stated,2026-07-15
LK-C02614,Test Shopper 02614,+256720692378,shopper.lk2614@example.invalid,Gulu,1995-10-22,female,2026-07-15
LK-C02615,Test Shopper 02615,+256720700297,shopper.lk2615@example.invalid,Jinja,1996-11-23,male,2026-07-15
LK-C02616,Test Shopper 02616,+256720708216,shopper.lk2616@example.invalid,Mbarara,1997-12-24,female,2026-07-15
LK-C02617,Test Shopper 02617,+256720716135,shopper.lk2617@example.invalid,Kampala,1998-01-25,male,2025-12-20
LK-C02618,Test Shopper 02618,+256720724054,shopper.lk2618@example.invalid,Kampala,1999-02-26,not_stated,2026-07-15
LK-C02619,Test Shopper 02619,+256720731973,shopper.lk2619@example.invalid,Jinja,2000-03-27,female,2026-07-15
LK-C02620,Test Shopper 02620,+256720739892,shopper.lk2620@example.invalid,Mbarara,2001-04-01,male,2026-07-15
LK-C02621,Test Shopper 02621,+256720747811,shopper.lk2621@example.invalid,Kampala,2002-05-02,female,2026-07-15
LK-C02622,Test Shopper 02622,+256720755730,shopper.lk2622@example.invalid,Gulu,2003-06-03,male,2026-07-15
LK-C02623,Test Shopper 02623,+256720763649,shopper.lk2623@example.invalid,Jinja,2004-07-04,not_stated,2025-12-20
LK-C02624,Test Shopper 02624,+256720771568,shopper.lk2624@example.invalid,Mbarara,2005-08-05,female,2026-07-15
LK-C02625,Test Shopper 02625,+256720779487,shopper.lk2625@example.invalid,Kampala,1965-09-06,male,2026-07-15
LK-C02626,Test Shopper 02626,+256720787406,shopper.lk2626@example.invalid,Kampala,1966-10-07,female,2026-07-15
LK-C02627,Test Shopper 02627,+256720795325,shopper.lk2627@example.invalid,Jinja,1967-11-08,male,2026-07-15
LK-C02628,Test Shopper 02628,+256720803244,shopper.lk2628@example.invalid,Mbarara,1968-12-09,not_stated,2026-07-15
LK-C02629,Test Shopper 02629,+256720811163,shopper.lk2629@example.invalid,Kampala,1969-01-10,female,2025-12-20
LK-C02630,Test Shopper 02630,+256720819082,shopper.lk2630@example.invalid,Gulu,1970-02-11,male,2026-07-15
LK-C02631,Test Shopper 02631,+256720827001,shopper.lk2631@example.invalid,Jinja,1971-03-12,female,2026-07-15
LK-C02632,Test Shopper 02632,+256720834920,shopper.lk2632@example.invalid,Mbarara,1972-04-13,male,2026-07-15
LK-C02633,Test Shopper 02633,+256720842839,shopper.lk2633@example.invalid,Kampala,1973-05-14,not_stated,2026-07-15
LK-C02634,Test Shopper 02634,+256720850758,shopper.lk2634@example.invalid,Kampala,1974-06-15,female,2026-07-15
LK-C02635,Test Shopper 02635,+256720858677,shopper.lk2635@example.invalid,Jinja,1975-07-16,male,2025-12-20
LK-C02636,Test Shopper 02636,+256720866596,shopper.lk2636@example.invalid,Mbarara,1976-08-17,female,2026-07-15
LK-C02637,Test Shopper 02637,+256720874515,shopper.lk2637@example.invalid,Kampala,1977-09-18,male,2026-07-15
LK-C02638,Test Shopper 02638,+256720882434,shopper.lk2638@example.invalid,Gulu,1978-10-19,not_stated,2026-07-15
LK-C02639,Test Shopper 02639,+256720890353,shopper.lk2639@example.invalid,Jinja,1979-11-20,female,2026-07-15
LK-C02640,Test Shopper 02640,+256720898272,shopper.lk2640@example.invalid,Mbarara,1980-12-21,male,2026-07-15
LK-C02641,Test Shopper 02641,+256720906191,shopper.lk2641@example.invalid,Kampala,1981-01-22,female,2025-12-20
LK-C02642,Test Shopper 02642,+256720914110,shopper.lk2642@example.invalid,Kampala,1982-02-23,male,2026-07-15
LK-C02643,Test Shopper 02643,+256720922029,shopper.lk2643@example.invalid,Jinja,1983-03-24,not_stated,2026-07-15
LK-C02644,Test Shopper 02644,+256720929948,shopper.lk2644@example.invalid,Mbarara,1984-04-25,female,2026-07-15
LK-C02645,Test Shopper 02645,+256720937867,shopper.lk2645@example.invalid,Kampala,1985-05-26,male,2026-07-15
LK-C02646,Test Shopper 02646,+256720945786,shopper.lk2646@example.invalid,Gulu,1986-06-27,female,2026-07-15
LK-C02647,Test Shopper 02647,+256720953705,shopper.lk2647@example.invalid,Jinja,1987-07-01,male,2025-12-20
LK-C02648,Test Shopper 02648,+256720961624,shopper.lk2648@example.invalid,Mbarara,1988-08-02,not_stated,2026-07-15
LK-C02649,Test Shopper 02649,+256720969543,shopper.lk2649@example.invalid,Kampala,1989-09-03,female,2026-07-15
LK-C02650,Test Shopper 02650,+256720977462,shopper.lk2650@example.invalid,Kampala,1990-10-04,male,2026-07-15
LK-C02651,Test Shopper 02651,+256720985381,shopper.lk2651@example.invalid,Jinja,1991-11-05,female,2026-07-15
LK-C02652,Test Shopper 02652,+256720993300,shopper.lk2652@example.invalid,Mbarara,1992-12-06,male,2026-07-15
LK-C02653,Test Shopper 02653,+256721001219,shopper.lk2653@example.invalid,Kampala,1993-01-07,not_stated,2025-12-20
LK-C02654,Test Shopper 02654,+256721009138,shopper.lk2654@example.invalid,Gulu,1994-02-08,female,2026-07-15
LK-C02655,Test Shopper 02655,+256721017057,shopper.lk2655@example.invalid,Jinja,1995-03-09,male,2026-07-15
LK-C02656,Test Shopper 02656,+256721024976,shopper.lk2656@example.invalid,Mbarara,1996-04-10,female,2026-07-15
LK-C02657,Test Shopper 02657,+256721032895,shopper.lk2657@example.invalid,Kampala,1997-05-11,male,2026-07-15
LK-C02658,Test Shopper 02658,+256721040814,shopper.lk2658@example.invalid,Kampala,1998-06-12,not_stated,2026-07-15
LK-C02659,Test Shopper 02659,+256721048733,shopper.lk2659@example.invalid,Jinja,1999-07-13,female,2025-12-20
LK-C02660,Test Shopper 02660,+256721056652,shopper.lk2660@example.invalid,Mbarara,2000-08-14,male,2026-07-15
LK-C02661,Test Shopper 02661,+256721064571,shopper.lk2661@example.invalid,Kampala,2001-09-15,female,2026-07-15
LK-C02662,Test Shopper 02662,+256721072490,shopper.lk2662@example.invalid,Gulu,2002-10-16,male,2026-07-15
LK-C02663,Test Shopper 02663,+256721080409,shopper.lk2663@example.invalid,Jinja,2003-11-17,not_stated,2026-07-15
LK-C02664,Test Shopper 02664,+256721088328,shopper.lk2664@example.invalid,Mbarara,2004-12-18,female,2026-07-15
LK-C02665,Test Shopper 02665,+256721096247,shopper.lk2665@example.invalid,Kampala,2005-01-19,male,2025-12-20
LK-C02666,Test Shopper 02666,+256721104166,shopper.lk2666@example.invalid,Kampala,1965-02-20,female,2026-07-15
LK-C02667,Test Shopper 02667,+256721112085,shopper.lk2667@example.invalid,Jinja,1966-03-21,male,2026-07-15
LK-C02668,Test Shopper 02668,+256721120004,shopper.lk2668@example.invalid,Mbarara,1967-04-22,not_stated,2026-07-15
LK-C02669,Test Shopper 02669,+256721127923,shopper.lk2669@example.invalid,Kampala,1968-05-23,female,2026-07-15
LK-C02670,Test Shopper 02670,+256721135842,shopper.lk2670@example.invalid,Gulu,1969-06-24,male,2026-07-15
LK-C02671,Test Shopper 02671,+256721143761,shopper.lk2671@example.invalid,Jinja,1970-07-25,female,2025-12-20
LK-C02672,Test Shopper 02672,+256721151680,shopper.lk2672@example.invalid,Mbarara,1971-08-26,male,2026-07-15
LK-C02673,Test Shopper 02673,+256721159599,shopper.lk2673@example.invalid,Kampala,1972-09-27,not_stated,2026-07-15
LK-C02674,Test Shopper 02674,+256721167518,shopper.lk2674@example.invalid,Kampala,1973-10-01,female,2026-07-15
LK-C02675,Test Shopper 02675,+256721175437,shopper.lk2675@example.invalid,Jinja,1974-11-02,male,2026-07-15
LK-C02676,Test Shopper 02676,+256721183356,shopper.lk2676@example.invalid,Mbarara,1975-12-03,female,2026-07-15
LK-C02677,Test Shopper 02677,+256721191275,shopper.lk2677@example.invalid,Kampala,1976-01-04,male,2025-12-20
LK-C02678,Test Shopper 02678,+256721199194,shopper.lk2678@example.invalid,Gulu,1977-02-05,not_stated,2026-07-15
LK-C02679,Test Shopper 02679,+256721207113,shopper.lk2679@example.invalid,Jinja,1978-03-06,female,2026-07-15
LK-C02680,Test Shopper 02680,+256721215032,shopper.lk2680@example.invalid,Mbarara,1979-04-07,male,2026-07-15
LK-C02681,Test Shopper 02681,+256721222951,shopper.lk2681@example.invalid,Kampala,1980-05-08,female,2026-07-15
LK-C02682,Test Shopper 02682,+256721230870,shopper.lk2682@example.invalid,Kampala,1981-06-09,male,2026-07-15
LK-C02683,Test Shopper 02683,+256721238789,shopper.lk2683@example.invalid,Jinja,1982-07-10,not_stated,2025-12-20
LK-C02684,Test Shopper 02684,+256721246708,shopper.lk2684@example.invalid,Mbarara,1983-08-11,female,2026-07-15
LK-C02685,Test Shopper 02685,+256721254627,shopper.lk2685@example.invalid,Kampala,1984-09-12,male,2026-07-15
LK-C02686,Test Shopper 02686,+256721262546,shopper.lk2686@example.invalid,Gulu,1985-10-13,female,2026-07-15
LK-C02687,Test Shopper 02687,+256721270465,shopper.lk2687@example.invalid,Jinja,1986-11-14,male,2026-07-15
LK-C02688,Test Shopper 02688,+256721278384,shopper.lk2688@example.invalid,Mbarara,1987-12-15,not_stated,2026-07-15
LK-C02689,Test Shopper 02689,+256721286303,shopper.lk2689@example.invalid,Kampala,1988-01-16,female,2025-12-20
LK-C02690,Test Shopper 02690,+256721294222,shopper.lk2690@example.invalid,Kampala,1989-02-17,male,2026-07-15
LK-C02691,Test Shopper 02691,+256721302141,shopper.lk2691@example.invalid,Jinja,1990-03-18,female,2026-07-15
LK-C02692,Test Shopper 02692,+256721310060,shopper.lk2692@example.invalid,Mbarara,1991-04-19,male,2026-07-15
LK-C02693,Test Shopper 02693,+256721317979,shopper.lk2693@example.invalid,Kampala,1992-05-20,not_stated,2026-07-15
LK-C02694,Test Shopper 02694,+256721325898,shopper.lk2694@example.invalid,Gulu,1993-06-21,female,2026-07-15
LK-C02695,Test Shopper 02695,+256721333817,shopper.lk2695@example.invalid,Jinja,1994-07-22,male,2025-12-20
LK-C02696,Test Shopper 02696,+256721341736,shopper.lk2696@example.invalid,Mbarara,1995-08-23,female,2026-07-15
LK-C02697,Test Shopper 02697,+256721349655,shopper.lk2697@example.invalid,Kampala,1996-09-24,male,2026-07-15
LK-C02698,Test Shopper 02698,+256721357574,shopper.lk2698@example.invalid,Kampala,1997-10-25,not_stated,2026-07-15
LK-C02699,Test Shopper 02699,+256721365493,shopper.lk2699@example.invalid,Jinja,1998-11-26,female,2026-07-15
LK-C02700,Test Shopper 02700,+256721373412,shopper.lk2700@example.invalid,Mbarara,1999-12-27,male,2026-07-15
LK-C02701,Test Shopper 02701,+256721381331,shopper.lk2701@example.invalid,Kampala,2000-01-01,female,2025-12-20
LK-C02702,Test Shopper 02702,+256721389250,shopper.lk2702@example.invalid,Gulu,2001-02-02,male,2026-07-15
LK-C02703,Test Shopper 02703,+256721397169,shopper.lk2703@example.invalid,Jinja,2002-03-03,not_stated,2026-07-15
LK-C02704,Test Shopper 02704,+256721405088,shopper.lk2704@example.invalid,Mbarara,2003-04-04,female,2026-07-15
LK-C02705,Test Shopper 02705,+256721413007,shopper.lk2705@example.invalid,Kampala,2004-05-05,male,2026-07-15
LK-C02706,Test Shopper 02706,+256721420926,shopper.lk2706@example.invalid,Kampala,2005-06-06,female,2026-07-15
LK-C02707,Test Shopper 02707,+256721428845,shopper.lk2707@example.invalid,Jinja,1965-07-07,male,2025-12-20
LK-C02708,Test Shopper 02708,+256721436764,shopper.lk2708@example.invalid,Mbarara,1966-08-08,not_stated,2026-07-15
LK-C02709,Test Shopper 02709,+256721444683,shopper.lk2709@example.invalid,Kampala,1967-09-09,female,2026-07-15
LK-C02710,Test Shopper 02710,+256721452602,shopper.lk2710@example.invalid,Gulu,1968-10-10,male,2026-07-15
LK-C02711,Test Shopper 02711,+256721460521,shopper.lk2711@example.invalid,Jinja,1969-11-11,female,2026-07-15
LK-C02712,Test Shopper 02712,+256721468440,shopper.lk2712@example.invalid,Mbarara,1970-12-12,male,2026-07-15
LK-C02713,Test Shopper 02713,+256721476359,shopper.lk2713@example.invalid,Kampala,1971-01-13,not_stated,2025-12-20
LK-C02714,Test Shopper 02714,+256721484278,shopper.lk2714@example.invalid,Kampala,1972-02-14,female,2026-07-15
LK-C02715,Test Shopper 02715,+256721492197,shopper.lk2715@example.invalid,Jinja,1973-03-15,male,2026-07-15
LK-C02716,Test Shopper 02716,+256721500116,shopper.lk2716@example.invalid,Mbarara,1974-04-16,female,2026-07-15
LK-C02717,Test Shopper 02717,+256721508035,shopper.lk2717@example.invalid,Kampala,1975-05-17,male,2026-07-15
LK-C02718,Test Shopper 02718,+256721515954,shopper.lk2718@example.invalid,Gulu,1976-06-18,not_stated,2026-07-15
LK-C02719,Test Shopper 02719,+256721523873,shopper.lk2719@example.invalid,Jinja,1977-07-19,female,2025-12-20
LK-C02720,Test Shopper 02720,+256721531792,shopper.lk2720@example.invalid,Mbarara,1978-08-20,male,2026-07-15
LK-C02721,Test Shopper 02721,+256721539711,shopper.lk2721@example.invalid,Kampala,1979-09-21,female,2026-07-15
LK-C02722,Test Shopper 02722,+256721547630,shopper.lk2722@example.invalid,Kampala,1980-10-22,male,2026-07-15
LK-C02723,Test Shopper 02723,+256721555549,shopper.lk2723@example.invalid,Jinja,1981-11-23,not_stated,2026-07-15
LK-C02724,Test Shopper 02724,+256721563468,shopper.lk2724@example.invalid,Mbarara,1982-12-24,female,2026-07-15
LK-C02725,Test Shopper 02725,+256721571387,shopper.lk2725@example.invalid,Kampala,1983-01-25,male,2025-12-20
LK-C02726,Test Shopper 02726,+256721579306,shopper.lk2726@example.invalid,Gulu,1984-02-26,female,2026-07-15
LK-C02727,Test Shopper 02727,+256721587225,shopper.lk2727@example.invalid,Jinja,1985-03-27,male,2026-07-15
LK-C02728,Test Shopper 02728,+256721595144,shopper.lk2728@example.invalid,Mbarara,1986-04-01,not_stated,2026-07-15
LK-C02729,Test Shopper 02729,+256721603063,shopper.lk2729@example.invalid,Kampala,1987-05-02,female,2026-07-15
LK-C02730,Test Shopper 02730,+256721610982,shopper.lk2730@example.invalid,Kampala,1988-06-03,male,2026-07-15
LK-C02731,Test Shopper 02731,+256721618901,shopper.lk2731@example.invalid,Jinja,1989-07-04,female,2025-12-20
LK-C02732,Test Shopper 02732,+256721626820,shopper.lk2732@example.invalid,Mbarara,1990-08-05,male,2026-07-15
LK-C02733,Test Shopper 02733,+256721634739,shopper.lk2733@example.invalid,Kampala,1991-09-06,not_stated,2026-07-15
LK-C02734,Test Shopper 02734,+256721642658,shopper.lk2734@example.invalid,Gulu,1992-10-07,female,2026-07-15
LK-C02735,Test Shopper 02735,+256721650577,shopper.lk2735@example.invalid,Jinja,1993-11-08,male,2026-07-15
LK-C02736,Test Shopper 02736,+256721658496,shopper.lk2736@example.invalid,Mbarara,1994-12-09,female,2026-07-15
LK-C02737,Test Shopper 02737,+256721666415,shopper.lk2737@example.invalid,Kampala,1995-01-10,male,2025-12-20
LK-C02738,Test Shopper 02738,+256721674334,shopper.lk2738@example.invalid,Kampala,1996-02-11,not_stated,2026-07-15
LK-C02739,Test Shopper 02739,+256721682253,shopper.lk2739@example.invalid,Jinja,1997-03-12,female,2026-07-15
LK-C02740,Test Shopper 02740,+256721690172,shopper.lk2740@example.invalid,Mbarara,1998-04-13,male,2026-07-15
LK-C02741,Test Shopper 02741,+256721698091,shopper.lk2741@example.invalid,Kampala,1999-05-14,female,2026-07-15
LK-C02742,Test Shopper 02742,+256721706010,shopper.lk2742@example.invalid,Gulu,2000-06-15,male,2026-07-15
LK-C02743,Test Shopper 02743,+256721713929,shopper.lk2743@example.invalid,Jinja,2001-07-16,not_stated,2025-12-20
LK-C02744,Test Shopper 02744,+256721721848,shopper.lk2744@example.invalid,Mbarara,2002-08-17,female,2026-07-15
LK-C02745,Test Shopper 02745,+256721729767,shopper.lk2745@example.invalid,Kampala,2003-09-18,male,2026-07-15
LK-C02746,Test Shopper 02746,+256721737686,shopper.lk2746@example.invalid,Kampala,2004-10-19,female,2026-07-15
LK-C02747,Test Shopper 02747,+256721745605,shopper.lk2747@example.invalid,Jinja,2005-11-20,male,2026-07-15
LK-C02748,Test Shopper 02748,+256721753524,shopper.lk2748@example.invalid,Mbarara,1965-12-21,not_stated,2026-07-15
LK-C02749,Test Shopper 02749,+256721761443,shopper.lk2749@example.invalid,Kampala,1966-01-22,female,2025-12-20
LK-C02750,Test Shopper 02750,+256721769362,shopper.lk2750@example.invalid,Gulu,1967-02-23,male,2026-07-15
LK-C02751,Test Shopper 02751,+256721777281,shopper.lk2751@example.invalid,Jinja,1968-03-24,female,2026-07-15
LK-C02752,Test Shopper 02752,+256721785200,shopper.lk2752@example.invalid,Mbarara,1969-04-25,male,2026-07-15
LK-C02753,Test Shopper 02753,+256721793119,shopper.lk2753@example.invalid,Kampala,1970-05-26,not_stated,2026-07-15
LK-C02754,Test Shopper 02754,+256721801038,shopper.lk2754@example.invalid,Kampala,1971-06-27,female,2026-07-15
LK-C02755,Test Shopper 02755,+256721808957,shopper.lk2755@example.invalid,Jinja,1972-07-01,male,2025-12-20
LK-C02756,Test Shopper 02756,+256721816876,shopper.lk2756@example.invalid,Mbarara,1973-08-02,female,2026-07-15
LK-C02757,Test Shopper 02757,+256721824795,shopper.lk2757@example.invalid,Kampala,1974-09-03,male,2026-07-15
LK-C02758,Test Shopper 02758,+256721832714,shopper.lk2758@example.invalid,Gulu,1975-10-04,not_stated,2026-07-15
LK-C02759,Test Shopper 02759,+256721840633,shopper.lk2759@example.invalid,Jinja,1976-11-05,female,2026-07-15
LK-C02760,Test Shopper 02760,+256721848552,shopper.lk2760@example.invalid,Mbarara,1977-12-06,male,2026-07-15
LK-C02761,Test Shopper 02761,+256721856471,shopper.lk2761@example.invalid,Kampala,1978-01-07,female,2025-12-20
LK-C02762,Test Shopper 02762,+256721864390,shopper.lk2762@example.invalid,Kampala,1979-02-08,male,2026-07-15
LK-C02763,Test Shopper 02763,+256721872309,shopper.lk2763@example.invalid,Jinja,1980-03-09,not_stated,2026-07-15
LK-C02764,Test Shopper 02764,+256721880228,shopper.lk2764@example.invalid,Mbarara,1981-04-10,female,2026-07-15
LK-C02765,Test Shopper 02765,+256721888147,shopper.lk2765@example.invalid,Kampala,1982-05-11,male,2026-07-15
LK-C02766,Test Shopper 02766,+256721896066,shopper.lk2766@example.invalid,Gulu,1983-06-12,female,2026-07-15
LK-C02767,Test Shopper 02767,+256721903985,shopper.lk2767@example.invalid,Jinja,1984-07-13,male,2025-12-20
LK-C02768,Test Shopper 02768,+256721911904,shopper.lk2768@example.invalid,Mbarara,1985-08-14,not_stated,2026-07-15
LK-C02769,Test Shopper 02769,+256721919823,shopper.lk2769@example.invalid,Kampala,1986-09-15,female,2026-07-15
LK-C02770,Test Shopper 02770,+256721927742,shopper.lk2770@example.invalid,Kampala,1987-10-16,male,2026-07-15
LK-C02771,Test Shopper 02771,+256721935661,shopper.lk2771@example.invalid,Jinja,1988-11-17,female,2026-07-15
LK-C02772,Test Shopper 02772,+256721943580,shopper.lk2772@example.invalid,Mbarara,1989-12-18,male,2026-07-15
LK-C02773,Test Shopper 02773,+256721951499,shopper.lk2773@example.invalid,Kampala,1990-01-19,not_stated,2025-12-20
LK-C02774,Test Shopper 02774,+256721959418,shopper.lk2774@example.invalid,Gulu,1991-02-20,female,2026-07-15
LK-C02775,Test Shopper 02775,+256721967337,shopper.lk2775@example.invalid,Jinja,1992-03-21,male,2026-07-15
LK-C02776,Test Shopper 02776,+256721975256,shopper.lk2776@example.invalid,Mbarara,1993-04-22,female,2026-07-15
LK-C02777,Test Shopper 02777,+256721983175,shopper.lk2777@example.invalid,Kampala,1994-05-23,male,2026-07-15
LK-C02778,Test Shopper 02778,+256721991094,shopper.lk2778@example.invalid,Kampala,1995-06-24,not_stated,2026-07-15
LK-C02779,Test Shopper 02779,+256721999013,shopper.lk2779@example.invalid,Jinja,1996-07-25,female,2025-12-20
LK-C02780,Test Shopper 02780,+256722006932,shopper.lk2780@example.invalid,Mbarara,1997-08-26,male,2026-07-15
LK-C02781,Test Shopper 02781,+256722014851,shopper.lk2781@example.invalid,Kampala,1998-09-27,female,2026-07-15
LK-C02782,Test Shopper 02782,+256722022770,shopper.lk2782@example.invalid,Gulu,1999-10-01,male,2026-07-15
LK-C02783,Test Shopper 02783,+256722030689,shopper.lk2783@example.invalid,Jinja,2000-11-02,not_stated,2026-07-15
LK-C02784,Test Shopper 02784,+256722038608,shopper.lk2784@example.invalid,Mbarara,2001-12-03,female,2026-07-15
LK-C02785,Test Shopper 02785,+256722046527,shopper.lk2785@example.invalid,Kampala,2002-01-04,male,2025-12-20
LK-C02786,Test Shopper 02786,+256722054446,shopper.lk2786@example.invalid,Kampala,2003-02-05,female,2026-07-15
LK-C02787,Test Shopper 02787,+256722062365,shopper.lk2787@example.invalid,Jinja,2004-03-06,male,2026-07-15
LK-C02788,Test Shopper 02788,+256722070284,shopper.lk2788@example.invalid,Mbarara,2005-04-07,not_stated,2026-07-15
LK-C02789,Test Shopper 02789,+256722078203,shopper.lk2789@example.invalid,Kampala,1965-05-08,female,2026-07-15
LK-C02790,Test Shopper 02790,+256722086122,shopper.lk2790@example.invalid,Gulu,1966-06-09,male,2026-07-15
LK-C02791,Test Shopper 02791,+256722094041,shopper.lk2791@example.invalid,Jinja,1967-07-10,female,2025-12-20
LK-C02792,Test Shopper 02792,+256722101960,shopper.lk2792@example.invalid,Mbarara,1968-08-11,male,2026-07-15
LK-C02793,Test Shopper 02793,+256722109879,shopper.lk2793@example.invalid,Kampala,1969-09-12,not_stated,2026-07-15
LK-C02794,Test Shopper 02794,+256722117798,shopper.lk2794@example.invalid,Kampala,1970-10-13,female,2026-07-15
LK-C02795,Test Shopper 02795,+256722125717,shopper.lk2795@example.invalid,Jinja,1971-11-14,male,2026-07-15
LK-C02796,Test Shopper 02796,+256722133636,shopper.lk2796@example.invalid,Mbarara,1972-12-15,female,2026-07-15
LK-C02797,Test Shopper 02797,+256722141555,shopper.lk2797@example.invalid,Kampala,1973-01-16,male,2025-12-20
LK-C02798,Test Shopper 02798,+256722149474,shopper.lk2798@example.invalid,Gulu,1974-02-17,not_stated,2026-07-15
LK-C02799,Test Shopper 02799,+256722157393,shopper.lk2799@example.invalid,Jinja,1975-03-18,female,2026-07-15
LK-C02800,Test Shopper 02800,+256722165312,shopper.lk2800@example.invalid,Mbarara,1976-04-19,male,2026-07-15
LK-C02801,Test Shopper 02801,+256722173231,shopper.lk2801@example.invalid,Kampala,1977-05-20,female,2026-07-15
LK-C02802,Test Shopper 02802,+256722181150,shopper.lk2802@example.invalid,Kampala,1978-06-21,male,2026-07-15
LK-C02803,Test Shopper 02803,+256722189069,shopper.lk2803@example.invalid,Jinja,1979-07-22,not_stated,2025-12-20
LK-C02804,Test Shopper 02804,+256722196988,shopper.lk2804@example.invalid,Mbarara,1980-08-23,female,2026-07-15
LK-C02805,Test Shopper 02805,+256722204907,shopper.lk2805@example.invalid,Kampala,1981-09-24,male,2026-07-15
LK-C02806,Test Shopper 02806,+256722212826,shopper.lk2806@example.invalid,Gulu,1982-10-25,female,2026-07-15
LK-C02807,Test Shopper 02807,+256722220745,shopper.lk2807@example.invalid,Jinja,1983-11-26,male,2026-07-15
LK-C02808,Test Shopper 02808,+256722228664,shopper.lk2808@example.invalid,Mbarara,1984-12-27,not_stated,2026-07-15
LK-C02809,Test Shopper 02809,+256722236583,shopper.lk2809@example.invalid,Kampala,1985-01-01,female,2025-12-20
LK-C02810,Test Shopper 02810,+256722244502,shopper.lk2810@example.invalid,Kampala,1986-02-02,male,2026-07-15
LK-C02811,Test Shopper 02811,+256722252421,shopper.lk2811@example.invalid,Jinja,1987-03-03,female,2026-07-15
LK-C02812,Test Shopper 02812,+256722260340,shopper.lk2812@example.invalid,Mbarara,1988-04-04,male,2026-07-15
LK-C02813,Test Shopper 02813,+256722268259,shopper.lk2813@example.invalid,Kampala,1989-05-05,not_stated,2026-07-15
LK-C02814,Test Shopper 02814,+256722276178,shopper.lk2814@example.invalid,Gulu,1990-06-06,female,2026-07-15
LK-C02815,Test Shopper 02815,+256722284097,shopper.lk2815@example.invalid,Jinja,1991-07-07,male,2025-12-20
LK-C02816,Test Shopper 02816,+256722292016,shopper.lk2816@example.invalid,Mbarara,1992-08-08,female,2026-07-15
LK-C02817,Test Shopper 02817,+256722299935,shopper.lk2817@example.invalid,Kampala,1993-09-09,male,2026-07-15
LK-C02818,Test Shopper 02818,+256722307854,shopper.lk2818@example.invalid,Kampala,1994-10-10,not_stated,2026-07-15
LK-C02819,Test Shopper 02819,+256722315773,shopper.lk2819@example.invalid,Jinja,1995-11-11,female,2026-07-15
LK-C02820,Test Shopper 02820,+256722323692,shopper.lk2820@example.invalid,Mbarara,1996-12-12,male,2026-07-15
LK-C02821,Test Shopper 02821,+256722331611,shopper.lk2821@example.invalid,Kampala,1997-01-13,female,2025-12-20
LK-C02822,Test Shopper 02822,+256722339530,shopper.lk2822@example.invalid,Gulu,1998-02-14,male,2026-07-15
LK-C02823,Test Shopper 02823,+256722347449,shopper.lk2823@example.invalid,Jinja,1999-03-15,not_stated,2026-07-15
LK-C02824,Test Shopper 02824,+256722355368,shopper.lk2824@example.invalid,Mbarara,2000-04-16,female,2026-07-15
LK-C02825,Test Shopper 02825,+256722363287,shopper.lk2825@example.invalid,Kampala,2001-05-17,male,2026-07-15
LK-C02826,Test Shopper 02826,+256722371206,shopper.lk2826@example.invalid,Kampala,2002-06-18,female,2026-07-15
LK-C02827,Test Shopper 02827,+256722379125,shopper.lk2827@example.invalid,Jinja,2003-07-19,male,2025-12-20
LK-C02828,Test Shopper 02828,+256722387044,shopper.lk2828@example.invalid,Mbarara,2004-08-20,not_stated,2026-07-15
LK-C02829,Test Shopper 02829,+256722394963,shopper.lk2829@example.invalid,Kampala,2005-09-21,female,2026-07-15
LK-C02830,Test Shopper 02830,+256722402882,shopper.lk2830@example.invalid,Gulu,1965-10-22,male,2026-07-15
LK-C02831,Test Shopper 02831,+256722410801,shopper.lk2831@example.invalid,Jinja,1966-11-23,female,2026-07-15
LK-C02832,Test Shopper 02832,+256722418720,shopper.lk2832@example.invalid,Mbarara,1967-12-24,male,2026-07-15
LK-C02833,Test Shopper 02833,+256722426639,shopper.lk2833@example.invalid,Kampala,1968-01-25,not_stated,2025-12-20
LK-C02834,Test Shopper 02834,+256722434558,shopper.lk2834@example.invalid,Kampala,1969-02-26,female,2026-07-15
LK-C02835,Test Shopper 02835,+256722442477,shopper.lk2835@example.invalid,Jinja,1970-03-27,male,2026-07-15
LK-C02836,Test Shopper 02836,+256722450396,shopper.lk2836@example.invalid,Mbarara,1971-04-01,female,2026-07-15
LK-C02837,Test Shopper 02837,+256722458315,shopper.lk2837@example.invalid,Kampala,1972-05-02,male,2026-07-15
LK-C02838,Test Shopper 02838,+256722466234,shopper.lk2838@example.invalid,Gulu,1973-06-03,not_stated,2026-07-15
LK-C02839,Test Shopper 02839,+256722474153,shopper.lk2839@example.invalid,Jinja,1974-07-04,female,2025-12-20
LK-C02840,Test Shopper 02840,+256722482072,shopper.lk2840@example.invalid,Mbarara,1975-08-05,male,2026-07-15
LK-C02841,Test Shopper 02841,+256722489991,shopper.lk2841@example.invalid,Kampala,1976-09-06,female,2026-07-15
LK-C02842,Test Shopper 02842,+256722497910,shopper.lk2842@example.invalid,Kampala,1977-10-07,male,2026-07-15
LK-C02843,Test Shopper 02843,+256722505829,shopper.lk2843@example.invalid,Jinja,1978-11-08,not_stated,2026-07-15
LK-C02844,Test Shopper 02844,+256722513748,shopper.lk2844@example.invalid,Mbarara,1979-12-09,female,2026-07-15
LK-C02845,Test Shopper 02845,+256722521667,shopper.lk2845@example.invalid,Kampala,1980-01-10,male,2025-12-20
LK-C02846,Test Shopper 02846,+256722529586,shopper.lk2846@example.invalid,Gulu,1981-02-11,female,2026-07-15
LK-C02847,Test Shopper 02847,+256722537505,shopper.lk2847@example.invalid,Jinja,1982-03-12,male,2026-07-15
LK-C02848,Test Shopper 02848,+256722545424,shopper.lk2848@example.invalid,Mbarara,1983-04-13,not_stated,2026-07-15
LK-C02849,Test Shopper 02849,+256722553343,shopper.lk2849@example.invalid,Kampala,1984-05-14,female,2026-07-15
LK-C02850,Test Shopper 02850,+256722561262,shopper.lk2850@example.invalid,Kampala,1985-06-15,male,2026-07-15
LK-C02851,Test Shopper 02851,+256722569181,shopper.lk2851@example.invalid,Jinja,1986-07-16,female,2025-12-20
LK-C02852,Test Shopper 02852,+256722577100,shopper.lk2852@example.invalid,Mbarara,1987-08-17,male,2026-07-15
LK-C02853,Test Shopper 02853,+256722585019,shopper.lk2853@example.invalid,Kampala,1988-09-18,not_stated,2026-07-15
LK-C02854,Test Shopper 02854,+256722592938,shopper.lk2854@example.invalid,Gulu,1989-10-19,female,2026-07-15
LK-C02855,Test Shopper 02855,+256722600857,shopper.lk2855@example.invalid,Jinja,1990-11-20,male,2026-07-15
LK-C02856,Test Shopper 02856,+256722608776,shopper.lk2856@example.invalid,Mbarara,1991-12-21,female,2026-07-15
LK-C02857,Test Shopper 02857,+256722616695,shopper.lk2857@example.invalid,Kampala,1992-01-22,male,2025-12-20
LK-C02858,Test Shopper 02858,+256722624614,shopper.lk2858@example.invalid,Kampala,1993-02-23,not_stated,2026-07-15
LK-C02859,Test Shopper 02859,+256722632533,shopper.lk2859@example.invalid,Jinja,1994-03-24,female,2026-07-15
LK-C02860,Test Shopper 02860,+256722640452,shopper.lk2860@example.invalid,Mbarara,1995-04-25,male,2026-07-15
LK-C02861,Test Shopper 02861,+256722648371,shopper.lk2861@example.invalid,Kampala,1996-05-26,female,2026-07-15
LK-C02862,Test Shopper 02862,+256722656290,shopper.lk2862@example.invalid,Gulu,1997-06-27,male,2026-07-15
LK-C02863,Test Shopper 02863,+256722664209,shopper.lk2863@example.invalid,Jinja,1998-07-01,not_stated,2025-12-20
LK-C02864,Test Shopper 02864,+256722672128,shopper.lk2864@example.invalid,Mbarara,1999-08-02,female,2026-07-15
LK-C02865,Test Shopper 02865,+256722680047,shopper.lk2865@example.invalid,Kampala,2000-09-03,male,2026-07-15
LK-C02866,Test Shopper 02866,+256722687966,shopper.lk2866@example.invalid,Kampala,2001-10-04,female,2026-07-15
LK-C02867,Test Shopper 02867,+256722695885,shopper.lk2867@example.invalid,Jinja,2002-11-05,male,2026-07-15
LK-C02868,Test Shopper 02868,+256722703804,shopper.lk2868@example.invalid,Mbarara,2003-12-06,not_stated,2026-07-15
LK-C02869,Test Shopper 02869,+256722711723,shopper.lk2869@example.invalid,Kampala,2004-01-07,female,2025-12-20
LK-C02870,Test Shopper 02870,+256722719642,shopper.lk2870@example.invalid,Gulu,2005-02-08,male,2026-07-15
LK-C02871,Test Shopper 02871,+256722727561,shopper.lk2871@example.invalid,Jinja,1965-03-09,female,2026-07-15
LK-C02872,Test Shopper 02872,+256722735480,shopper.lk2872@example.invalid,Mbarara,1966-04-10,male,2026-07-15
LK-C02873,Test Shopper 02873,+256722743399,shopper.lk2873@example.invalid,Kampala,1967-05-11,not_stated,2026-07-15
LK-C02874,Test Shopper 02874,+256722751318,shopper.lk2874@example.invalid,Kampala,1968-06-12,female,2026-07-15
LK-C02875,Test Shopper 02875,+256722759237,shopper.lk2875@example.invalid,Jinja,1969-07-13,male,2025-12-20
LK-C02876,Test Shopper 02876,+256722767156,shopper.lk2876@example.invalid,Mbarara,1970-08-14,female,2026-07-15
LK-C02877,Test Shopper 02877,+256722775075,shopper.lk2877@example.invalid,Kampala,1971-09-15,male,2026-07-15
LK-C02878,Test Shopper 02878,+256722782994,shopper.lk2878@example.invalid,Gulu,1972-10-16,not_stated,2026-07-15
LK-C02879,Test Shopper 02879,+256722790913,shopper.lk2879@example.invalid,Jinja,1973-11-17,female,2026-07-15
LK-C02880,Test Shopper 02880,+256722798832,shopper.lk2880@example.invalid,Mbarara,1974-12-18,male,2026-07-15
LK-C02881,Test Shopper 02881,+256722806751,shopper.lk2881@example.invalid,Kampala,1975-01-19,female,2025-12-20
LK-C02882,Test Shopper 02882,+256722814670,shopper.lk2882@example.invalid,Kampala,1976-02-20,male,2026-07-15
LK-C02883,Test Shopper 02883,+256722822589,shopper.lk2883@example.invalid,Jinja,1977-03-21,not_stated,2026-07-15
LK-C02884,Test Shopper 02884,+256722830508,shopper.lk2884@example.invalid,Mbarara,1978-04-22,female,2026-07-15
LK-C02885,Test Shopper 02885,+256722838427,shopper.lk2885@example.invalid,Kampala,1979-05-23,male,2026-07-15
LK-C02886,Test Shopper 02886,+256722846346,shopper.lk2886@example.invalid,Gulu,1980-06-24,female,2026-07-15
LK-C02887,Test Shopper 02887,+256722854265,shopper.lk2887@example.invalid,Jinja,1981-07-25,male,2025-12-20
LK-C02888,Test Shopper 02888,+256722862184,shopper.lk2888@example.invalid,Mbarara,1982-08-26,not_stated,2026-07-15
LK-C02889,Test Shopper 02889,+256722870103,shopper.lk2889@example.invalid,Kampala,1983-09-27,female,2026-07-15
LK-C02890,Test Shopper 02890,+256722878022,shopper.lk2890@example.invalid,Kampala,1984-10-01,male,2026-07-15
LK-C02891,Test Shopper 02891,+256722885941,shopper.lk2891@example.invalid,Jinja,1985-11-02,female,2026-07-15
LK-C02892,Test Shopper 02892,+256722893860,shopper.lk2892@example.invalid,Mbarara,1986-12-03,male,2026-07-15
LK-C02893,Test Shopper 02893,+256722901779,shopper.lk2893@example.invalid,Kampala,1987-01-04,not_stated,2025-12-20
LK-C02894,Test Shopper 02894,+256722909698,shopper.lk2894@example.invalid,Gulu,1988-02-05,female,2026-07-15
LK-C02895,Test Shopper 02895,+256722917617,shopper.lk2895@example.invalid,Jinja,1989-03-06,male,2026-07-15
LK-C02896,Test Shopper 02896,+256722925536,shopper.lk2896@example.invalid,Mbarara,1990-04-07,female,2026-07-15
LK-C02897,Test Shopper 02897,+256722933455,shopper.lk2897@example.invalid,Kampala,1991-05-08,male,2026-07-15
LK-C02898,Test Shopper 02898,+256722941374,shopper.lk2898@example.invalid,Kampala,1992-06-09,not_stated,2026-07-15
LK-C02899,Test Shopper 02899,+256722949293,shopper.lk2899@example.invalid,Jinja,1993-07-10,female,2025-12-20
LK-C02900,Test Shopper 02900,+256722957212,shopper.lk2900@example.invalid,Mbarara,1994-08-11,male,2026-07-15
LK-C02901,Test Shopper 02901,+256722965131,shopper.lk2901@example.invalid,Kampala,1995-09-12,female,2026-07-15
LK-C02902,Test Shopper 02902,+256722973050,shopper.lk2902@example.invalid,Gulu,1996-10-13,male,2026-07-15
LK-C02903,Test Shopper 02903,+256722980969,shopper.lk2903@example.invalid,Jinja,1997-11-14,not_stated,2026-07-15
LK-C02904,Test Shopper 02904,+256722988888,shopper.lk2904@example.invalid,Mbarara,1998-12-15,female,2026-07-15
LK-C02905,Test Shopper 02905,+256722996807,shopper.lk2905@example.invalid,Kampala,1999-01-16,male,2025-12-20
LK-C02906,Test Shopper 02906,+256723004726,shopper.lk2906@example.invalid,Kampala,2000-02-17,female,2026-07-15
LK-C02907,Test Shopper 02907,+256723012645,shopper.lk2907@example.invalid,Jinja,2001-03-18,male,2026-07-15
LK-C02908,Test Shopper 02908,+256723020564,shopper.lk2908@example.invalid,Mbarara,2002-04-19,not_stated,2026-07-15
LK-C02909,Test Shopper 02909,+256723028483,shopper.lk2909@example.invalid,Kampala,2003-05-20,female,2026-07-15
LK-C02910,Test Shopper 02910,+256723036402,shopper.lk2910@example.invalid,Gulu,2004-06-21,male,2026-07-15
LK-C02911,Test Shopper 02911,+256723044321,shopper.lk2911@example.invalid,Jinja,2005-07-22,female,2025-12-20
LK-C02912,Test Shopper 02912,+256723052240,shopper.lk2912@example.invalid,Mbarara,1965-08-23,male,2026-07-15
LK-C02913,Test Shopper 02913,+256723060159,shopper.lk2913@example.invalid,Kampala,1966-09-24,not_stated,2026-07-15
LK-C02914,Test Shopper 02914,+256723068078,shopper.lk2914@example.invalid,Kampala,1967-10-25,female,2026-07-15
LK-C02915,Test Shopper 02915,+256723075997,shopper.lk2915@example.invalid,Jinja,1968-11-26,male,2026-07-15
LK-C02916,Test Shopper 02916,+256723083916,shopper.lk2916@example.invalid,Mbarara,1969-12-27,female,2026-07-15
LK-C02917,Test Shopper 02917,+256723091835,shopper.lk2917@example.invalid,Kampala,1970-01-01,male,2025-12-20
LK-C02918,Test Shopper 02918,+256723099754,shopper.lk2918@example.invalid,Gulu,1971-02-02,not_stated,2026-07-15
LK-C02919,Test Shopper 02919,+256723107673,shopper.lk2919@example.invalid,Jinja,1972-03-03,female,2026-07-15
LK-C02920,Test Shopper 02920,+256723115592,shopper.lk2920@example.invalid,Mbarara,1973-04-04,male,2026-07-15
LK-C02921,Test Shopper 02921,+256723123511,shopper.lk2921@example.invalid,Kampala,1974-05-05,female,2026-07-15
LK-C02922,Test Shopper 02922,+256723131430,shopper.lk2922@example.invalid,Kampala,1975-06-06,male,2026-07-15
LK-C02923,Test Shopper 02923,+256723139349,shopper.lk2923@example.invalid,Jinja,1976-07-07,not_stated,2025-12-20
LK-C02924,Test Shopper 02924,+256723147268,shopper.lk2924@example.invalid,Mbarara,1977-08-08,female,2026-07-15
LK-C02925,Test Shopper 02925,+256723155187,shopper.lk2925@example.invalid,Kampala,1978-09-09,male,2026-07-15
LK-C02926,Test Shopper 02926,+256723163106,shopper.lk2926@example.invalid,Gulu,1979-10-10,female,2026-07-15
LK-C02927,Test Shopper 02927,+256723171025,shopper.lk2927@example.invalid,Jinja,1980-11-11,male,2026-07-15
LK-C02928,Test Shopper 02928,+256723178944,shopper.lk2928@example.invalid,Mbarara,1981-12-12,not_stated,2026-07-15
LK-C02929,Test Shopper 02929,+256723186863,shopper.lk2929@example.invalid,Kampala,1982-01-13,female,2025-12-20
LK-C02930,Test Shopper 02930,+256723194782,shopper.lk2930@example.invalid,Kampala,1983-02-14,male,2026-07-15
LK-C02931,Test Shopper 02931,+256723202701,shopper.lk2931@example.invalid,Jinja,1984-03-15,female,2026-07-15
LK-C02932,Test Shopper 02932,+256723210620,shopper.lk2932@example.invalid,Mbarara,1985-04-16,male,2026-07-15
LK-C02933,Test Shopper 02933,+256723218539,shopper.lk2933@example.invalid,Kampala,1986-05-17,not_stated,2026-07-15
LK-C02934,Test Shopper 02934,+256723226458,shopper.lk2934@example.invalid,Gulu,1987-06-18,female,2026-07-15
LK-C02935,Test Shopper 02935,+256723234377,shopper.lk2935@example.invalid,Jinja,1988-07-19,male,2025-12-20
LK-C02936,Test Shopper 02936,+256723242296,shopper.lk2936@example.invalid,Mbarara,1989-08-20,female,2026-07-15
LK-C02937,Test Shopper 02937,+256723250215,shopper.lk2937@example.invalid,Kampala,1990-09-21,male,2026-07-15
LK-C02938,Test Shopper 02938,+256723258134,shopper.lk2938@example.invalid,Kampala,1991-10-22,not_stated,2026-07-15
LK-C02939,Test Shopper 02939,+256723266053,shopper.lk2939@example.invalid,Jinja,1992-11-23,female,2026-07-15
LK-C02940,Test Shopper 02940,+256723273972,shopper.lk2940@example.invalid,Mbarara,1993-12-24,male,2026-07-15
LK-C02941,Test Shopper 02941,+256723281891,shopper.lk2941@example.invalid,Kampala,1994-01-25,female,2025-12-20
LK-C02942,Test Shopper 02942,+256723289810,shopper.lk2942@example.invalid,Gulu,1995-02-26,male,2026-07-15
LK-C02943,Test Shopper 02943,+256723297729,shopper.lk2943@example.invalid,Jinja,1996-03-27,not_stated,2026-07-15
LK-C02944,Test Shopper 02944,+256723305648,shopper.lk2944@example.invalid,Mbarara,1997-04-01,female,2026-07-15
LK-C02945,Test Shopper 02945,+256723313567,shopper.lk2945@example.invalid,Kampala,1998-05-02,male,2026-07-15
LK-C02946,Test Shopper 02946,+256723321486,shopper.lk2946@example.invalid,Kampala,1999-06-03,female,2026-07-15
LK-C02947,Test Shopper 02947,+256723329405,shopper.lk2947@example.invalid,Jinja,2000-07-04,male,2025-12-20
LK-C02948,Test Shopper 02948,+256723337324,shopper.lk2948@example.invalid,Mbarara,2001-08-05,not_stated,2026-07-15
LK-C02949,Test Shopper 02949,+256723345243,shopper.lk2949@example.invalid,Kampala,2002-09-06,female,2026-07-15
LK-C02950,Test Shopper 02950,+256723353162,shopper.lk2950@example.invalid,Gulu,2003-10-07,male,2026-07-15
LK-C02951,Test Shopper 02951,+256723361081,shopper.lk2951@example.invalid,Jinja,2004-11-08,female,2026-07-15
LK-C02952,Test Shopper 02952,+256723369000,shopper.lk2952@example.invalid,Mbarara,2005-12-09,male,2026-07-15
LK-C02953,Test Shopper 02953,+256723376919,shopper.lk2953@example.invalid,Kampala,1965-01-10,not_stated,2025-12-20
LK-C02954,Test Shopper 02954,+256723384838,shopper.lk2954@example.invalid,Kampala,1966-02-11,female,2026-07-15
LK-C02955,Test Shopper 02955,+256723392757,shopper.lk2955@example.invalid,Jinja,1967-03-12,male,2026-07-15
LK-C02956,Test Shopper 02956,+256723400676,shopper.lk2956@example.invalid,Mbarara,1968-04-13,female,2026-07-15
LK-C02957,Test Shopper 02957,+256723408595,shopper.lk2957@example.invalid,Kampala,1969-05-14,male,2026-07-15
LK-C02958,Test Shopper 02958,+256723416514,shopper.lk2958@example.invalid,Gulu,1970-06-15,not_stated,2026-07-15
LK-C02959,Test Shopper 02959,+256723424433,shopper.lk2959@example.invalid,Jinja,1971-07-16,female,2025-12-20
LK-C02960,Test Shopper 02960,+256723432352,shopper.lk2960@example.invalid,Mbarara,1972-08-17,male,2026-07-15
LK-C02961,Test Shopper 02961,+256723440271,shopper.lk2961@example.invalid,Kampala,1973-09-18,female,2026-07-15
LK-C02962,Test Shopper 02962,+256723448190,shopper.lk2962@example.invalid,Kampala,1974-10-19,male,2026-07-15
LK-C02963,Test Shopper 02963,+256723456109,shopper.lk2963@example.invalid,Jinja,1975-11-20,not_stated,2026-07-15
LK-C02964,Test Shopper 02964,+256723464028,shopper.lk2964@example.invalid,Mbarara,1976-12-21,female,2026-07-15
LK-C02965,Test Shopper 02965,+256723471947,shopper.lk2965@example.invalid,Kampala,1977-01-22,male,2025-12-20
LK-C02966,Test Shopper 02966,+256723479866,shopper.lk2966@example.invalid,Gulu,1978-02-23,female,2026-07-15
LK-C02967,Test Shopper 02967,+256723487785,shopper.lk2967@example.invalid,Jinja,1979-03-24,male,2026-07-15
LK-C02968,Test Shopper 02968,+256723495704,shopper.lk2968@example.invalid,Mbarara,1980-04-25,not_stated,2026-07-15
LK-C02969,Test Shopper 02969,+256723503623,shopper.lk2969@example.invalid,Kampala,1981-05-26,female,2026-07-15
LK-C02970,Test Shopper 02970,+256723511542,shopper.lk2970@example.invalid,Kampala,1982-06-27,male,2026-07-15
LK-C02971,Test Shopper 02971,+256723519461,shopper.lk2971@example.invalid,Jinja,1983-07-01,female,2025-12-20
LK-C02972,Test Shopper 02972,+256723527380,shopper.lk2972@example.invalid,Mbarara,1984-08-02,male,2026-07-15
LK-C02973,Test Shopper 02973,+256723535299,shopper.lk2973@example.invalid,Kampala,1985-09-03,not_stated,2026-07-15
LK-C02974,Test Shopper 02974,+256723543218,shopper.lk2974@example.invalid,Gulu,1986-10-04,female,2026-07-15
LK-C02975,Test Shopper 02975,+256723551137,shopper.lk2975@example.invalid,Jinja,1987-11-05,male,2026-07-15
LK-C02976,Test Shopper 02976,+256723559056,shopper.lk2976@example.invalid,Mbarara,1988-12-06,female,2026-07-15
LK-C02977,Test Shopper 02977,+256723566975,shopper.lk2977@example.invalid,Kampala,1989-01-07,male,2025-12-20
LK-C02978,Test Shopper 02978,+256723574894,shopper.lk2978@example.invalid,Kampala,1990-02-08,not_stated,2026-07-15
LK-C02979,Test Shopper 02979,+256723582813,shopper.lk2979@example.invalid,Jinja,1991-03-09,female,2026-07-15
LK-C02980,Test Shopper 02980,+256723590732,shopper.lk2980@example.invalid,Mbarara,1992-04-10,male,2026-07-15
LK-C02981,Test Shopper 02981,+256723598651,shopper.lk2981@example.invalid,Kampala,1993-05-11,female,2026-07-15
LK-C02982,Test Shopper 02982,+256723606570,shopper.lk2982@example.invalid,Gulu,1994-06-12,male,2026-07-15
LK-C02983,Test Shopper 02983,+256723614489,shopper.lk2983@example.invalid,Jinja,1995-07-13,not_stated,2025-12-20
LK-C02984,Test Shopper 02984,+256723622408,shopper.lk2984@example.invalid,Mbarara,1996-08-14,female,2026-07-15
LK-C02985,Test Shopper 02985,+256723630327,shopper.lk2985@example.invalid,Kampala,1997-09-15,male,2026-07-15
LK-C02986,Test Shopper 02986,+256723638246,shopper.lk2986@example.invalid,Kampala,1998-10-16,female,2026-07-15
LK-C02987,Test Shopper 02987,+256723646165,shopper.lk2987@example.invalid,Jinja,1999-11-17,male,2026-07-15
LK-C02988,Test Shopper 02988,+256723654084,shopper.lk2988@example.invalid,Mbarara,2000-12-18,not_stated,2026-07-15
LK-C02989,Test Shopper 02989,+256723662003,shopper.lk2989@example.invalid,Kampala,2001-01-19,female,2025-12-20
LK-C02990,Test Shopper 02990,+256723669922,shopper.lk2990@example.invalid,Gulu,2002-02-20,male,2026-07-15
LK-C02991,Test Shopper 02991,+256723677841,shopper.lk2991@example.invalid,Jinja,2003-03-21,female,2026-07-15
LK-C02992,Test Shopper 02992,+256723685760,shopper.lk2992@example.invalid,Mbarara,2004-04-22,male,2026-07-15
LK-C02993,Test Shopper 02993,+256723693679,shopper.lk2993@example.invalid,Kampala,2005-05-23,not_stated,2026-07-15
LK-C02994,Test Shopper 02994,+256723701598,shopper.lk2994@example.invalid,Kampala,1965-06-24,female,2026-07-15
LK-C02995,Test Shopper 02995,+256723709517,shopper.lk2995@example.invalid,Jinja,1966-07-25,male,2025-12-20
LK-C02996,Test Shopper 02996,+256723717436,shopper.lk2996@example.invalid,Mbarara,1967-08-26,female,2026-07-15
LK-C02997,Test Shopper 02997,+256723725355,shopper.lk2997@example.invalid,Kampala,1968-09-27,male,2026-07-15
LK-C02998,Test Shopper 02998,+256723733274,shopper.lk2998@example.invalid,Gulu,1969-10-01,not_stated,2026-07-15
LK-C02999,Test Shopper 02999,+256723741193,shopper.lk2999@example.invalid,Jinja,1970-11-02,female,2026-07-15
LK-C03000,Test Shopper 03000,+256723749112,shopper.lk3000@example.invalid,Mbarara,1971-12-03,male,2026-07-15
LK-C03001,Test Shopper 03001,+256723757031,shopper.lk3001@example.invalid,Kampala,1972-01-04,female,2025-12-20
LK-C03002,Test Shopper 03002,+256723764950,shopper.lk3002@example.invalid,Kampala,1973-02-05,male,2026-07-15
LK-C03003,Test Shopper 03003,+256723772869,shopper.lk3003@example.invalid,Jinja,1974-03-06,not_stated,2026-07-15
LK-C03004,Test Shopper 03004,+256723780788,shopper.lk3004@example.invalid,Mbarara,1975-04-07,female,2026-07-15
LK-C03005,Test Shopper 03005,+256723788707,shopper.lk3005@example.invalid,Kampala,1976-05-08,male,2026-07-15
LK-C03006,Test Shopper 03006,+256723796626,shopper.lk3006@example.invalid,Gulu,1977-06-09,female,2026-07-15
LK-C03007,Test Shopper 03007,+256723804545,shopper.lk3007@example.invalid,Jinja,1978-07-10,male,2025-12-20
LK-C03008,Test Shopper 03008,+256723812464,shopper.lk3008@example.invalid,Mbarara,1979-08-11,not_stated,2026-07-15
LK-C03009,Test Shopper 03009,+256723820383,shopper.lk3009@example.invalid,Kampala,1980-09-12,female,2026-07-15
LK-C03010,Test Shopper 03010,+256723828302,shopper.lk3010@example.invalid,Kampala,1981-10-13,male,2026-07-15
LK-C03011,Test Shopper 03011,+256723836221,shopper.lk3011@example.invalid,Jinja,1982-11-14,female,2026-07-15
LK-C03012,Test Shopper 03012,+256723844140,shopper.lk3012@example.invalid,Mbarara,1983-12-15,male,2026-07-15
LK-C03013,Test Shopper 03013,+256723852059,shopper.lk3013@example.invalid,Kampala,1984-01-16,not_stated,2025-12-20
LK-C03014,Test Shopper 03014,+256723859978,shopper.lk3014@example.invalid,Gulu,1985-02-17,female,2026-07-15
LK-C03015,Test Shopper 03015,+256723867897,shopper.lk3015@example.invalid,Jinja,1986-03-18,male,2026-07-15
LK-C03016,Test Shopper 03016,+256723875816,shopper.lk3016@example.invalid,Mbarara,1987-04-19,female,2026-07-15
LK-C03017,Test Shopper 03017,+256723883735,shopper.lk3017@example.invalid,Kampala,1988-05-20,male,2026-07-15
LK-C03018,Test Shopper 03018,+256723891654,shopper.lk3018@example.invalid,Kampala,1989-06-21,not_stated,2026-07-15
LK-C03019,Test Shopper 03019,+256723899573,shopper.lk3019@example.invalid,Jinja,1990-07-22,female,2025-12-20
LK-C03020,Test Shopper 03020,+256723907492,shopper.lk3020@example.invalid,Mbarara,1991-08-23,male,2026-07-15
LK-C03021,Test Shopper 03021,+256723915411,shopper.lk3021@example.invalid,Kampala,1992-09-24,female,2026-07-15
LK-C03022,Test Shopper 03022,+256723923330,shopper.lk3022@example.invalid,Gulu,1993-10-25,male,2026-07-15
LK-C03023,Test Shopper 03023,+256723931249,shopper.lk3023@example.invalid,Jinja,1994-11-26,not_stated,2026-07-15
LK-C03024,Test Shopper 03024,+256723939168,shopper.lk3024@example.invalid,Mbarara,1995-12-27,female,2026-07-15
LK-C03025,Test Shopper 03025,+256723947087,shopper.lk3025@example.invalid,Kampala,1996-01-01,male,2025-12-20
LK-C03026,Test Shopper 03026,+256723955006,shopper.lk3026@example.invalid,Kampala,1997-02-02,female,2026-07-15
LK-C03027,Test Shopper 03027,+256723962925,shopper.lk3027@example.invalid,Jinja,1998-03-03,male,2026-07-15
LK-C03028,Test Shopper 03028,+256723970844,shopper.lk3028@example.invalid,Mbarara,1999-04-04,not_stated,2026-07-15
LK-C03029,Test Shopper 03029,+256723978763,shopper.lk3029@example.invalid,Kampala,2000-05-05,female,2026-07-15
LK-C03030,Test Shopper 03030,+256723986682,shopper.lk3030@example.invalid,Gulu,2001-06-06,male,2026-07-15
LK-C03031,Test Shopper 03031,+256723994601,shopper.lk3031@example.invalid,Jinja,2002-07-07,female,2025-12-20
LK-C03032,Test Shopper 03032,+256724002520,shopper.lk3032@example.invalid,Mbarara,2003-08-08,male,2026-07-15
LK-C03033,Test Shopper 03033,+256724010439,shopper.lk3033@example.invalid,Kampala,2004-09-09,not_stated,2026-07-15
LK-C03034,Test Shopper 03034,+256724018358,shopper.lk3034@example.invalid,Kampala,2005-10-10,female,2026-07-15
LK-C03035,Test Shopper 03035,+256724026277,shopper.lk3035@example.invalid,Jinja,1965-11-11,male,2026-07-15
LK-C03036,Test Shopper 03036,+256724034196,shopper.lk3036@example.invalid,Mbarara,1966-12-12,female,2026-07-15
LK-C03037,Test Shopper 03037,+256724042115,shopper.lk3037@example.invalid,Kampala,1967-01-13,male,2025-12-20
LK-C03038,Test Shopper 03038,+256724050034,shopper.lk3038@example.invalid,Gulu,1968-02-14,not_stated,2026-07-15
LK-C03039,Test Shopper 03039,+256724057953,shopper.lk3039@example.invalid,Jinja,1969-03-15,female,2026-07-15
LK-C03040,Test Shopper 03040,+256724065872,shopper.lk3040@example.invalid,Mbarara,1970-04-16,male,2026-07-15
LK-C03041,Test Shopper 03041,+256724073791,shopper.lk3041@example.invalid,Kampala,1971-05-17,female,2026-07-15
LK-C03042,Test Shopper 03042,+256724081710,shopper.lk3042@example.invalid,Kampala,1972-06-18,male,2026-07-15
LK-C03043,Test Shopper 03043,+256724089629,shopper.lk3043@example.invalid,Jinja,1973-07-19,not_stated,2025-12-20
LK-C03044,Test Shopper 03044,+256724097548,shopper.lk3044@example.invalid,Mbarara,1974-08-20,female,2026-07-15
LK-C03045,Test Shopper 03045,+256724105467,shopper.lk3045@example.invalid,Kampala,1975-09-21,male,2026-07-15
LK-C03046,Test Shopper 03046,+256724113386,shopper.lk3046@example.invalid,Gulu,1976-10-22,female,2026-07-15
LK-C03047,Test Shopper 03047,+256724121305,shopper.lk3047@example.invalid,Jinja,1977-11-23,male,2026-07-15
LK-C03048,Test Shopper 03048,+256724129224,shopper.lk3048@example.invalid,Mbarara,1978-12-24,not_stated,2026-07-15
LK-C03049,Test Shopper 03049,+256724137143,shopper.lk3049@example.invalid,Kampala,1979-01-25,female,2025-12-20
LK-C03050,Test Shopper 03050,+256724145062,shopper.lk3050@example.invalid,Kampala,1980-02-26,male,2026-07-15
LK-C03051,Test Shopper 03051,+256724152981,shopper.lk3051@example.invalid,Jinja,1981-03-27,female,2026-07-15
LK-C03052,Test Shopper 03052,+256724160900,shopper.lk3052@example.invalid,Mbarara,1982-04-01,male,2026-07-15
LK-C03053,Test Shopper 03053,+256724168819,shopper.lk3053@example.invalid,Kampala,1983-05-02,not_stated,2026-07-15
LK-C03054,Test Shopper 03054,+256724176738,shopper.lk3054@example.invalid,Gulu,1984-06-03,female,2026-07-15
LK-C03055,Test Shopper 03055,+256724184657,shopper.lk3055@example.invalid,Jinja,1985-07-04,male,2025-12-20
LK-C03056,Test Shopper 03056,+256724192576,shopper.lk3056@example.invalid,Mbarara,1986-08-05,female,2026-07-15
LK-C03057,Test Shopper 03057,+256724200495,shopper.lk3057@example.invalid,Kampala,1987-09-06,male,2026-07-15
LK-C03058,Test Shopper 03058,+256724208414,shopper.lk3058@example.invalid,Kampala,1988-10-07,not_stated,2026-07-15
LK-C03059,Test Shopper 03059,+256724216333,shopper.lk3059@example.invalid,Jinja,1989-11-08,female,2026-07-15
LK-C03060,Test Shopper 03060,+256724224252,shopper.lk3060@example.invalid,Mbarara,1990-12-09,male,2026-07-15
LK-C03061,Test Shopper 03061,+256724232171,shopper.lk3061@example.invalid,Kampala,1991-01-10,female,2025-12-20
LK-C03062,Test Shopper 03062,+256724240090,shopper.lk3062@example.invalid,Gulu,1992-02-11,male,2026-07-15
LK-C03063,Test Shopper 03063,+256724248009,shopper.lk3063@example.invalid,Jinja,1993-03-12,not_stated,2026-07-15
LK-C03064,Test Shopper 03064,+256724255928,shopper.lk3064@example.invalid,Mbarara,1994-04-13,female,2026-07-15
LK-C03065,Test Shopper 03065,+256724263847,shopper.lk3065@example.invalid,Kampala,1995-05-14,male,2026-07-15
LK-C03066,Test Shopper 03066,+256724271766,shopper.lk3066@example.invalid,Kampala,1996-06-15,female,2026-07-15
LK-C03067,Test Shopper 03067,+256724279685,shopper.lk3067@example.invalid,Jinja,1997-07-16,male,2025-12-20
LK-C03068,Test Shopper 03068,+256724287604,shopper.lk3068@example.invalid,Mbarara,1998-08-17,not_stated,2026-07-15
LK-C03069,Test Shopper 03069,+256724295523,shopper.lk3069@example.invalid,Kampala,1999-09-18,female,2026-07-15
LK-C03070,Test Shopper 03070,+256724303442,shopper.lk3070@example.invalid,Gulu,2000-10-19,male,2026-07-15
LK-C03071,Test Shopper 03071,+256724311361,shopper.lk3071@example.invalid,Jinja,2001-11-20,female,2026-07-15
LK-C03072,Test Shopper 03072,+256724319280,shopper.lk3072@example.invalid,Mbarara,2002-12-21,male,2026-07-15
LK-C03073,Test Shopper 03073,+256724327199,shopper.lk3073@example.invalid,Kampala,2003-01-22,not_stated,2025-12-20
LK-C03074,Test Shopper 03074,+256724335118,shopper.lk3074@example.invalid,Kampala,2004-02-23,female,2026-07-15
LK-C03075,Test Shopper 03075,+256724343037,shopper.lk3075@example.invalid,Jinja,2005-03-24,male,2026-07-15
LK-C03076,Test Shopper 03076,+256724350956,shopper.lk3076@example.invalid,Mbarara,1965-04-25,female,2026-07-15
LK-C03077,Test Shopper 03077,+256724358875,shopper.lk3077@example.invalid,Kampala,1966-05-26,male,2026-07-15
LK-C03078,Test Shopper 03078,+256724366794,shopper.lk3078@example.invalid,Gulu,1967-06-27,not_stated,2026-07-15
LK-C03079,Test Shopper 03079,+256724374713,shopper.lk3079@example.invalid,Jinja,1968-07-01,female,2025-12-20
LK-C03080,Test Shopper 03080,+256724382632,shopper.lk3080@example.invalid,Mbarara,1969-08-02,male,2026-07-15
LK-C03081,Test Shopper 03081,+256724390551,shopper.lk3081@example.invalid,Kampala,1970-09-03,female,2026-07-15
LK-C03082,Test Shopper 03082,+256724398470,shopper.lk3082@example.invalid,Kampala,1971-10-04,male,2026-07-15
LK-C03083,Test Shopper 03083,+256724406389,shopper.lk3083@example.invalid,Jinja,1972-11-05,not_stated,2026-07-15
LK-C03084,Test Shopper 03084,+256724414308,shopper.lk3084@example.invalid,Mbarara,1973-12-06,female,2026-07-15
LK-C03085,Test Shopper 03085,+256724422227,shopper.lk3085@example.invalid,Kampala,1974-01-07,male,2025-12-20
LK-C03086,Test Shopper 03086,+256724430146,shopper.lk3086@example.invalid,Gulu,1975-02-08,female,2026-07-15
LK-C03087,Test Shopper 03087,+256724438065,shopper.lk3087@example.invalid,Jinja,1976-03-09,male,2026-07-15
LK-C03088,Test Shopper 03088,+256724445984,shopper.lk3088@example.invalid,Mbarara,1977-04-10,not_stated,2026-07-15
LK-C03089,Test Shopper 03089,+256724453903,shopper.lk3089@example.invalid,Kampala,1978-05-11,female,2026-07-15
LK-C03090,Test Shopper 03090,+256724461822,shopper.lk3090@example.invalid,Kampala,1979-06-12,male,2026-07-15
LK-C03091,Test Shopper 03091,+256724469741,shopper.lk3091@example.invalid,Jinja,1980-07-13,female,2025-12-20
LK-C03092,Test Shopper 03092,+256724477660,shopper.lk3092@example.invalid,Mbarara,1981-08-14,male,2026-07-15
LK-C03093,Test Shopper 03093,+256724485579,shopper.lk3093@example.invalid,Kampala,1982-09-15,not_stated,2026-07-15
LK-C03094,Test Shopper 03094,+256724493498,shopper.lk3094@example.invalid,Gulu,1983-10-16,female,2026-07-15
LK-C03095,Test Shopper 03095,+256724501417,shopper.lk3095@example.invalid,Jinja,1984-11-17,male,2026-07-15
LK-C03096,Test Shopper 03096,+256724509336,shopper.lk3096@example.invalid,Mbarara,1985-12-18,female,2026-07-15
LK-C03097,Test Shopper 03097,+256724517255,shopper.lk3097@example.invalid,Kampala,1986-01-19,male,2025-12-20
LK-C03098,Test Shopper 03098,+256724525174,shopper.lk3098@example.invalid,Kampala,1987-02-20,not_stated,2026-07-15
LK-C03099,Test Shopper 03099,+256724533093,shopper.lk3099@example.invalid,Jinja,1988-03-21,female,2026-07-15
LK-C03100,Test Shopper 03100,+256724541012,shopper.lk3100@example.invalid,Mbarara,1989-04-22,male,2026-07-15
LK-C03101,Test Shopper 03101,+256724548931,shopper.lk3101@example.invalid,Kampala,1990-05-23,female,2026-07-15
LK-C03102,Test Shopper 03102,+256724556850,shopper.lk3102@example.invalid,Gulu,1991-06-24,male,2026-07-15
LK-C03103,Test Shopper 03103,+256724564769,shopper.lk3103@example.invalid,Jinja,1992-07-25,not_stated,2025-12-20
LK-C03104,Test Shopper 03104,+256724572688,shopper.lk3104@example.invalid,Mbarara,1993-08-26,female,2026-07-15
LK-C03105,Test Shopper 03105,+256724580607,shopper.lk3105@example.invalid,Kampala,1994-09-27,male,2026-07-15
LK-C03106,Test Shopper 03106,+256724588526,shopper.lk3106@example.invalid,Kampala,1995-10-01,female,2026-07-15
LK-C03107,Test Shopper 03107,+256724596445,shopper.lk3107@example.invalid,Jinja,1996-11-02,male,2026-07-15
LK-C03108,Test Shopper 03108,+256724604364,shopper.lk3108@example.invalid,Mbarara,1997-12-03,not_stated,2026-07-15
LK-C03109,Test Shopper 03109,+256724612283,shopper.lk3109@example.invalid,Kampala,1998-01-04,female,2025-12-20
LK-C03110,Test Shopper 03110,+256724620202,shopper.lk3110@example.invalid,Gulu,1999-02-05,male,2026-07-15
LK-C03111,Test Shopper 03111,+256724628121,shopper.lk3111@example.invalid,Jinja,2000-03-06,female,2026-07-15
LK-C03112,Test Shopper 03112,+256724636040,shopper.lk3112@example.invalid,Mbarara,2001-04-07,male,2026-07-15
LK-C03113,Test Shopper 03113,+256724643959,shopper.lk3113@example.invalid,Kampala,2002-05-08,not_stated,2026-07-15
LK-C03114,Test Shopper 03114,+256724651878,shopper.lk3114@example.invalid,Kampala,2003-06-09,female,2026-07-15
LK-C03115,Test Shopper 03115,+256724659797,shopper.lk3115@example.invalid,Jinja,2004-07-10,male,2025-12-20
LK-C03116,Test Shopper 03116,+256724667716,shopper.lk3116@example.invalid,Mbarara,2005-08-11,female,2026-07-15
LK-C03117,Test Shopper 03117,+256724675635,shopper.lk3117@example.invalid,Kampala,1965-09-12,male,2026-07-15
LK-C03118,Test Shopper 03118,+256724683554,shopper.lk3118@example.invalid,Gulu,1966-10-13,not_stated,2026-07-15
LK-C03119,Test Shopper 03119,+256724691473,shopper.lk3119@example.invalid,Jinja,1967-11-14,female,2026-07-15
LK-C03120,Test Shopper 03120,+256724699392,shopper.lk3120@example.invalid,Mbarara,1968-12-15,male,2026-07-15
LK-C03121,Test Shopper 03121,+256724707311,shopper.lk3121@example.invalid,Kampala,1969-01-16,female,2025-12-20
LK-C03122,Test Shopper 03122,+256724715230,shopper.lk3122@example.invalid,Kampala,1970-02-17,male,2026-07-15
LK-C03123,Test Shopper 03123,+256724723149,shopper.lk3123@example.invalid,Jinja,1971-03-18,not_stated,2026-07-15
LK-C03124,Test Shopper 03124,+256724731068,shopper.lk3124@example.invalid,Mbarara,1972-04-19,female,2026-07-15
LK-C03125,Test Shopper 03125,+256724738987,shopper.lk3125@example.invalid,Kampala,1973-05-20,male,2026-07-15
LK-C03126,Test Shopper 03126,+256724746906,shopper.lk3126@example.invalid,Gulu,1974-06-21,female,2026-07-15
LK-C03127,Test Shopper 03127,+256724754825,shopper.lk3127@example.invalid,Jinja,1975-07-22,male,2025-12-20
LK-C03128,Test Shopper 03128,+256724762744,shopper.lk3128@example.invalid,Mbarara,1976-08-23,not_stated,2026-07-15
LK-C03129,Test Shopper 03129,+256724770663,shopper.lk3129@example.invalid,Kampala,1977-09-24,female,2026-07-15
LK-C03130,Test Shopper 03130,+256724778582,shopper.lk3130@example.invalid,Kampala,1978-10-25,male,2026-07-15
LK-C03131,Test Shopper 03131,+256724786501,shopper.lk3131@example.invalid,Jinja,1979-11-26,female,2026-07-15
LK-C03132,Test Shopper 03132,+256724794420,shopper.lk3132@example.invalid,Mbarara,1980-12-27,male,2026-07-15
LK-C03133,Test Shopper 03133,+256724802339,shopper.lk3133@example.invalid,Kampala,1981-01-01,not_stated,2025-12-20
LK-C03134,Test Shopper 03134,+256724810258,shopper.lk3134@example.invalid,Gulu,1982-02-02,female,2026-07-15
LK-C03135,Test Shopper 03135,+256724818177,shopper.lk3135@example.invalid,Jinja,1983-03-03,male,2026-07-15
LK-C03136,Test Shopper 03136,+256724826096,shopper.lk3136@example.invalid,Mbarara,1984-04-04,female,2026-07-15
LK-C03137,Test Shopper 03137,+256724834015,shopper.lk3137@example.invalid,Kampala,1985-05-05,male,2026-07-15
LK-C03138,Test Shopper 03138,+256724841934,shopper.lk3138@example.invalid,Kampala,1986-06-06,not_stated,2026-07-15
LK-C03139,Test Shopper 03139,+256724849853,shopper.lk3139@example.invalid,Jinja,1987-07-07,female,2025-12-20
LK-C03140,Test Shopper 03140,+256724857772,shopper.lk3140@example.invalid,Mbarara,1988-08-08,male,2026-07-15
LK-C03141,Test Shopper 03141,+256724865691,shopper.lk3141@example.invalid,Kampala,1989-09-09,female,2026-07-15
LK-C03142,Test Shopper 03142,+256724873610,shopper.lk3142@example.invalid,Gulu,1990-10-10,male,2026-07-15
LK-C03143,Test Shopper 03143,+256724881529,shopper.lk3143@example.invalid,Jinja,1991-11-11,not_stated,2026-07-15
LK-C03144,Test Shopper 03144,+256724889448,shopper.lk3144@example.invalid,Mbarara,1992-12-12,female,2026-07-15
LK-C03145,Test Shopper 03145,+256724897367,shopper.lk3145@example.invalid,Kampala,1993-01-13,male,2025-12-20
LK-C03146,Test Shopper 03146,+256724905286,shopper.lk3146@example.invalid,Kampala,1994-02-14,female,2026-07-15
LK-C03147,Test Shopper 03147,+256724913205,shopper.lk3147@example.invalid,Jinja,1995-03-15,male,2026-07-15
LK-C03148,Test Shopper 03148,+256724921124,shopper.lk3148@example.invalid,Mbarara,1996-04-16,not_stated,2026-07-15
LK-C03149,Test Shopper 03149,+256724929043,shopper.lk3149@example.invalid,Kampala,1997-05-17,female,2026-07-15
LK-C03150,Test Shopper 03150,+256724936962,shopper.lk3150@example.invalid,Gulu,1998-06-18,male,2026-07-15
LK-C03151,Test Shopper 03151,+256724944881,shopper.lk3151@example.invalid,Jinja,1999-07-19,female,2025-12-20
LK-C03152,Test Shopper 03152,+256724952800,shopper.lk3152@example.invalid,Mbarara,2000-08-20,male,2026-07-15
LK-C03153,Test Shopper 03153,+256724960719,shopper.lk3153@example.invalid,Kampala,2001-09-21,not_stated,2026-07-15
LK-C03154,Test Shopper 03154,+256724968638,shopper.lk3154@example.invalid,Kampala,2002-10-22,female,2026-07-15
LK-C03155,Test Shopper 03155,+256724976557,shopper.lk3155@example.invalid,Jinja,2003-11-23,male,2026-07-15
LK-C03156,Test Shopper 03156,+256724984476,shopper.lk3156@example.invalid,Mbarara,2004-12-24,female,2026-07-15
LK-C03157,Test Shopper 03157,+256724992395,shopper.lk3157@example.invalid,Kampala,2005-01-25,male,2025-12-20
LK-C03158,Test Shopper 03158,+256725000314,shopper.lk3158@example.invalid,Gulu,1965-02-26,not_stated,2026-07-15
LK-C03159,Test Shopper 03159,+256725008233,shopper.lk3159@example.invalid,Jinja,1966-03-27,female,2026-07-15
LK-C03160,Test Shopper 03160,+256725016152,shopper.lk3160@example.invalid,Mbarara,1967-04-01,male,2026-07-15
LK-C03161,Test Shopper 03161,+256725024071,shopper.lk3161@example.invalid,Kampala,1968-05-02,female,2026-07-15
LK-C03162,Test Shopper 03162,+256725031990,shopper.lk3162@example.invalid,Kampala,1969-06-03,male,2026-07-15
LK-C03163,Test Shopper 03163,+256725039909,shopper.lk3163@example.invalid,Jinja,1970-07-04,not_stated,2025-12-20
LK-C03164,Test Shopper 03164,+256725047828,shopper.lk3164@example.invalid,Mbarara,1971-08-05,female,2026-07-15
LK-C03165,Test Shopper 03165,+256725055747,shopper.lk3165@example.invalid,Kampala,1972-09-06,male,2026-07-15
LK-C03166,Test Shopper 03166,+256725063666,shopper.lk3166@example.invalid,Gulu,1973-10-07,female,2026-07-15
LK-C03167,Test Shopper 03167,+256725071585,shopper.lk3167@example.invalid,Jinja,1974-11-08,male,2026-07-15
LK-C03168,Test Shopper 03168,+256725079504,shopper.lk3168@example.invalid,Mbarara,1975-12-09,not_stated,2026-07-15
LK-C03169,Test Shopper 03169,+256725087423,shopper.lk3169@example.invalid,Kampala,1976-01-10,female,2025-12-20
LK-C03170,Test Shopper 03170,+256725095342,shopper.lk3170@example.invalid,Kampala,1977-02-11,male,2026-07-15
LK-C03171,Test Shopper 03171,+256725103261,shopper.lk3171@example.invalid,Jinja,1978-03-12,female,2026-07-15
LK-C03172,Test Shopper 03172,+256725111180,shopper.lk3172@example.invalid,Mbarara,1979-04-13,male,2026-07-15
LK-C03173,Test Shopper 03173,+256725119099,shopper.lk3173@example.invalid,Kampala,1980-05-14,not_stated,2026-07-15
LK-C03174,Test Shopper 03174,+256725127018,shopper.lk3174@example.invalid,Gulu,1981-06-15,female,2026-07-15
LK-C03175,Test Shopper 03175,+256725134937,shopper.lk3175@example.invalid,Jinja,1982-07-16,male,2025-12-20
LK-C03176,Test Shopper 03176,+256725142856,shopper.lk3176@example.invalid,Mbarara,1983-08-17,female,2026-07-15
LK-C03177,Test Shopper 03177,+256725150775,shopper.lk3177@example.invalid,Kampala,1984-09-18,male,2026-07-15
LK-C03178,Test Shopper 03178,+256725158694,shopper.lk3178@example.invalid,Kampala,1985-10-19,not_stated,2026-07-15
LK-C03179,Test Shopper 03179,+256725166613,shopper.lk3179@example.invalid,Jinja,1986-11-20,female,2026-07-15
LK-C03180,Test Shopper 03180,+256725174532,shopper.lk3180@example.invalid,Mbarara,1987-12-21,male,2026-07-15
LK-C03181,Test Shopper 03181,+256725182451,shopper.lk3181@example.invalid,Kampala,1988-01-22,female,2025-12-20
LK-C03182,Test Shopper 03182,+256725190370,shopper.lk3182@example.invalid,Gulu,1989-02-23,male,2026-07-15
LK-C03183,Test Shopper 03183,+256725198289,shopper.lk3183@example.invalid,Jinja,1990-03-24,not_stated,2026-07-15
LK-C03184,Test Shopper 03184,+256725206208,shopper.lk3184@example.invalid,Mbarara,1991-04-25,female,2026-07-15
LK-C03185,Test Shopper 03185,+256725214127,shopper.lk3185@example.invalid,Kampala,1992-05-26,male,2026-07-15
LK-C03186,Test Shopper 03186,+256725222046,shopper.lk3186@example.invalid,Kampala,1993-06-27,female,2026-07-15
LK-C03187,Test Shopper 03187,+256725229965,shopper.lk3187@example.invalid,Jinja,1994-07-01,male,2025-12-20
LK-C03188,Test Shopper 03188,+256725237884,shopper.lk3188@example.invalid,Mbarara,1995-08-02,not_stated,2026-07-15
LK-C03189,Test Shopper 03189,+256725245803,shopper.lk3189@example.invalid,Kampala,1996-09-03,female,2026-07-15
LK-C03190,Test Shopper 03190,+256725253722,shopper.lk3190@example.invalid,Gulu,1997-10-04,male,2026-07-15
LK-C03191,Test Shopper 03191,+256725261641,shopper.lk3191@example.invalid,Jinja,1998-11-05,female,2026-07-15
LK-C03192,Test Shopper 03192,+256725269560,shopper.lk3192@example.invalid,Mbarara,1999-12-06,male,2026-07-15
LK-C03193,Test Shopper 03193,+256725277479,shopper.lk3193@example.invalid,Kampala,2000-01-07,not_stated,2025-12-20
LK-C03194,Test Shopper 03194,+256725285398,shopper.lk3194@example.invalid,Kampala,2001-02-08,female,2026-07-15
LK-C03195,Test Shopper 03195,+256725293317,shopper.lk3195@example.invalid,Jinja,2002-03-09,male,2026-07-15
LK-C03196,Test Shopper 03196,+256725301236,shopper.lk3196@example.invalid,Mbarara,2003-04-10,female,2026-07-15
LK-C03197,Test Shopper 03197,+256725309155,shopper.lk3197@example.invalid,Kampala,2004-05-11,male,2026-07-15
LK-C03198,Test Shopper 03198,+256725317074,shopper.lk3198@example.invalid,Gulu,2005-06-12,not_stated,2026-07-15
LK-C03199,Test Shopper 03199,+256725324993,shopper.lk3199@example.invalid,Jinja,1965-07-13,female,2025-12-20
LK-C03200,Test Shopper 03200,+256725332912,shopper.lk3200@example.invalid,Mbarara,1966-08-14,male,2026-07-15
LK-C03201,Test Shopper 03201,+256725340831,shopper.lk3201@example.invalid,Kampala,1967-09-15,female,2026-07-15
LK-C03202,Test Shopper 03202,+256725348750,shopper.lk3202@example.invalid,Kampala,1968-10-16,male,2026-07-15
LK-C03203,Test Shopper 03203,+256725356669,shopper.lk3203@example.invalid,Jinja,1969-11-17,not_stated,2026-07-15
LK-C03204,Test Shopper 03204,+256725364588,shopper.lk3204@example.invalid,Mbarara,1970-12-18,female,2026-07-15
LK-C03205,Test Shopper 03205,+256725372507,shopper.lk3205@example.invalid,Kampala,1971-01-19,male,2025-12-20
LK-C03206,Test Shopper 03206,+256725380426,shopper.lk3206@example.invalid,Gulu,1972-02-20,female,2026-07-15
LK-C03207,Test Shopper 03207,+256725388345,shopper.lk3207@example.invalid,Jinja,1973-03-21,male,2026-07-15
LK-C03208,Test Shopper 03208,+256725396264,shopper.lk3208@example.invalid,Mbarara,1974-04-22,not_stated,2026-07-15
LK-C03209,Test Shopper 03209,+256725404183,shopper.lk3209@example.invalid,Kampala,1975-05-23,female,2026-07-15
LK-C03210,Test Shopper 03210,+256725412102,shopper.lk3210@example.invalid,Kampala,1976-06-24,male,2026-07-15
LK-C03211,Test Shopper 03211,+256725420021,shopper.lk3211@example.invalid,Jinja,1977-07-25,female,2025-12-20
LK-C03212,Test Shopper 03212,+256725427940,shopper.lk3212@example.invalid,Mbarara,1978-08-26,male,2026-07-15
LK-C03213,Test Shopper 03213,+256725435859,shopper.lk3213@example.invalid,Kampala,1979-09-27,not_stated,2026-07-15
LK-C03214,Test Shopper 03214,+256725443778,shopper.lk3214@example.invalid,Gulu,1980-10-01,female,2026-07-15
LK-C03215,Test Shopper 03215,+256725451697,shopper.lk3215@example.invalid,Jinja,1981-11-02,male,2026-07-15
LK-C03216,Test Shopper 03216,+256725459616,shopper.lk3216@example.invalid,Mbarara,1982-12-03,female,2026-07-15
LK-C03217,Test Shopper 03217,+256725467535,shopper.lk3217@example.invalid,Kampala,1983-01-04,male,2025-12-20
LK-C03218,Test Shopper 03218,+256725475454,shopper.lk3218@example.invalid,Kampala,1984-02-05,not_stated,2026-07-15
LK-C03219,Test Shopper 03219,+256725483373,shopper.lk3219@example.invalid,Jinja,1985-03-06,female,2026-07-15
LK-C03220,Test Shopper 03220,+256725491292,shopper.lk3220@example.invalid,Mbarara,1986-04-07,male,2026-07-15
LK-C03221,Test Shopper 03221,+256725499211,shopper.lk3221@example.invalid,Kampala,1987-05-08,female,2026-07-15
LK-C03222,Test Shopper 03222,+256725507130,shopper.lk3222@example.invalid,Gulu,1988-06-09,male,2026-07-15
LK-C03223,Test Shopper 03223,+256725515049,shopper.lk3223@example.invalid,Jinja,1989-07-10,not_stated,2025-12-20
LK-C03224,Test Shopper 03224,+256725522968,shopper.lk3224@example.invalid,Mbarara,1990-08-11,female,2026-07-15
LK-C03225,Test Shopper 03225,+256725530887,shopper.lk3225@example.invalid,Kampala,1991-09-12,male,2026-07-15
LK-C03226,Test Shopper 03226,+256725538806,shopper.lk3226@example.invalid,Kampala,1992-10-13,female,2026-07-15
LK-C03227,Test Shopper 03227,+256725546725,shopper.lk3227@example.invalid,Jinja,1993-11-14,male,2026-07-15
LK-C03228,Test Shopper 03228,+256725554644,shopper.lk3228@example.invalid,Mbarara,1994-12-15,not_stated,2026-07-15
LK-C03229,Test Shopper 03229,+256725562563,shopper.lk3229@example.invalid,Kampala,1995-01-16,female,2025-12-20
LK-C03230,Test Shopper 03230,+256725570482,shopper.lk3230@example.invalid,Gulu,1996-02-17,male,2026-07-15
LK-C03231,Test Shopper 03231,+256725578401,shopper.lk3231@example.invalid,Jinja,1997-03-18,female,2026-07-15
LK-C03232,Test Shopper 03232,+256725586320,shopper.lk3232@example.invalid,Mbarara,1998-04-19,male,2026-07-15
LK-C03233,Test Shopper 03233,+256725594239,shopper.lk3233@example.invalid,Kampala,1999-05-20,not_stated,2026-07-15
LK-C03234,Test Shopper 03234,+256725602158,shopper.lk3234@example.invalid,Kampala,2000-06-21,female,2026-07-15
LK-C03235,Test Shopper 03235,+256725610077,shopper.lk3235@example.invalid,Jinja,2001-07-22,male,2025-12-20
LK-C03236,Test Shopper 03236,+256725617996,shopper.lk3236@example.invalid,Mbarara,2002-08-23,female,2026-07-15
LK-C03237,Test Shopper 03237,+256725625915,shopper.lk3237@example.invalid,Kampala,2003-09-24,male,2026-07-15
LK-C03238,Test Shopper 03238,+256725633834,shopper.lk3238@example.invalid,Gulu,2004-10-25,not_stated,2026-07-15
LK-C03239,Test Shopper 03239,+256725641753,shopper.lk3239@example.invalid,Jinja,2005-11-26,female,2026-07-15
LK-C03240,Test Shopper 03240,+256725649672,shopper.lk3240@example.invalid,Mbarara,1965-12-27,male,2026-07-15
LK-C03241,Test Shopper 03241,+256725657591,shopper.lk3241@example.invalid,Kampala,1966-01-01,female,2025-12-20
LK-C03242,Test Shopper 03242,+256725665510,shopper.lk3242@example.invalid,Kampala,1967-02-02,male,2026-07-15
LK-C03243,Test Shopper 03243,+256725673429,shopper.lk3243@example.invalid,Jinja,1968-03-03,not_stated,2026-07-15
LK-C03244,Test Shopper 03244,+256725681348,shopper.lk3244@example.invalid,Mbarara,1969-04-04,female,2026-07-15
LK-C03245,Test Shopper 03245,+256725689267,shopper.lk3245@example.invalid,Kampala,1970-05-05,male,2026-07-15
LK-C03246,Test Shopper 03246,+256725697186,shopper.lk3246@example.invalid,Gulu,1971-06-06,female,2026-07-15
LK-C03247,Test Shopper 03247,+256725705105,shopper.lk3247@example.invalid,Jinja,1972-07-07,male,2025-12-20
LK-C03248,Test Shopper 03248,+256725713024,shopper.lk3248@example.invalid,Mbarara,1973-08-08,not_stated,2026-07-15
LK-C03249,Test Shopper 03249,+256725720943,shopper.lk3249@example.invalid,Kampala,1974-09-09,female,2026-07-15
LK-C03250,Test Shopper 03250,+256725728862,shopper.lk3250@example.invalid,Kampala,1975-10-10,male,2026-07-15
LK-C03251,Test Shopper 03251,+256725736781,shopper.lk3251@example.invalid,Jinja,1976-11-11,female,2026-07-15
LK-C03252,Test Shopper 03252,+256725744700,shopper.lk3252@example.invalid,Mbarara,1977-12-12,male,2026-07-15
LK-C03253,Test Shopper 03253,+256725752619,shopper.lk3253@example.invalid,Kampala,1978-01-13,not_stated,2025-12-20
LK-C03254,Test Shopper 03254,+256725760538,shopper.lk3254@example.invalid,Gulu,1979-02-14,female,2026-07-15
LK-C03255,Test Shopper 03255,+256725768457,shopper.lk3255@example.invalid,Jinja,1980-03-15,male,2026-07-15
LK-C03256,Test Shopper 03256,+256725776376,shopper.lk3256@example.invalid,Mbarara,1981-04-16,female,2026-07-15
LK-C03257,Test Shopper 03257,+256725784295,shopper.lk3257@example.invalid,Kampala,1982-05-17,male,2026-07-15
LK-C03258,Test Shopper 03258,+256725792214,shopper.lk3258@example.invalid,Kampala,1983-06-18,not_stated,2026-07-15
LK-C03259,Test Shopper 03259,+256725800133,shopper.lk3259@example.invalid,Jinja,1984-07-19,female,2025-12-20
LK-C03260,Test Shopper 03260,+256725808052,shopper.lk3260@example.invalid,Mbarara,1985-08-20,male,2026-07-15
LK-C03261,Test Shopper 03261,+256725815971,shopper.lk3261@example.invalid,Kampala,1986-09-21,female,2026-07-15
LK-C03262,Test Shopper 03262,+256725823890,shopper.lk3262@example.invalid,Gulu,1987-10-22,male,2026-07-15
LK-C03263,Test Shopper 03263,+256725831809,shopper.lk3263@example.invalid,Jinja,1988-11-23,not_stated,2026-07-15
LK-C03264,Test Shopper 03264,+256725839728,shopper.lk3264@example.invalid,Mbarara,1989-12-24,female,2026-07-15
LK-C03265,Test Shopper 03265,+256725847647,shopper.lk3265@example.invalid,Kampala,1990-01-25,male,2025-12-20
LK-C03266,Test Shopper 03266,+256725855566,shopper.lk3266@example.invalid,Kampala,1991-02-26,female,2026-07-15
LK-C03267,Test Shopper 03267,+256725863485,shopper.lk3267@example.invalid,Jinja,1992-03-27,male,2026-07-15
LK-C03268,Test Shopper 03268,+256725871404,shopper.lk3268@example.invalid,Mbarara,1993-04-01,not_stated,2026-07-15
LK-C03269,Test Shopper 03269,+256725879323,shopper.lk3269@example.invalid,Kampala,1994-05-02,female,2026-07-15
LK-C03270,Test Shopper 03270,+256725887242,shopper.lk3270@example.invalid,Gulu,1995-06-03,male,2026-07-15
LK-C03271,Test Shopper 03271,+256725895161,shopper.lk3271@example.invalid,Jinja,1996-07-04,female,2025-12-20
LK-C03272,Test Shopper 03272,+256725903080,shopper.lk3272@example.invalid,Mbarara,1997-08-05,male,2026-07-15
LK-C03273,Test Shopper 03273,+256725910999,shopper.lk3273@example.invalid,Kampala,1998-09-06,not_stated,2026-07-15
LK-C03274,Test Shopper 03274,+256725918918,shopper.lk3274@example.invalid,Kampala,1999-10-07,female,2026-07-15
LK-C03275,Test Shopper 03275,+256725926837,shopper.lk3275@example.invalid,Jinja,2000-11-08,male,2026-07-15
LK-C03276,Test Shopper 03276,+256725934756,shopper.lk3276@example.invalid,Mbarara,2001-12-09,female,2026-07-15
LK-C03277,Test Shopper 03277,+256725942675,shopper.lk3277@example.invalid,Kampala,2002-01-10,male,2025-12-20
LK-C03278,Test Shopper 03278,+256725950594,shopper.lk3278@example.invalid,Gulu,2003-02-11,not_stated,2026-07-15
LK-C03279,Test Shopper 03279,+256725958513,shopper.lk3279@example.invalid,Jinja,2004-03-12,female,2026-07-15
LK-C03280,Test Shopper 03280,+256725966432,shopper.lk3280@example.invalid,Mbarara,2005-04-13,male,2026-07-15
LK-C03281,Test Shopper 03281,+256725974351,shopper.lk3281@example.invalid,Kampala,1965-05-14,female,2026-07-15
LK-C03282,Test Shopper 03282,+256725982270,shopper.lk3282@example.invalid,Kampala,1966-06-15,male,2026-07-15
LK-C03283,Test Shopper 03283,+256725990189,shopper.lk3283@example.invalid,Jinja,1967-07-16,not_stated,2025-12-20
LK-C03284,Test Shopper 03284,+256725998108,shopper.lk3284@example.invalid,Mbarara,1968-08-17,female,2026-07-15
LK-C03285,Test Shopper 03285,+256726006027,shopper.lk3285@example.invalid,Kampala,1969-09-18,male,2026-07-15
LK-C03286,Test Shopper 03286,+256726013946,shopper.lk3286@example.invalid,Gulu,1970-10-19,female,2026-07-15
LK-C03287,Test Shopper 03287,+256726021865,shopper.lk3287@example.invalid,Jinja,1971-11-20,male,2026-07-15
LK-C03288,Test Shopper 03288,+256726029784,shopper.lk3288@example.invalid,Mbarara,1972-12-21,not_stated,2026-07-15
LK-C03289,Test Shopper 03289,+256726037703,shopper.lk3289@example.invalid,Kampala,1973-01-22,female,2025-12-20
LK-C03290,Test Shopper 03290,+256726045622,shopper.lk3290@example.invalid,Kampala,1974-02-23,male,2026-07-15
LK-C03291,Test Shopper 03291,+256726053541,shopper.lk3291@example.invalid,Jinja,1975-03-24,female,2026-07-15
LK-C03292,Test Shopper 03292,+256726061460,shopper.lk3292@example.invalid,Mbarara,1976-04-25,male,2026-07-15
LK-C03293,Test Shopper 03293,+256726069379,shopper.lk3293@example.invalid,Kampala,1977-05-26,not_stated,2026-07-15
LK-C03294,Test Shopper 03294,+256726077298,shopper.lk3294@example.invalid,Gulu,1978-06-27,female,2026-07-15
LK-C03295,Test Shopper 03295,+256726085217,shopper.lk3295@example.invalid,Jinja,1979-07-01,male,2025-12-20
LK-C03296,Test Shopper 03296,+256726093136,shopper.lk3296@example.invalid,Mbarara,1980-08-02,female,2026-07-15
LK-C03297,Test Shopper 03297,+256726101055,shopper.lk3297@example.invalid,Kampala,1981-09-03,male,2026-07-15
LK-C03298,Test Shopper 03298,+256726108974,shopper.lk3298@example.invalid,Kampala,1982-10-04,not_stated,2026-07-15
LK-C03299,Test Shopper 03299,+256726116893,shopper.lk3299@example.invalid,Jinja,1983-11-05,female,2026-07-15
LK-C03300,Test Shopper 03300,+256726124812,shopper.lk3300@example.invalid,Mbarara,1984-12-06,male,2026-07-15
LK-C03301,Test Shopper 03301,+256726132731,shopper.lk3301@example.invalid,Kampala,1985-01-07,female,2025-12-20
LK-C03302,Test Shopper 03302,+256726140650,shopper.lk3302@example.invalid,Gulu,1986-02-08,male,2026-07-15
LK-C03303,Test Shopper 03303,+256726148569,shopper.lk3303@example.invalid,Jinja,1987-03-09,not_stated,2026-07-15
LK-C03304,Test Shopper 03304,+256726156488,shopper.lk3304@example.invalid,Mbarara,1988-04-10,female,2026-07-15
LK-C03305,Test Shopper 03305,+256726164407,shopper.lk3305@example.invalid,Kampala,1989-05-11,male,2026-07-15
LK-C03306,Test Shopper 03306,+256726172326,shopper.lk3306@example.invalid,Kampala,1990-06-12,female,2026-07-15
LK-C03307,Test Shopper 03307,+256726180245,shopper.lk3307@example.invalid,Jinja,1991-07-13,male,2025-12-20
LK-C03308,Test Shopper 03308,+256726188164,shopper.lk3308@example.invalid,Mbarara,1992-08-14,not_stated,2026-07-15
LK-C03309,Test Shopper 03309,+256726196083,shopper.lk3309@example.invalid,Kampala,1993-09-15,female,2026-07-15
LK-C03310,Test Shopper 03310,+256726204002,shopper.lk3310@example.invalid,Gulu,1994-10-16,male,2026-07-15
LK-C03311,Test Shopper 03311,+256726211921,shopper.lk3311@example.invalid,Jinja,1995-11-17,female,2026-07-15
LK-C03312,Test Shopper 03312,+256726219840,shopper.lk3312@example.invalid,Mbarara,1996-12-18,male,2026-07-15
LK-C03313,Test Shopper 03313,+256726227759,shopper.lk3313@example.invalid,Kampala,1997-01-19,not_stated,2025-12-20
LK-C03314,Test Shopper 03314,+256726235678,shopper.lk3314@example.invalid,Kampala,1998-02-20,female,2026-07-15
LK-C03315,Test Shopper 03315,+256726243597,shopper.lk3315@example.invalid,Jinja,1999-03-21,male,2026-07-15
LK-C03316,Test Shopper 03316,+256726251516,shopper.lk3316@example.invalid,Mbarara,2000-04-22,female,2026-07-15
LK-C03317,Test Shopper 03317,+256726259435,shopper.lk3317@example.invalid,Kampala,2001-05-23,male,2026-07-15
LK-C03318,Test Shopper 03318,+256726267354,shopper.lk3318@example.invalid,Gulu,2002-06-24,not_stated,2026-07-15
LK-C03319,Test Shopper 03319,+256726275273,shopper.lk3319@example.invalid,Jinja,2003-07-25,female,2025-12-20
LK-C03320,Test Shopper 03320,+256726283192,shopper.lk3320@example.invalid,Mbarara,2004-08-26,male,2026-07-15
LK-C03321,Test Shopper 03321,+256726291111,shopper.lk3321@example.invalid,Kampala,2005-09-27,female,2026-07-15
LK-C03322,Test Shopper 03322,+256726299030,shopper.lk3322@example.invalid,Kampala,1965-10-01,male,2026-07-15
LK-C03323,Test Shopper 03323,+256726306949,shopper.lk3323@example.invalid,Jinja,1966-11-02,not_stated,2026-07-15
LK-C03324,Test Shopper 03324,+256726314868,shopper.lk3324@example.invalid,Mbarara,1967-12-03,female,2026-07-15
LK-C03325,Test Shopper 03325,+256726322787,shopper.lk3325@example.invalid,Kampala,1968-01-04,male,2025-12-20
LK-C03326,Test Shopper 03326,+256726330706,shopper.lk3326@example.invalid,Gulu,1969-02-05,female,2026-07-15
LK-C03327,Test Shopper 03327,+256726338625,shopper.lk3327@example.invalid,Jinja,1970-03-06,male,2026-07-15
LK-C03328,Test Shopper 03328,+256726346544,shopper.lk3328@example.invalid,Mbarara,1971-04-07,not_stated,2026-07-15
LK-C03329,Test Shopper 03329,+256726354463,shopper.lk3329@example.invalid,Kampala,1972-05-08,female,2026-07-15
LK-C03330,Test Shopper 03330,+256726362382,shopper.lk3330@example.invalid,Kampala,1973-06-09,male,2026-07-15
LK-C03331,Test Shopper 03331,+256726370301,shopper.lk3331@example.invalid,Jinja,1974-07-10,female,2025-12-20
LK-C03332,Test Shopper 03332,+256726378220,shopper.lk3332@example.invalid,Mbarara,1975-08-11,male,2026-07-15
LK-C03333,Test Shopper 03333,+256726386139,shopper.lk3333@example.invalid,Kampala,1976-09-12,not_stated,2026-07-15
LK-C03334,Test Shopper 03334,+256726394058,shopper.lk3334@example.invalid,Gulu,1977-10-13,female,2026-07-15
LK-C03335,Test Shopper 03335,+256726401977,shopper.lk3335@example.invalid,Jinja,1978-11-14,male,2026-07-15
LK-C03336,Test Shopper 03336,+256726409896,shopper.lk3336@example.invalid,Mbarara,1979-12-15,female,2026-07-15
LK-C03337,Test Shopper 03337,+256726417815,shopper.lk3337@example.invalid,Kampala,1980-01-16,male,2025-12-20
LK-C03338,Test Shopper 03338,+256726425734,shopper.lk3338@example.invalid,Kampala,1981-02-17,not_stated,2026-07-15
LK-C03339,Test Shopper 03339,+256726433653,shopper.lk3339@example.invalid,Jinja,1982-03-18,female,2026-07-15
LK-C03340,Test Shopper 03340,+256726441572,shopper.lk3340@example.invalid,Mbarara,1983-04-19,male,2026-07-15
LK-C03341,Test Shopper 03341,+256726449491,shopper.lk3341@example.invalid,Kampala,1984-05-20,female,2026-07-15
LK-C03342,Test Shopper 03342,+256726457410,shopper.lk3342@example.invalid,Gulu,1985-06-21,male,2026-07-15
LK-C03343,Test Shopper 03343,+256726465329,shopper.lk3343@example.invalid,Jinja,1986-07-22,not_stated,2025-12-20
LK-C03344,Test Shopper 03344,+256726473248,shopper.lk3344@example.invalid,Mbarara,1987-08-23,female,2026-07-15
LK-C03345,Test Shopper 03345,+256726481167,shopper.lk3345@example.invalid,Kampala,1988-09-24,male,2026-07-15
LK-C03346,Test Shopper 03346,+256726489086,shopper.lk3346@example.invalid,Kampala,1989-10-25,female,2026-07-15
LK-C03347,Test Shopper 03347,+256726497005,shopper.lk3347@example.invalid,Jinja,1990-11-26,male,2026-07-15
LK-C03348,Test Shopper 03348,+256726504924,shopper.lk3348@example.invalid,Mbarara,1991-12-27,not_stated,2026-07-15
LK-C03349,Test Shopper 03349,+256726512843,shopper.lk3349@example.invalid,Kampala,1992-01-01,female,2025-12-20
LK-C03350,Test Shopper 03350,+256726520762,shopper.lk3350@example.invalid,Gulu,1993-02-02,male,2026-07-15
LK-C03351,Test Shopper 03351,+256726528681,shopper.lk3351@example.invalid,Jinja,1994-03-03,female,2026-07-15
LK-C03352,Test Shopper 03352,+256726536600,shopper.lk3352@example.invalid,Mbarara,1995-04-04,male,2026-07-15
LK-C03353,Test Shopper 03353,+256726544519,shopper.lk3353@example.invalid,Kampala,1996-05-05,not_stated,2026-07-15
LK-C03354,Test Shopper 03354,+256726552438,shopper.lk3354@example.invalid,Kampala,1997-06-06,female,2026-07-15
LK-C03355,Test Shopper 03355,+256726560357,shopper.lk3355@example.invalid,Jinja,1998-07-07,male,2025-12-20
LK-C03356,Test Shopper 03356,+256726568276,shopper.lk3356@example.invalid,Mbarara,1999-08-08,female,2026-07-15
LK-C03357,Test Shopper 03357,+256726576195,shopper.lk3357@example.invalid,Kampala,2000-09-09,male,2026-07-15
LK-C03358,Test Shopper 03358,+256726584114,shopper.lk3358@example.invalid,Gulu,2001-10-10,not_stated,2026-07-15
LK-C03359,Test Shopper 03359,+256726592033,shopper.lk3359@example.invalid,Jinja,2002-11-11,female,2026-07-15
LK-C03360,Test Shopper 03360,+256726599952,shopper.lk3360@example.invalid,Mbarara,2003-12-12,male,2026-07-15
LK-C03361,Test Shopper 03361,+256726607871,shopper.lk3361@example.invalid,Kampala,2004-01-13,female,2025-12-20
LK-C03362,Test Shopper 03362,+256726615790,shopper.lk3362@example.invalid,Kampala,2005-02-14,male,2026-07-15
LK-C03363,Test Shopper 03363,+256726623709,shopper.lk3363@example.invalid,Jinja,1965-03-15,not_stated,2026-07-15
LK-C03364,Test Shopper 03364,+256726631628,shopper.lk3364@example.invalid,Mbarara,1966-04-16,female,2026-07-15
LK-C03365,Test Shopper 03365,+256726639547,shopper.lk3365@example.invalid,Kampala,1967-05-17,male,2026-07-15
LK-C03366,Test Shopper 03366,+256726647466,shopper.lk3366@example.invalid,Gulu,1968-06-18,female,2026-07-15
LK-C03367,Test Shopper 03367,+256726655385,shopper.lk3367@example.invalid,Jinja,1969-07-19,male,2025-12-20
LK-C03368,Test Shopper 03368,+256726663304,shopper.lk3368@example.invalid,Mbarara,1970-08-20,not_stated,2026-07-15
LK-C03369,Test Shopper 03369,+256726671223,shopper.lk3369@example.invalid,Kampala,1971-09-21,female,2026-07-15
LK-C03370,Test Shopper 03370,+256726679142,shopper.lk3370@example.invalid,Kampala,1972-10-22,male,2026-07-15
LK-C03371,Test Shopper 03371,+256726687061,shopper.lk3371@example.invalid,Jinja,1973-11-23,female,2026-07-15
LK-C03372,Test Shopper 03372,+256726694980,shopper.lk3372@example.invalid,Mbarara,1974-12-24,male,2026-07-15
LK-C03373,Test Shopper 03373,+256726702899,shopper.lk3373@example.invalid,Kampala,1975-01-25,not_stated,2025-12-20
LK-C03374,Test Shopper 03374,+256726710818,shopper.lk3374@example.invalid,Gulu,1976-02-26,female,2026-07-15
LK-C03375,Test Shopper 03375,+256726718737,shopper.lk3375@example.invalid,Jinja,1977-03-27,male,2026-07-15
LK-C03376,Test Shopper 03376,+256726726656,shopper.lk3376@example.invalid,Mbarara,1978-04-01,female,2026-07-15
LK-C03377,Test Shopper 03377,+256726734575,shopper.lk3377@example.invalid,Kampala,1979-05-02,male,2026-07-15
LK-C03378,Test Shopper 03378,+256726742494,shopper.lk3378@example.invalid,Kampala,1980-06-03,not_stated,2026-07-15
LK-C03379,Test Shopper 03379,+256726750413,shopper.lk3379@example.invalid,Jinja,1981-07-04,female,2025-12-20
LK-C03380,Test Shopper 03380,+256726758332,shopper.lk3380@example.invalid,Mbarara,1982-08-05,male,2026-07-15
LK-C03381,Test Shopper 03381,+256726766251,shopper.lk3381@example.invalid,Kampala,1983-09-06,female,2026-07-15
LK-C03382,Test Shopper 03382,+256726774170,shopper.lk3382@example.invalid,Gulu,1984-10-07,male,2026-07-15
LK-C03383,Test Shopper 03383,+256726782089,shopper.lk3383@example.invalid,Jinja,1985-11-08,not_stated,2026-07-15
LK-C03384,Test Shopper 03384,+256726790008,shopper.lk3384@example.invalid,Mbarara,1986-12-09,female,2026-07-15
LK-C03385,Test Shopper 03385,+256726797927,shopper.lk3385@example.invalid,Kampala,1987-01-10,male,2025-12-20
LK-C03386,Test Shopper 03386,+256726805846,shopper.lk3386@example.invalid,Kampala,1988-02-11,female,2026-07-15
LK-C03387,Test Shopper 03387,+256726813765,shopper.lk3387@example.invalid,Jinja,1989-03-12,male,2026-07-15
LK-C03388,Test Shopper 03388,+256726821684,shopper.lk3388@example.invalid,Mbarara,1990-04-13,not_stated,2026-07-15
LK-C03389,Test Shopper 03389,+256726829603,shopper.lk3389@example.invalid,Kampala,1991-05-14,female,2026-07-15
LK-C03390,Test Shopper 03390,+256726837522,shopper.lk3390@example.invalid,Gulu,1992-06-15,male,2026-07-15
LK-C03391,Test Shopper 03391,+256726845441,shopper.lk3391@example.invalid,Jinja,1993-07-16,female,2025-12-20
LK-C03392,Test Shopper 03392,+256726853360,shopper.lk3392@example.invalid,Mbarara,1994-08-17,male,2026-07-15
LK-C03393,Test Shopper 03393,+256726861279,shopper.lk3393@example.invalid,Kampala,1995-09-18,not_stated,2026-07-15
LK-C03394,Test Shopper 03394,+256726869198,shopper.lk3394@example.invalid,Kampala,1996-10-19,female,2026-07-15
LK-C03395,Test Shopper 03395,+256726877117,shopper.lk3395@example.invalid,Jinja,1997-11-20,male,2026-07-15
LK-C03396,Test Shopper 03396,+256726885036,shopper.lk3396@example.invalid,Mbarara,1998-12-21,female,2026-07-15
LK-C03397,Test Shopper 03397,+256726892955,shopper.lk3397@example.invalid,Kampala,1999-01-22,male,2025-12-20
LK-C03398,Test Shopper 03398,+256726900874,shopper.lk3398@example.invalid,Gulu,2000-02-23,not_stated,2026-07-15
LK-C03399,Test Shopper 03399,+256726908793,shopper.lk3399@example.invalid,Jinja,2001-03-24,female,2026-07-15
LK-C03400,Test Shopper 03400,+256726916712,shopper.lk3400@example.invalid,Mbarara,2002-04-25,male,2026-07-15
LK-C03401,Test Shopper 03401,+256726924631,shopper.lk3401@example.invalid,Kampala,2003-05-26,female,2026-07-15
LK-C03402,Test Shopper 03402,+256726932550,shopper.lk3402@example.invalid,Kampala,2004-06-27,male,2026-07-15
LK-C03403,Test Shopper 03403,+256726940469,shopper.lk3403@example.invalid,Jinja,2005-07-01,not_stated,2025-12-20
LK-C03404,Test Shopper 03404,+256726948388,shopper.lk3404@example.invalid,Mbarara,1965-08-02,female,2026-07-15
LK-C03405,Test Shopper 03405,+256726956307,shopper.lk3405@example.invalid,Kampala,1966-09-03,male,2026-07-15
LK-C03406,Test Shopper 03406,+256726964226,shopper.lk3406@example.invalid,Gulu,1967-10-04,female,2026-07-15
LK-C03407,Test Shopper 03407,+256726972145,shopper.lk3407@example.invalid,Jinja,1968-11-05,male,2026-07-15
LK-C03408,Test Shopper 03408,+256726980064,shopper.lk3408@example.invalid,Mbarara,1969-12-06,not_stated,2026-07-15
LK-C03409,Test Shopper 03409,+256726987983,shopper.lk3409@example.invalid,Kampala,1970-01-07,female,2025-12-20
LK-C03410,Test Shopper 03410,+256726995902,shopper.lk3410@example.invalid,Kampala,1971-02-08,male,2026-07-15
LK-C03411,Test Shopper 03411,+256727003821,shopper.lk3411@example.invalid,Jinja,1972-03-09,female,2026-07-15
LK-C03412,Test Shopper 03412,+256727011740,shopper.lk3412@example.invalid,Mbarara,1973-04-10,male,2026-07-15
LK-C03413,Test Shopper 03413,+256727019659,shopper.lk3413@example.invalid,Kampala,1974-05-11,not_stated,2026-07-15
LK-C03414,Test Shopper 03414,+256727027578,shopper.lk3414@example.invalid,Gulu,1975-06-12,female,2026-07-15
LK-C03415,Test Shopper 03415,+256727035497,shopper.lk3415@example.invalid,Jinja,1976-07-13,male,2025-12-20
LK-C03416,Test Shopper 03416,+256727043416,shopper.lk3416@example.invalid,Mbarara,1977-08-14,female,2026-07-15
LK-C03417,Test Shopper 03417,+256727051335,shopper.lk3417@example.invalid,Kampala,1978-09-15,male,2026-07-15
LK-C03418,Test Shopper 03418,+256727059254,shopper.lk3418@example.invalid,Kampala,1979-10-16,not_stated,2026-07-15
LK-C03419,Test Shopper 03419,+256727067173,shopper.lk3419@example.invalid,Jinja,1980-11-17,female,2026-07-15
LK-C03420,Test Shopper 03420,+256727075092,shopper.lk3420@example.invalid,Mbarara,1981-12-18,male,2026-07-15
LK-C03421,Test Shopper 03421,+256727083011,shopper.lk3421@example.invalid,Kampala,1982-01-19,female,2025-12-20
LK-C03422,Test Shopper 03422,+256727090930,shopper.lk3422@example.invalid,Gulu,1983-02-20,male,2026-07-15
LK-C03423,Test Shopper 03423,+256727098849,shopper.lk3423@example.invalid,Jinja,1984-03-21,not_stated,2026-07-15
LK-C03424,Test Shopper 03424,+256727106768,shopper.lk3424@example.invalid,Mbarara,1985-04-22,female,2026-07-15
LK-C03425,Test Shopper 03425,+256727114687,shopper.lk3425@example.invalid,Kampala,1986-05-23,male,2026-07-15
LK-C03426,Test Shopper 03426,+256727122606,shopper.lk3426@example.invalid,Kampala,1987-06-24,female,2026-07-15
LK-C03427,Test Shopper 03427,+256727130525,shopper.lk3427@example.invalid,Jinja,1988-07-25,male,2025-12-20
LK-C03428,Test Shopper 03428,+256727138444,shopper.lk3428@example.invalid,Mbarara,1989-08-26,not_stated,2026-07-15
LK-C03429,Test Shopper 03429,+256727146363,shopper.lk3429@example.invalid,Kampala,1990-09-27,female,2026-07-15
LK-C03430,Test Shopper 03430,+256727154282,shopper.lk3430@example.invalid,Gulu,1991-10-01,male,2026-07-15
LK-C03431,Test Shopper 03431,+256727162201,shopper.lk3431@example.invalid,Jinja,1992-11-02,female,2026-07-15
LK-C03432,Test Shopper 03432,+256727170120,shopper.lk3432@example.invalid,Mbarara,1993-12-03,male,2026-07-15
LK-C03433,Test Shopper 03433,+256727178039,shopper.lk3433@example.invalid,Kampala,1994-01-04,not_stated,2025-12-20
LK-C03434,Test Shopper 03434,+256727185958,shopper.lk3434@example.invalid,Kampala,1995-02-05,female,2026-07-15
LK-C03435,Test Shopper 03435,+256727193877,shopper.lk3435@example.invalid,Jinja,1996-03-06,male,2026-07-15
LK-C03436,Test Shopper 03436,+256727201796,shopper.lk3436@example.invalid,Mbarara,1997-04-07,female,2026-07-15
LK-C03437,Test Shopper 03437,+256727209715,shopper.lk3437@example.invalid,Kampala,1998-05-08,male,2026-07-15
LK-C03438,Test Shopper 03438,+256727217634,shopper.lk3438@example.invalid,Gulu,1999-06-09,not_stated,2026-07-15
LK-C03439,Test Shopper 03439,+256727225553,shopper.lk3439@example.invalid,Jinja,2000-07-10,female,2025-12-20
LK-C03440,Test Shopper 03440,+256727233472,shopper.lk3440@example.invalid,Mbarara,2001-08-11,male,2026-07-15
LK-C03441,Test Shopper 03441,+256727241391,shopper.lk3441@example.invalid,Kampala,2002-09-12,female,2026-07-15
LK-C03442,Test Shopper 03442,+256727249310,shopper.lk3442@example.invalid,Kampala,2003-10-13,male,2026-07-15
LK-C03443,Test Shopper 03443,+256727257229,shopper.lk3443@example.invalid,Jinja,2004-11-14,not_stated,2026-07-15
LK-C03444,Test Shopper 03444,+256727265148,shopper.lk3444@example.invalid,Mbarara,2005-12-15,female,2026-07-15
LK-C03445,Test Shopper 03445,+256727273067,shopper.lk3445@example.invalid,Kampala,1965-01-16,male,2025-12-20
LK-C03446,Test Shopper 03446,+256727280986,shopper.lk3446@example.invalid,Gulu,1966-02-17,female,2026-07-15
LK-C03447,Test Shopper 03447,+256727288905,shopper.lk3447@example.invalid,Jinja,1967-03-18,male,2026-07-15
LK-C03448,Test Shopper 03448,+256727296824,shopper.lk3448@example.invalid,Mbarara,1968-04-19,not_stated,2026-07-15
LK-C03449,Test Shopper 03449,+256727304743,shopper.lk3449@example.invalid,Kampala,1969-05-20,female,2026-07-15
LK-C03450,Test Shopper 03450,+256727312662,shopper.lk3450@example.invalid,Kampala,1970-06-21,male,2026-07-15
LK-C03451,Test Shopper 03451,+256727320581,shopper.lk3451@example.invalid,Jinja,1971-07-22,female,2025-12-20
LK-C03452,Test Shopper 03452,+256727328500,shopper.lk3452@example.invalid,Mbarara,1972-08-23,male,2026-07-15
LK-C03453,Test Shopper 03453,+256727336419,shopper.lk3453@example.invalid,Kampala,1973-09-24,not_stated,2026-07-15
LK-C03454,Test Shopper 03454,+256727344338,shopper.lk3454@example.invalid,Gulu,1974-10-25,female,2026-07-15
LK-C03455,Test Shopper 03455,+256727352257,shopper.lk3455@example.invalid,Jinja,1975-11-26,male,2026-07-15
LK-C03456,Test Shopper 03456,+256727360176,shopper.lk3456@example.invalid,Mbarara,1976-12-27,female,2026-07-15
LK-C03457,Test Shopper 03457,+256727368095,shopper.lk3457@example.invalid,Kampala,1977-01-01,male,2025-12-20
LK-C03458,Test Shopper 03458,+256727376014,shopper.lk3458@example.invalid,Kampala,1978-02-02,not_stated,2026-07-15
LK-C03459,Test Shopper 03459,+256727383933,shopper.lk3459@example.invalid,Jinja,1979-03-03,female,2026-07-15
LK-C03460,Test Shopper 03460,+256727391852,shopper.lk3460@example.invalid,Mbarara,1980-04-04,male,2026-07-15
LK-C03461,Test Shopper 03461,+256727399771,shopper.lk3461@example.invalid,Kampala,1981-05-05,female,2026-07-15
LK-C03462,Test Shopper 03462,+256727407690,shopper.lk3462@example.invalid,Gulu,1982-06-06,male,2026-07-15
LK-C03463,Test Shopper 03463,+256727415609,shopper.lk3463@example.invalid,Jinja,1983-07-07,not_stated,2025-12-20
LK-C03464,Test Shopper 03464,+256727423528,shopper.lk3464@example.invalid,Mbarara,1984-08-08,female,2026-07-15
LK-C03465,Test Shopper 03465,+256727431447,shopper.lk3465@example.invalid,Kampala,1985-09-09,male,2026-07-15
LK-C03466,Test Shopper 03466,+256727439366,shopper.lk3466@example.invalid,Kampala,1986-10-10,female,2026-07-15
LK-C03467,Test Shopper 03467,+256727447285,shopper.lk3467@example.invalid,Jinja,1987-11-11,male,2026-07-15
LK-C03468,Test Shopper 03468,+256727455204,shopper.lk3468@example.invalid,Mbarara,1988-12-12,not_stated,2026-07-15
LK-C03469,Test Shopper 03469,+256727463123,shopper.lk3469@example.invalid,Kampala,1989-01-13,female,2025-12-20
LK-C03470,Test Shopper 03470,+256727471042,shopper.lk3470@example.invalid,Gulu,1990-02-14,male,2026-07-15
LK-C03471,Test Shopper 03471,+256727478961,shopper.lk3471@example.invalid,Jinja,1991-03-15,female,2026-07-15
LK-C03472,Test Shopper 03472,+256727486880,shopper.lk3472@example.invalid,Mbarara,1992-04-16,male,2026-07-15
LK-C03473,Test Shopper 03473,+256727494799,shopper.lk3473@example.invalid,Kampala,1993-05-17,not_stated,2026-07-15
LK-C03474,Test Shopper 03474,+256727502718,shopper.lk3474@example.invalid,Kampala,1994-06-18,female,2026-07-15
LK-C03475,Test Shopper 03475,+256727510637,shopper.lk3475@example.invalid,Jinja,1995-07-19,male,2025-12-20
LK-C03476,Test Shopper 03476,+256727518556,shopper.lk3476@example.invalid,Mbarara,1996-08-20,female,2026-07-15
LK-C03477,Test Shopper 03477,+256727526475,shopper.lk3477@example.invalid,Kampala,1997-09-21,male,2026-07-15
LK-C03478,Test Shopper 03478,+256727534394,shopper.lk3478@example.invalid,Gulu,1998-10-22,not_stated,2026-07-15
LK-C03479,Test Shopper 03479,+256727542313,shopper.lk3479@example.invalid,Jinja,1999-11-23,female,2026-07-15
LK-C03480,Test Shopper 03480,+256727550232,shopper.lk3480@example.invalid,Mbarara,2000-12-24,male,2026-07-15
LK-C03481,Test Shopper 03481,+256727558151,shopper.lk3481@example.invalid,Kampala,2001-01-25,female,2025-12-20
LK-C03482,Test Shopper 03482,+256727566070,shopper.lk3482@example.invalid,Kampala,2002-02-26,male,2026-07-15
LK-C03483,Test Shopper 03483,+256727573989,shopper.lk3483@example.invalid,Jinja,2003-03-27,not_stated,2026-07-15
LK-C03484,Test Shopper 03484,+256727581908,shopper.lk3484@example.invalid,Mbarara,2004-04-01,female,2026-07-15
LK-C03485,Test Shopper 03485,+256727589827,shopper.lk3485@example.invalid,Kampala,2005-05-02,male,2026-07-15
LK-C03486,Test Shopper 03486,+256727597746,shopper.lk3486@example.invalid,Gulu,1965-06-03,female,2026-07-15
LK-C03487,Test Shopper 03487,+256727605665,shopper.lk3487@example.invalid,Jinja,1966-07-04,male,2025-12-20
LK-C03488,Test Shopper 03488,+256727613584,shopper.lk3488@example.invalid,Mbarara,1967-08-05,not_stated,2026-07-15
LK-C03489,Test Shopper 03489,+256727621503,shopper.lk3489@example.invalid,Kampala,1968-09-06,female,2026-07-15
LK-C03490,Test Shopper 03490,+256727629422,shopper.lk3490@example.invalid,Kampala,1969-10-07,male,2026-07-15
LK-C03491,Test Shopper 03491,+256727637341,shopper.lk3491@example.invalid,Jinja,1970-11-08,female,2026-07-15
LK-C03492,Test Shopper 03492,+256727645260,shopper.lk3492@example.invalid,Mbarara,1971-12-09,male,2026-07-15
LK-C03493,Test Shopper 03493,+256727653179,shopper.lk3493@example.invalid,Kampala,1972-01-10,not_stated,2025-12-20
LK-C03494,Test Shopper 03494,+256727661098,shopper.lk3494@example.invalid,Gulu,1973-02-11,female,2026-07-15
LK-C03495,Test Shopper 03495,+256727669017,shopper.lk3495@example.invalid,Jinja,1974-03-12,male,2026-07-15
LK-C03496,Test Shopper 03496,+256727676936,shopper.lk3496@example.invalid,Mbarara,1975-04-13,female,2026-07-15
LK-C03497,Test Shopper 03497,+256727684855,shopper.lk3497@example.invalid,Kampala,1976-05-14,male,2026-07-15
LK-C03498,Test Shopper 03498,+256727692774,shopper.lk3498@example.invalid,Kampala,1977-06-15,not_stated,2026-07-15
LK-C03499,Test Shopper 03499,+256727700693,shopper.lk3499@example.invalid,Jinja,1978-07-16,female,2025-12-20
LK-C03500,Test Shopper 03500,+256727708612,shopper.lk3500@example.invalid,Mbarara,1979-08-17,male,2026-07-15
LK-C03501,Test Shopper 03501,+256727716531,shopper.lk3501@example.invalid,Kampala,1980-09-18,female,2026-07-15
LK-C03502,Test Shopper 03502,+256727724450,shopper.lk3502@example.invalid,Gulu,1981-10-19,male,2026-07-15
LK-C03503,Test Shopper 03503,+256727732369,shopper.lk3503@example.invalid,Jinja,1982-11-20,not_stated,2026-07-15
LK-C03504,Test Shopper 03504,+256727740288,shopper.lk3504@example.invalid,Mbarara,1983-12-21,female,2026-07-15
LK-C03505,Test Shopper 03505,+256727748207,shopper.lk3505@example.invalid,Kampala,1984-01-22,male,2025-12-20
LK-C03506,Test Shopper 03506,+256727756126,shopper.lk3506@example.invalid,Kampala,1985-02-23,female,2026-07-15
LK-C03507,Test Shopper 03507,+256727764045,shopper.lk3507@example.invalid,Jinja,1986-03-24,male,2026-07-15
LK-C03508,Test Shopper 03508,+256727771964,shopper.lk3508@example.invalid,Mbarara,1987-04-25,not_stated,2026-07-15
LK-C03509,Test Shopper 03509,+256727779883,shopper.lk3509@example.invalid,Kampala,1988-05-26,female,2026-07-15
LK-C03510,Test Shopper 03510,+256727787802,shopper.lk3510@example.invalid,Gulu,1989-06-27,male,2026-07-15
LK-C03511,Test Shopper 03511,+256727795721,shopper.lk3511@example.invalid,Jinja,1990-07-01,female,2025-12-20
LK-C03512,Test Shopper 03512,+256727803640,shopper.lk3512@example.invalid,Mbarara,1991-08-02,male,2026-07-15
LK-C03513,Test Shopper 03513,+256727811559,shopper.lk3513@example.invalid,Kampala,1992-09-03,not_stated,2026-07-15
LK-C03514,Test Shopper 03514,+256727819478,shopper.lk3514@example.invalid,Kampala,1993-10-04,female,2026-07-15
LK-C03515,Test Shopper 03515,+256727827397,shopper.lk3515@example.invalid,Jinja,1994-11-05,male,2026-07-15
LK-C03516,Test Shopper 03516,+256727835316,shopper.lk3516@example.invalid,Mbarara,1995-12-06,female,2026-07-15
LK-C03517,Test Shopper 03517,+256727843235,shopper.lk3517@example.invalid,Kampala,1996-01-07,male,2025-12-20
LK-C03518,Test Shopper 03518,+256727851154,shopper.lk3518@example.invalid,Gulu,1997-02-08,not_stated,2026-07-15
LK-C03519,Test Shopper 03519,+256727859073,shopper.lk3519@example.invalid,Jinja,1998-03-09,female,2026-07-15
LK-C03520,Test Shopper 03520,+256727866992,shopper.lk3520@example.invalid,Mbarara,1999-04-10,male,2026-07-15
LK-C03521,Test Shopper 03521,+256727874911,shopper.lk3521@example.invalid,Kampala,2000-05-11,female,2026-07-15
LK-C03522,Test Shopper 03522,+256727882830,shopper.lk3522@example.invalid,Kampala,2001-06-12,male,2026-07-15
LK-C03523,Test Shopper 03523,+256727890749,shopper.lk3523@example.invalid,Jinja,2002-07-13,not_stated,2025-12-20
LK-C03524,Test Shopper 03524,+256727898668,shopper.lk3524@example.invalid,Mbarara,2003-08-14,female,2026-07-15
LK-C03525,Test Shopper 03525,+256727906587,shopper.lk3525@example.invalid,Kampala,2004-09-15,male,2026-07-15
LK-C03526,Test Shopper 03526,+256727914506,shopper.lk3526@example.invalid,Gulu,2005-10-16,female,2026-07-15
LK-C03527,Test Shopper 03527,+256727922425,shopper.lk3527@example.invalid,Jinja,1965-11-17,male,2026-07-15
LK-C03528,Test Shopper 03528,+256727930344,shopper.lk3528@example.invalid,Mbarara,1966-12-18,not_stated,2026-07-15
LK-C03529,Test Shopper 03529,+256727938263,shopper.lk3529@example.invalid,Kampala,1967-01-19,female,2025-12-20
LK-C03530,Test Shopper 03530,+256727946182,shopper.lk3530@example.invalid,Kampala,1968-02-20,male,2026-07-15
LK-C03531,Test Shopper 03531,+256727954101,shopper.lk3531@example.invalid,Jinja,1969-03-21,female,2026-07-15
LK-C03532,Test Shopper 03532,+256727962020,shopper.lk3532@example.invalid,Mbarara,1970-04-22,male,2026-07-15
LK-C03533,Test Shopper 03533,+256727969939,shopper.lk3533@example.invalid,Kampala,1971-05-23,not_stated,2026-07-15
LK-C03534,Test Shopper 03534,+256727977858,shopper.lk3534@example.invalid,Gulu,1972-06-24,female,2026-07-15
LK-C03535,Test Shopper 03535,+256727985777,shopper.lk3535@example.invalid,Jinja,1973-07-25,male,2025-12-20
LK-C03536,Test Shopper 03536,+256727993696,shopper.lk3536@example.invalid,Mbarara,1974-08-26,female,2026-07-15
LK-C03537,Test Shopper 03537,+256728001615,shopper.lk3537@example.invalid,Kampala,1975-09-27,male,2026-07-15
LK-C03538,Test Shopper 03538,+256728009534,shopper.lk3538@example.invalid,Kampala,1976-10-01,not_stated,2026-07-15
LK-C03539,Test Shopper 03539,+256728017453,shopper.lk3539@example.invalid,Jinja,1977-11-02,female,2026-07-15
LK-C03540,Test Shopper 03540,+256728025372,shopper.lk3540@example.invalid,Mbarara,1978-12-03,male,2026-07-15
LK-C03541,Test Shopper 03541,+256728033291,shopper.lk3541@example.invalid,Kampala,1979-01-04,female,2025-12-20
LK-C03542,Test Shopper 03542,+256728041210,shopper.lk3542@example.invalid,Gulu,1980-02-05,male,2026-07-15
LK-C03543,Test Shopper 03543,+256728049129,shopper.lk3543@example.invalid,Jinja,1981-03-06,not_stated,2026-07-15
LK-C03544,Test Shopper 03544,+256728057048,shopper.lk3544@example.invalid,Mbarara,1982-04-07,female,2026-07-15
LK-C03545,Test Shopper 03545,+256728064967,shopper.lk3545@example.invalid,Kampala,1983-05-08,male,2026-07-15
LK-C03546,Test Shopper 03546,+256728072886,shopper.lk3546@example.invalid,Kampala,1984-06-09,female,2026-07-15
LK-C03547,Test Shopper 03547,+256728080805,shopper.lk3547@example.invalid,Jinja,1985-07-10,male,2025-12-20
LK-C03548,Test Shopper 03548,+256728088724,shopper.lk3548@example.invalid,Mbarara,1986-08-11,not_stated,2026-07-15
LK-C03549,Test Shopper 03549,+256728096643,shopper.lk3549@example.invalid,Kampala,1987-09-12,female,2026-07-15
LK-C03550,Test Shopper 03550,+256728104562,shopper.lk3550@example.invalid,Gulu,1988-10-13,male,2026-07-15
LK-C03551,Test Shopper 03551,+256728112481,shopper.lk3551@example.invalid,Jinja,1989-11-14,female,2026-07-15
LK-C03552,Test Shopper 03552,+256728120400,shopper.lk3552@example.invalid,Mbarara,1990-12-15,male,2026-07-15
LK-C03553,Test Shopper 03553,+256728128319,shopper.lk3553@example.invalid,Kampala,1991-01-16,not_stated,2025-12-20
LK-C03554,Test Shopper 03554,+256728136238,shopper.lk3554@example.invalid,Kampala,1992-02-17,female,2026-07-15
LK-C03555,Test Shopper 03555,+256728144157,shopper.lk3555@example.invalid,Jinja,1993-03-18,male,2026-07-15
LK-C03556,Test Shopper 03556,+256728152076,shopper.lk3556@example.invalid,Mbarara,1994-04-19,female,2026-07-15
LK-C03557,Test Shopper 03557,+256728159995,shopper.lk3557@example.invalid,Kampala,1995-05-20,male,2026-07-15
LK-C03558,Test Shopper 03558,+256728167914,shopper.lk3558@example.invalid,Gulu,1996-06-21,not_stated,2026-07-15
LK-C03559,Test Shopper 03559,+256728175833,shopper.lk3559@example.invalid,Jinja,1997-07-22,female,2025-12-20
LK-C03560,Test Shopper 03560,+256728183752,shopper.lk3560@example.invalid,Mbarara,1998-08-23,male,2026-07-15
LK-C03561,Test Shopper 03561,+256728191671,shopper.lk3561@example.invalid,Kampala,1999-09-24,female,2026-07-15
LK-C03562,Test Shopper 03562,+256728199590,shopper.lk3562@example.invalid,Kampala,2000-10-25,male,2026-07-15
LK-C03563,Test Shopper 03563,+256728207509,shopper.lk3563@example.invalid,Jinja,2001-11-26,not_stated,2026-07-15
LK-C03564,Test Shopper 03564,+256728215428,shopper.lk3564@example.invalid,Mbarara,2002-12-27,female,2026-07-15
LK-C03565,Test Shopper 03565,+256728223347,shopper.lk3565@example.invalid,Kampala,2003-01-01,male,2025-12-20
LK-C03566,Test Shopper 03566,+256728231266,shopper.lk3566@example.invalid,Gulu,2004-02-02,female,2026-07-15
LK-C03567,Test Shopper 03567,+256728239185,shopper.lk3567@example.invalid,Jinja,2005-03-03,male,2026-07-15
LK-C03568,Test Shopper 03568,+256728247104,shopper.lk3568@example.invalid,Mbarara,1965-04-04,not_stated,2026-07-15
LK-C03569,Test Shopper 03569,+256728255023,shopper.lk3569@example.invalid,Kampala,1966-05-05,female,2026-07-15
LK-C03570,Test Shopper 03570,+256728262942,shopper.lk3570@example.invalid,Kampala,1967-06-06,male,2026-07-15
LK-C03571,Test Shopper 03571,+256728270861,shopper.lk3571@example.invalid,Jinja,1968-07-07,female,2025-12-20
LK-C03572,Test Shopper 03572,+256728278780,shopper.lk3572@example.invalid,Mbarara,1969-08-08,male,2026-07-15
LK-C03573,Test Shopper 03573,+256728286699,shopper.lk3573@example.invalid,Kampala,1970-09-09,not_stated,2026-07-15
LK-C03574,Test Shopper 03574,+256728294618,shopper.lk3574@example.invalid,Gulu,1971-10-10,female,2026-07-15
LK-C03575,Test Shopper 03575,+256728302537,shopper.lk3575@example.invalid,Jinja,1972-11-11,male,2026-07-15
LK-C03576,Test Shopper 03576,+256728310456,shopper.lk3576@example.invalid,Mbarara,1973-12-12,female,2026-07-15
LK-C03577,Test Shopper 03577,+256728318375,shopper.lk3577@example.invalid,Kampala,1974-01-13,male,2025-12-20
LK-C03578,Test Shopper 03578,+256728326294,shopper.lk3578@example.invalid,Kampala,1975-02-14,not_stated,2026-07-15
LK-C03579,Test Shopper 03579,+256728334213,shopper.lk3579@example.invalid,Jinja,1976-03-15,female,2026-07-15
LK-C03580,Test Shopper 03580,+256728342132,shopper.lk3580@example.invalid,Mbarara,1977-04-16,male,2026-07-15
LK-C03581,Test Shopper 03581,+256728350051,shopper.lk3581@example.invalid,Kampala,1978-05-17,female,2026-07-15
LK-C03582,Test Shopper 03582,+256728357970,shopper.lk3582@example.invalid,Gulu,1979-06-18,male,2026-07-15
LK-C03583,Test Shopper 03583,+256728365889,shopper.lk3583@example.invalid,Jinja,1980-07-19,not_stated,2025-12-20
LK-C03584,Test Shopper 03584,+256728373808,shopper.lk3584@example.invalid,Mbarara,1981-08-20,female,2026-07-15
LK-C03585,Test Shopper 03585,+256728381727,shopper.lk3585@example.invalid,Kampala,1982-09-21,male,2026-07-15
LK-C03586,Test Shopper 03586,+256728389646,shopper.lk3586@example.invalid,Kampala,1983-10-22,female,2026-07-15
LK-C03587,Test Shopper 03587,+256728397565,shopper.lk3587@example.invalid,Jinja,1984-11-23,male,2026-07-15
LK-C03588,Test Shopper 03588,+256728405484,shopper.lk3588@example.invalid,Mbarara,1985-12-24,not_stated,2026-07-15
LK-C03589,Test Shopper 03589,+256728413403,shopper.lk3589@example.invalid,Kampala,1986-01-25,female,2025-12-20
LK-C03590,Test Shopper 03590,+256728421322,shopper.lk3590@example.invalid,Gulu,1987-02-26,male,2026-07-15
LK-C03591,Test Shopper 03591,+256728429241,shopper.lk3591@example.invalid,Jinja,1988-03-27,female,2026-07-15
LK-C03592,Test Shopper 03592,+256728437160,shopper.lk3592@example.invalid,Mbarara,1989-04-01,male,2026-07-15
LK-C03593,Test Shopper 03593,+256728445079,shopper.lk3593@example.invalid,Kampala,1990-05-02,not_stated,2026-07-15
LK-C03594,Test Shopper 03594,+256728452998,shopper.lk3594@example.invalid,Kampala,1991-06-03,female,2026-07-15
LK-C03595,Test Shopper 03595,+256728460917,shopper.lk3595@example.invalid,Jinja,1992-07-04,male,2025-12-20
LK-C03596,Test Shopper 03596,+256728468836,shopper.lk3596@example.invalid,Mbarara,1993-08-05,female,2026-07-15
LK-C03597,Test Shopper 03597,+256728476755,shopper.lk3597@example.invalid,Kampala,1994-09-06,male,2026-07-15
LK-C03598,Test Shopper 03598,+256728484674,shopper.lk3598@example.invalid,Gulu,1995-10-07,not_stated,2026-07-15
LK-C03599,Test Shopper 03599,+256728492593,shopper.lk3599@example.invalid,Jinja,1996-11-08,female,2026-07-15
LK-C03600,Test Shopper 03600,+256728500512,shopper.lk3600@example.invalid,Mbarara,1997-12-09,male,2026-07-15
LK-C03601,Test Shopper 03601,+256728508431,shopper.lk3601@example.invalid,Kampala,1998-01-10,female,2025-12-20
LK-C03602,Test Shopper 03602,+256728516350,shopper.lk3602@example.invalid,Kampala,1999-02-11,male,2026-07-15
LK-C03603,Test Shopper 03603,+256728524269,shopper.lk3603@example.invalid,Jinja,2000-03-12,not_stated,2026-07-15
LK-C03604,Test Shopper 03604,+256728532188,shopper.lk3604@example.invalid,Mbarara,2001-04-13,female,2026-07-15
LK-C03605,Test Shopper 03605,+256728540107,shopper.lk3605@example.invalid,Kampala,2002-05-14,male,2026-07-15
LK-C03606,Test Shopper 03606,+256728548026,shopper.lk3606@example.invalid,Gulu,2003-06-15,female,2026-07-15
LK-C03607,Test Shopper 03607,+256728555945,shopper.lk3607@example.invalid,Jinja,2004-07-16,male,2025-12-20
LK-C03608,Test Shopper 03608,+256728563864,shopper.lk3608@example.invalid,Mbarara,2005-08-17,not_stated,2026-07-15
LK-C03609,Test Shopper 03609,+256728571783,shopper.lk3609@example.invalid,Kampala,1965-09-18,female,2026-07-15
LK-C03610,Test Shopper 03610,+256728579702,shopper.lk3610@example.invalid,Kampala,1966-10-19,male,2026-07-15
LK-C03611,Test Shopper 03611,+256728587621,shopper.lk3611@example.invalid,Jinja,1967-11-20,female,2026-07-15
LK-C03612,Test Shopper 03612,+256728595540,shopper.lk3612@example.invalid,Mbarara,1968-12-21,male,2026-07-15
LK-C03613,Test Shopper 03613,+256728603459,shopper.lk3613@example.invalid,Kampala,1969-01-22,not_stated,2025-12-20
LK-C03614,Test Shopper 03614,+256728611378,shopper.lk3614@example.invalid,Gulu,1970-02-23,female,2026-07-15
LK-C03615,Test Shopper 03615,+256728619297,shopper.lk3615@example.invalid,Jinja,1971-03-24,male,2026-07-15
LK-C03616,Test Shopper 03616,+256728627216,shopper.lk3616@example.invalid,Mbarara,1972-04-25,female,2026-07-15
LK-C03617,Test Shopper 03617,+256728635135,shopper.lk3617@example.invalid,Kampala,1973-05-26,male,2026-07-15
LK-C03618,Test Shopper 03618,+256728643054,shopper.lk3618@example.invalid,Kampala,1974-06-27,not_stated,2026-07-15
LK-C03619,Test Shopper 03619,+256728650973,shopper.lk3619@example.invalid,Jinja,1975-07-01,female,2025-12-20
LK-C03620,Test Shopper 03620,+256728658892,shopper.lk3620@example.invalid,Mbarara,1976-08-02,male,2026-07-15
LK-C03621,Test Shopper 03621,+256728666811,shopper.lk3621@example.invalid,Kampala,1977-09-03,female,2026-07-15
LK-C03622,Test Shopper 03622,+256728674730,shopper.lk3622@example.invalid,Gulu,1978-10-04,male,2026-07-15
LK-C03623,Test Shopper 03623,+256728682649,shopper.lk3623@example.invalid,Jinja,1979-11-05,not_stated,2026-07-15
LK-C03624,Test Shopper 03624,+256728690568,shopper.lk3624@example.invalid,Mbarara,1980-12-06,female,2026-07-15
LK-C03625,Test Shopper 03625,+256728698487,shopper.lk3625@example.invalid,Kampala,1981-01-07,male,2025-12-20
LK-C03626,Test Shopper 03626,+256728706406,shopper.lk3626@example.invalid,Kampala,1982-02-08,female,2026-07-15
LK-C03627,Test Shopper 03627,+256728714325,shopper.lk3627@example.invalid,Jinja,1983-03-09,male,2026-07-15
LK-C03628,Test Shopper 03628,+256728722244,shopper.lk3628@example.invalid,Mbarara,1984-04-10,not_stated,2026-07-15
LK-C03629,Test Shopper 03629,+256728730163,shopper.lk3629@example.invalid,Kampala,1985-05-11,female,2026-07-15
LK-C03630,Test Shopper 03630,+256728738082,shopper.lk3630@example.invalid,Gulu,1986-06-12,male,2026-07-15
LK-C03631,Test Shopper 03631,+256728746001,shopper.lk3631@example.invalid,Jinja,1987-07-13,female,2025-12-20
LK-C03632,Test Shopper 03632,+256728753920,shopper.lk3632@example.invalid,Mbarara,1988-08-14,male,2026-07-15
LK-C03633,Test Shopper 03633,+256728761839,shopper.lk3633@example.invalid,Kampala,1989-09-15,not_stated,2026-07-15
LK-C03634,Test Shopper 03634,+256728769758,shopper.lk3634@example.invalid,Kampala,1990-10-16,female,2026-07-15
LK-C03635,Test Shopper 03635,+256728777677,shopper.lk3635@example.invalid,Jinja,1991-11-17,male,2026-07-15
LK-C03636,Test Shopper 03636,+256728785596,shopper.lk3636@example.invalid,Mbarara,1992-12-18,female,2026-07-15
LK-C03637,Test Shopper 03637,+256728793515,shopper.lk3637@example.invalid,Kampala,1993-01-19,male,2025-12-20
LK-C03638,Test Shopper 03638,+256728801434,shopper.lk3638@example.invalid,Gulu,1994-02-20,not_stated,2026-07-15
LK-C03639,Test Shopper 03639,+256728809353,shopper.lk3639@example.invalid,Jinja,1995-03-21,female,2026-07-15
LK-C03640,Test Shopper 03640,+256728817272,shopper.lk3640@example.invalid,Mbarara,1996-04-22,male,2026-07-15
LK-C03641,Test Shopper 03641,+256728825191,shopper.lk3641@example.invalid,Kampala,1997-05-23,female,2026-07-15
LK-C03642,Test Shopper 03642,+256728833110,shopper.lk3642@example.invalid,Kampala,1998-06-24,male,2026-07-15
LK-C03643,Test Shopper 03643,+256728841029,shopper.lk3643@example.invalid,Jinja,1999-07-25,not_stated,2025-12-20
LK-C03644,Test Shopper 03644,+256728848948,shopper.lk3644@example.invalid,Mbarara,2000-08-26,female,2026-07-15
LK-C03645,Test Shopper 03645,+256728856867,shopper.lk3645@example.invalid,Kampala,2001-09-27,male,2026-07-15
LK-C03646,Test Shopper 03646,+256728864786,shopper.lk3646@example.invalid,Gulu,2002-10-01,female,2026-07-15
LK-C03647,Test Shopper 03647,+256728872705,shopper.lk3647@example.invalid,Jinja,2003-11-02,male,2026-07-15
LK-C03648,Test Shopper 03648,+256728880624,shopper.lk3648@example.invalid,Mbarara,2004-12-03,not_stated,2026-07-15
LK-C03649,Test Shopper 03649,+256728888543,shopper.lk3649@example.invalid,Kampala,2005-01-04,female,2025-12-20
LK-C03650,Test Shopper 03650,+256728896462,shopper.lk3650@example.invalid,Kampala,1965-02-05,male,2026-07-15
LK-C03651,Test Shopper 03651,+256728904381,shopper.lk3651@example.invalid,Jinja,1966-03-06,female,2026-07-15
LK-C03652,Test Shopper 03652,+256728912300,shopper.lk3652@example.invalid,Mbarara,1967-04-07,male,2026-07-15
LK-C03653,Test Shopper 03653,+256728920219,shopper.lk3653@example.invalid,Kampala,1968-05-08,not_stated,2026-07-15
LK-C03654,Test Shopper 03654,+256728928138,shopper.lk3654@example.invalid,Gulu,1969-06-09,female,2026-07-15
LK-C03655,Test Shopper 03655,+256728936057,shopper.lk3655@example.invalid,Jinja,1970-07-10,male,2025-12-20
LK-C03656,Test Shopper 03656,+256728943976,shopper.lk3656@example.invalid,Mbarara,1971-08-11,female,2026-07-15
LK-C03657,Test Shopper 03657,+256728951895,shopper.lk3657@example.invalid,Kampala,1972-09-12,male,2026-07-15
LK-C03658,Test Shopper 03658,+256728959814,shopper.lk3658@example.invalid,Kampala,1973-10-13,not_stated,2026-07-15
LK-C03659,Test Shopper 03659,+256728967733,shopper.lk3659@example.invalid,Jinja,1974-11-14,female,2026-07-15
LK-C03660,Test Shopper 03660,+256728975652,shopper.lk3660@example.invalid,Mbarara,1975-12-15,male,2026-07-15
LK-C03661,Test Shopper 03661,+256728983571,shopper.lk3661@example.invalid,Kampala,1976-01-16,female,2025-12-20
LK-C03662,Test Shopper 03662,+256728991490,shopper.lk3662@example.invalid,Gulu,1977-02-17,male,2026-07-15
LK-C03663,Test Shopper 03663,+256728999409,shopper.lk3663@example.invalid,Jinja,1978-03-18,not_stated,2026-07-15
LK-C03664,Test Shopper 03664,+256729007328,shopper.lk3664@example.invalid,Mbarara,1979-04-19,female,2026-07-15
LK-C03665,Test Shopper 03665,+256729015247,shopper.lk3665@example.invalid,Kampala,1980-05-20,male,2026-07-15
LK-C03666,Test Shopper 03666,+256729023166,shopper.lk3666@example.invalid,Kampala,1981-06-21,female,2026-07-15
LK-C03667,Test Shopper 03667,+256729031085,shopper.lk3667@example.invalid,Jinja,1982-07-22,male,2025-12-20
LK-C03668,Test Shopper 03668,+256729039004,shopper.lk3668@example.invalid,Mbarara,1983-08-23,not_stated,2026-07-15
LK-C03669,Test Shopper 03669,+256729046923,shopper.lk3669@example.invalid,Kampala,1984-09-24,female,2026-07-15
LK-C03670,Test Shopper 03670,+256729054842,shopper.lk3670@example.invalid,Gulu,1985-10-25,male,2026-07-15
LK-C03671,Test Shopper 03671,+256729062761,shopper.lk3671@example.invalid,Jinja,1986-11-26,female,2026-07-15
LK-C03672,Test Shopper 03672,+256729070680,shopper.lk3672@example.invalid,Mbarara,1987-12-27,male,2026-07-15
LK-C03673,Test Shopper 03673,+256729078599,shopper.lk3673@example.invalid,Kampala,1988-01-01,not_stated,2025-12-20
LK-C03674,Test Shopper 03674,+256729086518,shopper.lk3674@example.invalid,Kampala,1989-02-02,female,2026-07-15
LK-C03675,Test Shopper 03675,+256729094437,shopper.lk3675@example.invalid,Jinja,1990-03-03,male,2026-07-15
LK-C03676,Test Shopper 03676,+256729102356,shopper.lk3676@example.invalid,Mbarara,1991-04-04,female,2026-07-15
LK-C03677,Test Shopper 03677,+256729110275,shopper.lk3677@example.invalid,Kampala,1992-05-05,male,2026-07-15
LK-C03678,Test Shopper 03678,+256729118194,shopper.lk3678@example.invalid,Gulu,1993-06-06,not_stated,2026-07-15
LK-C03679,Test Shopper 03679,+256729126113,shopper.lk3679@example.invalid,Jinja,1994-07-07,female,2025-12-20
LK-C03680,Test Shopper 03680,+256729134032,shopper.lk3680@example.invalid,Mbarara,1995-08-08,male,2026-07-15
LK-C03681,Test Shopper 03681,+256729141951,shopper.lk3681@example.invalid,Kampala,1996-09-09,female,2026-07-15
LK-C03682,Test Shopper 03682,+256729149870,shopper.lk3682@example.invalid,Kampala,1997-10-10,male,2026-07-15
LK-C03683,Test Shopper 03683,+256729157789,shopper.lk3683@example.invalid,Jinja,1998-11-11,not_stated,2026-07-15
LK-C03684,Test Shopper 03684,+256729165708,shopper.lk3684@example.invalid,Mbarara,1999-12-12,female,2026-07-15
LK-C03685,Test Shopper 03685,+256729173627,shopper.lk3685@example.invalid,Kampala,2000-01-13,male,2025-12-20
LK-C03686,Test Shopper 03686,+256729181546,shopper.lk3686@example.invalid,Gulu,2001-02-14,female,2026-07-15
LK-C03687,Test Shopper 03687,+256729189465,shopper.lk3687@example.invalid,Jinja,2002-03-15,male,2026-07-15
LK-C03688,Test Shopper 03688,+256729197384,shopper.lk3688@example.invalid,Mbarara,2003-04-16,not_stated,2026-07-15
LK-C03689,Test Shopper 03689,+256729205303,shopper.lk3689@example.invalid,Kampala,2004-05-17,female,2026-07-15
LK-C03690,Test Shopper 03690,+256729213222,shopper.lk3690@example.invalid,Kampala,2005-06-18,male,2026-07-15
LK-C03691,Test Shopper 03691,+256729221141,shopper.lk3691@example.invalid,Jinja,1965-07-19,female,2025-12-20
LK-C03692,Test Shopper 03692,+256729229060,shopper.lk3692@example.invalid,Mbarara,1966-08-20,male,2026-07-15
LK-C03693,Test Shopper 03693,+256729236979,shopper.lk3693@example.invalid,Kampala,1967-09-21,not_stated,2026-07-15
LK-C03694,Test Shopper 03694,+256729244898,shopper.lk3694@example.invalid,Gulu,1968-10-22,female,2026-07-15
LK-C03695,Test Shopper 03695,+256729252817,shopper.lk3695@example.invalid,Jinja,1969-11-23,male,2026-07-15
LK-C03696,Test Shopper 03696,+256729260736,shopper.lk3696@example.invalid,Mbarara,1970-12-24,female,2026-07-15
LK-C03697,Test Shopper 03697,+256729268655,shopper.lk3697@example.invalid,Kampala,1971-01-25,male,2025-12-20
LK-C03698,Test Shopper 03698,+256729276574,shopper.lk3698@example.invalid,Kampala,1972-02-26,not_stated,2026-07-15
LK-C03699,Test Shopper 03699,+256729284493,shopper.lk3699@example.invalid,Jinja,1973-03-27,female,2026-07-15
LK-C03700,Test Shopper 03700,+256729292412,shopper.lk3700@example.invalid,Mbarara,1974-04-01,male,2026-07-15
LK-C03701,Test Shopper 03701,+256729300331,shopper.lk3701@example.invalid,Kampala,1975-05-02,female,2026-07-15
LK-C03702,Test Shopper 03702,+256729308250,shopper.lk3702@example.invalid,Gulu,1976-06-03,male,2026-07-15
LK-C03703,Test Shopper 03703,+256729316169,shopper.lk3703@example.invalid,Jinja,1977-07-04,not_stated,2025-12-20
LK-C03704,Test Shopper 03704,+256729324088,shopper.lk3704@example.invalid,Mbarara,1978-08-05,female,2026-07-15
LK-C03705,Test Shopper 03705,+256729332007,shopper.lk3705@example.invalid,Kampala,1979-09-06,male,2026-07-15
LK-C03706,Test Shopper 03706,+256729339926,shopper.lk3706@example.invalid,Kampala,1980-10-07,female,2026-07-15
LK-C03707,Test Shopper 03707,+256729347845,shopper.lk3707@example.invalid,Jinja,1981-11-08,male,2026-07-15
LK-C03708,Test Shopper 03708,+256729355764,shopper.lk3708@example.invalid,Mbarara,1982-12-09,not_stated,2026-07-15
LK-C03709,Test Shopper 03709,+256729363683,shopper.lk3709@example.invalid,Kampala,1983-01-10,female,2025-12-20
LK-C03710,Test Shopper 03710,+256729371602,shopper.lk3710@example.invalid,Gulu,1984-02-11,male,2026-07-15
LK-C03711,Test Shopper 03711,+256729379521,shopper.lk3711@example.invalid,Jinja,1985-03-12,female,2026-07-15
LK-C03712,Test Shopper 03712,+256729387440,shopper.lk3712@example.invalid,Mbarara,1986-04-13,male,2026-07-15
LK-C03713,Test Shopper 03713,+256729395359,shopper.lk3713@example.invalid,Kampala,1987-05-14,not_stated,2026-07-15
LK-C03714,Test Shopper 03714,+256729403278,shopper.lk3714@example.invalid,Kampala,1988-06-15,female,2026-07-15
LK-C03715,Test Shopper 03715,+256729411197,shopper.lk3715@example.invalid,Jinja,1989-07-16,male,2025-12-20
LK-C03716,Test Shopper 03716,+256729419116,shopper.lk3716@example.invalid,Mbarara,1990-08-17,female,2026-07-15
LK-C03717,Test Shopper 03717,+256729427035,shopper.lk3717@example.invalid,Kampala,1991-09-18,male,2026-07-15
LK-C03718,Test Shopper 03718,+256729434954,shopper.lk3718@example.invalid,Gulu,1992-10-19,not_stated,2026-07-15
LK-C03719,Test Shopper 03719,+256729442873,shopper.lk3719@example.invalid,Jinja,1993-11-20,female,2026-07-15
LK-C03720,Test Shopper 03720,+256729450792,shopper.lk3720@example.invalid,Mbarara,1994-12-21,male,2026-07-15
LK-C03721,Test Shopper 03721,+256729458711,shopper.lk3721@example.invalid,Kampala,1995-01-22,female,2025-12-20
LK-C03722,Test Shopper 03722,+256729466630,shopper.lk3722@example.invalid,Kampala,1996-02-23,male,2026-07-15
LK-C03723,Test Shopper 03723,+256729474549,shopper.lk3723@example.invalid,Jinja,1997-03-24,not_stated,2026-07-15
LK-C03724,Test Shopper 03724,+256729482468,shopper.lk3724@example.invalid,Mbarara,1998-04-25,female,2026-07-15
LK-C03725,Test Shopper 03725,+256729490387,shopper.lk3725@example.invalid,Kampala,1999-05-26,male,2026-07-15
LK-C03726,Test Shopper 03726,+256729498306,shopper.lk3726@example.invalid,Gulu,2000-06-27,female,2026-07-15
LK-C03727,Test Shopper 03727,+256729506225,shopper.lk3727@example.invalid,Jinja,2001-07-01,male,2025-12-20
LK-C03728,Test Shopper 03728,+256729514144,shopper.lk3728@example.invalid,Mbarara,2002-08-02,not_stated,2026-07-15
LK-C03729,Test Shopper 03729,+256729522063,shopper.lk3729@example.invalid,Kampala,2003-09-03,female,2026-07-15
LK-C03730,Test Shopper 03730,+256729529982,shopper.lk3730@example.invalid,Kampala,2004-10-04,male,2026-07-15
LK-C03731,Test Shopper 03731,+256729537901,shopper.lk3731@example.invalid,Jinja,2005-11-05,female,2026-07-15
LK-C03732,Test Shopper 03732,+256729545820,shopper.lk3732@example.invalid,Mbarara,1965-12-06,male,2026-07-15
LK-C03733,Test Shopper 03733,+256729553739,shopper.lk3733@example.invalid,Kampala,1966-01-07,not_stated,2025-12-20
LK-C03734,Test Shopper 03734,+256729561658,shopper.lk3734@example.invalid,Gulu,1967-02-08,female,2026-07-15
LK-C03735,Test Shopper 03735,+256729569577,shopper.lk3735@example.invalid,Jinja,1968-03-09,male,2026-07-15
LK-C03736,Test Shopper 03736,+256729577496,shopper.lk3736@example.invalid,Mbarara,1969-04-10,female,2026-07-15
LK-C03737,Test Shopper 03737,+256729585415,shopper.lk3737@example.invalid,Kampala,1970-05-11,male,2026-07-15
LK-C03738,Test Shopper 03738,+256729593334,shopper.lk3738@example.invalid,Kampala,1971-06-12,not_stated,2026-07-15
LK-C03739,Test Shopper 03739,+256729601253,shopper.lk3739@example.invalid,Jinja,1972-07-13,female,2025-12-20
LK-C03740,Test Shopper 03740,+256729609172,shopper.lk3740@example.invalid,Mbarara,1973-08-14,male,2026-07-15
LK-C03741,Test Shopper 03741,+256729617091,shopper.lk3741@example.invalid,Kampala,1974-09-15,female,2026-07-15
LK-C03742,Test Shopper 03742,+256729625010,shopper.lk3742@example.invalid,Gulu,1975-10-16,male,2026-07-15
LK-C03743,Test Shopper 03743,+256729632929,shopper.lk3743@example.invalid,Jinja,1976-11-17,not_stated,2026-07-15
LK-C03744,Test Shopper 03744,+256729640848,shopper.lk3744@example.invalid,Mbarara,1977-12-18,female,2026-07-15
LK-C03745,Test Shopper 03745,+256729648767,shopper.lk3745@example.invalid,Kampala,1978-01-19,male,2025-12-20
LK-C03746,Test Shopper 03746,+256729656686,shopper.lk3746@example.invalid,Kampala,1979-02-20,female,2026-07-15
LK-C03747,Test Shopper 03747,+256729664605,shopper.lk3747@example.invalid,Jinja,1980-03-21,male,2026-07-15
LK-C03748,Test Shopper 03748,+256729672524,shopper.lk3748@example.invalid,Mbarara,1981-04-22,not_stated,2026-07-15
LK-C03749,Test Shopper 03749,+256729680443,shopper.lk3749@example.invalid,Kampala,1982-05-23,female,2026-07-15
LK-C03750,Test Shopper 03750,+256729688362,shopper.lk3750@example.invalid,Gulu,1983-06-24,male,2026-07-15
LK-C03751,Test Shopper 03751,+256729696281,shopper.lk3751@example.invalid,Jinja,1984-07-25,female,2025-12-20
LK-C03752,Test Shopper 03752,+256729704200,shopper.lk3752@example.invalid,Mbarara,1985-08-26,male,2026-07-15
LK-C03753,Test Shopper 03753,+256729712119,shopper.lk3753@example.invalid,Kampala,1986-09-27,not_stated,2026-07-15
LK-C03754,Test Shopper 03754,+256729720038,shopper.lk3754@example.invalid,Kampala,1987-10-01,female,2026-07-15
LK-C03755,Test Shopper 03755,+256729727957,shopper.lk3755@example.invalid,Jinja,1988-11-02,male,2026-07-15
LK-C03756,Test Shopper 03756,+256729735876,shopper.lk3756@example.invalid,Mbarara,1989-12-03,female,2026-07-15
LK-C03757,Test Shopper 03757,+256729743795,shopper.lk3757@example.invalid,Kampala,1990-01-04,male,2025-12-20
LK-C03758,Test Shopper 03758,+256729751714,shopper.lk3758@example.invalid,Gulu,1991-02-05,not_stated,2026-07-15
LK-C03759,Test Shopper 03759,+256729759633,shopper.lk3759@example.invalid,Jinja,1992-03-06,female,2026-07-15
LK-C03760,Test Shopper 03760,+256729767552,shopper.lk3760@example.invalid,Mbarara,1993-04-07,male,2026-07-15
LK-C03761,Test Shopper 03761,+256729775471,shopper.lk3761@example.invalid,Kampala,1994-05-08,female,2026-07-15
LK-C03762,Test Shopper 03762,+256729783390,shopper.lk3762@example.invalid,Kampala,1995-06-09,male,2026-07-15
LK-C03763,Test Shopper 03763,+256729791309,shopper.lk3763@example.invalid,Jinja,1996-07-10,not_stated,2025-12-20
LK-C03764,Test Shopper 03764,+256729799228,shopper.lk3764@example.invalid,Mbarara,1997-08-11,female,2026-07-15
LK-C03765,Test Shopper 03765,+256729807147,shopper.lk3765@example.invalid,Kampala,1998-09-12,male,2026-07-15
LK-C03766,Test Shopper 03766,+256729815066,shopper.lk3766@example.invalid,Gulu,1999-10-13,female,2026-07-15
LK-C03767,Test Shopper 03767,+256729822985,shopper.lk3767@example.invalid,Jinja,2000-11-14,male,2026-07-15
LK-C03768,Test Shopper 03768,+256729830904,shopper.lk3768@example.invalid,Mbarara,2001-12-15,not_stated,2026-07-15
LK-C03769,Test Shopper 03769,+256729838823,shopper.lk3769@example.invalid,Kampala,2002-01-16,female,2025-12-20
LK-C03770,Test Shopper 03770,+256729846742,shopper.lk3770@example.invalid,Kampala,2003-02-17,male,2026-07-15
LK-C03771,Test Shopper 03771,+256729854661,shopper.lk3771@example.invalid,Jinja,2004-03-18,female,2026-07-15
LK-C03772,Test Shopper 03772,+256729862580,shopper.lk3772@example.invalid,Mbarara,2005-04-19,male,2026-07-15
LK-C03773,Test Shopper 03773,+256729870499,shopper.lk3773@example.invalid,Kampala,1965-05-20,not_stated,2026-07-15
LK-C03774,Test Shopper 03774,+256729878418,shopper.lk3774@example.invalid,Gulu,1966-06-21,female,2026-07-15
LK-C03775,Test Shopper 03775,+256729886337,shopper.lk3775@example.invalid,Jinja,1967-07-22,male,2025-12-20
LK-C03776,Test Shopper 03776,+256729894256,shopper.lk3776@example.invalid,Mbarara,1968-08-23,female,2026-07-15
LK-C03777,Test Shopper 03777,+256729902175,shopper.lk3777@example.invalid,Kampala,1969-09-24,male,2026-07-15
LK-C03778,Test Shopper 03778,+256729910094,shopper.lk3778@example.invalid,Kampala,1970-10-25,not_stated,2026-07-15
LK-C03779,Test Shopper 03779,+256729918013,shopper.lk3779@example.invalid,Jinja,1971-11-26,female,2026-07-15
LK-C03780,Test Shopper 03780,+256729925932,shopper.lk3780@example.invalid,Mbarara,1972-12-27,male,2026-07-15
LK-C03781,Test Shopper 03781,+256729933851,shopper.lk3781@example.invalid,Kampala,1973-01-01,female,2025-12-20
LK-C03782,Test Shopper 03782,+256729941770,shopper.lk3782@example.invalid,Gulu,1974-02-02,male,2026-07-15
LK-C03783,Test Shopper 03783,+256729949689,shopper.lk3783@example.invalid,Jinja,1975-03-03,not_stated,2026-07-15
LK-C03784,Test Shopper 03784,+256729957608,shopper.lk3784@example.invalid,Mbarara,1976-04-04,female,2026-07-15
LK-C03785,Test Shopper 03785,+256729965527,shopper.lk3785@example.invalid,Kampala,1977-05-05,male,2026-07-15
LK-C03786,Test Shopper 03786,+256729973446,shopper.lk3786@example.invalid,Kampala,1978-06-06,female,2026-07-15
LK-C03787,Test Shopper 03787,+256729981365,shopper.lk3787@example.invalid,Jinja,1979-07-07,male,2025-12-20
LK-C03788,Test Shopper 03788,+256729989284,shopper.lk3788@example.invalid,Mbarara,1980-08-08,not_stated,2026-07-15
LK-C03789,Test Shopper 03789,+256729997203,shopper.lk3789@example.invalid,Kampala,1981-09-09,female,2026-07-15
LK-C03790,Test Shopper 03790,+256730005122,shopper.lk3790@example.invalid,Gulu,1982-10-10,male,2026-07-15
LK-C03791,Test Shopper 03791,+256730013041,shopper.lk3791@example.invalid,Jinja,1983-11-11,female,2026-07-15
LK-C03792,Test Shopper 03792,+256730020960,shopper.lk3792@example.invalid,Mbarara,1984-12-12,male,2026-07-15
LK-C03793,Test Shopper 03793,+256730028879,shopper.lk3793@example.invalid,Kampala,1985-01-13,not_stated,2025-12-20
LK-C03794,Test Shopper 03794,+256730036798,shopper.lk3794@example.invalid,Kampala,1986-02-14,female,2026-07-15
LK-C03795,Test Shopper 03795,+256730044717,shopper.lk3795@example.invalid,Jinja,1987-03-15,male,2026-07-15
LK-C03796,Test Shopper 03796,+256730052636,shopper.lk3796@example.invalid,Mbarara,1988-04-16,female,2026-07-15
LK-C03797,Test Shopper 03797,+256730060555,shopper.lk3797@example.invalid,Kampala,1989-05-17,male,2026-07-15
LK-C03798,Test Shopper 03798,+256730068474,shopper.lk3798@example.invalid,Gulu,1990-06-18,not_stated,2026-07-15
LK-C03799,Test Shopper 03799,+256730076393,shopper.lk3799@example.invalid,Jinja,1991-07-19,female,2025-12-20
LK-C03800,Test Shopper 03800,+256730084312,shopper.lk3800@example.invalid,Mbarara,1992-08-20,male,2026-07-15
LK-C03801,Test Shopper 03801,+256730092231,shopper.lk3801@example.invalid,Kampala,1993-09-21,female,2026-07-15
LK-C03802,Test Shopper 03802,+256730100150,shopper.lk3802@example.invalid,Kampala,1994-10-22,male,2026-07-15
LK-C03803,Test Shopper 03803,+256730108069,shopper.lk3803@example.invalid,Jinja,1995-11-23,not_stated,2026-07-15
LK-C03804,Test Shopper 03804,+256730115988,shopper.lk3804@example.invalid,Mbarara,1996-12-24,female,2026-07-15
LK-C03805,Test Shopper 03805,+256730123907,shopper.lk3805@example.invalid,Kampala,1997-01-25,male,2025-12-20
LK-C03806,Test Shopper 03806,+256730131826,shopper.lk3806@example.invalid,Gulu,1998-02-26,female,2026-07-15
LK-C03807,Test Shopper 03807,+256730139745,shopper.lk3807@example.invalid,Jinja,1999-03-27,male,2026-07-15
LK-C03808,Test Shopper 03808,+256730147664,shopper.lk3808@example.invalid,Mbarara,2000-04-01,not_stated,2026-07-15
LK-C03809,Test Shopper 03809,+256730155583,shopper.lk3809@example.invalid,Kampala,2001-05-02,female,2026-07-15
LK-C03810,Test Shopper 03810,+256730163502,shopper.lk3810@example.invalid,Kampala,2002-06-03,male,2026-07-15
LK-C03811,Test Shopper 03811,+256730171421,shopper.lk3811@example.invalid,Jinja,2003-07-04,female,2025-12-20
LK-C03812,Test Shopper 03812,+256730179340,shopper.lk3812@example.invalid,Mbarara,2004-08-05,male,2026-07-15
LK-C03813,Test Shopper 03813,+256730187259,shopper.lk3813@example.invalid,Kampala,2005-09-06,not_stated,2026-07-15
LK-C03814,Test Shopper 03814,+256730195178,shopper.lk3814@example.invalid,Gulu,1965-10-07,female,2026-07-15
LK-C03815,Test Shopper 03815,+256730203097,shopper.lk3815@example.invalid,Jinja,1966-11-08,male,2026-07-15
LK-C03816,Test Shopper 03816,+256730211016,shopper.lk3816@example.invalid,Mbarara,1967-12-09,female,2026-07-15
LK-C03817,Test Shopper 03817,+256730218935,shopper.lk3817@example.invalid,Kampala,1968-01-10,male,2025-12-20
LK-C03818,Test Shopper 03818,+256730226854,shopper.lk3818@example.invalid,Kampala,1969-02-11,not_stated,2026-07-15
LK-C03819,Test Shopper 03819,+256730234773,shopper.lk3819@example.invalid,Jinja,1970-03-12,female,2026-07-15
LK-C03820,Test Shopper 03820,+256730242692,shopper.lk3820@example.invalid,Mbarara,1971-04-13,male,2026-07-15
LK-C03821,Test Shopper 03821,+256730250611,shopper.lk3821@example.invalid,Kampala,1972-05-14,female,2026-07-15
LK-C03822,Test Shopper 03822,+256730258530,shopper.lk3822@example.invalid,Gulu,1973-06-15,male,2026-07-15
LK-C03823,Test Shopper 03823,+256730266449,shopper.lk3823@example.invalid,Jinja,1974-07-16,not_stated,2025-12-20
LK-C03824,Test Shopper 03824,+256730274368,shopper.lk3824@example.invalid,Mbarara,1975-08-17,female,2026-07-15
LK-C03825,Test Shopper 03825,+256730282287,shopper.lk3825@example.invalid,Kampala,1976-09-18,male,2026-07-15
LK-C03826,Test Shopper 03826,+256730290206,shopper.lk3826@example.invalid,Kampala,1977-10-19,female,2026-07-15
LK-C03827,Test Shopper 03827,+256730298125,shopper.lk3827@example.invalid,Jinja,1978-11-20,male,2026-07-15
LK-C03828,Test Shopper 03828,+256730306044,shopper.lk3828@example.invalid,Mbarara,1979-12-21,not_stated,2026-07-15
LK-C03829,Test Shopper 03829,+256730313963,shopper.lk3829@example.invalid,Kampala,1980-01-22,female,2025-12-20
LK-C03830,Test Shopper 03830,+256730321882,shopper.lk3830@example.invalid,Gulu,1981-02-23,male,2026-07-15
LK-C03831,Test Shopper 03831,+256730329801,shopper.lk3831@example.invalid,Jinja,1982-03-24,female,2026-07-15
LK-C03832,Test Shopper 03832,+256730337720,shopper.lk3832@example.invalid,Mbarara,1983-04-25,male,2026-07-15
LK-C03833,Test Shopper 03833,+256730345639,shopper.lk3833@example.invalid,Kampala,1984-05-26,not_stated,2026-07-15
LK-C03834,Test Shopper 03834,+256730353558,shopper.lk3834@example.invalid,Kampala,1985-06-27,female,2026-07-15
LK-C03835,Test Shopper 03835,+256730361477,shopper.lk3835@example.invalid,Jinja,1986-07-01,male,2025-12-20
LK-C03836,Test Shopper 03836,+256730369396,shopper.lk3836@example.invalid,Mbarara,1987-08-02,female,2026-07-15
LK-C03837,Test Shopper 03837,+256730377315,shopper.lk3837@example.invalid,Kampala,1988-09-03,male,2026-07-15
LK-C03838,Test Shopper 03838,+256730385234,shopper.lk3838@example.invalid,Gulu,1989-10-04,not_stated,2026-07-15
LK-C03839,Test Shopper 03839,+256730393153,shopper.lk3839@example.invalid,Jinja,1990-11-05,female,2026-07-15
LK-C03840,Test Shopper 03840,+256730401072,shopper.lk3840@example.invalid,Mbarara,1991-12-06,male,2026-07-15
LK-C03841,Test Shopper 03841,+256730408991,shopper.lk3841@example.invalid,Kampala,1992-01-07,female,2025-12-20
LK-C03842,Test Shopper 03842,+256730416910,shopper.lk3842@example.invalid,Kampala,1993-02-08,male,2026-07-15
LK-C03843,Test Shopper 03843,+256730424829,shopper.lk3843@example.invalid,Jinja,1994-03-09,not_stated,2026-07-15
LK-C03844,Test Shopper 03844,+256730432748,shopper.lk3844@example.invalid,Mbarara,1995-04-10,female,2026-07-15
LK-C03845,Test Shopper 03845,+256730440667,shopper.lk3845@example.invalid,Kampala,1996-05-11,male,2026-07-15
LK-C03846,Test Shopper 03846,+256730448586,shopper.lk3846@example.invalid,Gulu,1997-06-12,female,2026-07-15
LK-C03847,Test Shopper 03847,+256730456505,shopper.lk3847@example.invalid,Jinja,1998-07-13,male,2025-12-20
LK-C03848,Test Shopper 03848,+256730464424,shopper.lk3848@example.invalid,Mbarara,1999-08-14,not_stated,2026-07-15
LK-C03849,Test Shopper 03849,+256730472343,shopper.lk3849@example.invalid,Kampala,2000-09-15,female,2026-07-15
LK-C03850,Test Shopper 03850,+256730480262,shopper.lk3850@example.invalid,Kampala,2001-10-16,male,2026-07-15
LK-C03851,Test Shopper 03851,+256730488181,shopper.lk3851@example.invalid,Jinja,2002-11-17,female,2026-07-15
LK-C03852,Test Shopper 03852,+256730496100,shopper.lk3852@example.invalid,Mbarara,2003-12-18,male,2026-07-15
LK-C03853,Test Shopper 03853,+256730504019,shopper.lk3853@example.invalid,Kampala,2004-01-19,not_stated,2025-12-20
LK-C03854,Test Shopper 03854,+256730511938,shopper.lk3854@example.invalid,Gulu,2005-02-20,female,2026-07-15
LK-C03855,Test Shopper 03855,+256730519857,shopper.lk3855@example.invalid,Jinja,1965-03-21,male,2026-07-15
LK-C03856,Test Shopper 03856,+256730527776,shopper.lk3856@example.invalid,Mbarara,1966-04-22,female,2026-07-15
LK-C03857,Test Shopper 03857,+256730535695,shopper.lk3857@example.invalid,Kampala,1967-05-23,male,2026-07-15
LK-C03858,Test Shopper 03858,+256730543614,shopper.lk3858@example.invalid,Kampala,1968-06-24,not_stated,2026-07-15
LK-C03859,Test Shopper 03859,+256730551533,shopper.lk3859@example.invalid,Jinja,1969-07-25,female,2025-12-20
LK-C03860,Test Shopper 03860,+256730559452,shopper.lk3860@example.invalid,Mbarara,1970-08-26,male,2026-07-15
LK-C03861,Test Shopper 03861,+256730567371,shopper.lk3861@example.invalid,Kampala,1971-09-27,female,2026-07-15
LK-C03862,Test Shopper 03862,+256730575290,shopper.lk3862@example.invalid,Gulu,1972-10-01,male,2026-07-15
LK-C03863,Test Shopper 03863,+256730583209,shopper.lk3863@example.invalid,Jinja,1973-11-02,not_stated,2026-07-15
LK-C03864,Test Shopper 03864,+256730591128,shopper.lk3864@example.invalid,Mbarara,1974-12-03,female,2026-07-15
LK-C03865,Test Shopper 03865,+256730599047,shopper.lk3865@example.invalid,Kampala,1975-01-04,male,2025-12-20
LK-C03866,Test Shopper 03866,+256730606966,shopper.lk3866@example.invalid,Kampala,1976-02-05,female,2026-07-15
LK-C03867,Test Shopper 03867,+256730614885,shopper.lk3867@example.invalid,Jinja,1977-03-06,male,2026-07-15
LK-C03868,Test Shopper 03868,+256730622804,shopper.lk3868@example.invalid,Mbarara,1978-04-07,not_stated,2026-07-15
LK-C03869,Test Shopper 03869,+256730630723,shopper.lk3869@example.invalid,Kampala,1979-05-08,female,2026-07-15
LK-C03870,Test Shopper 03870,+256730638642,shopper.lk3870@example.invalid,Gulu,1980-06-09,male,2026-07-15
LK-C03871,Test Shopper 03871,+256730646561,shopper.lk3871@example.invalid,Jinja,1981-07-10,female,2025-12-20
LK-C03872,Test Shopper 03872,+256730654480,shopper.lk3872@example.invalid,Mbarara,1982-08-11,male,2026-07-15
LK-C03873,Test Shopper 03873,+256730662399,shopper.lk3873@example.invalid,Kampala,1983-09-12,not_stated,2026-07-15
LK-C03874,Test Shopper 03874,+256730670318,shopper.lk3874@example.invalid,Kampala,1984-10-13,female,2026-07-15
LK-C03875,Test Shopper 03875,+256730678237,shopper.lk3875@example.invalid,Jinja,1985-11-14,male,2026-07-15
LK-C03876,Test Shopper 03876,+256730686156,shopper.lk3876@example.invalid,Mbarara,1986-12-15,female,2026-07-15
LK-C03877,Test Shopper 03877,+256730694075,shopper.lk3877@example.invalid,Kampala,1987-01-16,male,2025-12-20
LK-C03878,Test Shopper 03878,+256730701994,shopper.lk3878@example.invalid,Gulu,1988-02-17,not_stated,2026-07-15
LK-C03879,Test Shopper 03879,+256730709913,shopper.lk3879@example.invalid,Jinja,1989-03-18,female,2026-07-15
LK-C03880,Test Shopper 03880,+256730717832,shopper.lk3880@example.invalid,Mbarara,1990-04-19,male,2026-07-15
LK-C03881,Test Shopper 03881,+256730725751,shopper.lk3881@example.invalid,Kampala,1991-05-20,female,2026-07-15
LK-C03882,Test Shopper 03882,+256730733670,shopper.lk3882@example.invalid,Kampala,1992-06-21,male,2026-07-15
LK-C03883,Test Shopper 03883,+256730741589,shopper.lk3883@example.invalid,Jinja,1993-07-22,not_stated,2025-12-20
LK-C03884,Test Shopper 03884,+256730749508,shopper.lk3884@example.invalid,Mbarara,1994-08-23,female,2026-07-15
LK-C03885,Test Shopper 03885,+256730757427,shopper.lk3885@example.invalid,Kampala,1995-09-24,male,2026-07-15
LK-C03886,Test Shopper 03886,+256730765346,shopper.lk3886@example.invalid,Gulu,1996-10-25,female,2026-07-15
LK-C03887,Test Shopper 03887,+256730773265,shopper.lk3887@example.invalid,Jinja,1997-11-26,male,2026-07-15
LK-C03888,Test Shopper 03888,+256730781184,shopper.lk3888@example.invalid,Mbarara,1998-12-27,not_stated,2026-07-15
LK-C03889,Test Shopper 03889,+256730789103,shopper.lk3889@example.invalid,Kampala,1999-01-01,female,2025-12-20
LK-C03890,Test Shopper 03890,+256730797022,shopper.lk3890@example.invalid,Kampala,2000-02-02,male,2026-07-15
LK-C03891,Test Shopper 03891,+256730804941,shopper.lk3891@example.invalid,Jinja,2001-03-03,female,2026-07-15
LK-C03892,Test Shopper 03892,+256730812860,shopper.lk3892@example.invalid,Mbarara,2002-04-04,male,2026-07-15
LK-C03893,Test Shopper 03893,+256730820779,shopper.lk3893@example.invalid,Kampala,2003-05-05,not_stated,2026-07-15
LK-C03894,Test Shopper 03894,+256730828698,shopper.lk3894@example.invalid,Gulu,2004-06-06,female,2026-07-15
LK-C03895,Test Shopper 03895,+256730836617,shopper.lk3895@example.invalid,Jinja,2005-07-07,male,2025-12-20
LK-C03896,Test Shopper 03896,+256730844536,shopper.lk3896@example.invalid,Mbarara,1965-08-08,female,2026-07-15
LK-C03897,Test Shopper 03897,+256730852455,shopper.lk3897@example.invalid,Kampala,1966-09-09,male,2026-07-15
LK-C03898,Test Shopper 03898,+256730860374,shopper.lk3898@example.invalid,Kampala,1967-10-10,not_stated,2026-07-15
LK-C03899,Test Shopper 03899,+256730868293,shopper.lk3899@example.invalid,Jinja,1968-11-11,female,2026-07-15
LK-C03900,Test Shopper 03900,+256730876212,shopper.lk3900@example.invalid,Mbarara,1969-12-12,male,2026-07-15
LK-C03901,Test Shopper 03901,+256730884131,shopper.lk3901@example.invalid,Kampala,1970-01-13,female,2025-12-20
LK-C03902,Test Shopper 03902,+256730892050,shopper.lk3902@example.invalid,Gulu,1971-02-14,male,2026-07-15
LK-C03903,Test Shopper 03903,+256730899969,shopper.lk3903@example.invalid,Jinja,1972-03-15,not_stated,2026-07-15
LK-C03904,Test Shopper 03904,+256730907888,shopper.lk3904@example.invalid,Mbarara,1973-04-16,female,2026-07-15
LK-C03905,Test Shopper 03905,+256730915807,shopper.lk3905@example.invalid,Kampala,1974-05-17,male,2026-07-15
LK-C03906,Test Shopper 03906,+256730923726,shopper.lk3906@example.invalid,Kampala,1975-06-18,female,2026-07-15
LK-C03907,Test Shopper 03907,+256730931645,shopper.lk3907@example.invalid,Jinja,1976-07-19,male,2025-12-20
LK-C03908,Test Shopper 03908,+256730939564,shopper.lk3908@example.invalid,Mbarara,1977-08-20,not_stated,2026-07-15
LK-C03909,Test Shopper 03909,+256730947483,shopper.lk3909@example.invalid,Kampala,1978-09-21,female,2026-07-15
LK-C03910,Test Shopper 03910,+256730955402,shopper.lk3910@example.invalid,Gulu,1979-10-22,male,2026-07-15
LK-C03911,Test Shopper 03911,+256730963321,shopper.lk3911@example.invalid,Jinja,1980-11-23,female,2026-07-15
LK-C03912,Test Shopper 03912,+256730971240,shopper.lk3912@example.invalid,Mbarara,1981-12-24,male,2026-07-15
LK-C03913,Test Shopper 03913,+256730979159,shopper.lk3913@example.invalid,Kampala,1982-01-25,not_stated,2025-12-20
LK-C03914,Test Shopper 03914,+256730987078,shopper.lk3914@example.invalid,Kampala,1983-02-26,female,2026-07-15
LK-C03915,Test Shopper 03915,+256730994997,shopper.lk3915@example.invalid,Jinja,1984-03-27,male,2026-07-15
LK-C03916,Test Shopper 03916,+256731002916,shopper.lk3916@example.invalid,Mbarara,1985-04-01,female,2026-07-15
LK-C03917,Test Shopper 03917,+256731010835,shopper.lk3917@example.invalid,Kampala,1986-05-02,male,2026-07-15
LK-C03918,Test Shopper 03918,+256731018754,shopper.lk3918@example.invalid,Gulu,1987-06-03,not_stated,2026-07-15
LK-C03919,Test Shopper 03919,+256731026673,shopper.lk3919@example.invalid,Jinja,1988-07-04,female,2025-12-20
LK-C03920,Test Shopper 03920,+256731034592,shopper.lk3920@example.invalid,Mbarara,1989-08-05,male,2026-07-15
LK-C03921,Test Shopper 03921,+256731042511,shopper.lk3921@example.invalid,Kampala,1990-09-06,female,2026-07-15
LK-C03922,Test Shopper 03922,+256731050430,shopper.lk3922@example.invalid,Kampala,1991-10-07,male,2026-07-15
LK-C03923,Test Shopper 03923,+256731058349,shopper.lk3923@example.invalid,Jinja,1992-11-08,not_stated,2026-07-15
LK-C03924,Test Shopper 03924,+256731066268,shopper.lk3924@example.invalid,Mbarara,1993-12-09,female,2026-07-15
LK-C03925,Test Shopper 03925,+256731074187,shopper.lk3925@example.invalid,Kampala,1994-01-10,male,2025-12-20
LK-C03926,Test Shopper 03926,+256731082106,shopper.lk3926@example.invalid,Gulu,1995-02-11,female,2026-07-15
LK-C03927,Test Shopper 03927,+256731090025,shopper.lk3927@example.invalid,Jinja,1996-03-12,male,2026-07-15
LK-C03928,Test Shopper 03928,+256731097944,shopper.lk3928@example.invalid,Mbarara,1997-04-13,not_stated,2026-07-15
LK-C03929,Test Shopper 03929,+256731105863,shopper.lk3929@example.invalid,Kampala,1998-05-14,female,2026-07-15
LK-C03930,Test Shopper 03930,+256731113782,shopper.lk3930@example.invalid,Kampala,1999-06-15,male,2026-07-15
LK-C03931,Test Shopper 03931,+256731121701,shopper.lk3931@example.invalid,Jinja,2000-07-16,female,2025-12-20
LK-C03932,Test Shopper 03932,+256731129620,shopper.lk3932@example.invalid,Mbarara,2001-08-17,male,2026-07-15
LK-C03933,Test Shopper 03933,+256731137539,shopper.lk3933@example.invalid,Kampala,2002-09-18,not_stated,2026-07-15
LK-C03934,Test Shopper 03934,+256731145458,shopper.lk3934@example.invalid,Gulu,2003-10-19,female,2026-07-15
LK-C03935,Test Shopper 03935,+256731153377,shopper.lk3935@example.invalid,Jinja,2004-11-20,male,2026-07-15
LK-C03936,Test Shopper 03936,+256731161296,shopper.lk3936@example.invalid,Mbarara,2005-12-21,female,2026-07-15
LK-C03937,Test Shopper 03937,+256731169215,shopper.lk3937@example.invalid,Kampala,1965-01-22,male,2025-12-20
LK-C03938,Test Shopper 03938,+256731177134,shopper.lk3938@example.invalid,Kampala,1966-02-23,not_stated,2026-07-15
LK-C03939,Test Shopper 03939,+256731185053,shopper.lk3939@example.invalid,Jinja,1967-03-24,female,2026-07-15
LK-C03940,Test Shopper 03940,+256731192972,shopper.lk3940@example.invalid,Mbarara,1968-04-25,male,2026-07-15
LK-C03941,Test Shopper 03941,+256731200891,shopper.lk3941@example.invalid,Kampala,1969-05-26,female,2026-07-15
LK-C03942,Test Shopper 03942,+256731208810,shopper.lk3942@example.invalid,Gulu,1970-06-27,male,2026-07-15
LK-C03943,Test Shopper 03943,+256731216729,shopper.lk3943@example.invalid,Jinja,1971-07-01,not_stated,2025-12-20
LK-C03944,Test Shopper 03944,+256731224648,shopper.lk3944@example.invalid,Mbarara,1972-08-02,female,2026-07-15
LK-C03945,Test Shopper 03945,+256731232567,shopper.lk3945@example.invalid,Kampala,1973-09-03,male,2026-07-15
LK-C03946,Test Shopper 03946,+256731240486,shopper.lk3946@example.invalid,Kampala,1974-10-04,female,2026-07-15
LK-C03947,Test Shopper 03947,+256731248405,shopper.lk3947@example.invalid,Jinja,1975-11-05,male,2026-07-15
LK-C03948,Test Shopper 03948,+256731256324,shopper.lk3948@example.invalid,Mbarara,1976-12-06,not_stated,2026-07-15
LK-C03949,Test Shopper 03949,+256731264243,shopper.lk3949@example.invalid,Kampala,1977-01-07,female,2025-12-20
LK-C03950,Test Shopper 03950,+256731272162,shopper.lk3950@example.invalid,Gulu,1978-02-08,male,2026-07-15
LK-C03951,Test Shopper 03951,+256731280081,shopper.lk3951@example.invalid,Jinja,1979-03-09,female,2026-07-15
LK-C03952,Test Shopper 03952,+256731288000,shopper.lk3952@example.invalid,Mbarara,1980-04-10,male,2026-07-15
LK-C03953,Test Shopper 03953,+256731295919,shopper.lk3953@example.invalid,Kampala,1981-05-11,not_stated,2026-07-15
LK-C03954,Test Shopper 03954,+256731303838,shopper.lk3954@example.invalid,Kampala,1982-06-12,female,2026-07-15
LK-C03955,Test Shopper 03955,+256731311757,shopper.lk3955@example.invalid,Jinja,1983-07-13,male,2025-12-20
LK-C03956,Test Shopper 03956,+256731319676,shopper.lk3956@example.invalid,Mbarara,1984-08-14,female,2026-07-15
LK-C03957,Test Shopper 03957,+256731327595,shopper.lk3957@example.invalid,Kampala,1985-09-15,male,2026-07-15
LK-C03958,Test Shopper 03958,+256731335514,shopper.lk3958@example.invalid,Gulu,1986-10-16,not_stated,2026-07-15
LK-C03959,Test Shopper 03959,+256731343433,shopper.lk3959@example.invalid,Jinja,1987-11-17,female,2026-07-15
LK-C03960,Test Shopper 03960,+256731351352,shopper.lk3960@example.invalid,Mbarara,1988-12-18,male,2026-07-15
LK-C03961,Test Shopper 03961,+256731359271,shopper.lk3961@example.invalid,Kampala,1989-01-19,female,2025-12-20
LK-C03962,Test Shopper 03962,+256731367190,shopper.lk3962@example.invalid,Kampala,1990-02-20,male,2026-07-15
LK-C03963,Test Shopper 03963,+256731375109,shopper.lk3963@example.invalid,Jinja,1991-03-21,not_stated,2026-07-15
LK-C03964,Test Shopper 03964,+256731383028,shopper.lk3964@example.invalid,Mbarara,1992-04-22,female,2026-07-15
LK-C03965,Test Shopper 03965,+256731390947,shopper.lk3965@example.invalid,Kampala,1993-05-23,male,2026-07-15
LK-C03966,Test Shopper 03966,+256731398866,shopper.lk3966@example.invalid,Gulu,1994-06-24,female,2026-07-15
LK-C03967,Test Shopper 03967,+256731406785,shopper.lk3967@example.invalid,Jinja,1995-07-25,male,2025-12-20
LK-C03968,Test Shopper 03968,+256731414704,shopper.lk3968@example.invalid,Mbarara,1996-08-26,not_stated,2026-07-15
LK-C03969,Test Shopper 03969,+256731422623,shopper.lk3969@example.invalid,Kampala,1997-09-27,female,2026-07-15
LK-C03970,Test Shopper 03970,+256731430542,shopper.lk3970@example.invalid,Kampala,1998-10-01,male,2026-07-15
LK-C03971,Test Shopper 03971,+256731438461,shopper.lk3971@example.invalid,Jinja,1999-11-02,female,2026-07-15
LK-C03972,Test Shopper 03972,+256731446380,shopper.lk3972@example.invalid,Mbarara,2000-12-03,male,2026-07-15
LK-C03973,Test Shopper 03973,+256731454299,shopper.lk3973@example.invalid,Kampala,2001-01-04,not_stated,2025-12-20
LK-C03974,Test Shopper 03974,+256731462218,shopper.lk3974@example.invalid,Gulu,2002-02-05,female,2026-07-15
LK-C03975,Test Shopper 03975,+256731470137,shopper.lk3975@example.invalid,Jinja,2003-03-06,male,2026-07-15
LK-C03976,Test Shopper 03976,+256731478056,shopper.lk3976@example.invalid,Mbarara,2004-04-07,female,2026-07-15
LK-C03977,Test Shopper 03977,+256731485975,shopper.lk3977@example.invalid,Kampala,2005-05-08,male,2026-07-15
LK-C03978,Test Shopper 03978,+256731493894,shopper.lk3978@example.invalid,Kampala,1965-06-09,not_stated,2026-07-15
LK-C03979,Test Shopper 03979,+256731501813,shopper.lk3979@example.invalid,Jinja,1966-07-10,female,2025-12-20
LK-C03980,Test Shopper 03980,+256731509732,shopper.lk3980@example.invalid,Mbarara,1967-08-11,male,2026-07-15
LK-C03981,Test Shopper 03981,+256731517651,shopper.lk3981@example.invalid,Kampala,1968-09-12,female,2026-07-15
LK-C03982,Test Shopper 03982,+256731525570,shopper.lk3982@example.invalid,Gulu,1969-10-13,male,2026-07-15
LK-C03983,Test Shopper 03983,+256731533489,shopper.lk3983@example.invalid,Jinja,1970-11-14,not_stated,2026-07-15
LK-C03984,Test Shopper 03984,+256731541408,shopper.lk3984@example.invalid,Mbarara,1971-12-15,female,2026-07-15
LK-C03985,Test Shopper 03985,+256731549327,shopper.lk3985@example.invalid,Kampala,1972-01-16,male,2025-12-20
LK-C03986,Test Shopper 03986,+256731557246,shopper.lk3986@example.invalid,Kampala,1973-02-17,female,2026-07-15
LK-C03987,Test Shopper 03987,+256731565165,shopper.lk3987@example.invalid,Jinja,1974-03-18,male,2026-07-15
LK-C03988,Test Shopper 03988,+256731573084,shopper.lk3988@example.invalid,Mbarara,1975-04-19,not_stated,2026-07-15
LK-C03989,Test Shopper 03989,+256731581003,shopper.lk3989@example.invalid,Kampala,1976-05-20,female,2026-07-15
LK-C03990,Test Shopper 03990,+256731588922,shopper.lk3990@example.invalid,Gulu,1977-06-21,male,2026-07-15
LK-C03991,Test Shopper 03991,+256731596841,shopper.lk3991@example.invalid,Jinja,1978-07-22,female,2025-12-20
LK-C03992,Test Shopper 03992,+256731604760,shopper.lk3992@example.invalid,Mbarara,1979-08-23,male,2026-07-15
LK-C03993,Test Shopper 03993,+256731612679,shopper.lk3993@example.invalid,Kampala,1980-09-24,not_stated,2026-07-15
LK-C03994,Test Shopper 03994,+256731620598,shopper.lk3994@example.invalid,Kampala,1981-10-25,female,2026-07-15
LK-C03995,Test Shopper 03995,+256731628517,shopper.lk3995@example.invalid,Jinja,1982-11-26,male,2026-07-15
LK-C03996,Test Shopper 03996,+256731636436,shopper.lk3996@example.invalid,Mbarara,1983-12-27,female,2026-07-15
LK-C03997,Test Shopper 03997,+256731644355,shopper.lk3997@example.invalid,Kampala,1984-01-01,male,2025-12-20
LK-C03998,Test Shopper 03998,+256731652274,shopper.lk3998@example.invalid,Gulu,1985-02-02,not_stated,2026-07-15
LK-C03999,Test Shopper 03999,+256731660193,shopper.lk3999@example.invalid,Jinja,1986-03-03,female,2026-07-15
LK-C04000,Test Shopper 04000,+256731668112,shopper.lk4000@example.invalid,Mbarara,1987-04-04,male,2026-07-15
LK-C04001,Test Shopper 04001,+256731676031,shopper.lk4001@example.invalid,Kampala,1988-05-05,female,2026-07-15
LK-C04002,Test Shopper 04002,+256731683950,shopper.lk4002@example.invalid,Kampala,1989-06-06,male,2026-07-15
LK-C04003,Test Shopper 04003,+256731691869,shopper.lk4003@example.invalid,Jinja,1990-07-07,not_stated,2025-12-20
LK-C04004,Test Shopper 04004,+256731699788,shopper.lk4004@example.invalid,Mbarara,1991-08-08,female,2026-07-15
LK-C04005,Test Shopper 04005,+256731707707,shopper.lk4005@example.invalid,Kampala,1992-09-09,male,2026-07-15
LK-C04006,Test Shopper 04006,+256731715626,shopper.lk4006@example.invalid,Gulu,1993-10-10,female,2026-07-15
LK-C04007,Test Shopper 04007,+256731723545,shopper.lk4007@example.invalid,Jinja,1994-11-11,male,2026-07-15
LK-C04008,Test Shopper 04008,+256731731464,shopper.lk4008@example.invalid,Mbarara,1995-12-12,not_stated,2026-07-15
LK-C04009,Test Shopper 04009,+256731739383,shopper.lk4009@example.invalid,Kampala,1996-01-13,female,2025-12-20
LK-C04010,Test Shopper 04010,+256731747302,shopper.lk4010@example.invalid,Kampala,1997-02-14,male,2026-07-15
LK-C04011,Test Shopper 04011,+256731755221,shopper.lk4011@example.invalid,Jinja,1998-03-15,female,2026-07-15
LK-C04012,Test Shopper 04012,+256731763140,shopper.lk4012@example.invalid,Mbarara,1999-04-16,male,2026-07-15
LK-C04013,Test Shopper 04013,+256731771059,shopper.lk4013@example.invalid,Kampala,2000-05-17,not_stated,2026-07-15
LK-C04014,Test Shopper 04014,+256731778978,shopper.lk4014@example.invalid,Gulu,2001-06-18,female,2026-07-15
LK-C04015,Test Shopper 04015,+256731786897,shopper.lk4015@example.invalid,Jinja,2002-07-19,male,2025-12-20
LK-C04016,Test Shopper 04016,+256731794816,shopper.lk4016@example.invalid,Mbarara,2003-08-20,female,2026-07-15
LK-C04017,Test Shopper 04017,+256731802735,shopper.lk4017@example.invalid,Kampala,2004-09-21,male,2026-07-15
LK-C04018,Test Shopper 04018,+256731810654,shopper.lk4018@example.invalid,Kampala,2005-10-22,not_stated,2026-07-15
LK-C04019,Test Shopper 04019,+256731818573,shopper.lk4019@example.invalid,Jinja,1965-11-23,female,2026-07-15
LK-C04020,Test Shopper 04020,+256731826492,shopper.lk4020@example.invalid,Mbarara,1966-12-24,male,2026-07-15
LK-C04021,Test Shopper 04021,+256731834411,shopper.lk4021@example.invalid,Kampala,1967-01-25,female,2025-12-20
LK-C04022,Test Shopper 04022,+256731842330,shopper.lk4022@example.invalid,Gulu,1968-02-26,male,2026-07-15
LK-C04023,Test Shopper 04023,+256731850249,shopper.lk4023@example.invalid,Jinja,1969-03-27,not_stated,2026-07-15
LK-C04024,Test Shopper 04024,+256731858168,shopper.lk4024@example.invalid,Mbarara,1970-04-01,female,2026-07-15
LK-C04025,Test Shopper 04025,+256731866087,shopper.lk4025@example.invalid,Kampala,1971-05-02,male,2026-07-15
LK-C04026,Test Shopper 04026,+256731874006,shopper.lk4026@example.invalid,Kampala,1972-06-03,female,2026-07-15
LK-C04027,Test Shopper 04027,+256731881925,shopper.lk4027@example.invalid,Jinja,1973-07-04,male,2025-12-20
LK-C04028,Test Shopper 04028,+256731889844,shopper.lk4028@example.invalid,Mbarara,1974-08-05,not_stated,2026-07-15
LK-C04029,Test Shopper 04029,+256731897763,shopper.lk4029@example.invalid,Kampala,1975-09-06,female,2026-07-15
LK-C04030,Test Shopper 04030,+256731905682,shopper.lk4030@example.invalid,Gulu,1976-10-07,male,2026-07-15
LK-C04031,Test Shopper 04031,+256731913601,shopper.lk4031@example.invalid,Jinja,1977-11-08,female,2026-07-15
LK-C04032,Test Shopper 04032,+256731921520,shopper.lk4032@example.invalid,Mbarara,1978-12-09,male,2026-07-15
LK-C04033,Test Shopper 04033,+256731929439,shopper.lk4033@example.invalid,Kampala,1979-01-10,not_stated,2025-12-20
LK-C04034,Test Shopper 04034,+256731937358,shopper.lk4034@example.invalid,Kampala,1980-02-11,female,2026-07-15
LK-C04035,Test Shopper 04035,+256731945277,shopper.lk4035@example.invalid,Jinja,1981-03-12,male,2026-07-15
LK-C04036,Test Shopper 04036,+256731953196,shopper.lk4036@example.invalid,Mbarara,1982-04-13,female,2026-07-15
LK-C04037,Test Shopper 04037,+256731961115,shopper.lk4037@example.invalid,Kampala,1983-05-14,male,2026-07-15
LK-C04038,Test Shopper 04038,+256731969034,shopper.lk4038@example.invalid,Gulu,1984-06-15,not_stated,2026-07-15
LK-C04039,Test Shopper 04039,+256731976953,shopper.lk4039@example.invalid,Jinja,1985-07-16,female,2025-12-20
LK-C04040,Test Shopper 04040,+256731984872,shopper.lk4040@example.invalid,Mbarara,1986-08-17,male,2026-07-15
LK-C04041,Test Shopper 04041,+256731992791,shopper.lk4041@example.invalid,Kampala,1987-09-18,female,2026-07-15
LK-C04042,Test Shopper 04042,+256732000710,shopper.lk4042@example.invalid,Kampala,1988-10-19,male,2026-07-15
LK-C04043,Test Shopper 04043,+256732008629,shopper.lk4043@example.invalid,Jinja,1989-11-20,not_stated,2026-07-15
LK-C04044,Test Shopper 04044,+256732016548,shopper.lk4044@example.invalid,Mbarara,1990-12-21,female,2026-07-15
LK-C04045,Test Shopper 04045,+256732024467,shopper.lk4045@example.invalid,Kampala,1991-01-22,male,2025-12-20
LK-C04046,Test Shopper 04046,+256732032386,shopper.lk4046@example.invalid,Gulu,1992-02-23,female,2026-07-15
LK-C04047,Test Shopper 04047,+256732040305,shopper.lk4047@example.invalid,Jinja,1993-03-24,male,2026-07-15
LK-C04048,Test Shopper 04048,+256732048224,shopper.lk4048@example.invalid,Mbarara,1994-04-25,not_stated,2026-07-15
LK-C04049,Test Shopper 04049,+256732056143,shopper.lk4049@example.invalid,Kampala,1995-05-26,female,2026-07-15
LK-C04050,Test Shopper 04050,+256732064062,shopper.lk4050@example.invalid,Kampala,1996-06-27,male,2026-07-15
LK-C04051,Test Shopper 04051,+256732071981,shopper.lk4051@example.invalid,Jinja,1997-07-01,female,2025-12-20
LK-C04052,Test Shopper 04052,+256732079900,shopper.lk4052@example.invalid,Mbarara,1998-08-02,male,2026-07-15
LK-C04053,Test Shopper 04053,+256732087819,shopper.lk4053@example.invalid,Kampala,1999-09-03,not_stated,2026-07-15
LK-C04054,Test Shopper 04054,+256732095738,shopper.lk4054@example.invalid,Gulu,2000-10-04,female,2026-07-15
LK-C04055,Test Shopper 04055,+256732103657,shopper.lk4055@example.invalid,Jinja,2001-11-05,male,2026-07-15
LK-C04056,Test Shopper 04056,+256732111576,shopper.lk4056@example.invalid,Mbarara,2002-12-06,female,2026-07-15
LK-C04057,Test Shopper 04057,+256732119495,shopper.lk4057@example.invalid,Kampala,2003-01-07,male,2025-12-20
LK-C04058,Test Shopper 04058,+256732127414,shopper.lk4058@example.invalid,Kampala,2004-02-08,not_stated,2026-07-15
LK-C04059,Test Shopper 04059,+256732135333,shopper.lk4059@example.invalid,Jinja,2005-03-09,female,2026-07-15
LK-C04060,Test Shopper 04060,+256732143252,shopper.lk4060@example.invalid,Mbarara,1965-04-10,male,2026-07-15
