snapshot_at,store_id,sku,on_hand,physical_count,unit,source
2026-07-31T19:30:00Z,LK-S01,LK-P0001,58,58,kg,SIMULATED Odoo
2026-07-31T19:30:00Z,LK-S01,LK-P0002,62,62,l,SIMULATED Odoo
2026-07-31T19:30:00Z,LK-S01,LK-P0003,55,56,each,SIMULATED Odoo
2026-07-31T19:30:00Z,LK-S01,LK-P0004,11,11,g,SIMULATED Odoo
2026-07-31T19:30:00Z,LK-S01,LK-P0005,90,89,each,SIMULATED Odoo
2026-07-31T19:30:00Z,LK-S01,LK-P0006,28,28,kg,SIMULATED Odoo
2026-07-31T19:30:00Z,LK-S01,LK-P0007,50,50,l,SIMULATED Odoo
2026-07-31T19:30:00Z,LK-S01,LK-P0008,18,17,each,SIMULATED Odoo
2026-07-31T19:30:00Z,LK-S01,LK-P0009,19,20,g,SIMULATED Odoo
2026-07-31T19:30:00Z,LK-S01,LK-P0010,88,87,each,SIMULATED Odoo
2026-07-31T19:30:00Z,LK-S01,LK-P0011,50,46,kg,SIMULATED Odoo
2026-07-31T19:30:00Z,LK-S01,LK-P0012,89,89,l,SIMULATED Odoo
2026-07-31T19:30:00Z,LK-S01,LK-P0013,50,50,each,SIMULATED Odoo
2026-07-31T19:30:00Z,LK-S01,LK-P0014,5,5,g,SIMULATED Odoo
2026-07-31T19:30:00Z,LK-S01,LK-P0015,22,21,each,SIMULATED Odoo
2026-07-31T19:30:00Z,LK-S01,LK-P0016,9,6,kg,SIMULATED Odoo
2026-07-31T19:30:00Z,LK-S01,LK-P0017,23,24,l,SIMULATED Odoo
2026-07-31T19:30:00Z,LK-S01,LK-P0018,3,2,each,SIMULATED Odoo
2026-07-31T19:30:00Z,LK-S01,LK-P0019,71,71,g,SIMULATED Odoo
2026-07-31T19:30:00Z,LK-S01,LK-P0020,79,79,each,SIMULATED Odoo
2026-07-31T19:30:00Z,LK-S01,LK-P0021,63,65,kg,SIMULATED Odoo
2026-07-31T19:30:00Z,LK-S01,LK-P0022,27,28,l,SIMULATED Odoo
2026-07-31T19:30:00Z,LK-S01,LK-P0023,81,81,each,SIMULATED Odoo
2026-07-31T19:30:00Z,LK-S01,LK-P0024,89,90,g,SIMULATED Odoo
2026-07-31T19:30:00Z,LK-S01,LK-P0025,59,59,each,SIMULATED Odoo
2026-07-31T19:30:00Z,LK-S01,LK-P0026,22,18,kg,SIMULATED Odoo
2026-07-31T19:30:00Z,LK-S01,LK-P0027,7,9,l,SIMULATED Odoo
2026-07-31T19:30:00Z,LK-S01,LK-P0028,38,38,each,SIMULATED Odoo
2026-07-31T19:30:00Z,LK-S01,LK-P0029,88,88,g,SIMULATED Odoo
2026-07-31T19:30:00Z,LK-S01,LK-P0030,28,25,each,SIMULATED Odoo
2026-07-31T19:30:00Z,LK-S01,LK-P0031,5,2,kg,SIMULATED Odoo
2026-07-31T19:30:00Z,LK-S01,LK-P0032,3,3,l,SIMULATED Odoo
2026-07-31T19:30:00Z,LK-S01,LK-P0033,82,78,each,SIMULATED Odoo
2026-07-31T19:30:00Z,LK-S01,LK-P0034,64,64,g,SIMULATED Odoo
2026-07-31T19:30:00Z,LK-S01,LK-P0035,25,26,each,SIMULATED Odoo
2026-07-31T19:30:00Z,LK-S01,LK-P0036,50,46,kg,SIMULATED Odoo
2026-07-31T19:30:00Z,LK-S01,LK-P0037,24,25,l,SIMULATED Odoo
2026-07-31T19:30:00Z,LK-S01,LK-P0038,34,35,each,SIMULATED Odoo
2026-07-31T19:30:00Z,LK-S01,LK-P0039,87,87,g,SIMULATED Odoo
2026-07-31T19:30:00Z,LK-S01,LK-P0040,23,19,each,SIMULATED Odoo
2026-07-31T19:30:00Z,LK-S01,LK-P0041,1,0,kg,SIMULATED Odoo
2026-07-31T19:30:00Z,LK-S01,LK-P0042,72,73,l,SIMULATED Odoo
2026-07-31T19:30:00Z,LK-S01,LK-P0043,36,32,each,SIMULATED Odoo
2026-07-31T19:30:00Z,LK-S01,LK-P0044,17,17,g,SIMULATED Odoo
2026-07-31T19:30:00Z,LK-S01,LK-P0045,37,37,each,SIMULATED Odoo
2026-07-31T19:30:00Z,LK-S01,LK-P0046,65,67,kg,SIMULATED Odoo
2026-07-31T19:30:00Z,LK-S01,LK-P0047,42,43,l,SIMULATED Odoo
2026-07-31T19:30:00Z,LK-S01,LK-P0048,22,22,each,SIMULATED Odoo
2026-07-31T19:30:00Z,LK-S01,LK-P0049,45,46,g,SIMULATED Odoo
2026-07-31T19:30:00Z,LK-S01,LK-P0050,11,12,each,SIMULATED Odoo
2026-07-31T19:30:00Z,LK-S01,LK-P0051,52,52,kg,SIMULATED Odoo
2026-07-31T19:30:00Z,LK-S01,LK-P0052,28,28,l,SIMULATED Odoo
2026-07-31T19:30:00Z,LK-S01,LK-P0053,22,18,each,SIMULATED Odoo
2026-07-31T19:30:00Z,LK-S01,LK-P0054,78,78,g,SIMULATED Odoo
2026-07-31T19:30:00Z,LK-S01,LK-P0055,70,71,each,SIMULATED Odoo
2026-07-31T19:30:00Z,LK-S01,LK-P0056,7,9,kg,SIMULATED Odoo
2026-07-31T19:30:00Z,LK-S01,LK-P0057,10,11,l,SIMULATED Odoo
2026-07-31T19:30:00Z,LK-S01,LK-P0058,73,72,each,SIMULATED Odoo
2026-07-31T19:30:00Z,LK-S01,LK-P0059,40,39,g,SIMULATED Odoo
2026-07-31T19:30:00Z,LK-S01,LK-P0060,15,17,each,SIMULATED Odoo
2026-07-31T19:30:00Z,LK-S01,LK-P0061,89,89,kg,SIMULATED Odoo
2026-07-31T19:30:00Z,LK-S01,LK-P0062,33,29,l,SIMULATED Odoo
2026-07-31T19:30:00Z,LK-S01,LK-P0063,89,88,each,SIMULATED Odoo
2026-07-31T19:30:00Z,LK-S01,LK-P0064,51,52,g,SIMULATED Odoo
2026-07-31T19:30:00Z,LK-S01,LK-P0065,22,21,each,SIMULATED Odoo
2026-07-31T19:30:00Z,LK-S01,LK-P0066,73,73,kg,SIMULATED Odoo
2026-07-31T19:30:00Z,LK-S01,LK-P0067,84,80,l,SIMULATED Odoo
2026-07-31T19:30:00Z,LK-S01,LK-P0068,81,81,each,SIMULATED Odoo
2026-07-31T19:30:00Z,LK-S01,LK-P0069,13,10,g,SIMULATED Odoo
2026-07-31T19:30:00Z,LK-S01,LK-P0070,13,13,each,SIMULATED Odoo
2026-07-31T19:30:00Z,LK-S01,LK-P0071,29,25,kg,SIMULATED Odoo
2026-07-31T19:30:00Z,LK-S01,LK-P0072,13,10,l,SIMULATED Odoo
2026-07-31T19:30:00Z,LK-S01,LK-P0073,48,48,each,SIMULATED Odoo
2026-07-31T19:30:00Z,LK-S01,LK-P0074,8,5,g,SIMULATED Odoo
2026-07-31T19:30:00Z,LK-S01,LK-P0075,8,4,each,SIMULATED Odoo
2026-07-31T19:30:00Z,LK-S01,LK-P0076,68,68,kg,SIMULATED Odoo
2026-07-31T19:30:00Z,LK-S01,LK-P0077,73,69,l,SIMULATED Odoo
2026-07-31T19:30:00Z,LK-S01,LK-P0078,86,87,each,SIMULATED Odoo
2026-07-31T19:30:00Z,LK-S01,LK-P0079,41,41,g,SIMULATED Odoo
2026-07-31T19:30:00Z,LK-S01,LK-P0080,87,83,each,SIMULATED Odoo
2026-07-31T19:30:00Z,LK-S01,LK-P0081,15,14,kg,SIMULATED Odoo
2026-07-31T19:30:00Z,LK-S01,LK-P0082,35,34,l,SIMULATED Odoo
2026-07-31T19:30:00Z,LK-S01,LK-P0083,11,13,each,SIMULATED Odoo
2026-07-31T19:30:00Z,LK-S01,LK-P0084,75,77,g,SIMULATED Odoo
2026-07-31T19:30:00Z,LK-S01,LK-P0085,8,4,each,SIMULATED Odoo
2026-07-31T19:30:00Z,LK-S01,LK-P0086,74,74,kg,SIMULATED Odoo
2026-07-31T19:30:00Z,LK-S01,LK-P0087,35,32,l,SIMULATED Odoo
2026-07-31T19:30:00Z,LK-S01,LK-P0088,36,36,each,SIMULATED Odoo
2026-07-31T19:30:00Z,LK-S01,LK-P0089,24,26,g,SIMULATED Odoo
2026-07-31T19:30:00Z,LK-S01,LK-P0090,49,49,each,SIMULATED Odoo
2026-07-31T19:30:00Z,LK-S01,LK-P0091,72,71,kg,SIMULATED Odoo
2026-07-31T19:30:00Z,LK-S01,LK-P0092,72,72,l,SIMULATED Odoo
2026-07-31T19:30:00Z,LK-S01,LK-P0093,36,38,each,SIMULATED Odoo
2026-07-31T19:30:00Z,LK-S01,LK-P0094,81,78,g,SIMULATED Odoo
2026-07-31T19:30:00Z,LK-S01,LK-P0095,79,75,each,SIMULATED Odoo
2026-07-31T19:30:00Z,LK-S01,LK-P0096,61,61,kg,SIMULATED Odoo
2026-07-31T19:30:00Z,LK-S01,LK-P0097,36,38,l,SIMULATED Odoo
2026-07-31T19:30:00Z,LK-S01,LK-P0098,68,67,each,SIMULATED Odoo
2026-07-31T19:30:00Z,LK-S01,LK-P0099,24,24,g,SIMULATED Odoo
2026-07-31T19:30:00Z,LK-S01,LK-P0100,86,87,each,SIMULATED Odoo
2026-07-31T19:30:00Z,LK-S01,LK-P0101,3,3,kg,SIMULATED Odoo
2026-07-31T19:30:00Z,LK-S01,LK-P0102,25,21,l,SIMULATED Odoo
2026-07-31T19:30:00Z,LK-S01,LK-P0103,82,79,each,SIMULATED Odoo
2026-07-31T19:30:00Z,LK-S01,LK-P0104,64,63,g,SIMULATED Odoo
2026-07-31T19:30:00Z,LK-S01,LK-P0105,56,57,each,SIMULATED Odoo
2026-07-31T19:30:00Z,LK-S01,LK-P0106,53,53,kg,SIMULATED Odoo
2026-07-31T19:30:00Z,LK-S01,LK-P0107,45,46,l,SIMULATED Odoo
2026-07-31T19:30:00Z,LK-S01,LK-P0108,13,14,each,SIMULATED Odoo
2026-07-31T19:30:00Z,LK-S01,LK-P0109,67,69,g,SIMULATED Odoo
2026-07-31T19:30:00Z,LK-S01,LK-P0110,85,85,each,SIMULATED Odoo
2026-07-31T19:30:00Z,LK-S01,LK-P0111,1,0,kg,SIMULATED Odoo
2026-07-31T19:30:00Z,LK-S01,LK-P0112,64,64,l,SIMULATED Odoo
2026-07-31T19:30:00Z,LK-S01,LK-P0113,45,44,each,SIMULATED Odoo
2026-07-31T19:30:00Z,LK-S01,LK-P0114,34,33,g,SIMULATED Odoo
2026-07-31T19:30:00Z,LK-S01,LK-P0115,56,58,each,SIMULATED Odoo
2026-07-31T19:30:00Z,LK-S01,LK-P0116,38,35,kg,SIMULATED Odoo
2026-07-31T19:30:00Z,LK-S01,LK-P0117,2,4,l,SIMULATED Odoo
2026-07-31T19:30:00Z,LK-S01,LK-P0118,25,26,each,SIMULATED Odoo
2026-07-31T19:30:00Z,LK-S01,LK-P0119,7,6,g,SIMULATED Odoo
2026-07-31T19:30:00Z,LK-S01,LK-P0120,46,46,each,SIMULATED Odoo
2026-07-31T19:30:00Z,LK-S01,LK-P0121,18,17,kg,SIMULATED Odoo
2026-07-31T19:30:00Z,LK-S01,LK-P0122,53,52,l,SIMULATED Odoo
2026-07-31T19:30:00Z,LK-S01,LK-P0123,37,37,each,SIMULATED Odoo
2026-07-31T19:30:00Z,LK-S01,LK-P0124,72,71,g,SIMULATED Odoo
2026-07-31T19:30:00Z,LK-S01,LK-P0125,78,78,each,SIMULATED Odoo
2026-07-31T19:30:00Z,LK-S01,LK-P0126,14,13,kg,SIMULATED Odoo
2026-07-31T19:30:00Z,LK-S01,LK-P0127,68,68,l,SIMULATED Odoo
2026-07-31T19:30:00Z,LK-S01,LK-P0128,13,14,each,SIMULATED Odoo
2026-07-31T19:30:00Z,LK-S01,LK-P0129,80,80,g,SIMULATED Odoo
2026-07-31T19:30:00Z,LK-S01,LK-P0130,6,7,each,SIMULATED Odoo
2026-07-31T19:30:00Z,LK-S01,LK-P0131,1,3,kg,SIMULATED Odoo
2026-07-31T19:30:00Z,LK-S01,LK-P0132,31,31,l,SIMULATED Odoo
2026-07-31T19:30:00Z,LK-S01,LK-P0133,72,72,each,SIMULATED Odoo
2026-07-31T19:30:00Z,LK-S01,LK-P0134,1,0,g,SIMULATED Odoo
2026-07-31T19:30:00Z,LK-S01,LK-P0135,34,33,each,SIMULATED Odoo
2026-07-31T19:30:00Z,LK-S01,LK-P0136,75,72,kg,SIMULATED Odoo
2026-07-31T19:30:00Z,LK-S01,LK-P0137,7,7,l,SIMULATED Odoo
2026-07-31T19:30:00Z,LK-S01,LK-P0138,3,2,each,SIMULATED Odoo
2026-07-31T19:30:00Z,LK-S01,LK-P0139,88,88,g,SIMULATED Odoo
2026-07-31T19:30:00Z,LK-S01,LK-P0140,32,32,each,SIMULATED Odoo
2026-07-31T19:30:00Z,LK-S01,LK-P0141,11,11,kg,SIMULATED Odoo
2026-07-31T19:30:00Z,LK-S01,LK-P0142,61,62,l,SIMULATED Odoo
2026-07-31T19:30:00Z,LK-S01,LK-P0143,37,39,each,SIMULATED Odoo
2026-07-31T19:30:00Z,LK-S01,LK-P0144,56,53,g,SIMULATED Odoo
2026-07-31T19:30:00Z,LK-S01,LK-P0145,66,63,each,SIMULATED Odoo
2026-07-31T19:30:00Z,LK-S01,LK-P0146,82,83,kg,SIMULATED Odoo
2026-07-31T19:30:00Z,LK-S01,LK-P0147,1,2,l,SIMULATED Odoo
2026-07-31T19:30:00Z,LK-S01,LK-P0148,87,87,each,SIMULATED Odoo
2026-07-31T19:30:00Z,LK-S01,LK-P0149,30,32,g,SIMULATED Odoo
2026-07-31T19:30:00Z,LK-S01,LK-P0150,65,67,each,SIMULATED Odoo
2026-07-31T19:30:00Z,LK-S02,LK-P0001,43,43,kg,SIMULATED Odoo
2026-07-31T19:30:00Z,LK-S02,LK-P0002,60,60,l,SIMULATED Odoo
2026-07-31T19:30:00Z,LK-S02,LK-P0003,23,23,each,SIMULATED Odoo
2026-07-31T19:30:00Z,LK-S02,LK-P0004,71,70,g,SIMULATED Odoo
2026-07-31T19:30:00Z,LK-S02,LK-P0005,87,87,each,SIMULATED Odoo
2026-07-31T19:30:00Z,LK-S02,LK-P0006,16,13,kg,SIMULATED Odoo
2026-07-31T19:30:00Z,LK-S02,LK-P0007,49,51,l,SIMULATED Odoo
2026-07-31T19:30:00Z,LK-S02,LK-P0008,5,5,each,SIMULATED Odoo
2026-07-31T19:30:00Z,LK-S02,LK-P0009,86,86,g,SIMULATED Odoo
2026-07-31T19:30:00Z,LK-S02,LK-P0010,23,20,each,SIMULATED Odoo
2026-07-31T19:30:00Z,LK-S02,LK-P0011,25,21,kg,SIMULATED Odoo
2026-07-31T19:30:00Z,LK-S02,LK-P0012,65,65,l,SIMULATED Odoo
2026-07-31T19:30:00Z,LK-S02,LK-P0013,19,21,each,SIMULATED Odoo
2026-07-31T19:30:00Z,LK-S02,LK-P0014,39,38,g,SIMULATED Odoo
2026-07-31T19:30:00Z,LK-S02,LK-P0015,88,85,each,SIMULATED Odoo
2026-07-31T19:30:00Z,LK-S02,LK-P0016,18,18,kg,SIMULATED Odoo
2026-07-31T19:30:00Z,LK-S02,LK-P0017,14,10,l,SIMULATED Odoo
2026-07-31T19:30:00Z,LK-S02,LK-P0018,10,10,each,SIMULATED Odoo
2026-07-31T19:30:00Z,LK-S02,LK-P0019,89,88,g,SIMULATED Odoo
2026-07-31T19:30:00Z,LK-S02,LK-P0020,89,88,each,SIMULATED Odoo
2026-07-31T19:30:00Z,LK-S02,LK-P0021,27,27,kg,SIMULATED Odoo
2026-07-31T19:30:00Z,LK-S02,LK-P0022,35,35,l,SIMULATED Odoo
2026-07-31T19:30:00Z,LK-S02,LK-P0023,68,68,each,SIMULATED Odoo
2026-07-31T19:30:00Z,LK-S02,LK-P0024,47,47,g,SIMULATED Odoo
2026-07-31T19:30:00Z,LK-S02,LK-P0025,25,22,each,SIMULATED Odoo
2026-07-31T19:30:00Z,LK-S02,LK-P0026,69,66,kg,SIMULATED Odoo
2026-07-31T19:30:00Z,LK-S02,LK-P0027,14,13,l,SIMULATED Odoo
2026-07-31T19:30:00Z,LK-S02,LK-P0028,75,76,each,SIMULATED Odoo
2026-07-31T19:30:00Z,LK-S02,LK-P0029,79,76,g,SIMULATED Odoo
2026-07-31T19:30:00Z,LK-S02,LK-P0030,73,72,each,SIMULATED Odoo
2026-07-31T19:30:00Z,LK-S02,LK-P0031,29,30,kg,SIMULATED Odoo
2026-07-31T19:30:00Z,LK-S02,LK-P0032,87,89,l,SIMULATED Odoo
2026-07-31T19:30:00Z,LK-S02,LK-P0033,89,88,each,SIMULATED Odoo
2026-07-31T19:30:00Z,LK-S02,LK-P0034,71,72,g,SIMULATED Odoo
2026-07-31T19:30:00Z,LK-S02,LK-P0035,20,16,each,SIMULATED Odoo
2026-07-31T19:30:00Z,LK-S02,LK-P0036,60,60,kg,SIMULATED Odoo
2026-07-31T19:30:00Z,LK-S02,LK-P0037,48,45,l,SIMULATED Odoo
2026-07-31T19:30:00Z,LK-S02,LK-P0038,17,13,each,SIMULATED Odoo
2026-07-31T19:30:00Z,LK-S02,LK-P0039,57,54,g,SIMULATED Odoo
2026-07-31T19:30:00Z,LK-S02,LK-P0040,27,26,each,SIMULATED Odoo
2026-07-31T19:30:00Z,LK-S02,LK-P0041,67,68,kg,SIMULATED Odoo
2026-07-31T19:30:00Z,LK-S02,LK-P0042,52,52,l,SIMULATED Odoo
2026-07-31T19:30:00Z,LK-S02,LK-P0043,85,82,each,SIMULATED Odoo
2026-07-31T19:30:00Z,LK-S02,LK-P0044,67,67,g,SIMULATED Odoo
2026-07-31T19:30:00Z,LK-S02,LK-P0045,62,58,each,SIMULATED Odoo
2026-07-31T19:30:00Z,LK-S02,LK-P0046,37,33,kg,SIMULATED Odoo
2026-07-31T19:30:00Z,LK-S02,LK-P0047,53,52,l,SIMULATED Odoo
2026-07-31T19:30:00Z,LK-S02,LK-P0048,54,50,each,SIMULATED Odoo
2026-07-31T19:30:00Z,LK-S02,LK-P0049,32,32,g,SIMULATED Odoo
2026-07-31T19:30:00Z,LK-S02,LK-P0050,81,78,each,SIMULATED Odoo
2026-07-31T19:30:00Z,LK-S02,LK-P0051,1,0,kg,SIMULATED Odoo
2026-07-31T19:30:00Z,LK-S02,LK-P0052,10,10,l,SIMULATED Odoo
2026-07-31T19:30:00Z,LK-S02,LK-P0053,57,53,each,SIMULATED Odoo
2026-07-31T19:30:00Z,LK-S02,LK-P0054,72,69,g,SIMULATED Odoo
2026-07-31T19:30:00Z,LK-S02,LK-P0055,38,38,each,SIMULATED Odoo
2026-07-31T19:30:00Z,LK-S02,LK-P0056,32,31,kg,SIMULATED Odoo
2026-07-31T19:30:00Z,LK-S02,LK-P0057,70,71,l,SIMULATED Odoo
2026-07-31T19:30:00Z,LK-S02,LK-P0058,81,78,each,SIMULATED Odoo
2026-07-31T19:30:00Z,LK-S02,LK-P0059,36,36,g,SIMULATED Odoo
2026-07-31T19:30:00Z,LK-S02,LK-P0060,26,25,each,SIMULATED Odoo
2026-07-31T19:30:00Z,LK-S02,LK-P0061,78,78,kg,SIMULATED Odoo
2026-07-31T19:30:00Z,LK-S02,LK-P0062,38,37,l,SIMULATED Odoo
2026-07-31T19:30:00Z,LK-S02,LK-P0063,67,67,each,SIMULATED Odoo
2026-07-31T19:30:00Z,LK-S02,LK-P0064,10,9,g,SIMULATED Odoo
2026-07-31T19:30:00Z,LK-S02,LK-P0065,80,81,each,SIMULATED Odoo
2026-07-31T19:30:00Z,LK-S02,LK-P0066,21,18,kg,SIMULATED Odoo
2026-07-31T19:30:00Z,LK-S02,LK-P0067,6,2,l,SIMULATED Odoo
2026-07-31T19:30:00Z,LK-S02,LK-P0068,73,70,each,SIMULATED Odoo
2026-07-31T19:30:00Z,LK-S02,LK-P0069,48,48,g,SIMULATED Odoo
2026-07-31T19:30:00Z,LK-S02,LK-P0070,2,0,each,SIMULATED Odoo
2026-07-31T19:30:00Z,LK-S02,LK-P0071,64,64,kg,SIMULATED Odoo
2026-07-31T19:30:00Z,LK-S02,LK-P0072,70,70,l,SIMULATED Odoo
2026-07-31T19:30:00Z,LK-S02,LK-P0073,52,52,each,SIMULATED Odoo
2026-07-31T19:30:00Z,LK-S02,LK-P0074,29,30,g,SIMULATED Odoo
2026-07-31T19:30:00Z,LK-S02,LK-P0075,59,59,each,SIMULATED Odoo
2026-07-31T19:30:00Z,LK-S02,LK-P0076,84,85,kg,SIMULATED Odoo
2026-07-31T19:30:00Z,LK-S02,LK-P0077,17,16,l,SIMULATED Odoo
2026-07-31T19:30:00Z,LK-S02,LK-P0078,44,44,each,SIMULATED Odoo
2026-07-31T19:30:00Z,LK-S02,LK-P0079,10,6,g,SIMULATED Odoo
2026-07-31T19:30:00Z,LK-S02,LK-P0080,73,75,each,SIMULATED Odoo
2026-07-31T19:30:00Z,LK-S02,LK-P0081,49,46,kg,SIMULATED Odoo
2026-07-31T19:30:00Z,LK-S02,LK-P0082,65,67,l,SIMULATED Odoo
2026-07-31T19:30:00Z,LK-S02,LK-P0083,19,21,each,SIMULATED Odoo
2026-07-31T19:30:00Z,LK-S02,LK-P0084,77,77,g,SIMULATED Odoo
2026-07-31T19:30:00Z,LK-S02,LK-P0085,77,74,each,SIMULATED Odoo
2026-07-31T19:30:00Z,LK-S02,LK-P0086,62,59,kg,SIMULATED Odoo
2026-07-31T19:30:00Z,LK-S02,LK-P0087,39,35,l,SIMULATED Odoo
2026-07-31T19:30:00Z,LK-S02,LK-P0088,12,13,each,SIMULATED Odoo
2026-07-31T19:30:00Z,LK-S02,LK-P0089,37,39,g,SIMULATED Odoo
2026-07-31T19:30:00Z,LK-S02,LK-P0090,9,8,each,SIMULATED Odoo
2026-07-31T19:30:00Z,LK-S02,LK-P0091,18,18,kg,SIMULATED Odoo
2026-07-31T19:30:00Z,LK-S02,LK-P0092,74,70,l,SIMULATED Odoo
2026-07-31T19:30:00Z,LK-S02,LK-P0093,24,24,each,SIMULATED Odoo
2026-07-31T19:30:00Z,LK-S02,LK-P0094,6,8,g,SIMULATED Odoo
2026-07-31T19:30:00Z,LK-S02,LK-P0095,8,7,each,SIMULATED Odoo
2026-07-31T19:30:00Z,LK-S02,LK-P0096,29,25,kg,SIMULATED Odoo
2026-07-31T19:30:00Z,LK-S02,LK-P0097,33,33,l,SIMULATED Odoo
2026-07-31T19:30:00Z,LK-S02,LK-P0098,1,0,each,SIMULATED Odoo
2026-07-31T19:30:00Z,LK-S02,LK-P0099,33,32,g,SIMULATED Odoo
2026-07-31T19:30:00Z,LK-S02,LK-P0100,33,35,each,SIMULATED Odoo
2026-07-31T19:30:00Z,LK-S02,LK-P0101,19,20,kg,SIMULATED Odoo
2026-07-31T19:30:00Z,LK-S02,LK-P0102,32,34,l,SIMULATED Odoo
2026-07-31T19:30:00Z,LK-S02,LK-P0103,61,61,each,SIMULATED Odoo
2026-07-31T19:30:00Z,LK-S02,LK-P0104,80,80,g,SIMULATED Odoo
2026-07-31T19:30:00Z,LK-S02,LK-P0105,89,88,each,SIMULATED Odoo
2026-07-31T19:30:00Z,LK-S02,LK-P0106,86,87,kg,SIMULATED Odoo
2026-07-31T19:30:00Z,LK-S02,LK-P0107,27,29,l,SIMULATED Odoo
2026-07-31T19:30:00Z,LK-S02,LK-P0108,62,63,each,SIMULATED Odoo
2026-07-31T19:30:00Z,LK-S02,LK-P0109,63,62,g,SIMULATED Odoo
2026-07-31T19:30:00Z,LK-S02,LK-P0110,37,37,each,SIMULATED Odoo
2026-07-31T19:30:00Z,LK-S02,LK-P0111,4,3,kg,SIMULATED Odoo
2026-07-31T19:30:00Z,LK-S02,LK-P0112,22,18,l,SIMULATED Odoo
2026-07-31T19:30:00Z,LK-S02,LK-P0113,18,20,each,SIMULATED Odoo
2026-07-31T19:30:00Z,LK-S02,LK-P0114,24,25,g,SIMULATED Odoo
2026-07-31T19:30:00Z,LK-S02,LK-P0115,73,73,each,SIMULATED Odoo
2026-07-31T19:30:00Z,LK-S02,LK-P0116,80,82,kg,SIMULATED Odoo
2026-07-31T19:30:00Z,LK-S02,LK-P0117,50,52,l,SIMULATED Odoo
2026-07-31T19:30:00Z,LK-S02,LK-P0118,18,18,each,SIMULATED Odoo
2026-07-31T19:30:00Z,LK-S02,LK-P0119,16,16,g,SIMULATED Odoo
2026-07-31T19:30:00Z,LK-S02,LK-P0120,82,84,each,SIMULATED Odoo
2026-07-31T19:30:00Z,LK-S02,LK-P0121,0,0,kg,SIMULATED Odoo
2026-07-31T19:30:00Z,LK-S02,LK-P0122,52,52,l,SIMULATED Odoo
2026-07-31T19:30:00Z,LK-S02,LK-P0123,20,20,each,SIMULATED Odoo
2026-07-31T19:30:00Z,LK-S02,LK-P0124,76,75,g,SIMULATED Odoo
2026-07-31T19:30:00Z,LK-S02,LK-P0125,28,25,each,SIMULATED Odoo
2026-07-31T19:30:00Z,LK-S02,LK-P0126,12,13,kg,SIMULATED Odoo
2026-07-31T19:30:00Z,LK-S02,LK-P0127,84,81,l,SIMULATED Odoo
2026-07-31T19:30:00Z,LK-S02,LK-P0128,31,33,each,SIMULATED Odoo
2026-07-31T19:30:00Z,LK-S02,LK-P0129,15,15,g,SIMULATED Odoo
2026-07-31T19:30:00Z,LK-S02,LK-P0130,8,10,each,SIMULATED Odoo
2026-07-31T19:30:00Z,LK-S02,LK-P0131,88,87,kg,SIMULATED Odoo
2026-07-31T19:30:00Z,LK-S02,LK-P0132,34,31,l,SIMULATED Odoo
2026-07-31T19:30:00Z,LK-S02,LK-P0133,30,31,each,SIMULATED Odoo
2026-07-31T19:30:00Z,LK-S02,LK-P0134,42,38,g,SIMULATED Odoo
2026-07-31T19:30:00Z,LK-S02,LK-P0135,16,17,each,SIMULATED Odoo
2026-07-31T19:30:00Z,LK-S02,LK-P0136,24,20,kg,SIMULATED Odoo
2026-07-31T19:30:00Z,LK-S02,LK-P0137,79,78,l,SIMULATED Odoo
2026-07-31T19:30:00Z,LK-S02,LK-P0138,2,4,each,SIMULATED Odoo
2026-07-31T19:30:00Z,LK-S02,LK-P0139,3,2,g,SIMULATED Odoo
2026-07-31T19:30:00Z,LK-S02,LK-P0140,81,81,each,SIMULATED Odoo
2026-07-31T19:30:00Z,LK-S02,LK-P0141,41,43,kg,SIMULATED Odoo
2026-07-31T19:30:00Z,LK-S02,LK-P0142,12,12,l,SIMULATED Odoo
2026-07-31T19:30:00Z,LK-S02,LK-P0143,69,65,each,SIMULATED Odoo
2026-07-31T19:30:00Z,LK-S02,LK-P0144,4,4,g,SIMULATED Odoo
2026-07-31T19:30:00Z,LK-S02,LK-P0145,37,37,each,SIMULATED Odoo
2026-07-31T19:30:00Z,LK-S02,LK-P0146,13,15,kg,SIMULATED Odoo
2026-07-31T19:30:00Z,LK-S02,LK-P0147,60,62,l,SIMULATED Odoo
2026-07-31T19:30:00Z,LK-S02,LK-P0148,35,37,each,SIMULATED Odoo
2026-07-31T19:30:00Z,LK-S02,LK-P0149,21,20,g,SIMULATED Odoo
2026-07-31T19:30:00Z,LK-S02,LK-P0150,45,45,each,SIMULATED Odoo
2026-07-31T19:30:00Z,LK-S03,LK-P0001,36,36,kg,SIMULATED Odoo
2026-07-31T19:30:00Z,LK-S03,LK-P0002,8,7,l,SIMULATED Odoo
2026-07-31T19:30:00Z,LK-S03,LK-P0003,3,5,each,SIMULATED Odoo
2026-07-31T19:30:00Z,LK-S03,LK-P0004,15,11,g,SIMULATED Odoo
2026-07-31T19:30:00Z,LK-S03,LK-P0005,46,46,each,SIMULATED Odoo
2026-07-31T19:30:00Z,LK-S03,LK-P0006,18,14,kg,SIMULATED Odoo
2026-07-31T19:30:00Z,LK-S03,LK-P0007,34,33,l,SIMULATED Odoo
2026-07-31T19:30:00Z,LK-S03,LK-P0008,56,52,each,SIMULATED Odoo
2026-07-31T19:30:00Z,LK-S03,LK-P0009,80,80,g,SIMULATED Odoo
2026-07-31T19:30:00Z,LK-S03,LK-P0010,26,22,each,SIMULATED Odoo
2026-07-31T19:30:00Z,LK-S03,LK-P0011,48,45,kg,SIMULATED Odoo
2026-07-31T19:30:00Z,LK-S03,LK-P0012,37,37,l,SIMULATED Odoo
2026-07-31T19:30:00Z,LK-S03,LK-P0013,32,34,each,SIMULATED Odoo
2026-07-31T19:30:00Z,LK-S03,LK-P0014,62,62,g,SIMULATED Odoo
2026-07-31T19:30:00Z,LK-S03,LK-P0015,55,56,each,SIMULATED Odoo
2026-07-31T19:30:00Z,LK-S03,LK-P0016,73,73,kg,SIMULATED Odoo
2026-07-31T19:30:00Z,LK-S03,LK-P0017,53,50,l,SIMULATED Odoo
2026-07-31T19:30:00Z,LK-S03,LK-P0018,75,74,each,SIMULATED Odoo
2026-07-31T19:30:00Z,LK-S03,LK-P0019,44,40,g,SIMULATED Odoo
2026-07-31T19:30:00Z,LK-S03,LK-P0020,42,38,each,SIMULATED Odoo
2026-07-31T19:30:00Z,LK-S03,LK-P0021,45,44,kg,SIMULATED Odoo
2026-07-31T19:30:00Z,LK-S03,LK-P0022,67,63,l,SIMULATED Odoo
2026-07-31T19:30:00Z,LK-S03,LK-P0023,19,21,each,SIMULATED Odoo
2026-07-31T19:30:00Z,LK-S03,LK-P0024,57,57,g,SIMULATED Odoo
2026-07-31T19:30:00Z,LK-S03,LK-P0025,39,39,each,SIMULATED Odoo
2026-07-31T19:30:00Z,LK-S03,LK-P0026,61,61,kg,SIMULATED Odoo
2026-07-31T19:30:00Z,LK-S03,LK-P0027,22,19,l,SIMULATED Odoo
2026-07-31T19:30:00Z,LK-S03,LK-P0028,63,59,each,SIMULATED Odoo
2026-07-31T19:30:00Z,LK-S03,LK-P0029,39,41,g,SIMULATED Odoo
2026-07-31T19:30:00Z,LK-S03,LK-P0030,21,23,each,SIMULATED Odoo
2026-07-31T19:30:00Z,LK-S03,LK-P0031,68,70,kg,SIMULATED Odoo
2026-07-31T19:30:00Z,LK-S03,LK-P0032,38,39,l,SIMULATED Odoo
2026-07-31T19:30:00Z,LK-S03,LK-P0033,53,55,each,SIMULATED Odoo
2026-07-31T19:30:00Z,LK-S03,LK-P0034,77,77,g,SIMULATED Odoo
2026-07-31T19:30:00Z,LK-S03,LK-P0035,54,55,each,SIMULATED Odoo
2026-07-31T19:30:00Z,LK-S03,LK-P0036,29,29,kg,SIMULATED Odoo
2026-07-31T19:30:00Z,LK-S03,LK-P0037,16,16,l,SIMULATED Odoo
2026-07-31T19:30:00Z,LK-S03,LK-P0038,64,64,each,SIMULATED Odoo
2026-07-31T19:30:00Z,LK-S03,LK-P0039,11,13,g,SIMULATED Odoo
2026-07-31T19:30:00Z,LK-S03,LK-P0040,70,69,each,SIMULATED Odoo
2026-07-31T19:30:00Z,LK-S03,LK-P0041,36,32,kg,SIMULATED Odoo
2026-07-31T19:30:00Z,LK-S03,LK-P0042,35,32,l,SIMULATED Odoo
2026-07-31T19:30:00Z,LK-S03,LK-P0043,11,11,each,SIMULATED Odoo
2026-07-31T19:30:00Z,LK-S03,LK-P0044,17,18,g,SIMULATED Odoo
2026-07-31T19:30:00Z,LK-S03,LK-P0045,78,79,each,SIMULATED Odoo
2026-07-31T19:30:00Z,LK-S03,LK-P0046,86,85,kg,SIMULATED Odoo
2026-07-31T19:30:00Z,LK-S03,LK-P0047,27,26,l,SIMULATED Odoo
2026-07-31T19:30:00Z,LK-S03,LK-P0048,65,65,each,SIMULATED Odoo
2026-07-31T19:30:00Z,LK-S03,LK-P0049,55,55,g,SIMULATED Odoo
2026-07-31T19:30:00Z,LK-S03,LK-P0050,67,68,each,SIMULATED Odoo
2026-07-31T19:30:00Z,LK-S03,LK-P0051,16,13,kg,SIMULATED Odoo
2026-07-31T19:30:00Z,LK-S03,LK-P0052,39,38,l,SIMULATED Odoo
2026-07-31T19:30:00Z,LK-S03,LK-P0053,86,86,each,SIMULATED Odoo
2026-07-31T19:30:00Z,LK-S03,LK-P0054,18,14,g,SIMULATED Odoo
2026-07-31T19:30:00Z,LK-S03,LK-P0055,87,83,each,SIMULATED Odoo
2026-07-31T19:30:00Z,LK-S03,LK-P0056,80,80,kg,SIMULATED Odoo
2026-07-31T19:30:00Z,LK-S03,LK-P0057,51,51,l,SIMULATED Odoo
2026-07-31T19:30:00Z,LK-S03,LK-P0058,90,90,each,SIMULATED Odoo
2026-07-31T19:30:00Z,LK-S03,LK-P0059,34,33,g,SIMULATED Odoo
2026-07-31T19:30:00Z,LK-S03,LK-P0060,68,70,each,SIMULATED Odoo
2026-07-31T19:30:00Z,LK-S03,LK-P0061,20,17,kg,SIMULATED Odoo
2026-07-31T19:30:00Z,LK-S03,LK-P0062,2,3,l,SIMULATED Odoo
2026-07-31T19:30:00Z,LK-S03,LK-P0063,58,57,each,SIMULATED Odoo
2026-07-31T19:30:00Z,LK-S03,LK-P0064,84,85,g,SIMULATED Odoo
2026-07-31T19:30:00Z,LK-S03,LK-P0065,77,79,each,SIMULATED Odoo
2026-07-31T19:30:00Z,LK-S03,LK-P0066,30,29,kg,SIMULATED Odoo
2026-07-31T19:30:00Z,LK-S03,LK-P0067,23,22,l,SIMULATED Odoo
2026-07-31T19:30:00Z,LK-S03,LK-P0068,25,27,each,SIMULATED Odoo
2026-07-31T19:30:00Z,LK-S03,LK-P0069,17,13,g,SIMULATED Odoo
2026-07-31T19:30:00Z,LK-S03,LK-P0070,88,87,each,SIMULATED Odoo
2026-07-31T19:30:00Z,LK-S03,LK-P0071,61,61,kg,SIMULATED Odoo
2026-07-31T19:30:00Z,LK-S03,LK-P0072,60,60,l,SIMULATED Odoo
2026-07-31T19:30:00Z,LK-S03,LK-P0073,83,79,each,SIMULATED Odoo
2026-07-31T19:30:00Z,LK-S03,LK-P0074,74,71,g,SIMULATED Odoo
2026-07-31T19:30:00Z,LK-S03,LK-P0075,51,52,each,SIMULATED Odoo
2026-07-31T19:30:00Z,LK-S03,LK-P0076,40,40,kg,SIMULATED Odoo
2026-07-31T19:30:00Z,LK-S03,LK-P0077,78,80,l,SIMULATED Odoo
2026-07-31T19:30:00Z,LK-S03,LK-P0078,88,88,each,SIMULATED Odoo
2026-07-31T19:30:00Z,LK-S03,LK-P0079,22,21,g,SIMULATED Odoo
2026-07-31T19:30:00Z,LK-S03,LK-P0080,25,24,each,SIMULATED Odoo
2026-07-31T19:30:00Z,LK-S03,LK-P0081,42,41,kg,SIMULATED Odoo
2026-07-31T19:30:00Z,LK-S03,LK-P0082,18,20,l,SIMULATED Odoo
2026-07-31T19:30:00Z,LK-S03,LK-P0083,76,78,each,SIMULATED Odoo
2026-07-31T19:30:00Z,LK-S03,LK-P0084,5,6,g,SIMULATED Odoo
2026-07-31T19:30:00Z,LK-S03,LK-P0085,41,40,each,SIMULATED Odoo
2026-07-31T19:30:00Z,LK-S03,LK-P0086,24,25,kg,SIMULATED Odoo
2026-07-31T19:30:00Z,LK-S03,LK-P0087,55,55,l,SIMULATED Odoo
2026-07-31T19:30:00Z,LK-S03,LK-P0088,80,81,each,SIMULATED Odoo
2026-07-31T19:30:00Z,LK-S03,LK-P0089,8,8,g,SIMULATED Odoo
2026-07-31T19:30:00Z,LK-S03,LK-P0090,28,27,each,SIMULATED Odoo
2026-07-31T19:30:00Z,LK-S03,LK-P0091,20,19,kg,SIMULATED Odoo
2026-07-31T19:30:00Z,LK-S03,LK-P0092,1,3,l,SIMULATED Odoo
2026-07-31T19:30:00Z,LK-S03,LK-P0093,5,1,each,SIMULATED Odoo
2026-07-31T19:30:00Z,LK-S03,LK-P0094,55,52,g,SIMULATED Odoo
2026-07-31T19:30:00Z,LK-S03,LK-P0095,6,7,each,SIMULATED Odoo
2026-07-31T19:30:00Z,LK-S03,LK-P0096,8,8,kg,SIMULATED Odoo
2026-07-31T19:30:00Z,LK-S03,LK-P0097,83,84,l,SIMULATED Odoo
2026-07-31T19:30:00Z,LK-S03,LK-P0098,73,73,each,SIMULATED Odoo
2026-07-31T19:30:00Z,LK-S03,LK-P0099,46,46,g,SIMULATED Odoo
2026-07-31T19:30:00Z,LK-S03,LK-P0100,22,22,each,SIMULATED Odoo
2026-07-31T19:30:00Z,LK-S03,LK-P0101,35,36,kg,SIMULATED Odoo
2026-07-31T19:30:00Z,LK-S03,LK-P0102,29,29,l,SIMULATED Odoo
2026-07-31T19:30:00Z,LK-S03,LK-P0103,18,14,each,SIMULATED Odoo
2026-07-31T19:30:00Z,LK-S03,LK-P0104,13,13,g,SIMULATED Odoo
2026-07-31T19:30:00Z,LK-S03,LK-P0105,54,54,each,SIMULATED Odoo
2026-07-31T19:30:00Z,LK-S03,LK-P0106,34,36,kg,SIMULATED Odoo
2026-07-31T19:30:00Z,LK-S03,LK-P0107,58,57,l,SIMULATED Odoo
2026-07-31T19:30:00Z,LK-S03,LK-P0108,30,30,each,SIMULATED Odoo
2026-07-31T19:30:00Z,LK-S03,LK-P0109,31,31,g,SIMULATED Odoo
2026-07-31T19:30:00Z,LK-S03,LK-P0110,54,50,each,SIMULATED Odoo
2026-07-31T19:30:00Z,LK-S03,LK-P0111,25,21,kg,SIMULATED Odoo
2026-07-31T19:30:00Z,LK-S03,LK-P0112,60,62,l,SIMULATED Odoo
2026-07-31T19:30:00Z,LK-S03,LK-P0113,90,90,each,SIMULATED Odoo
2026-07-31T19:30:00Z,LK-S03,LK-P0114,45,45,g,SIMULATED Odoo
2026-07-31T19:30:00Z,LK-S03,LK-P0115,26,22,each,SIMULATED Odoo
2026-07-31T19:30:00Z,LK-S03,LK-P0116,90,90,kg,SIMULATED Odoo
2026-07-31T19:30:00Z,LK-S03,LK-P0117,15,15,l,SIMULATED Odoo
2026-07-31T19:30:00Z,LK-S03,LK-P0118,29,29,each,SIMULATED Odoo
2026-07-31T19:30:00Z,LK-S03,LK-P0119,51,53,g,SIMULATED Odoo
2026-07-31T19:30:00Z,LK-S03,LK-P0120,75,77,each,SIMULATED Odoo
2026-07-31T19:30:00Z,LK-S03,LK-P0121,65,62,kg,SIMULATED Odoo
2026-07-31T19:30:00Z,LK-S03,LK-P0122,17,19,l,SIMULATED Odoo
2026-07-31T19:30:00Z,LK-S03,LK-P0123,62,59,each,SIMULATED Odoo
2026-07-31T19:30:00Z,LK-S03,LK-P0124,18,20,g,SIMULATED Odoo
2026-07-31T19:30:00Z,LK-S03,LK-P0125,73,75,each,SIMULATED Odoo
2026-07-31T19:30:00Z,LK-S03,LK-P0126,30,32,kg,SIMULATED Odoo
2026-07-31T19:30:00Z,LK-S03,LK-P0127,85,85,l,SIMULATED Odoo
2026-07-31T19:30:00Z,LK-S03,LK-P0128,51,53,each,SIMULATED Odoo
2026-07-31T19:30:00Z,LK-S03,LK-P0129,61,61,g,SIMULATED Odoo
2026-07-31T19:30:00Z,LK-S03,LK-P0130,15,15,each,SIMULATED Odoo
2026-07-31T19:30:00Z,LK-S03,LK-P0131,22,23,kg,SIMULATED Odoo
2026-07-31T19:30:00Z,LK-S03,LK-P0132,9,9,l,SIMULATED Odoo
2026-07-31T19:30:00Z,LK-S03,LK-P0133,86,86,each,SIMULATED Odoo
2026-07-31T19:30:00Z,LK-S03,LK-P0134,76,76,g,SIMULATED Odoo
2026-07-31T19:30:00Z,LK-S03,LK-P0135,44,46,each,SIMULATED Odoo
2026-07-31T19:30:00Z,LK-S03,LK-P0136,75,77,kg,SIMULATED Odoo
2026-07-31T19:30:00Z,LK-S03,LK-P0137,2,0,l,SIMULATED Odoo
2026-07-31T19:30:00Z,LK-S03,LK-P0138,84,81,each,SIMULATED Odoo
2026-07-31T19:30:00Z,LK-S03,LK-P0139,19,16,g,SIMULATED Odoo
2026-07-31T19:30:00Z,LK-S03,LK-P0140,47,48,each,SIMULATED Odoo
2026-07-31T19:30:00Z,LK-S03,LK-P0141,88,88,kg,SIMULATED Odoo
2026-07-31T19:30:00Z,LK-S03,LK-P0142,57,59,l,SIMULATED Odoo
2026-07-31T19:30:00Z,LK-S03,LK-P0143,22,22,each,SIMULATED Odoo
2026-07-31T19:30:00Z,LK-S03,LK-P0144,84,84,g,SIMULATED Odoo
2026-07-31T19:30:00Z,LK-S03,LK-P0145,57,56,each,SIMULATED Odoo
2026-07-31T19:30:00Z,LK-S03,LK-P0146,56,56,kg,SIMULATED Odoo
2026-07-31T19:30:00Z,LK-S03,LK-P0147,71,73,l,SIMULATED Odoo
2026-07-31T19:30:00Z,LK-S03,LK-P0148,59,59,each,SIMULATED Odoo
2026-07-31T19:30:00Z,LK-S03,LK-P0149,46,42,g,SIMULATED Odoo
2026-07-31T19:30:00Z,LK-S03,LK-P0150,32,31,each,SIMULATED Odoo
2026-07-31T19:30:00Z,LK-S04,LK-P0001,52,49,kg,SIMULATED Odoo
2026-07-31T19:30:00Z,LK-S04,LK-P0002,34,34,l,SIMULATED Odoo
2026-07-31T19:30:00Z,LK-S04,LK-P0003,52,54,each,SIMULATED Odoo
2026-07-31T19:30:00Z,LK-S04,LK-P0004,19,16,g,SIMULATED Odoo
2026-07-31T19:30:00Z,LK-S04,LK-P0005,45,45,each,SIMULATED Odoo
2026-07-31T19:30:00Z,LK-S04,LK-P0006,4,4,kg,SIMULATED Odoo
2026-07-31T19:30:00Z,LK-S04,LK-P0007,5,7,l,SIMULATED Odoo
2026-07-31T19:30:00Z,LK-S04,LK-P0008,41,37,each,SIMULATED Odoo
2026-07-31T19:30:00Z,LK-S04,LK-P0009,75,71,g,SIMULATED Odoo
2026-07-31T19:30:00Z,LK-S04,LK-P0010,78,78,each,SIMULATED Odoo
2026-07-31T19:30:00Z,LK-S04,LK-P0011,25,21,kg,SIMULATED Odoo
2026-07-31T19:30:00Z,LK-S04,LK-P0012,55,55,l,SIMULATED Odoo
2026-07-31T19:30:00Z,LK-S04,LK-P0013,9,10,each,SIMULATED Odoo
2026-07-31T19:30:00Z,LK-S04,LK-P0014,45,45,g,SIMULATED Odoo
2026-07-31T19:30:00Z,LK-S04,LK-P0015,4,0,each,SIMULATED Odoo
2026-07-31T19:30:00Z,LK-S04,LK-P0016,66,65,kg,SIMULATED Odoo
2026-07-31T19:30:00Z,LK-S04,LK-P0017,86,82,l,SIMULATED Odoo
2026-07-31T19:30:00Z,LK-S04,LK-P0018,29,25,each,SIMULATED Odoo
2026-07-31T19:30:00Z,LK-S04,LK-P0019,36,35,g,SIMULATED Odoo
2026-07-31T19:30:00Z,LK-S04,LK-P0020,7,6,each,SIMULATED Odoo
2026-07-31T19:30:00Z,LK-S04,LK-P0021,89,89,kg,SIMULATED Odoo
2026-07-31T19:30:00Z,LK-S04,LK-P0022,40,40,l,SIMULATED Odoo
2026-07-31T19:30:00Z,LK-S04,LK-P0023,75,75,each,SIMULATED Odoo
2026-07-31T19:30:00Z,LK-S04,LK-P0024,72,69,g,SIMULATED Odoo
2026-07-31T19:30:00Z,LK-S04,LK-P0025,27,27,each,SIMULATED Odoo
2026-07-31T19:30:00Z,LK-S04,LK-P0026,27,27,kg,SIMULATED Odoo
2026-07-31T19:30:00Z,LK-S04,LK-P0027,75,72,l,SIMULATED Odoo
2026-07-31T19:30:00Z,LK-S04,LK-P0028,51,53,each,SIMULATED Odoo
2026-07-31T19:30:00Z,LK-S04,LK-P0029,58,60,g,SIMULATED Odoo
2026-07-31T19:30:00Z,LK-S04,LK-P0030,24,25,each,SIMULATED Odoo
2026-07-31T19:30:00Z,LK-S04,LK-P0031,6,7,kg,SIMULATED Odoo
2026-07-31T19:30:00Z,LK-S04,LK-P0032,77,78,l,SIMULATED Odoo
2026-07-31T19:30:00Z,LK-S04,LK-P0033,75,75,each,SIMULATED Odoo
2026-07-31T19:30:00Z,LK-S04,LK-P0034,3,0,g,SIMULATED Odoo
2026-07-31T19:30:00Z,LK-S04,LK-P0035,13,13,each,SIMULATED Odoo
2026-07-31T19:30:00Z,LK-S04,LK-P0036,20,20,kg,SIMULATED Odoo
2026-07-31T19:30:00Z,LK-S04,LK-P0037,9,6,l,SIMULATED Odoo
2026-07-31T19:30:00Z,LK-S04,LK-P0038,65,67,each,SIMULATED Odoo
2026-07-31T19:30:00Z,LK-S04,LK-P0039,68,64,g,SIMULATED Odoo
2026-07-31T19:30:00Z,LK-S04,LK-P0040,52,54,each,SIMULATED Odoo
2026-07-31T19:30:00Z,LK-S04,LK-P0041,74,70,kg,SIMULATED Odoo
2026-07-31T19:30:00Z,LK-S04,LK-P0042,41,43,l,SIMULATED Odoo
2026-07-31T19:30:00Z,LK-S04,LK-P0043,77,77,each,SIMULATED Odoo
2026-07-31T19:30:00Z,LK-S04,LK-P0044,47,44,g,SIMULATED Odoo
2026-07-31T19:30:00Z,LK-S04,LK-P0045,42,42,each,SIMULATED Odoo
2026-07-31T19:30:00Z,LK-S04,LK-P0046,40,40,kg,SIMULATED Odoo
2026-07-31T19:30:00Z,LK-S04,LK-P0047,22,21,l,SIMULATED Odoo
2026-07-31T19:30:00Z,LK-S04,LK-P0048,57,58,each,SIMULATED Odoo
2026-07-31T19:30:00Z,LK-S04,LK-P0049,79,79,g,SIMULATED Odoo
2026-07-31T19:30:00Z,LK-S04,LK-P0050,25,26,each,SIMULATED Odoo
2026-07-31T19:30:00Z,LK-S04,LK-P0051,41,37,kg,SIMULATED Odoo
2026-07-31T19:30:00Z,LK-S04,LK-P0052,84,80,l,SIMULATED Odoo
2026-07-31T19:30:00Z,LK-S04,LK-P0053,32,32,each,SIMULATED Odoo
2026-07-31T19:30:00Z,LK-S04,LK-P0054,9,6,g,SIMULATED Odoo
2026-07-31T19:30:00Z,LK-S04,LK-P0055,52,49,each,SIMULATED Odoo
2026-07-31T19:30:00Z,LK-S04,LK-P0056,36,38,kg,SIMULATED Odoo
2026-07-31T19:30:00Z,LK-S04,LK-P0057,65,65,l,SIMULATED Odoo
2026-07-31T19:30:00Z,LK-S04,LK-P0058,73,75,each,SIMULATED Odoo
2026-07-31T19:30:00Z,LK-S04,LK-P0059,21,18,g,SIMULATED Odoo
2026-07-31T19:30:00Z,LK-S04,LK-P0060,19,18,each,SIMULATED Odoo
2026-07-31T19:30:00Z,LK-S04,LK-P0061,24,21,kg,SIMULATED Odoo
2026-07-31T19:30:00Z,LK-S04,LK-P0062,8,7,l,SIMULATED Odoo
2026-07-31T19:30:00Z,LK-S04,LK-P0063,25,25,each,SIMULATED Odoo
2026-07-31T19:30:00Z,LK-S04,LK-P0064,43,40,g,SIMULATED Odoo
2026-07-31T19:30:00Z,LK-S04,LK-P0065,70,70,each,SIMULATED Odoo
2026-07-31T19:30:00Z,LK-S04,LK-P0066,77,77,kg,SIMULATED Odoo
2026-07-31T19:30:00Z,LK-S04,LK-P0067,50,51,l,SIMULATED Odoo
2026-07-31T19:30:00Z,LK-S04,LK-P0068,16,16,each,SIMULATED Odoo
2026-07-31T19:30:00Z,LK-S04,LK-P0069,75,75,g,SIMULATED Odoo
2026-07-31T19:30:00Z,LK-S04,LK-P0070,89,89,each,SIMULATED Odoo
2026-07-31T19:30:00Z,LK-S04,LK-P0071,14,14,kg,SIMULATED Odoo
2026-07-31T19:30:00Z,LK-S04,LK-P0072,22,18,l,SIMULATED Odoo
2026-07-31T19:30:00Z,LK-S04,LK-P0073,82,83,each,SIMULATED Odoo
2026-07-31T19:30:00Z,LK-S04,LK-P0074,65,65,g,SIMULATED Odoo
2026-07-31T19:30:00Z,LK-S04,LK-P0075,25,22,each,SIMULATED Odoo
2026-07-31T19:30:00Z,LK-S04,LK-P0076,10,12,kg,SIMULATED Odoo
2026-07-31T19:30:00Z,LK-S04,LK-P0077,66,62,l,SIMULATED Odoo
2026-07-31T19:30:00Z,LK-S04,LK-P0078,29,29,each,SIMULATED Odoo
2026-07-31T19:30:00Z,LK-S04,LK-P0079,32,28,g,SIMULATED Odoo
2026-07-31T19:30:00Z,LK-S04,LK-P0080,59,55,each,SIMULATED Odoo
2026-07-31T19:30:00Z,LK-S04,LK-P0081,50,52,kg,SIMULATED Odoo
2026-07-31T19:30:00Z,LK-S04,LK-P0082,6,7,l,SIMULATED Odoo
2026-07-31T19:30:00Z,LK-S04,LK-P0083,56,53,each,SIMULATED Odoo
2026-07-31T19:30:00Z,LK-S04,LK-P0084,63,63,g,SIMULATED Odoo
2026-07-31T19:30:00Z,LK-S04,LK-P0085,42,44,each,SIMULATED Odoo
2026-07-31T19:30:00Z,LK-S04,LK-P0086,75,77,kg,SIMULATED Odoo
2026-07-31T19:30:00Z,LK-S04,LK-P0087,37,36,l,SIMULATED Odoo
2026-07-31T19:30:00Z,LK-S04,LK-P0088,78,80,each,SIMULATED Odoo
2026-07-31T19:30:00Z,LK-S04,LK-P0089,50,51,g,SIMULATED Odoo
2026-07-31T19:30:00Z,LK-S04,LK-P0090,3,0,each,SIMULATED Odoo
2026-07-31T19:30:00Z,LK-S04,LK-P0091,81,83,kg,SIMULATED Odoo
2026-07-31T19:30:00Z,LK-S04,LK-P0092,17,17,l,SIMULATED Odoo
2026-07-31T19:30:00Z,LK-S04,LK-P0093,82,83,each,SIMULATED Odoo
2026-07-31T19:30:00Z,LK-S04,LK-P0094,11,12,g,SIMULATED Odoo
2026-07-31T19:30:00Z,LK-S04,LK-P0095,51,51,each,SIMULATED Odoo
2026-07-31T19:30:00Z,LK-S04,LK-P0096,82,82,kg,SIMULATED Odoo
2026-07-31T19:30:00Z,LK-S04,LK-P0097,61,61,l,SIMULATED Odoo
2026-07-31T19:30:00Z,LK-S04,LK-P0098,39,40,each,SIMULATED Odoo
2026-07-31T19:30:00Z,LK-S04,LK-P0099,53,53,g,SIMULATED Odoo
2026-07-31T19:30:00Z,LK-S04,LK-P0100,71,70,each,SIMULATED Odoo
2026-07-31T19:30:00Z,LK-S04,LK-P0101,19,16,kg,SIMULATED Odoo
2026-07-31T19:30:00Z,LK-S04,LK-P0102,15,15,l,SIMULATED Odoo
2026-07-31T19:30:00Z,LK-S04,LK-P0103,75,75,each,SIMULATED Odoo
2026-07-31T19:30:00Z,LK-S04,LK-P0104,54,54,g,SIMULATED Odoo
2026-07-31T19:30:00Z,LK-S04,LK-P0105,9,5,each,SIMULATED Odoo
2026-07-31T19:30:00Z,LK-S04,LK-P0106,87,83,kg,SIMULATED Odoo
2026-07-31T19:30:00Z,LK-S04,LK-P0107,5,5,l,SIMULATED Odoo
2026-07-31T19:30:00Z,LK-S04,LK-P0108,58,60,each,SIMULATED Odoo
2026-07-31T19:30:00Z,LK-S04,LK-P0109,26,26,g,SIMULATED Odoo
2026-07-31T19:30:00Z,LK-S04,LK-P0110,67,67,each,SIMULATED Odoo
2026-07-31T19:30:00Z,LK-S04,LK-P0111,8,9,kg,SIMULATED Odoo
2026-07-31T19:30:00Z,LK-S04,LK-P0112,19,19,l,SIMULATED Odoo
2026-07-31T19:30:00Z,LK-S04,LK-P0113,81,81,each,SIMULATED Odoo
2026-07-31T19:30:00Z,LK-S04,LK-P0114,23,23,g,SIMULATED Odoo
2026-07-31T19:30:00Z,LK-S04,LK-P0115,16,15,each,SIMULATED Odoo
2026-07-31T19:30:00Z,LK-S04,LK-P0116,58,54,kg,SIMULATED Odoo
2026-07-31T19:30:00Z,LK-S04,LK-P0117,18,14,l,SIMULATED Odoo
2026-07-31T19:30:00Z,LK-S04,LK-P0118,15,14,each,SIMULATED Odoo
2026-07-31T19:30:00Z,LK-S04,LK-P0119,26,28,g,SIMULATED Odoo
2026-07-31T19:30:00Z,LK-S04,LK-P0120,8,8,each,SIMULATED Odoo
2026-07-31T19:30:00Z,LK-S04,LK-P0121,38,38,kg,SIMULATED Odoo
2026-07-31T19:30:00Z,LK-S04,LK-P0122,18,14,l,SIMULATED Odoo
2026-07-31T19:30:00Z,LK-S04,LK-P0123,28,30,each,SIMULATED Odoo
2026-07-31T19:30:00Z,LK-S04,LK-P0124,69,65,g,SIMULATED Odoo
2026-07-31T19:30:00Z,LK-S04,LK-P0125,11,10,each,SIMULATED Odoo
2026-07-31T19:30:00Z,LK-S04,LK-P0126,66,67,kg,SIMULATED Odoo
2026-07-31T19:30:00Z,LK-S04,LK-P0127,24,26,l,SIMULATED Odoo
2026-07-31T19:30:00Z,LK-S04,LK-P0128,88,88,each,SIMULATED Odoo
2026-07-31T19:30:00Z,LK-S04,LK-P0129,23,24,g,SIMULATED Odoo
2026-07-31T19:30:00Z,LK-S04,LK-P0130,40,40,each,SIMULATED Odoo
2026-07-31T19:30:00Z,LK-S04,LK-P0131,17,18,kg,SIMULATED Odoo
2026-07-31T19:30:00Z,LK-S04,LK-P0132,67,69,l,SIMULATED Odoo
2026-07-31T19:30:00Z,LK-S04,LK-P0133,62,64,each,SIMULATED Odoo
2026-07-31T19:30:00Z,LK-S04,LK-P0134,15,15,g,SIMULATED Odoo
2026-07-31T19:30:00Z,LK-S04,LK-P0135,13,12,each,SIMULATED Odoo
2026-07-31T19:30:00Z,LK-S04,LK-P0136,36,36,kg,SIMULATED Odoo
2026-07-31T19:30:00Z,LK-S04,LK-P0137,37,37,l,SIMULATED Odoo
2026-07-31T19:30:00Z,LK-S04,LK-P0138,57,59,each,SIMULATED Odoo
2026-07-31T19:30:00Z,LK-S04,LK-P0139,71,73,g,SIMULATED Odoo
2026-07-31T19:30:00Z,LK-S04,LK-P0140,21,21,each,SIMULATED Odoo
2026-07-31T19:30:00Z,LK-S04,LK-P0141,26,25,kg,SIMULATED Odoo
2026-07-31T19:30:00Z,LK-S04,LK-P0142,20,20,l,SIMULATED Odoo
2026-07-31T19:30:00Z,LK-S04,LK-P0143,56,56,each,SIMULATED Odoo
2026-07-31T19:30:00Z,LK-S04,LK-P0144,67,66,g,SIMULATED Odoo
2026-07-31T19:30:00Z,LK-S04,LK-P0145,74,70,each,SIMULATED Odoo
2026-07-31T19:30:00Z,LK-S04,LK-P0146,41,40,kg,SIMULATED Odoo
2026-07-31T19:30:00Z,LK-S04,LK-P0147,86,86,l,SIMULATED Odoo
2026-07-31T19:30:00Z,LK-S04,LK-P0148,1,0,each,SIMULATED Odoo
2026-07-31T19:30:00Z,LK-S04,LK-P0149,71,71,g,SIMULATED Odoo
2026-07-31T19:30:00Z,LK-S04,LK-P0150,76,73,each,SIMULATED Odoo
2026-07-31T19:30:00Z,LK-S05,LK-P0001,23,20,kg,SIMULATED Odoo
2026-07-31T19:30:00Z,LK-S05,LK-P0002,3,2,l,SIMULATED Odoo
2026-07-31T19:30:00Z,LK-S05,LK-P0003,77,76,each,SIMULATED Odoo
2026-07-31T19:30:00Z,LK-S05,LK-P0004,11,12,g,SIMULATED Odoo
2026-07-31T19:30:00Z,LK-S05,LK-P0005,76,75,each,SIMULATED Odoo
2026-07-31T19:30:00Z,LK-S05,LK-P0006,20,21,kg,SIMULATED Odoo
2026-07-31T19:30:00Z,LK-S05,LK-P0007,40,37,l,SIMULATED Odoo
2026-07-31T19:30:00Z,LK-S05,LK-P0008,74,75,each,SIMULATED Odoo
2026-07-31T19:30:00Z,LK-S05,LK-P0009,18,14,g,SIMULATED Odoo
2026-07-31T19:30:00Z,LK-S05,LK-P0010,42,44,each,SIMULATED Odoo
2026-07-31T19:30:00Z,LK-S05,LK-P0011,33,33,kg,SIMULATED Odoo
2026-07-31T19:30:00Z,LK-S05,LK-P0012,63,63,l,SIMULATED Odoo
2026-07-31T19:30:00Z,LK-S05,LK-P0013,82,83,each,SIMULATED Odoo
2026-07-31T19:30:00Z,LK-S05,LK-P0014,43,43,g,SIMULATED Odoo
2026-07-31T19:30:00Z,LK-S05,LK-P0015,59,58,each,SIMULATED Odoo
2026-07-31T19:30:00Z,LK-S05,LK-P0016,43,40,kg,SIMULATED Odoo
2026-07-31T19:30:00Z,LK-S05,LK-P0017,73,74,l,SIMULATED Odoo
2026-07-31T19:30:00Z,LK-S05,LK-P0018,31,31,each,SIMULATED Odoo
2026-07-31T19:30:00Z,LK-S05,LK-P0019,5,5,g,SIMULATED Odoo
2026-07-31T19:30:00Z,LK-S05,LK-P0020,20,20,each,SIMULATED Odoo
2026-07-31T19:30:00Z,LK-S05,LK-P0021,47,46,kg,SIMULATED Odoo
2026-07-31T19:30:00Z,LK-S05,LK-P0022,81,83,l,SIMULATED Odoo
2026-07-31T19:30:00Z,LK-S05,LK-P0023,5,2,each,SIMULATED Odoo
2026-07-31T19:30:00Z,LK-S05,LK-P0024,73,72,g,SIMULATED Odoo
2026-07-31T19:30:00Z,LK-S05,LK-P0025,85,85,each,SIMULATED Odoo
2026-07-31T19:30:00Z,LK-S05,LK-P0026,70,72,kg,SIMULATED Odoo
2026-07-31T19:30:00Z,LK-S05,LK-P0027,45,45,l,SIMULATED Odoo
2026-07-31T19:30:00Z,LK-S05,LK-P0028,78,74,each,SIMULATED Odoo
2026-07-31T19:30:00Z,LK-S05,LK-P0029,36,36,g,SIMULATED Odoo
2026-07-31T19:30:00Z,LK-S05,LK-P0030,55,52,each,SIMULATED Odoo
2026-07-31T19:30:00Z,LK-S05,LK-P0031,11,13,kg,SIMULATED Odoo
2026-07-31T19:30:00Z,LK-S05,LK-P0032,80,80,l,SIMULATED Odoo
2026-07-31T19:30:00Z,LK-S05,LK-P0033,47,47,each,SIMULATED Odoo
2026-07-31T19:30:00Z,LK-S05,LK-P0034,52,52,g,SIMULATED Odoo
2026-07-31T19:30:00Z,LK-S05,LK-P0035,11,8,each,SIMULATED Odoo
2026-07-31T19:30:00Z,LK-S05,LK-P0036,23,19,kg,SIMULATED Odoo
2026-07-31T19:30:00Z,LK-S05,LK-P0037,14,15,l,SIMULATED Odoo
2026-07-31T19:30:00Z,LK-S05,LK-P0038,89,85,each,SIMULATED Odoo
2026-07-31T19:30:00Z,LK-S05,LK-P0039,55,52,g,SIMULATED Odoo
2026-07-31T19:30:00Z,LK-S05,LK-P0040,11,11,each,SIMULATED Odoo
2026-07-31T19:30:00Z,LK-S05,LK-P0041,89,91,kg,SIMULATED Odoo
2026-07-31T19:30:00Z,LK-S05,LK-P0042,28,30,l,SIMULATED Odoo
2026-07-31T19:30:00Z,LK-S05,LK-P0043,81,81,each,SIMULATED Odoo
2026-07-31T19:30:00Z,LK-S05,LK-P0044,68,68,g,SIMULATED Odoo
2026-07-31T19:30:00Z,LK-S05,LK-P0045,47,47,each,SIMULATED Odoo
2026-07-31T19:30:00Z,LK-S05,LK-P0046,26,26,kg,SIMULATED Odoo
2026-07-31T19:30:00Z,LK-S05,LK-P0047,79,79,l,SIMULATED Odoo
2026-07-31T19:30:00Z,LK-S05,LK-P0048,2,0,each,SIMULATED Odoo
2026-07-31T19:30:00Z,LK-S05,LK-P0049,18,18,g,SIMULATED Odoo
2026-07-31T19:30:00Z,LK-S05,LK-P0050,24,25,each,SIMULATED Odoo
2026-07-31T19:30:00Z,LK-S05,LK-P0051,37,38,kg,SIMULATED Odoo
2026-07-31T19:30:00Z,LK-S05,LK-P0052,15,15,l,SIMULATED Odoo
2026-07-31T19:30:00Z,LK-S05,LK-P0053,37,34,each,SIMULATED Odoo
2026-07-31T19:30:00Z,LK-S05,LK-P0054,59,59,g,SIMULATED Odoo
2026-07-31T19:30:00Z,LK-S05,LK-P0055,66,63,each,SIMULATED Odoo
2026-07-31T19:30:00Z,LK-S05,LK-P0056,89,86,kg,SIMULATED Odoo
2026-07-31T19:30:00Z,LK-S05,LK-P0057,28,25,l,SIMULATED Odoo
2026-07-31T19:30:00Z,LK-S05,LK-P0058,25,27,each,SIMULATED Odoo
2026-07-31T19:30:00Z,LK-S05,LK-P0059,54,51,g,SIMULATED Odoo
2026-07-31T19:30:00Z,LK-S05,LK-P0060,54,54,each,SIMULATED Odoo
2026-07-31T19:30:00Z,LK-S05,LK-P0061,52,54,kg,SIMULATED Odoo
2026-07-31T19:30:00Z,LK-S05,LK-P0062,32,31,l,SIMULATED Odoo
2026-07-31T19:30:00Z,LK-S05,LK-P0063,26,22,each,SIMULATED Odoo
2026-07-31T19:30:00Z,LK-S05,LK-P0064,75,75,g,SIMULATED Odoo
2026-07-31T19:30:00Z,LK-S05,LK-P0065,86,86,each,SIMULATED Odoo
2026-07-31T19:30:00Z,LK-S05,LK-P0066,37,38,kg,SIMULATED Odoo
2026-07-31T19:30:00Z,LK-S05,LK-P0067,7,7,l,SIMULATED Odoo
2026-07-31T19:30:00Z,LK-S05,LK-P0068,12,11,each,SIMULATED Odoo
2026-07-31T19:30:00Z,LK-S05,LK-P0069,30,29,g,SIMULATED Odoo
2026-07-31T19:30:00Z,LK-S05,LK-P0070,8,8,each,SIMULATED Odoo
2026-07-31T19:30:00Z,LK-S05,LK-P0071,41,43,kg,SIMULATED Odoo
2026-07-31T19:30:00Z,LK-S05,LK-P0072,36,38,l,SIMULATED Odoo
2026-07-31T19:30:00Z,LK-S05,LK-P0073,88,87,each,SIMULATED Odoo
2026-07-31T19:30:00Z,LK-S05,LK-P0074,77,76,g,SIMULATED Odoo
2026-07-31T19:30:00Z,LK-S05,LK-P0075,36,36,each,SIMULATED Odoo
2026-07-31T19:30:00Z,LK-S05,LK-P0076,44,41,kg,SIMULATED Odoo
2026-07-31T19:30:00Z,LK-S05,LK-P0077,79,78,l,SIMULATED Odoo
2026-07-31T19:30:00Z,LK-S05,LK-P0078,82,79,each,SIMULATED Odoo
2026-07-31T19:30:00Z,LK-S05,LK-P0079,20,16,g,SIMULATED Odoo
2026-07-31T19:30:00Z,LK-S05,LK-P0080,62,62,each,SIMULATED Odoo
2026-07-31T19:30:00Z,LK-S05,LK-P0081,65,62,kg,SIMULATED Odoo
2026-07-31T19:30:00Z,LK-S05,LK-P0082,54,55,l,SIMULATED Odoo
2026-07-31T19:30:00Z,LK-S05,LK-P0083,69,69,each,SIMULATED Odoo
2026-07-31T19:30:00Z,LK-S05,LK-P0084,42,42,g,SIMULATED Odoo
2026-07-31T19:30:00Z,LK-S05,LK-P0085,16,16,each,SIMULATED Odoo
2026-07-31T19:30:00Z,LK-S05,LK-P0086,47,46,kg,SIMULATED Odoo
2026-07-31T19:30:00Z,LK-S05,LK-P0087,67,64,l,SIMULATED Odoo
2026-07-31T19:30:00Z,LK-S05,LK-P0088,42,43,each,SIMULATED Odoo
2026-07-31T19:30:00Z,LK-S05,LK-P0089,42,38,g,SIMULATED Odoo
2026-07-31T19:30:00Z,LK-S05,LK-P0090,11,13,each,SIMULATED Odoo
2026-07-31T19:30:00Z,LK-S05,LK-P0091,50,49,kg,SIMULATED Odoo
2026-07-31T19:30:00Z,LK-S05,LK-P0092,48,44,l,SIMULATED Odoo
2026-07-31T19:30:00Z,LK-S05,LK-P0093,85,87,each,SIMULATED Odoo
2026-07-31T19:30:00Z,LK-S05,LK-P0094,6,2,g,SIMULATED Odoo
2026-07-31T19:30:00Z,LK-S05,LK-P0095,59,59,each,SIMULATED Odoo
2026-07-31T19:30:00Z,LK-S05,LK-P0096,50,46,kg,SIMULATED Odoo
2026-07-31T19:30:00Z,LK-S05,LK-P0097,6,5,l,SIMULATED Odoo
2026-07-31T19:30:00Z,LK-S05,LK-P0098,59,55,each,SIMULATED Odoo
2026-07-31T19:30:00Z,LK-S05,LK-P0099,70,70,g,SIMULATED Odoo
2026-07-31T19:30:00Z,LK-S05,LK-P0100,65,61,each,SIMULATED Odoo
2026-07-31T19:30:00Z,LK-S05,LK-P0101,42,41,kg,SIMULATED Odoo
2026-07-31T19:30:00Z,LK-S05,LK-P0102,19,21,l,SIMULATED Odoo
2026-07-31T19:30:00Z,LK-S05,LK-P0103,5,1,each,SIMULATED Odoo
2026-07-31T19:30:00Z,LK-S05,LK-P0104,64,64,g,SIMULATED Odoo
2026-07-31T19:30:00Z,LK-S05,LK-P0105,78,75,each,SIMULATED Odoo
2026-07-31T19:30:00Z,LK-S05,LK-P0106,87,87,kg,SIMULATED Odoo
2026-07-31T19:30:00Z,LK-S05,LK-P0107,49,46,l,SIMULATED Odoo
2026-07-31T19:30:00Z,LK-S05,LK-P0108,40,41,each,SIMULATED Odoo
2026-07-31T19:30:00Z,LK-S05,LK-P0109,35,31,g,SIMULATED Odoo
2026-07-31T19:30:00Z,LK-S05,LK-P0110,17,13,each,SIMULATED Odoo
2026-07-31T19:30:00Z,LK-S05,LK-P0111,1,0,kg,SIMULATED Odoo
2026-07-31T19:30:00Z,LK-S05,LK-P0112,45,47,l,SIMULATED Odoo
2026-07-31T19:30:00Z,LK-S05,LK-P0113,6,6,each,SIMULATED Odoo
2026-07-31T19:30:00Z,LK-S05,LK-P0114,4,0,g,SIMULATED Odoo
2026-07-31T19:30:00Z,LK-S05,LK-P0115,35,35,each,SIMULATED Odoo
2026-07-31T19:30:00Z,LK-S05,LK-P0116,14,15,kg,SIMULATED Odoo
2026-07-31T19:30:00Z,LK-S05,LK-P0117,19,20,l,SIMULATED Odoo
2026-07-31T19:30:00Z,LK-S05,LK-P0118,81,82,each,SIMULATED Odoo
2026-07-31T19:30:00Z,LK-S05,LK-P0119,49,49,g,SIMULATED Odoo
2026-07-31T19:30:00Z,LK-S05,LK-P0120,5,4,each,SIMULATED Odoo
2026-07-31T19:30:00Z,LK-S05,LK-P0121,70,70,kg,SIMULATED Odoo
2026-07-31T19:30:00Z,LK-S05,LK-P0122,44,40,l,SIMULATED Odoo
2026-07-31T19:30:00Z,LK-S05,LK-P0123,44,44,each,SIMULATED Odoo
2026-07-31T19:30:00Z,LK-S05,LK-P0124,32,33,g,SIMULATED Odoo
2026-07-31T19:30:00Z,LK-S05,LK-P0125,36,35,each,SIMULATED Odoo
2026-07-31T19:30:00Z,LK-S05,LK-P0126,51,51,kg,SIMULATED Odoo
2026-07-31T19:30:00Z,LK-S05,LK-P0127,72,73,l,SIMULATED Odoo
2026-07-31T19:30:00Z,LK-S05,LK-P0128,19,19,each,SIMULATED Odoo
2026-07-31T19:30:00Z,LK-S05,LK-P0129,66,63,g,SIMULATED Odoo
2026-07-31T19:30:00Z,LK-S05,LK-P0130,70,67,each,SIMULATED Odoo
2026-07-31T19:30:00Z,LK-S05,LK-P0131,58,57,kg,SIMULATED Odoo
2026-07-31T19:30:00Z,LK-S05,LK-P0132,0,0,l,SIMULATED Odoo
2026-07-31T19:30:00Z,LK-S05,LK-P0133,73,73,each,SIMULATED Odoo
2026-07-31T19:30:00Z,LK-S05,LK-P0134,60,61,g,SIMULATED Odoo
2026-07-31T19:30:00Z,LK-S05,LK-P0135,84,85,each,SIMULATED Odoo
2026-07-31T19:30:00Z,LK-S05,LK-P0136,0,1,kg,SIMULATED Odoo
2026-07-31T19:30:00Z,LK-S05,LK-P0137,82,82,l,SIMULATED Odoo
2026-07-31T19:30:00Z,LK-S05,LK-P0138,4,6,each,SIMULATED Odoo
2026-07-31T19:30:00Z,LK-S05,LK-P0139,66,62,g,SIMULATED Odoo
2026-07-31T19:30:00Z,LK-S05,LK-P0140,12,8,each,SIMULATED Odoo
2026-07-31T19:30:00Z,LK-S05,LK-P0141,40,40,kg,SIMULATED Odoo
2026-07-31T19:30:00Z,LK-S05,LK-P0142,87,87,l,SIMULATED Odoo
2026-07-31T19:30:00Z,LK-S05,LK-P0143,38,37,each,SIMULATED Odoo
2026-07-31T19:30:00Z,LK-S05,LK-P0144,86,86,g,SIMULATED Odoo
2026-07-31T19:30:00Z,LK-S05,LK-P0145,48,48,each,SIMULATED Odoo
2026-07-31T19:30:00Z,LK-S05,LK-P0146,11,11,kg,SIMULATED Odoo
2026-07-31T19:30:00Z,LK-S05,LK-P0147,49,45,l,SIMULATED Odoo
2026-07-31T19:30:00Z,LK-S05,LK-P0148,35,35,each,SIMULATED Odoo
2026-07-31T19:30:00Z,LK-S05,LK-P0149,0,0,g,SIMULATED Odoo
2026-07-31T19:30:00Z,LK-S05,LK-P0150,67,67,each,SIMULATED Odoo
2026-07-31T19:30:00Z,LK-S06,LK-P0001,13,15,kg,SIMULATED Odoo
2026-07-31T19:30:00Z,LK-S06,LK-P0002,68,65,l,SIMULATED Odoo
2026-07-31T19:30:00Z,LK-S06,LK-P0003,74,76,each,SIMULATED Odoo
2026-07-31T19:30:00Z,LK-S06,LK-P0004,13,13,g,SIMULATED Odoo
2026-07-31T19:30:00Z,LK-S06,LK-P0005,72,74,each,SIMULATED Odoo
2026-07-31T19:30:00Z,LK-S06,LK-P0006,3,0,kg,SIMULATED Odoo
2026-07-31T19:30:00Z,LK-S06,LK-P0007,71,72,l,SIMULATED Odoo
2026-07-31T19:30:00Z,LK-S06,LK-P0008,27,27,each,SIMULATED Odoo
2026-07-31T19:30:00Z,LK-S06,LK-P0009,73,73,g,SIMULATED Odoo
2026-07-31T19:30:00Z,LK-S06,LK-P0010,78,78,each,SIMULATED Odoo
2026-07-31T19:30:00Z,LK-S06,LK-P0011,13,9,kg,SIMULATED Odoo
2026-07-31T19:30:00Z,LK-S06,LK-P0012,26,22,l,SIMULATED Odoo
2026-07-31T19:30:00Z,LK-S06,LK-P0013,79,80,each,SIMULATED Odoo
2026-07-31T19:30:00Z,LK-S06,LK-P0014,77,79,g,SIMULATED Odoo
2026-07-31T19:30:00Z,LK-S06,LK-P0015,62,61,each,SIMULATED Odoo
2026-07-31T19:30:00Z,LK-S06,LK-P0016,81,77,kg,SIMULATED Odoo
2026-07-31T19:30:00Z,LK-S06,LK-P0017,41,43,l,SIMULATED Odoo
2026-07-31T19:30:00Z,LK-S06,LK-P0018,23,23,each,SIMULATED Odoo
2026-07-31T19:30:00Z,LK-S06,LK-P0019,73,73,g,SIMULATED Odoo
2026-07-31T19:30:00Z,LK-S06,LK-P0020,86,87,each,SIMULATED Odoo
2026-07-31T19:30:00Z,LK-S06,LK-P0021,9,9,kg,SIMULATED Odoo
2026-07-31T19:30:00Z,LK-S06,LK-P0022,72,72,l,SIMULATED Odoo
2026-07-31T19:30:00Z,LK-S06,LK-P0023,32,32,each,SIMULATED Odoo
2026-07-31T19:30:00Z,LK-S06,LK-P0024,65,67,g,SIMULATED Odoo
2026-07-31T19:30:00Z,LK-S06,LK-P0025,69,70,each,SIMULATED Odoo
2026-07-31T19:30:00Z,LK-S06,LK-P0026,55,54,kg,SIMULATED Odoo
2026-07-31T19:30:00Z,LK-S06,LK-P0027,27,23,l,SIMULATED Odoo
2026-07-31T19:30:00Z,LK-S06,LK-P0028,62,62,each,SIMULATED Odoo
2026-07-31T19:30:00Z,LK-S06,LK-P0029,36,35,g,SIMULATED Odoo
2026-07-31T19:30:00Z,LK-S06,LK-P0030,48,50,each,SIMULATED Odoo
2026-07-31T19:30:00Z,LK-S06,LK-P0031,63,65,kg,SIMULATED Odoo
2026-07-31T19:30:00Z,LK-S06,LK-P0032,59,59,l,SIMULATED Odoo
2026-07-31T19:30:00Z,LK-S06,LK-P0033,63,60,each,SIMULATED Odoo
2026-07-31T19:30:00Z,LK-S06,LK-P0034,33,29,g,SIMULATED Odoo
2026-07-31T19:30:00Z,LK-S06,LK-P0035,64,64,each,SIMULATED Odoo
2026-07-31T19:30:00Z,LK-S06,LK-P0036,56,52,kg,SIMULATED Odoo
2026-07-31T19:30:00Z,LK-S06,LK-P0037,61,61,l,SIMULATED Odoo
2026-07-31T19:30:00Z,LK-S06,LK-P0038,31,33,each,SIMULATED Odoo
2026-07-31T19:30:00Z,LK-S06,LK-P0039,71,71,g,SIMULATED Odoo
2026-07-31T19:30:00Z,LK-S06,LK-P0040,79,76,each,SIMULATED Odoo
2026-07-31T19:30:00Z,LK-S06,LK-P0041,29,28,kg,SIMULATED Odoo
2026-07-31T19:30:00Z,LK-S06,LK-P0042,22,18,l,SIMULATED Odoo
2026-07-31T19:30:00Z,LK-S06,LK-P0043,83,83,each,SIMULATED Odoo
2026-07-31T19:30:00Z,LK-S06,LK-P0044,55,57,g,SIMULATED Odoo
2026-07-31T19:30:00Z,LK-S06,LK-P0045,11,12,each,SIMULATED Odoo
2026-07-31T19:30:00Z,LK-S06,LK-P0046,9,11,kg,SIMULATED Odoo
2026-07-31T19:30:00Z,LK-S06,LK-P0047,54,54,l,SIMULATED Odoo
2026-07-31T19:30:00Z,LK-S06,LK-P0048,75,75,each,SIMULATED Odoo
2026-07-31T19:30:00Z,LK-S06,LK-P0049,20,19,g,SIMULATED Odoo
2026-07-31T19:30:00Z,LK-S06,LK-P0050,67,67,each,SIMULATED Odoo
2026-07-31T19:30:00Z,LK-S06,LK-P0051,85,85,kg,SIMULATED Odoo
2026-07-31T19:30:00Z,LK-S06,LK-P0052,6,6,l,SIMULATED Odoo
2026-07-31T19:30:00Z,LK-S06,LK-P0053,5,5,each,SIMULATED Odoo
2026-07-31T19:30:00Z,LK-S06,LK-P0054,43,42,g,SIMULATED Odoo
2026-07-31T19:30:00Z,LK-S06,LK-P0055,87,88,each,SIMULATED Odoo
2026-07-31T19:30:00Z,LK-S06,LK-P0056,82,79,kg,SIMULATED Odoo
2026-07-31T19:30:00Z,LK-S06,LK-P0057,45,45,l,SIMULATED Odoo
2026-07-31T19:30:00Z,LK-S06,LK-P0058,9,10,each,SIMULATED Odoo
2026-07-31T19:30:00Z,LK-S06,LK-P0059,42,43,g,SIMULATED Odoo
2026-07-31T19:30:00Z,LK-S06,LK-P0060,82,82,each,SIMULATED Odoo
2026-07-31T19:30:00Z,LK-S06,LK-P0061,61,57,kg,SIMULATED Odoo
2026-07-31T19:30:00Z,LK-S06,LK-P0062,65,67,l,SIMULATED Odoo
2026-07-31T19:30:00Z,LK-S06,LK-P0063,15,15,each,SIMULATED Odoo
2026-07-31T19:30:00Z,LK-S06,LK-P0064,61,57,g,SIMULATED Odoo
2026-07-31T19:30:00Z,LK-S06,LK-P0065,78,80,each,SIMULATED Odoo
2026-07-31T19:30:00Z,LK-S06,LK-P0066,75,75,kg,SIMULATED Odoo
2026-07-31T19:30:00Z,LK-S06,LK-P0067,79,81,l,SIMULATED Odoo
2026-07-31T19:30:00Z,LK-S06,LK-P0068,40,40,each,SIMULATED Odoo
2026-07-31T19:30:00Z,LK-S06,LK-P0069,69,69,g,SIMULATED Odoo
2026-07-31T19:30:00Z,LK-S06,LK-P0070,11,8,each,SIMULATED Odoo
2026-07-31T19:30:00Z,LK-S06,LK-P0071,44,45,kg,SIMULATED Odoo
2026-07-31T19:30:00Z,LK-S06,LK-P0072,33,33,l,SIMULATED Odoo
2026-07-31T19:30:00Z,LK-S06,LK-P0073,9,6,each,SIMULATED Odoo
2026-07-31T19:30:00Z,LK-S06,LK-P0074,44,44,g,SIMULATED Odoo
2026-07-31T19:30:00Z,LK-S06,LK-P0075,84,84,each,SIMULATED Odoo
2026-07-31T19:30:00Z,LK-S06,LK-P0076,73,73,kg,SIMULATED Odoo
2026-07-31T19:30:00Z,LK-S06,LK-P0077,18,20,l,SIMULATED Odoo
2026-07-31T19:30:00Z,LK-S06,LK-P0078,37,37,each,SIMULATED Odoo
2026-07-31T19:30:00Z,LK-S06,LK-P0079,10,10,g,SIMULATED Odoo
2026-07-31T19:30:00Z,LK-S06,LK-P0080,73,69,each,SIMULATED Odoo
2026-07-31T19:30:00Z,LK-S06,LK-P0081,82,82,kg,SIMULATED Odoo
2026-07-31T19:30:00Z,LK-S06,LK-P0082,80,77,l,SIMULATED Odoo
2026-07-31T19:30:00Z,LK-S06,LK-P0083,33,33,each,SIMULATED Odoo
2026-07-31T19:30:00Z,LK-S06,LK-P0084,72,72,g,SIMULATED Odoo
2026-07-31T19:30:00Z,LK-S06,LK-P0085,54,51,each,SIMULATED Odoo
2026-07-31T19:30:00Z,LK-S06,LK-P0086,62,59,kg,SIMULATED Odoo
2026-07-31T19:30:00Z,LK-S06,LK-P0087,4,6,l,SIMULATED Odoo
2026-07-31T19:30:00Z,LK-S06,LK-P0088,70,70,each,SIMULATED Odoo
2026-07-31T19:30:00Z,LK-S06,LK-P0089,0,0,g,SIMULATED Odoo
2026-07-31T19:30:00Z,LK-S06,LK-P0090,75,77,each,SIMULATED Odoo
2026-07-31T19:30:00Z,LK-S06,LK-P0091,37,38,kg,SIMULATED Odoo
2026-07-31T19:30:00Z,LK-S06,LK-P0092,89,91,l,SIMULATED Odoo
2026-07-31T19:30:00Z,LK-S06,LK-P0093,51,52,each,SIMULATED Odoo
2026-07-31T19:30:00Z,LK-S06,LK-P0094,4,6,g,SIMULATED Odoo
2026-07-31T19:30:00Z,LK-S06,LK-P0095,7,4,each,SIMULATED Odoo
2026-07-31T19:30:00Z,LK-S06,LK-P0096,74,74,kg,SIMULATED Odoo
2026-07-31T19:30:00Z,LK-S06,LK-P0097,77,73,l,SIMULATED Odoo
2026-07-31T19:30:00Z,LK-S06,LK-P0098,47,44,each,SIMULATED Odoo
2026-07-31T19:30:00Z,LK-S06,LK-P0099,27,24,g,SIMULATED Odoo
2026-07-31T19:30:00Z,LK-S06,LK-P0100,36,33,each,SIMULATED Odoo
2026-07-31T19:30:00Z,LK-S06,LK-P0101,41,43,kg,SIMULATED Odoo
2026-07-31T19:30:00Z,LK-S06,LK-P0102,88,90,l,SIMULATED Odoo
2026-07-31T19:30:00Z,LK-S06,LK-P0103,31,28,each,SIMULATED Odoo
2026-07-31T19:30:00Z,LK-S06,LK-P0104,54,55,g,SIMULATED Odoo
2026-07-31T19:30:00Z,LK-S06,LK-P0105,49,49,each,SIMULATED Odoo
2026-07-31T19:30:00Z,LK-S06,LK-P0106,51,51,kg,SIMULATED Odoo
2026-07-31T19:30:00Z,LK-S06,LK-P0107,74,73,l,SIMULATED Odoo
2026-07-31T19:30:00Z,LK-S06,LK-P0108,47,43,each,SIMULATED Odoo
2026-07-31T19:30:00Z,LK-S06,LK-P0109,65,65,g,SIMULATED Odoo
2026-07-31T19:30:00Z,LK-S06,LK-P0110,31,33,each,SIMULATED Odoo
2026-07-31T19:30:00Z,LK-S06,LK-P0111,18,18,kg,SIMULATED Odoo
2026-07-31T19:30:00Z,LK-S06,LK-P0112,70,70,l,SIMULATED Odoo
2026-07-31T19:30:00Z,LK-S06,LK-P0113,53,52,each,SIMULATED Odoo
2026-07-31T19:30:00Z,LK-S06,LK-P0114,3,4,g,SIMULATED Odoo
2026-07-31T19:30:00Z,LK-S06,LK-P0115,33,29,each,SIMULATED Odoo
2026-07-31T19:30:00Z,LK-S06,LK-P0116,50,49,kg,SIMULATED Odoo
2026-07-31T19:30:00Z,LK-S06,LK-P0117,56,52,l,SIMULATED Odoo
2026-07-31T19:30:00Z,LK-S06,LK-P0118,12,12,each,SIMULATED Odoo
2026-07-31T19:30:00Z,LK-S06,LK-P0119,79,78,g,SIMULATED Odoo
2026-07-31T19:30:00Z,LK-S06,LK-P0120,83,82,each,SIMULATED Odoo
2026-07-31T19:30:00Z,LK-S06,LK-P0121,40,41,kg,SIMULATED Odoo
2026-07-31T19:30:00Z,LK-S06,LK-P0122,75,77,l,SIMULATED Odoo
2026-07-31T19:30:00Z,LK-S06,LK-P0123,5,2,each,SIMULATED Odoo
2026-07-31T19:30:00Z,LK-S06,LK-P0124,67,67,g,SIMULATED Odoo
2026-07-31T19:30:00Z,LK-S06,LK-P0125,35,35,each,SIMULATED Odoo
2026-07-31T19:30:00Z,LK-S06,LK-P0126,39,39,kg,SIMULATED Odoo
2026-07-31T19:30:00Z,LK-S06,LK-P0127,75,74,l,SIMULATED Odoo
2026-07-31T19:30:00Z,LK-S06,LK-P0128,78,75,each,SIMULATED Odoo
2026-07-31T19:30:00Z,LK-S06,LK-P0129,90,90,g,SIMULATED Odoo
2026-07-31T19:30:00Z,LK-S06,LK-P0130,67,69,each,SIMULATED Odoo
2026-07-31T19:30:00Z,LK-S06,LK-P0131,36,36,kg,SIMULATED Odoo
2026-07-31T19:30:00Z,LK-S06,LK-P0132,15,14,l,SIMULATED Odoo
2026-07-31T19:30:00Z,LK-S06,LK-P0133,72,72,each,SIMULATED Odoo
2026-07-31T19:30:00Z,LK-S06,LK-P0134,60,62,g,SIMULATED Odoo
2026-07-31T19:30:00Z,LK-S06,LK-P0135,76,78,each,SIMULATED Odoo
2026-07-31T19:30:00Z,LK-S06,LK-P0136,38,35,kg,SIMULATED Odoo
2026-07-31T19:30:00Z,LK-S06,LK-P0137,13,13,l,SIMULATED Odoo
2026-07-31T19:30:00Z,LK-S06,LK-P0138,42,44,each,SIMULATED Odoo
2026-07-31T19:30:00Z,LK-S06,LK-P0139,61,63,g,SIMULATED Odoo
2026-07-31T19:30:00Z,LK-S06,LK-P0140,27,29,each,SIMULATED Odoo
2026-07-31T19:30:00Z,LK-S06,LK-P0141,58,59,kg,SIMULATED Odoo
2026-07-31T19:30:00Z,LK-S06,LK-P0142,11,13,l,SIMULATED Odoo
2026-07-31T19:30:00Z,LK-S06,LK-P0143,62,64,each,SIMULATED Odoo
2026-07-31T19:30:00Z,LK-S06,LK-P0144,76,76,g,SIMULATED Odoo
2026-07-31T19:30:00Z,LK-S06,LK-P0145,14,14,each,SIMULATED Odoo
2026-07-31T19:30:00Z,LK-S06,LK-P0146,82,83,kg,SIMULATED Odoo
2026-07-31T19:30:00Z,LK-S06,LK-P0147,85,81,l,SIMULATED Odoo
2026-07-31T19:30:00Z,LK-S06,LK-P0148,63,63,each,SIMULATED Odoo
2026-07-31T19:30:00Z,LK-S06,LK-P0149,26,23,g,SIMULATED Odoo
2026-07-31T19:30:00Z,LK-S06,LK-P0150,16,17,each,SIMULATED Odoo
2026-07-31T19:30:00Z,LK-S07,LK-P0001,38,34,kg,SIMULATED Odoo
2026-07-31T19:30:00Z,LK-S07,LK-P0002,52,52,l,SIMULATED Odoo
2026-07-31T19:30:00Z,LK-S07,LK-P0003,41,38,each,SIMULATED Odoo
2026-07-31T19:30:00Z,LK-S07,LK-P0004,13,13,g,SIMULATED Odoo
2026-07-31T19:30:00Z,LK-S07,LK-P0005,90,92,each,SIMULATED Odoo
2026-07-31T19:30:00Z,LK-S07,LK-P0006,23,25,kg,SIMULATED Odoo
2026-07-31T19:30:00Z,LK-S07,LK-P0007,3,3,l,SIMULATED Odoo
2026-07-31T19:30:00Z,LK-S07,LK-P0008,35,37,each,SIMULATED Odoo
2026-07-31T19:30:00Z,LK-S07,LK-P0009,37,37,g,SIMULATED Odoo
2026-07-31T19:30:00Z,LK-S07,LK-P0010,11,12,each,SIMULATED Odoo
2026-07-31T19:30:00Z,LK-S07,LK-P0011,79,80,kg,SIMULATED Odoo
2026-07-31T19:30:00Z,LK-S07,LK-P0012,78,79,l,SIMULATED Odoo
2026-07-31T19:30:00Z,LK-S07,LK-P0013,9,9,each,SIMULATED Odoo
2026-07-31T19:30:00Z,LK-S07,LK-P0014,70,70,g,SIMULATED Odoo
2026-07-31T19:30:00Z,LK-S07,LK-P0015,7,7,each,SIMULATED Odoo
2026-07-31T19:30:00Z,LK-S07,LK-P0016,50,50,kg,SIMULATED Odoo
2026-07-31T19:30:00Z,LK-S07,LK-P0017,33,33,l,SIMULATED Odoo
2026-07-31T19:30:00Z,LK-S07,LK-P0018,68,68,each,SIMULATED Odoo
2026-07-31T19:30:00Z,LK-S07,LK-P0019,60,60,g,SIMULATED Odoo
2026-07-31T19:30:00Z,LK-S07,LK-P0020,45,46,each,SIMULATED Odoo
2026-07-31T19:30:00Z,LK-S07,LK-P0021,7,7,kg,SIMULATED Odoo
2026-07-31T19:30:00Z,LK-S07,LK-P0022,90,90,l,SIMULATED Odoo
2026-07-31T19:30:00Z,LK-S07,LK-P0023,85,87,each,SIMULATED Odoo
2026-07-31T19:30:00Z,LK-S07,LK-P0024,8,8,g,SIMULATED Odoo
2026-07-31T19:30:00Z,LK-S07,LK-P0025,64,65,each,SIMULATED Odoo
2026-07-31T19:30:00Z,LK-S07,LK-P0026,10,11,kg,SIMULATED Odoo
2026-07-31T19:30:00Z,LK-S07,LK-P0027,11,8,l,SIMULATED Odoo
2026-07-31T19:30:00Z,LK-S07,LK-P0028,0,0,each,SIMULATED Odoo
2026-07-31T19:30:00Z,LK-S07,LK-P0029,6,7,g,SIMULATED Odoo
2026-07-31T19:30:00Z,LK-S07,LK-P0030,38,38,each,SIMULATED Odoo
2026-07-31T19:30:00Z,LK-S07,LK-P0031,88,90,kg,SIMULATED Odoo
2026-07-31T19:30:00Z,LK-S07,LK-P0032,54,50,l,SIMULATED Odoo
2026-07-31T19:30:00Z,LK-S07,LK-P0033,41,37,each,SIMULATED Odoo
2026-07-31T19:30:00Z,LK-S07,LK-P0034,67,67,g,SIMULATED Odoo
2026-07-31T19:30:00Z,LK-S07,LK-P0035,70,70,each,SIMULATED Odoo
2026-07-31T19:30:00Z,LK-S07,LK-P0036,60,57,kg,SIMULATED Odoo
2026-07-31T19:30:00Z,LK-S07,LK-P0037,56,52,l,SIMULATED Odoo
2026-07-31T19:30:00Z,LK-S07,LK-P0038,14,14,each,SIMULATED Odoo
2026-07-31T19:30:00Z,LK-S07,LK-P0039,12,12,g,SIMULATED Odoo
2026-07-31T19:30:00Z,LK-S07,LK-P0040,0,0,each,SIMULATED Odoo
2026-07-31T19:30:00Z,LK-S07,LK-P0041,28,28,kg,SIMULATED Odoo
2026-07-31T19:30:00Z,LK-S07,LK-P0042,66,65,l,SIMULATED Odoo
2026-07-31T19:30:00Z,LK-S07,LK-P0043,82,79,each,SIMULATED Odoo
2026-07-31T19:30:00Z,LK-S07,LK-P0044,9,6,g,SIMULATED Odoo
2026-07-31T19:30:00Z,LK-S07,LK-P0045,83,80,each,SIMULATED Odoo
2026-07-31T19:30:00Z,LK-S07,LK-P0046,82,82,kg,SIMULATED Odoo
2026-07-31T19:30:00Z,LK-S07,LK-P0047,9,5,l,SIMULATED Odoo
2026-07-31T19:30:00Z,LK-S07,LK-P0048,69,69,each,SIMULATED Odoo
2026-07-31T19:30:00Z,LK-S07,LK-P0049,7,9,g,SIMULATED Odoo
2026-07-31T19:30:00Z,LK-S07,LK-P0050,13,12,each,SIMULATED Odoo
2026-07-31T19:30:00Z,LK-S07,LK-P0051,54,54,kg,SIMULATED Odoo
2026-07-31T19:30:00Z,LK-S07,LK-P0052,56,58,l,SIMULATED Odoo
2026-07-31T19:30:00Z,LK-S07,LK-P0053,46,43,each,SIMULATED Odoo
2026-07-31T19:30:00Z,LK-S07,LK-P0054,78,74,g,SIMULATED Odoo
2026-07-31T19:30:00Z,LK-S07,LK-P0055,19,20,each,SIMULATED Odoo
2026-07-31T19:30:00Z,LK-S07,LK-P0056,88,88,kg,SIMULATED Odoo
2026-07-31T19:30:00Z,LK-S07,LK-P0057,66,62,l,SIMULATED Odoo
2026-07-31T19:30:00Z,LK-S07,LK-P0058,18,19,each,SIMULATED Odoo
2026-07-31T19:30:00Z,LK-S07,LK-P0059,38,37,g,SIMULATED Odoo
2026-07-31T19:30:00Z,LK-S07,LK-P0060,49,46,each,SIMULATED Odoo
2026-07-31T19:30:00Z,LK-S07,LK-P0061,50,51,kg,SIMULATED Odoo
2026-07-31T19:30:00Z,LK-S07,LK-P0062,38,39,l,SIMULATED Odoo
2026-07-31T19:30:00Z,LK-S07,LK-P0063,64,63,each,SIMULATED Odoo
2026-07-31T19:30:00Z,LK-S07,LK-P0064,59,59,g,SIMULATED Odoo
2026-07-31T19:30:00Z,LK-S07,LK-P0065,68,69,each,SIMULATED Odoo
2026-07-31T19:30:00Z,LK-S07,LK-P0066,9,9,kg,SIMULATED Odoo
2026-07-31T19:30:00Z,LK-S07,LK-P0067,57,57,l,SIMULATED Odoo
2026-07-31T19:30:00Z,LK-S07,LK-P0068,13,15,each,SIMULATED Odoo
2026-07-31T19:30:00Z,LK-S07,LK-P0069,31,30,g,SIMULATED Odoo
2026-07-31T19:30:00Z,LK-S07,LK-P0070,84,81,each,SIMULATED Odoo
2026-07-31T19:30:00Z,LK-S07,LK-P0071,23,23,kg,SIMULATED Odoo
2026-07-31T19:30:00Z,LK-S07,LK-P0072,88,84,l,SIMULATED Odoo
2026-07-31T19:30:00Z,LK-S07,LK-P0073,35,32,each,SIMULATED Odoo
2026-07-31T19:30:00Z,LK-S07,LK-P0074,37,33,g,SIMULATED Odoo
2026-07-31T19:30:00Z,LK-S07,LK-P0075,54,54,each,SIMULATED Odoo
2026-07-31T19:30:00Z,LK-S07,LK-P0076,5,5,kg,SIMULATED Odoo
2026-07-31T19:30:00Z,LK-S07,LK-P0077,13,15,l,SIMULATED Odoo
2026-07-31T19:30:00Z,LK-S07,LK-P0078,36,38,each,SIMULATED Odoo
2026-07-31T19:30:00Z,LK-S07,LK-P0079,36,36,g,SIMULATED Odoo
2026-07-31T19:30:00Z,LK-S07,LK-P0080,38,38,each,SIMULATED Odoo
2026-07-31T19:30:00Z,LK-S07,LK-P0081,51,48,kg,SIMULATED Odoo
2026-07-31T19:30:00Z,LK-S07,LK-P0082,32,29,l,SIMULATED Odoo
2026-07-31T19:30:00Z,LK-S07,LK-P0083,15,12,each,SIMULATED Odoo
2026-07-31T19:30:00Z,LK-S07,LK-P0084,72,72,g,SIMULATED Odoo
2026-07-31T19:30:00Z,LK-S07,LK-P0085,31,28,each,SIMULATED Odoo
2026-07-31T19:30:00Z,LK-S07,LK-P0086,85,85,kg,SIMULATED Odoo
2026-07-31T19:30:00Z,LK-S07,LK-P0087,79,75,l,SIMULATED Odoo
2026-07-31T19:30:00Z,LK-S07,LK-P0088,56,56,each,SIMULATED Odoo
2026-07-31T19:30:00Z,LK-S07,LK-P0089,11,11,g,SIMULATED Odoo
2026-07-31T19:30:00Z,LK-S07,LK-P0090,7,4,each,SIMULATED Odoo
2026-07-31T19:30:00Z,LK-S07,LK-P0091,70,70,kg,SIMULATED Odoo
2026-07-31T19:30:00Z,LK-S07,LK-P0092,74,75,l,SIMULATED Odoo
2026-07-31T19:30:00Z,LK-S07,LK-P0093,74,74,each,SIMULATED Odoo
2026-07-31T19:30:00Z,LK-S07,LK-P0094,47,46,g,SIMULATED Odoo
2026-07-31T19:30:00Z,LK-S07,LK-P0095,66,66,each,SIMULATED Odoo
2026-07-31T19:30:00Z,LK-S07,LK-P0096,56,56,kg,SIMULATED Odoo
2026-07-31T19:30:00Z,LK-S07,LK-P0097,76,76,l,SIMULATED Odoo
2026-07-31T19:30:00Z,LK-S07,LK-P0098,1,1,each,SIMULATED Odoo
2026-07-31T19:30:00Z,LK-S07,LK-P0099,57,54,g,SIMULATED Odoo
2026-07-31T19:30:00Z,LK-S07,LK-P0100,5,4,each,SIMULATED Odoo
2026-07-31T19:30:00Z,LK-S07,LK-P0101,56,57,kg,SIMULATED Odoo
2026-07-31T19:30:00Z,LK-S07,LK-P0102,50,50,l,SIMULATED Odoo
2026-07-31T19:30:00Z,LK-S07,LK-P0103,45,45,each,SIMULATED Odoo
2026-07-31T19:30:00Z,LK-S07,LK-P0104,37,33,g,SIMULATED Odoo
2026-07-31T19:30:00Z,LK-S07,LK-P0105,71,68,each,SIMULATED Odoo
2026-07-31T19:30:00Z,LK-S07,LK-P0106,66,66,kg,SIMULATED Odoo
2026-07-31T19:30:00Z,LK-S07,LK-P0107,1,1,l,SIMULATED Odoo
2026-07-31T19:30:00Z,LK-S07,LK-P0108,54,54,each,SIMULATED Odoo
2026-07-31T19:30:00Z,LK-S07,LK-P0109,32,33,g,SIMULATED Odoo
2026-07-31T19:30:00Z,LK-S07,LK-P0110,38,37,each,SIMULATED Odoo
2026-07-31T19:30:00Z,LK-S07,LK-P0111,55,51,kg,SIMULATED Odoo
2026-07-31T19:30:00Z,LK-S07,LK-P0112,37,36,l,SIMULATED Odoo
2026-07-31T19:30:00Z,LK-S07,LK-P0113,41,42,each,SIMULATED Odoo
2026-07-31T19:30:00Z,LK-S07,LK-P0114,32,32,g,SIMULATED Odoo
2026-07-31T19:30:00Z,LK-S07,LK-P0115,4,4,each,SIMULATED Odoo
2026-07-31T19:30:00Z,LK-S07,LK-P0116,60,60,kg,SIMULATED Odoo
2026-07-31T19:30:00Z,LK-S07,LK-P0117,45,44,l,SIMULATED Odoo
2026-07-31T19:30:00Z,LK-S07,LK-P0118,52,53,each,SIMULATED Odoo
2026-07-31T19:30:00Z,LK-S07,LK-P0119,47,46,g,SIMULATED Odoo
2026-07-31T19:30:00Z,LK-S07,LK-P0120,88,88,each,SIMULATED Odoo
2026-07-31T19:30:00Z,LK-S07,LK-P0121,45,41,kg,SIMULATED Odoo
2026-07-31T19:30:00Z,LK-S07,LK-P0122,19,21,l,SIMULATED Odoo
2026-07-31T19:30:00Z,LK-S07,LK-P0123,8,8,each,SIMULATED Odoo
2026-07-31T19:30:00Z,LK-S07,LK-P0124,84,80,g,SIMULATED Odoo
2026-07-31T19:30:00Z,LK-S07,LK-P0125,2,3,each,SIMULATED Odoo
2026-07-31T19:30:00Z,LK-S07,LK-P0126,29,29,kg,SIMULATED Odoo
2026-07-31T19:30:00Z,LK-S07,LK-P0127,2,2,l,SIMULATED Odoo
2026-07-31T19:30:00Z,LK-S07,LK-P0128,19,19,each,SIMULATED Odoo
2026-07-31T19:30:00Z,LK-S07,LK-P0129,1,3,g,SIMULATED Odoo
2026-07-31T19:30:00Z,LK-S07,LK-P0130,55,56,each,SIMULATED Odoo
2026-07-31T19:30:00Z,LK-S07,LK-P0131,87,88,kg,SIMULATED Odoo
2026-07-31T19:30:00Z,LK-S07,LK-P0132,38,34,l,SIMULATED Odoo
2026-07-31T19:30:00Z,LK-S07,LK-P0133,89,89,each,SIMULATED Odoo
2026-07-31T19:30:00Z,LK-S07,LK-P0134,38,38,g,SIMULATED Odoo
2026-07-31T19:30:00Z,LK-S07,LK-P0135,74,71,each,SIMULATED Odoo
2026-07-31T19:30:00Z,LK-S07,LK-P0136,89,90,kg,SIMULATED Odoo
2026-07-31T19:30:00Z,LK-S07,LK-P0137,26,27,l,SIMULATED Odoo
2026-07-31T19:30:00Z,LK-S07,LK-P0138,66,63,each,SIMULATED Odoo
2026-07-31T19:30:00Z,LK-S07,LK-P0139,29,30,g,SIMULATED Odoo
2026-07-31T19:30:00Z,LK-S07,LK-P0140,62,62,each,SIMULATED Odoo
2026-07-31T19:30:00Z,LK-S07,LK-P0141,84,86,kg,SIMULATED Odoo
2026-07-31T19:30:00Z,LK-S07,LK-P0142,82,78,l,SIMULATED Odoo
2026-07-31T19:30:00Z,LK-S07,LK-P0143,27,27,each,SIMULATED Odoo
2026-07-31T19:30:00Z,LK-S07,LK-P0144,1,0,g,SIMULATED Odoo
2026-07-31T19:30:00Z,LK-S07,LK-P0145,5,5,each,SIMULATED Odoo
2026-07-31T19:30:00Z,LK-S07,LK-P0146,82,82,kg,SIMULATED Odoo
2026-07-31T19:30:00Z,LK-S07,LK-P0147,11,11,l,SIMULATED Odoo
2026-07-31T19:30:00Z,LK-S07,LK-P0148,66,66,each,SIMULATED Odoo
2026-07-31T19:30:00Z,LK-S07,LK-P0149,81,81,g,SIMULATED Odoo
2026-07-31T19:30:00Z,LK-S07,LK-P0150,19,18,each,SIMULATED Odoo
2026-07-31T19:30:00Z,LK-S08,LK-P0001,43,45,kg,SIMULATED Odoo
2026-07-31T19:30:00Z,LK-S08,LK-P0002,78,78,l,SIMULATED Odoo
2026-07-31T19:30:00Z,LK-S08,LK-P0003,19,18,each,SIMULATED Odoo
2026-07-31T19:30:00Z,LK-S08,LK-P0004,60,60,g,SIMULATED Odoo
2026-07-31T19:30:00Z,LK-S08,LK-P0005,30,30,each,SIMULATED Odoo
2026-07-31T19:30:00Z,LK-S08,LK-P0006,37,37,kg,SIMULATED Odoo
2026-07-31T19:30:00Z,LK-S08,LK-P0007,17,13,l,SIMULATED Odoo
2026-07-31T19:30:00Z,LK-S08,LK-P0008,89,89,each,SIMULATED Odoo
2026-07-31T19:30:00Z,LK-S08,LK-P0009,73,73,g,SIMULATED Odoo
2026-07-31T19:30:00Z,LK-S08,LK-P0010,48,47,each,SIMULATED Odoo
2026-07-31T19:30:00Z,LK-S08,LK-P0011,22,18,kg,SIMULATED Odoo
2026-07-31T19:30:00Z,LK-S08,LK-P0012,89,86,l,SIMULATED Odoo
2026-07-31T19:30:00Z,LK-S08,LK-P0013,60,56,each,SIMULATED Odoo
2026-07-31T19:30:00Z,LK-S08,LK-P0014,47,43,g,SIMULATED Odoo
2026-07-31T19:30:00Z,LK-S08,LK-P0015,72,74,each,SIMULATED Odoo
2026-07-31T19:30:00Z,LK-S08,LK-P0016,85,85,kg,SIMULATED Odoo
2026-07-31T19:30:00Z,LK-S08,LK-P0017,2,2,l,SIMULATED Odoo
2026-07-31T19:30:00Z,LK-S08,LK-P0018,87,86,each,SIMULATED Odoo
2026-07-31T19:30:00Z,LK-S08,LK-P0019,27,27,g,SIMULATED Odoo
2026-07-31T19:30:00Z,LK-S08,LK-P0020,37,39,each,SIMULATED Odoo
2026-07-31T19:30:00Z,LK-S08,LK-P0021,6,6,kg,SIMULATED Odoo
2026-07-31T19:30:00Z,LK-S08,LK-P0022,32,31,l,SIMULATED Odoo
2026-07-31T19:30:00Z,LK-S08,LK-P0023,81,78,each,SIMULATED Odoo
2026-07-31T19:30:00Z,LK-S08,LK-P0024,57,57,g,SIMULATED Odoo
2026-07-31T19:30:00Z,LK-S08,LK-P0025,61,63,each,SIMULATED Odoo
2026-07-31T19:30:00Z,LK-S08,LK-P0026,20,22,kg,SIMULATED Odoo
2026-07-31T19:30:00Z,LK-S08,LK-P0027,39,39,l,SIMULATED Odoo
2026-07-31T19:30:00Z,LK-S08,LK-P0028,68,68,each,SIMULATED Odoo
2026-07-31T19:30:00Z,LK-S08,LK-P0029,12,8,g,SIMULATED Odoo
2026-07-31T19:30:00Z,LK-S08,LK-P0030,50,50,each,SIMULATED Odoo
2026-07-31T19:30:00Z,LK-S08,LK-P0031,42,39,kg,SIMULATED Odoo
2026-07-31T19:30:00Z,LK-S08,LK-P0032,6,7,l,SIMULATED Odoo
2026-07-31T19:30:00Z,LK-S08,LK-P0033,13,15,each,SIMULATED Odoo
2026-07-31T19:30:00Z,LK-S08,LK-P0034,74,73,g,SIMULATED Odoo
2026-07-31T19:30:00Z,LK-S08,LK-P0035,14,13,each,SIMULATED Odoo
2026-07-31T19:30:00Z,LK-S08,LK-P0036,16,13,kg,SIMULATED Odoo
2026-07-31T19:30:00Z,LK-S08,LK-P0037,25,24,l,SIMULATED Odoo
2026-07-31T19:30:00Z,LK-S08,LK-P0038,59,55,each,SIMULATED Odoo
2026-07-31T19:30:00Z,LK-S08,LK-P0039,2,3,g,SIMULATED Odoo
2026-07-31T19:30:00Z,LK-S08,LK-P0040,46,48,each,SIMULATED Odoo
2026-07-31T19:30:00Z,LK-S08,LK-P0041,87,86,kg,SIMULATED Odoo
2026-07-31T19:30:00Z,LK-S08,LK-P0042,81,81,l,SIMULATED Odoo
2026-07-31T19:30:00Z,LK-S08,LK-P0043,56,56,each,SIMULATED Odoo
2026-07-31T19:30:00Z,LK-S08,LK-P0044,42,43,g,SIMULATED Odoo
2026-07-31T19:30:00Z,LK-S08,LK-P0045,68,68,each,SIMULATED Odoo
2026-07-31T19:30:00Z,LK-S08,LK-P0046,44,44,kg,SIMULATED Odoo
2026-07-31T19:30:00Z,LK-S08,LK-P0047,40,36,l,SIMULATED Odoo
2026-07-31T19:30:00Z,LK-S08,LK-P0048,28,25,each,SIMULATED Odoo
2026-07-31T19:30:00Z,LK-S08,LK-P0049,34,35,g,SIMULATED Odoo
2026-07-31T19:30:00Z,LK-S08,LK-P0050,69,66,each,SIMULATED Odoo
2026-07-31T19:30:00Z,LK-S08,LK-P0051,3,4,kg,SIMULATED Odoo
2026-07-31T19:30:00Z,LK-S08,LK-P0052,19,19,l,SIMULATED Odoo
2026-07-31T19:30:00Z,LK-S08,LK-P0053,75,77,each,SIMULATED Odoo
2026-07-31T19:30:00Z,LK-S08,LK-P0054,48,49,g,SIMULATED Odoo
2026-07-31T19:30:00Z,LK-S08,LK-P0055,21,21,each,SIMULATED Odoo
2026-07-31T19:30:00Z,LK-S08,LK-P0056,37,39,kg,SIMULATED Odoo
2026-07-31T19:30:00Z,LK-S08,LK-P0057,55,55,l,SIMULATED Odoo
2026-07-31T19:30:00Z,LK-S08,LK-P0058,90,91,each,SIMULATED Odoo
2026-07-31T19:30:00Z,LK-S08,LK-P0059,48,45,g,SIMULATED Odoo
2026-07-31T19:30:00Z,LK-S08,LK-P0060,13,12,each,SIMULATED Odoo
2026-07-31T19:30:00Z,LK-S08,LK-P0061,85,86,kg,SIMULATED Odoo
2026-07-31T19:30:00Z,LK-S08,LK-P0062,12,14,l,SIMULATED Odoo
2026-07-31T19:30:00Z,LK-S08,LK-P0063,56,53,each,SIMULATED Odoo
2026-07-31T19:30:00Z,LK-S08,LK-P0064,60,60,g,SIMULATED Odoo
2026-07-31T19:30:00Z,LK-S08,LK-P0065,1,0,each,SIMULATED Odoo
2026-07-31T19:30:00Z,LK-S08,LK-P0066,71,70,kg,SIMULATED Odoo
2026-07-31T19:30:00Z,LK-S08,LK-P0067,59,56,l,SIMULATED Odoo
2026-07-31T19:30:00Z,LK-S08,LK-P0068,41,41,each,SIMULATED Odoo
2026-07-31T19:30:00Z,LK-S08,LK-P0069,20,21,g,SIMULATED Odoo
2026-07-31T19:30:00Z,LK-S08,LK-P0070,79,79,each,SIMULATED Odoo
2026-07-31T19:30:00Z,LK-S08,LK-P0071,15,11,kg,SIMULATED Odoo
2026-07-31T19:30:00Z,LK-S08,LK-P0072,83,84,l,SIMULATED Odoo
2026-07-31T19:30:00Z,LK-S08,LK-P0073,71,71,each,SIMULATED Odoo
2026-07-31T19:30:00Z,LK-S08,LK-P0074,77,76,g,SIMULATED Odoo
2026-07-31T19:30:00Z,LK-S08,LK-P0075,21,18,each,SIMULATED Odoo
2026-07-31T19:30:00Z,LK-S08,LK-P0076,62,62,kg,SIMULATED Odoo
2026-07-31T19:30:00Z,LK-S08,LK-P0077,62,62,l,SIMULATED Odoo
2026-07-31T19:30:00Z,LK-S08,LK-P0078,30,32,each,SIMULATED Odoo
2026-07-31T19:30:00Z,LK-S08,LK-P0079,65,65,g,SIMULATED Odoo
2026-07-31T19:30:00Z,LK-S08,LK-P0080,32,31,each,SIMULATED Odoo
2026-07-31T19:30:00Z,LK-S08,LK-P0081,58,55,kg,SIMULATED Odoo
2026-07-31T19:30:00Z,LK-S08,LK-P0082,13,13,l,SIMULATED Odoo
2026-07-31T19:30:00Z,LK-S08,LK-P0083,61,61,each,SIMULATED Odoo
2026-07-31T19:30:00Z,LK-S08,LK-P0084,82,84,g,SIMULATED Odoo
2026-07-31T19:30:00Z,LK-S08,LK-P0085,51,52,each,SIMULATED Odoo
2026-07-31T19:30:00Z,LK-S08,LK-P0086,29,29,kg,SIMULATED Odoo
2026-07-31T19:30:00Z,LK-S08,LK-P0087,14,16,l,SIMULATED Odoo
2026-07-31T19:30:00Z,LK-S08,LK-P0088,17,17,each,SIMULATED Odoo
2026-07-31T19:30:00Z,LK-S08,LK-P0089,28,27,g,SIMULATED Odoo
2026-07-31T19:30:00Z,LK-S08,LK-P0090,9,8,each,SIMULATED Odoo
2026-07-31T19:30:00Z,LK-S08,LK-P0091,32,32,kg,SIMULATED Odoo
2026-07-31T19:30:00Z,LK-S08,LK-P0092,0,0,l,SIMULATED Odoo
2026-07-31T19:30:00Z,LK-S08,LK-P0093,12,9,each,SIMULATED Odoo
2026-07-31T19:30:00Z,LK-S08,LK-P0094,37,37,g,SIMULATED Odoo
2026-07-31T19:30:00Z,LK-S08,LK-P0095,1,0,each,SIMULATED Odoo
2026-07-31T19:30:00Z,LK-S08,LK-P0096,14,14,kg,SIMULATED Odoo
2026-07-31T19:30:00Z,LK-S08,LK-P0097,66,66,l,SIMULATED Odoo
2026-07-31T19:30:00Z,LK-S08,LK-P0098,45,44,each,SIMULATED Odoo
2026-07-31T19:30:00Z,LK-S08,LK-P0099,59,61,g,SIMULATED Odoo
2026-07-31T19:30:00Z,LK-S08,LK-P0100,66,62,each,SIMULATED Odoo
2026-07-31T19:30:00Z,LK-S08,LK-P0101,46,48,kg,SIMULATED Odoo
2026-07-31T19:30:00Z,LK-S08,LK-P0102,83,84,l,SIMULATED Odoo
2026-07-31T19:30:00Z,LK-S08,LK-P0103,79,79,each,SIMULATED Odoo
2026-07-31T19:30:00Z,LK-S08,LK-P0104,42,39,g,SIMULATED Odoo
2026-07-31T19:30:00Z,LK-S08,LK-P0105,60,61,each,SIMULATED Odoo
2026-07-31T19:30:00Z,LK-S08,LK-P0106,12,12,kg,SIMULATED Odoo
2026-07-31T19:30:00Z,LK-S08,LK-P0107,16,16,l,SIMULATED Odoo
2026-07-31T19:30:00Z,LK-S08,LK-P0108,67,67,each,SIMULATED Odoo
2026-07-31T19:30:00Z,LK-S08,LK-P0109,71,67,g,SIMULATED Odoo
2026-07-31T19:30:00Z,LK-S08,LK-P0110,48,48,each,SIMULATED Odoo
2026-07-31T19:30:00Z,LK-S08,LK-P0111,73,72,kg,SIMULATED Odoo
2026-07-31T19:30:00Z,LK-S08,LK-P0112,8,5,l,SIMULATED Odoo
2026-07-31T19:30:00Z,LK-S08,LK-P0113,90,91,each,SIMULATED Odoo
2026-07-31T19:30:00Z,LK-S08,LK-P0114,73,73,g,SIMULATED Odoo
2026-07-31T19:30:00Z,LK-S08,LK-P0115,38,40,each,SIMULATED Odoo
2026-07-31T19:30:00Z,LK-S08,LK-P0116,50,52,kg,SIMULATED Odoo
2026-07-31T19:30:00Z,LK-S08,LK-P0117,6,8,l,SIMULATED Odoo
2026-07-31T19:30:00Z,LK-S08,LK-P0118,10,10,each,SIMULATED Odoo
2026-07-31T19:30:00Z,LK-S08,LK-P0119,71,71,g,SIMULATED Odoo
2026-07-31T19:30:00Z,LK-S08,LK-P0120,4,4,each,SIMULATED Odoo
2026-07-31T19:30:00Z,LK-S08,LK-P0121,3,0,kg,SIMULATED Odoo
2026-07-31T19:30:00Z,LK-S08,LK-P0122,67,67,l,SIMULATED Odoo
2026-07-31T19:30:00Z,LK-S08,LK-P0123,71,67,each,SIMULATED Odoo
2026-07-31T19:30:00Z,LK-S08,LK-P0124,90,91,g,SIMULATED Odoo
2026-07-31T19:30:00Z,LK-S08,LK-P0125,75,77,each,SIMULATED Odoo
2026-07-31T19:30:00Z,LK-S08,LK-P0126,17,18,kg,SIMULATED Odoo
2026-07-31T19:30:00Z,LK-S08,LK-P0127,18,19,l,SIMULATED Odoo
2026-07-31T19:30:00Z,LK-S08,LK-P0128,54,50,each,SIMULATED Odoo
2026-07-31T19:30:00Z,LK-S08,LK-P0129,22,22,g,SIMULATED Odoo
2026-07-31T19:30:00Z,LK-S08,LK-P0130,41,40,each,SIMULATED Odoo
2026-07-31T19:30:00Z,LK-S08,LK-P0131,22,23,kg,SIMULATED Odoo
2026-07-31T19:30:00Z,LK-S08,LK-P0132,28,29,l,SIMULATED Odoo
2026-07-31T19:30:00Z,LK-S08,LK-P0133,22,24,each,SIMULATED Odoo
2026-07-31T19:30:00Z,LK-S08,LK-P0134,80,82,g,SIMULATED Odoo
2026-07-31T19:30:00Z,LK-S08,LK-P0135,83,82,each,SIMULATED Odoo
2026-07-31T19:30:00Z,LK-S08,LK-P0136,16,16,kg,SIMULATED Odoo
2026-07-31T19:30:00Z,LK-S08,LK-P0137,48,48,l,SIMULATED Odoo
2026-07-31T19:30:00Z,LK-S08,LK-P0138,11,12,each,SIMULATED Odoo
2026-07-31T19:30:00Z,LK-S08,LK-P0139,50,50,g,SIMULATED Odoo
2026-07-31T19:30:00Z,LK-S08,LK-P0140,57,54,each,SIMULATED Odoo
2026-07-31T19:30:00Z,LK-S08,LK-P0141,48,48,kg,SIMULATED Odoo
2026-07-31T19:30:00Z,LK-S08,LK-P0142,43,39,l,SIMULATED Odoo
2026-07-31T19:30:00Z,LK-S08,LK-P0143,8,7,each,SIMULATED Odoo
2026-07-31T19:30:00Z,LK-S08,LK-P0144,2,4,g,SIMULATED Odoo
2026-07-31T19:30:00Z,LK-S08,LK-P0145,0,0,each,SIMULATED Odoo
2026-07-31T19:30:00Z,LK-S08,LK-P0146,70,69,kg,SIMULATED Odoo
2026-07-31T19:30:00Z,LK-S08,LK-P0147,71,68,l,SIMULATED Odoo
2026-07-31T19:30:00Z,LK-S08,LK-P0148,2,0,each,SIMULATED Odoo
2026-07-31T19:30:00Z,LK-S08,LK-P0149,81,78,g,SIMULATED Odoo
2026-07-31T19:30:00Z,LK-S08,LK-P0150,31,33,each,SIMULATED Odoo
2026-07-31T19:30:00Z,LK-S09,LK-P0001,42,42,kg,SIMULATED Odoo
2026-07-31T19:30:00Z,LK-S09,LK-P0002,1,0,l,SIMULATED Odoo
2026-07-31T19:30:00Z,LK-S09,LK-P0003,79,81,each,SIMULATED Odoo
2026-07-31T19:30:00Z,LK-S09,LK-P0004,16,13,g,SIMULATED Odoo
2026-07-31T19:30:00Z,LK-S09,LK-P0005,61,63,each,SIMULATED Odoo
2026-07-31T19:30:00Z,LK-S09,LK-P0006,26,23,kg,SIMULATED Odoo
2026-07-31T19:30:00Z,LK-S09,LK-P0007,13,13,l,SIMULATED Odoo
2026-07-31T19:30:00Z,LK-S09,LK-P0008,36,32,each,SIMULATED Odoo
2026-07-31T19:30:00Z,LK-S09,LK-P0009,49,46,g,SIMULATED Odoo
2026-07-31T19:30:00Z,LK-S09,LK-P0010,76,76,each,SIMULATED Odoo
2026-07-31T19:30:00Z,LK-S09,LK-P0011,83,83,kg,SIMULATED Odoo
2026-07-31T19:30:00Z,LK-S09,LK-P0012,8,8,l,SIMULATED Odoo
2026-07-31T19:30:00Z,LK-S09,LK-P0013,28,29,each,SIMULATED Odoo
2026-07-31T19:30:00Z,LK-S09,LK-P0014,63,59,g,SIMULATED Odoo
2026-07-31T19:30:00Z,LK-S09,LK-P0015,79,81,each,SIMULATED Odoo
2026-07-31T19:30:00Z,LK-S09,LK-P0016,56,52,kg,SIMULATED Odoo
2026-07-31T19:30:00Z,LK-S09,LK-P0017,44,40,l,SIMULATED Odoo
2026-07-31T19:30:00Z,LK-S09,LK-P0018,12,12,each,SIMULATED Odoo
2026-07-31T19:30:00Z,LK-S09,LK-P0019,10,7,g,SIMULATED Odoo
2026-07-31T19:30:00Z,LK-S09,LK-P0020,64,60,each,SIMULATED Odoo
2026-07-31T19:30:00Z,LK-S09,LK-P0021,50,50,kg,SIMULATED Odoo
2026-07-31T19:30:00Z,LK-S09,LK-P0022,5,6,l,SIMULATED Odoo
2026-07-31T19:30:00Z,LK-S09,LK-P0023,44,44,each,SIMULATED Odoo
2026-07-31T19:30:00Z,LK-S09,LK-P0024,69,66,g,SIMULATED Odoo
2026-07-31T19:30:00Z,LK-S09,LK-P0025,30,29,each,SIMULATED Odoo
2026-07-31T19:30:00Z,LK-S09,LK-P0026,88,87,kg,SIMULATED Odoo
2026-07-31T19:30:00Z,LK-S09,LK-P0027,22,22,l,SIMULATED Odoo
2026-07-31T19:30:00Z,LK-S09,LK-P0028,6,2,each,SIMULATED Odoo
2026-07-31T19:30:00Z,LK-S09,LK-P0029,7,8,g,SIMULATED Odoo
2026-07-31T19:30:00Z,LK-S09,LK-P0030,72,72,each,SIMULATED Odoo
2026-07-31T19:30:00Z,LK-S09,LK-P0031,5,6,kg,SIMULATED Odoo
2026-07-31T19:30:00Z,LK-S09,LK-P0032,46,42,l,SIMULATED Odoo
2026-07-31T19:30:00Z,LK-S09,LK-P0033,67,66,each,SIMULATED Odoo
2026-07-31T19:30:00Z,LK-S09,LK-P0034,80,81,g,SIMULATED Odoo
2026-07-31T19:30:00Z,LK-S09,LK-P0035,8,4,each,SIMULATED Odoo
2026-07-31T19:30:00Z,LK-S09,LK-P0036,38,40,kg,SIMULATED Odoo
2026-07-31T19:30:00Z,LK-S09,LK-P0037,67,69,l,SIMULATED Odoo
2026-07-31T19:30:00Z,LK-S09,LK-P0038,77,77,each,SIMULATED Odoo
2026-07-31T19:30:00Z,LK-S09,LK-P0039,89,85,g,SIMULATED Odoo
2026-07-31T19:30:00Z,LK-S09,LK-P0040,52,48,each,SIMULATED Odoo
2026-07-31T19:30:00Z,LK-S09,LK-P0041,81,82,kg,SIMULATED Odoo
2026-07-31T19:30:00Z,LK-S09,LK-P0042,75,75,l,SIMULATED Odoo
2026-07-31T19:30:00Z,LK-S09,LK-P0043,37,34,each,SIMULATED Odoo
2026-07-31T19:30:00Z,LK-S09,LK-P0044,25,26,g,SIMULATED Odoo
2026-07-31T19:30:00Z,LK-S09,LK-P0045,10,10,each,SIMULATED Odoo
2026-07-31T19:30:00Z,LK-S09,LK-P0046,66,68,kg,SIMULATED Odoo
2026-07-31T19:30:00Z,LK-S09,LK-P0047,69,71,l,SIMULATED Odoo
2026-07-31T19:30:00Z,LK-S09,LK-P0048,90,90,each,SIMULATED Odoo
2026-07-31T19:30:00Z,LK-S09,LK-P0049,37,34,g,SIMULATED Odoo
2026-07-31T19:30:00Z,LK-S09,LK-P0050,5,5,each,SIMULATED Odoo
2026-07-31T19:30:00Z,LK-S09,LK-P0051,83,82,kg,SIMULATED Odoo
2026-07-31T19:30:00Z,LK-S09,LK-P0052,85,84,l,SIMULATED Odoo
2026-07-31T19:30:00Z,LK-S09,LK-P0053,65,65,each,SIMULATED Odoo
2026-07-31T19:30:00Z,LK-S09,LK-P0054,24,24,g,SIMULATED Odoo
2026-07-31T19:30:00Z,LK-S09,LK-P0055,73,72,each,SIMULATED Odoo
2026-07-31T19:30:00Z,LK-S09,LK-P0056,51,51,kg,SIMULATED Odoo
2026-07-31T19:30:00Z,LK-S09,LK-P0057,34,34,l,SIMULATED Odoo
2026-07-31T19:30:00Z,LK-S09,LK-P0058,55,54,each,SIMULATED Odoo
2026-07-31T19:30:00Z,LK-S09,LK-P0059,62,58,g,SIMULATED Odoo
2026-07-31T19:30:00Z,LK-S09,LK-P0060,79,76,each,SIMULATED Odoo
2026-07-31T19:30:00Z,LK-S09,LK-P0061,25,25,kg,SIMULATED Odoo
2026-07-31T19:30:00Z,LK-S09,LK-P0062,80,80,l,SIMULATED Odoo
2026-07-31T19:30:00Z,LK-S09,LK-P0063,61,61,each,SIMULATED Odoo
2026-07-31T19:30:00Z,LK-S09,LK-P0064,13,10,g,SIMULATED Odoo
2026-07-31T19:30:00Z,LK-S09,LK-P0065,23,20,each,SIMULATED Odoo
2026-07-31T19:30:00Z,LK-S09,LK-P0066,46,48,kg,SIMULATED Odoo
2026-07-31T19:30:00Z,LK-S09,LK-P0067,23,22,l,SIMULATED Odoo
2026-07-31T19:30:00Z,LK-S09,LK-P0068,65,65,each,SIMULATED Odoo
2026-07-31T19:30:00Z,LK-S09,LK-P0069,7,4,g,SIMULATED Odoo
2026-07-31T19:30:00Z,LK-S09,LK-P0070,25,21,each,SIMULATED Odoo
2026-07-31T19:30:00Z,LK-S09,LK-P0071,29,29,kg,SIMULATED Odoo
2026-07-31T19:30:00Z,LK-S09,LK-P0072,51,53,l,SIMULATED Odoo
2026-07-31T19:30:00Z,LK-S09,LK-P0073,53,53,each,SIMULATED Odoo
2026-07-31T19:30:00Z,LK-S09,LK-P0074,42,44,g,SIMULATED Odoo
2026-07-31T19:30:00Z,LK-S09,LK-P0075,0,0,each,SIMULATED Odoo
2026-07-31T19:30:00Z,LK-S09,LK-P0076,71,67,kg,SIMULATED Odoo
2026-07-31T19:30:00Z,LK-S09,LK-P0077,90,90,l,SIMULATED Odoo
2026-07-31T19:30:00Z,LK-S09,LK-P0078,4,3,each,SIMULATED Odoo
2026-07-31T19:30:00Z,LK-S09,LK-P0079,77,73,g,SIMULATED Odoo
2026-07-31T19:30:00Z,LK-S09,LK-P0080,55,52,each,SIMULATED Odoo
2026-07-31T19:30:00Z,LK-S09,LK-P0081,31,27,kg,SIMULATED Odoo
2026-07-31T19:30:00Z,LK-S09,LK-P0082,90,86,l,SIMULATED Odoo
2026-07-31T19:30:00Z,LK-S09,LK-P0083,42,43,each,SIMULATED Odoo
2026-07-31T19:30:00Z,LK-S09,LK-P0084,63,60,g,SIMULATED Odoo
2026-07-31T19:30:00Z,LK-S09,LK-P0085,14,14,each,SIMULATED Odoo
2026-07-31T19:30:00Z,LK-S09,LK-P0086,74,73,kg,SIMULATED Odoo
2026-07-31T19:30:00Z,LK-S09,LK-P0087,55,55,l,SIMULATED Odoo
2026-07-31T19:30:00Z,LK-S09,LK-P0088,2,0,each,SIMULATED Odoo
2026-07-31T19:30:00Z,LK-S09,LK-P0089,12,12,g,SIMULATED Odoo
2026-07-31T19:30:00Z,LK-S09,LK-P0090,40,42,each,SIMULATED Odoo
2026-07-31T19:30:00Z,LK-S09,LK-P0091,69,68,kg,SIMULATED Odoo
2026-07-31T19:30:00Z,LK-S09,LK-P0092,41,40,l,SIMULATED Odoo
2026-07-31T19:30:00Z,LK-S09,LK-P0093,29,26,each,SIMULATED Odoo
2026-07-31T19:30:00Z,LK-S09,LK-P0094,18,18,g,SIMULATED Odoo
2026-07-31T19:30:00Z,LK-S09,LK-P0095,36,38,each,SIMULATED Odoo
2026-07-31T19:30:00Z,LK-S09,LK-P0096,5,7,kg,SIMULATED Odoo
2026-07-31T19:30:00Z,LK-S09,LK-P0097,61,61,l,SIMULATED Odoo
2026-07-31T19:30:00Z,LK-S09,LK-P0098,71,71,each,SIMULATED Odoo
2026-07-31T19:30:00Z,LK-S09,LK-P0099,13,14,g,SIMULATED Odoo
2026-07-31T19:30:00Z,LK-S09,LK-P0100,83,79,each,SIMULATED Odoo
2026-07-31T19:30:00Z,LK-S09,LK-P0101,51,52,kg,SIMULATED Odoo
2026-07-31T19:30:00Z,LK-S09,LK-P0102,14,16,l,SIMULATED Odoo
2026-07-31T19:30:00Z,LK-S09,LK-P0103,35,31,each,SIMULATED Odoo
2026-07-31T19:30:00Z,LK-S09,LK-P0104,9,10,g,SIMULATED Odoo
2026-07-31T19:30:00Z,LK-S09,LK-P0105,16,12,each,SIMULATED Odoo
2026-07-31T19:30:00Z,LK-S09,LK-P0106,42,43,kg,SIMULATED Odoo
2026-07-31T19:30:00Z,LK-S09,LK-P0107,40,40,l,SIMULATED Odoo
2026-07-31T19:30:00Z,LK-S09,LK-P0108,34,34,each,SIMULATED Odoo
2026-07-31T19:30:00Z,LK-S09,LK-P0109,71,70,g,SIMULATED Odoo
2026-07-31T19:30:00Z,LK-S09,LK-P0110,22,22,each,SIMULATED Odoo
2026-07-31T19:30:00Z,LK-S09,LK-P0111,46,46,kg,SIMULATED Odoo
2026-07-31T19:30:00Z,LK-S09,LK-P0112,86,87,l,SIMULATED Odoo
2026-07-31T19:30:00Z,LK-S09,LK-P0113,88,89,each,SIMULATED Odoo
2026-07-31T19:30:00Z,LK-S09,LK-P0114,58,55,g,SIMULATED Odoo
2026-07-31T19:30:00Z,LK-S09,LK-P0115,16,16,each,SIMULATED Odoo
2026-07-31T19:30:00Z,LK-S09,LK-P0116,23,25,kg,SIMULATED Odoo
2026-07-31T19:30:00Z,LK-S09,LK-P0117,24,25,l,SIMULATED Odoo
2026-07-31T19:30:00Z,LK-S09,LK-P0118,7,4,each,SIMULATED Odoo
2026-07-31T19:30:00Z,LK-S09,LK-P0119,52,53,g,SIMULATED Odoo
2026-07-31T19:30:00Z,LK-S09,LK-P0120,85,86,each,SIMULATED Odoo
2026-07-31T19:30:00Z,LK-S09,LK-P0121,83,83,kg,SIMULATED Odoo
2026-07-31T19:30:00Z,LK-S09,LK-P0122,13,9,l,SIMULATED Odoo
2026-07-31T19:30:00Z,LK-S09,LK-P0123,49,46,each,SIMULATED Odoo
2026-07-31T19:30:00Z,LK-S09,LK-P0124,29,31,g,SIMULATED Odoo
2026-07-31T19:30:00Z,LK-S09,LK-P0125,70,67,each,SIMULATED Odoo
2026-07-31T19:30:00Z,LK-S09,LK-P0126,72,73,kg,SIMULATED Odoo
2026-07-31T19:30:00Z,LK-S09,LK-P0127,26,28,l,SIMULATED Odoo
2026-07-31T19:30:00Z,LK-S09,LK-P0128,62,62,each,SIMULATED Odoo
2026-07-31T19:30:00Z,LK-S09,LK-P0129,24,24,g,SIMULATED Odoo
2026-07-31T19:30:00Z,LK-S09,LK-P0130,51,47,each,SIMULATED Odoo
2026-07-31T19:30:00Z,LK-S09,LK-P0131,87,89,kg,SIMULATED Odoo
2026-07-31T19:30:00Z,LK-S09,LK-P0132,9,9,l,SIMULATED Odoo
2026-07-31T19:30:00Z,LK-S09,LK-P0133,10,10,each,SIMULATED Odoo
2026-07-31T19:30:00Z,LK-S09,LK-P0134,3,3,g,SIMULATED Odoo
2026-07-31T19:30:00Z,LK-S09,LK-P0135,34,34,each,SIMULATED Odoo
2026-07-31T19:30:00Z,LK-S09,LK-P0136,39,39,kg,SIMULATED Odoo
2026-07-31T19:30:00Z,LK-S09,LK-P0137,13,10,l,SIMULATED Odoo
2026-07-31T19:30:00Z,LK-S09,LK-P0138,34,33,each,SIMULATED Odoo
2026-07-31T19:30:00Z,LK-S09,LK-P0139,6,6,g,SIMULATED Odoo
2026-07-31T19:30:00Z,LK-S09,LK-P0140,31,31,each,SIMULATED Odoo
2026-07-31T19:30:00Z,LK-S09,LK-P0141,58,55,kg,SIMULATED Odoo
2026-07-31T19:30:00Z,LK-S09,LK-P0142,15,15,l,SIMULATED Odoo
2026-07-31T19:30:00Z,LK-S09,LK-P0143,46,46,each,SIMULATED Odoo
2026-07-31T19:30:00Z,LK-S09,LK-P0144,67,67,g,SIMULATED Odoo
2026-07-31T19:30:00Z,LK-S09,LK-P0145,13,10,each,SIMULATED Odoo
2026-07-31T19:30:00Z,LK-S09,LK-P0146,64,64,kg,SIMULATED Odoo
2026-07-31T19:30:00Z,LK-S09,LK-P0147,81,81,l,SIMULATED Odoo
2026-07-31T19:30:00Z,LK-S09,LK-P0148,2,0,each,SIMULATED Odoo
2026-07-31T19:30:00Z,LK-S09,LK-P0149,74,74,g,SIMULATED Odoo
2026-07-31T19:30:00Z,LK-S09,LK-P0150,11,11,each,SIMULATED Odoo
2026-07-31T19:30:00Z,LK-S10,LK-P0001,65,64,kg,SIMULATED Odoo
2026-07-31T19:30:00Z,LK-S10,LK-P0002,42,41,l,SIMULATED Odoo
2026-07-31T19:30:00Z,LK-S10,LK-P0003,31,30,each,SIMULATED Odoo
2026-07-31T19:30:00Z,LK-S10,LK-P0004,40,42,g,SIMULATED Odoo
2026-07-31T19:30:00Z,LK-S10,LK-P0005,48,48,each,SIMULATED Odoo
2026-07-31T19:30:00Z,LK-S10,LK-P0006,66,63,kg,SIMULATED Odoo
2026-07-31T19:30:00Z,LK-S10,LK-P0007,84,80,l,SIMULATED Odoo
2026-07-31T19:30:00Z,LK-S10,LK-P0008,86,88,each,SIMULATED Odoo
2026-07-31T19:30:00Z,LK-S10,LK-P0009,53,49,g,SIMULATED Odoo
2026-07-31T19:30:00Z,LK-S10,LK-P0010,85,85,each,SIMULATED Odoo
2026-07-31T19:30:00Z,LK-S10,LK-P0011,60,56,kg,SIMULATED Odoo
2026-07-31T19:30:00Z,LK-S10,LK-P0012,38,39,l,SIMULATED Odoo
2026-07-31T19:30:00Z,LK-S10,LK-P0013,9,6,each,SIMULATED Odoo
2026-07-31T19:30:00Z,LK-S10,LK-P0014,27,29,g,SIMULATED Odoo
2026-07-31T19:30:00Z,LK-S10,LK-P0015,72,72,each,SIMULATED Odoo
2026-07-31T19:30:00Z,LK-S10,LK-P0016,75,72,kg,SIMULATED Odoo
2026-07-31T19:30:00Z,LK-S10,LK-P0017,30,29,l,SIMULATED Odoo
2026-07-31T19:30:00Z,LK-S10,LK-P0018,11,13,each,SIMULATED Odoo
2026-07-31T19:30:00Z,LK-S10,LK-P0019,7,7,g,SIMULATED Odoo
2026-07-31T19:30:00Z,LK-S10,LK-P0020,7,6,each,SIMULATED Odoo
2026-07-31T19:30:00Z,LK-S10,LK-P0021,58,58,kg,SIMULATED Odoo
2026-07-31T19:30:00Z,LK-S10,LK-P0022,71,71,l,SIMULATED Odoo
2026-07-31T19:30:00Z,LK-S10,LK-P0023,7,7,each,SIMULATED Odoo
2026-07-31T19:30:00Z,LK-S10,LK-P0024,60,60,g,SIMULATED Odoo
2026-07-31T19:30:00Z,LK-S10,LK-P0025,73,75,each,SIMULATED Odoo
2026-07-31T19:30:00Z,LK-S10,LK-P0026,36,37,kg,SIMULATED Odoo
2026-07-31T19:30:00Z,LK-S10,LK-P0027,46,46,l,SIMULATED Odoo
2026-07-31T19:30:00Z,LK-S10,LK-P0028,73,72,each,SIMULATED Odoo
2026-07-31T19:30:00Z,LK-S10,LK-P0029,3,2,g,SIMULATED Odoo
2026-07-31T19:30:00Z,LK-S10,LK-P0030,8,4,each,SIMULATED Odoo
2026-07-31T19:30:00Z,LK-S10,LK-P0031,46,45,kg,SIMULATED Odoo
2026-07-31T19:30:00Z,LK-S10,LK-P0032,61,61,l,SIMULATED Odoo
2026-07-31T19:30:00Z,LK-S10,LK-P0033,11,7,each,SIMULATED Odoo
2026-07-31T19:30:00Z,LK-S10,LK-P0034,17,13,g,SIMULATED Odoo
2026-07-31T19:30:00Z,LK-S10,LK-P0035,14,16,each,SIMULATED Odoo
2026-07-31T19:30:00Z,LK-S10,LK-P0036,46,45,kg,SIMULATED Odoo
2026-07-31T19:30:00Z,LK-S10,LK-P0037,48,50,l,SIMULATED Odoo
2026-07-31T19:30:00Z,LK-S10,LK-P0038,16,16,each,SIMULATED Odoo
2026-07-31T19:30:00Z,LK-S10,LK-P0039,83,79,g,SIMULATED Odoo
2026-07-31T19:30:00Z,LK-S10,LK-P0040,53,53,each,SIMULATED Odoo
2026-07-31T19:30:00Z,LK-S10,LK-P0041,68,69,kg,SIMULATED Odoo
2026-07-31T19:30:00Z,LK-S10,LK-P0042,52,54,l,SIMULATED Odoo
2026-07-31T19:30:00Z,LK-S10,LK-P0043,75,72,each,SIMULATED Odoo
2026-07-31T19:30:00Z,LK-S10,LK-P0044,56,56,g,SIMULATED Odoo
2026-07-31T19:30:00Z,LK-S10,LK-P0045,75,75,each,SIMULATED Odoo
2026-07-31T19:30:00Z,LK-S10,LK-P0046,60,57,kg,SIMULATED Odoo
2026-07-31T19:30:00Z,LK-S10,LK-P0047,14,13,l,SIMULATED Odoo
2026-07-31T19:30:00Z,LK-S10,LK-P0048,76,72,each,SIMULATED Odoo
2026-07-31T19:30:00Z,LK-S10,LK-P0049,77,77,g,SIMULATED Odoo
2026-07-31T19:30:00Z,LK-S10,LK-P0050,39,40,each,SIMULATED Odoo
2026-07-31T19:30:00Z,LK-S10,LK-P0051,89,89,kg,SIMULATED Odoo
2026-07-31T19:30:00Z,LK-S10,LK-P0052,12,9,l,SIMULATED Odoo
2026-07-31T19:30:00Z,LK-S10,LK-P0053,22,22,each,SIMULATED Odoo
2026-07-31T19:30:00Z,LK-S10,LK-P0054,76,76,g,SIMULATED Odoo
2026-07-31T19:30:00Z,LK-S10,LK-P0055,15,17,each,SIMULATED Odoo
2026-07-31T19:30:00Z,LK-S10,LK-P0056,15,12,kg,SIMULATED Odoo
2026-07-31T19:30:00Z,LK-S10,LK-P0057,44,43,l,SIMULATED Odoo
2026-07-31T19:30:00Z,LK-S10,LK-P0058,4,3,each,SIMULATED Odoo
2026-07-31T19:30:00Z,LK-S10,LK-P0059,44,41,g,SIMULATED Odoo
2026-07-31T19:30:00Z,LK-S10,LK-P0060,43,40,each,SIMULATED Odoo
2026-07-31T19:30:00Z,LK-S10,LK-P0061,30,31,kg,SIMULATED Odoo
2026-07-31T19:30:00Z,LK-S10,LK-P0062,78,78,l,SIMULATED Odoo
2026-07-31T19:30:00Z,LK-S10,LK-P0063,38,38,each,SIMULATED Odoo
2026-07-31T19:30:00Z,LK-S10,LK-P0064,32,32,g,SIMULATED Odoo
2026-07-31T19:30:00Z,LK-S10,LK-P0065,41,37,each,SIMULATED Odoo
2026-07-31T19:30:00Z,LK-S10,LK-P0066,57,58,kg,SIMULATED Odoo
2026-07-31T19:30:00Z,LK-S10,LK-P0067,19,18,l,SIMULATED Odoo
2026-07-31T19:30:00Z,LK-S10,LK-P0068,66,66,each,SIMULATED Odoo
2026-07-31T19:30:00Z,LK-S10,LK-P0069,49,50,g,SIMULATED Odoo
2026-07-31T19:30:00Z,LK-S10,LK-P0070,67,69,each,SIMULATED Odoo
2026-07-31T19:30:00Z,LK-S10,LK-P0071,44,40,kg,SIMULATED Odoo
2026-07-31T19:30:00Z,LK-S10,LK-P0072,44,41,l,SIMULATED Odoo
2026-07-31T19:30:00Z,LK-S10,LK-P0073,33,33,each,SIMULATED Odoo
2026-07-31T19:30:00Z,LK-S10,LK-P0074,82,81,g,SIMULATED Odoo
2026-07-31T19:30:00Z,LK-S10,LK-P0075,70,70,each,SIMULATED Odoo
2026-07-31T19:30:00Z,LK-S10,LK-P0076,32,32,kg,SIMULATED Odoo
2026-07-31T19:30:00Z,LK-S10,LK-P0077,86,88,l,SIMULATED Odoo
2026-07-31T19:30:00Z,LK-S10,LK-P0078,64,64,each,SIMULATED Odoo
2026-07-31T19:30:00Z,LK-S10,LK-P0079,12,13,g,SIMULATED Odoo
2026-07-31T19:30:00Z,LK-S10,LK-P0080,3,2,each,SIMULATED Odoo
2026-07-31T19:30:00Z,LK-S10,LK-P0081,33,32,kg,SIMULATED Odoo
2026-07-31T19:30:00Z,LK-S10,LK-P0082,25,27,l,SIMULATED Odoo
2026-07-31T19:30:00Z,LK-S10,LK-P0083,2,0,each,SIMULATED Odoo
2026-07-31T19:30:00Z,LK-S10,LK-P0084,2,2,g,SIMULATED Odoo
2026-07-31T19:30:00Z,LK-S10,LK-P0085,3,3,each,SIMULATED Odoo
2026-07-31T19:30:00Z,LK-S10,LK-P0086,87,87,kg,SIMULATED Odoo
2026-07-31T19:30:00Z,LK-S10,LK-P0087,44,43,l,SIMULATED Odoo
2026-07-31T19:30:00Z,LK-S10,LK-P0088,75,76,each,SIMULATED Odoo
2026-07-31T19:30:00Z,LK-S10,LK-P0089,69,69,g,SIMULATED Odoo
2026-07-31T19:30:00Z,LK-S10,LK-P0090,32,29,each,SIMULATED Odoo
2026-07-31T19:30:00Z,LK-S10,LK-P0091,41,38,kg,SIMULATED Odoo
2026-07-31T19:30:00Z,LK-S10,LK-P0092,29,29,l,SIMULATED Odoo
2026-07-31T19:30:00Z,LK-S10,LK-P0093,88,84,each,SIMULATED Odoo
2026-07-31T19:30:00Z,LK-S10,LK-P0094,29,29,g,SIMULATED Odoo
2026-07-31T19:30:00Z,LK-S10,LK-P0095,29,30,each,SIMULATED Odoo
2026-07-31T19:30:00Z,LK-S10,LK-P0096,79,75,kg,SIMULATED Odoo
2026-07-31T19:30:00Z,LK-S10,LK-P0097,85,84,l,SIMULATED Odoo
2026-07-31T19:30:00Z,LK-S10,LK-P0098,17,16,each,SIMULATED Odoo
2026-07-31T19:30:00Z,LK-S10,LK-P0099,12,8,g,SIMULATED Odoo
2026-07-31T19:30:00Z,LK-S10,LK-P0100,0,2,each,SIMULATED Odoo
2026-07-31T19:30:00Z,LK-S10,LK-P0101,90,86,kg,SIMULATED Odoo
2026-07-31T19:30:00Z,LK-S10,LK-P0102,23,19,l,SIMULATED Odoo
2026-07-31T19:30:00Z,LK-S10,LK-P0103,41,37,each,SIMULATED Odoo
2026-07-31T19:30:00Z,LK-S10,LK-P0104,4,4,g,SIMULATED Odoo
2026-07-31T19:30:00Z,LK-S10,LK-P0105,78,75,each,SIMULATED Odoo
2026-07-31T19:30:00Z,LK-S10,LK-P0106,60,57,kg,SIMULATED Odoo
2026-07-31T19:30:00Z,LK-S10,LK-P0107,11,11,l,SIMULATED Odoo
2026-07-31T19:30:00Z,LK-S10,LK-P0108,52,49,each,SIMULATED Odoo
2026-07-31T19:30:00Z,LK-S10,LK-P0109,75,74,g,SIMULATED Odoo
2026-07-31T19:30:00Z,LK-S10,LK-P0110,68,64,each,SIMULATED Odoo
2026-07-31T19:30:00Z,LK-S10,LK-P0111,36,36,kg,SIMULATED Odoo
2026-07-31T19:30:00Z,LK-S10,LK-P0112,50,52,l,SIMULATED Odoo
2026-07-31T19:30:00Z,LK-S10,LK-P0113,4,3,each,SIMULATED Odoo
2026-07-31T19:30:00Z,LK-S10,LK-P0114,22,18,g,SIMULATED Odoo
2026-07-31T19:30:00Z,LK-S10,LK-P0115,66,66,each,SIMULATED Odoo
2026-07-31T19:30:00Z,LK-S10,LK-P0116,75,71,kg,SIMULATED Odoo
2026-07-31T19:30:00Z,LK-S10,LK-P0117,15,14,l,SIMULATED Odoo
2026-07-31T19:30:00Z,LK-S10,LK-P0118,9,6,each,SIMULATED Odoo
2026-07-31T19:30:00Z,LK-S10,LK-P0119,0,0,g,SIMULATED Odoo
2026-07-31T19:30:00Z,LK-S10,LK-P0120,12,14,each,SIMULATED Odoo
2026-07-31T19:30:00Z,LK-S10,LK-P0121,29,29,kg,SIMULATED Odoo
2026-07-31T19:30:00Z,LK-S10,LK-P0122,63,63,l,SIMULATED Odoo
2026-07-31T19:30:00Z,LK-S10,LK-P0123,11,13,each,SIMULATED Odoo
2026-07-31T19:30:00Z,LK-S10,LK-P0124,47,47,g,SIMULATED Odoo
2026-07-31T19:30:00Z,LK-S10,LK-P0125,38,39,each,SIMULATED Odoo
2026-07-31T19:30:00Z,LK-S10,LK-P0126,53,52,kg,SIMULATED Odoo
2026-07-31T19:30:00Z,LK-S10,LK-P0127,19,19,l,SIMULATED Odoo
2026-07-31T19:30:00Z,LK-S10,LK-P0128,30,30,each,SIMULATED Odoo
2026-07-31T19:30:00Z,LK-S10,LK-P0129,47,48,g,SIMULATED Odoo
2026-07-31T19:30:00Z,LK-S10,LK-P0130,40,42,each,SIMULATED Odoo
2026-07-31T19:30:00Z,LK-S10,LK-P0131,20,21,kg,SIMULATED Odoo
2026-07-31T19:30:00Z,LK-S10,LK-P0132,27,27,l,SIMULATED Odoo
2026-07-31T19:30:00Z,LK-S10,LK-P0133,49,46,each,SIMULATED Odoo
2026-07-31T19:30:00Z,LK-S10,LK-P0134,75,72,g,SIMULATED Odoo
2026-07-31T19:30:00Z,LK-S10,LK-P0135,12,9,each,SIMULATED Odoo
2026-07-31T19:30:00Z,LK-S10,LK-P0136,70,70,kg,SIMULATED Odoo
2026-07-31T19:30:00Z,LK-S10,LK-P0137,25,24,l,SIMULATED Odoo
2026-07-31T19:30:00Z,LK-S10,LK-P0138,68,69,each,SIMULATED Odoo
2026-07-31T19:30:00Z,LK-S10,LK-P0139,22,21,g,SIMULATED Odoo
2026-07-31T19:30:00Z,LK-S10,LK-P0140,28,25,each,SIMULATED Odoo
2026-07-31T19:30:00Z,LK-S10,LK-P0141,11,8,kg,SIMULATED Odoo
2026-07-31T19:30:00Z,LK-S10,LK-P0142,43,40,l,SIMULATED Odoo
2026-07-31T19:30:00Z,LK-S10,LK-P0143,70,70,each,SIMULATED Odoo
2026-07-31T19:30:00Z,LK-S10,LK-P0144,9,10,g,SIMULATED Odoo
2026-07-31T19:30:00Z,LK-S10,LK-P0145,39,35,each,SIMULATED Odoo
2026-07-31T19:30:00Z,LK-S10,LK-P0146,72,72,kg,SIMULATED Odoo
2026-07-31T19:30:00Z,LK-S10,LK-P0147,59,60,l,SIMULATED Odoo
2026-07-31T19:30:00Z,LK-S10,LK-P0148,56,56,each,SIMULATED Odoo
2026-07-31T19:30:00Z,LK-S10,LK-P0149,68,67,g,SIMULATED Odoo
2026-07-31T19:30:00Z,LK-S10,LK-P0150,75,75,each,SIMULATED Odoo
2026-07-31T19:30:00Z,LK-S11,LK-P0001,24,25,kg,SIMULATED Odoo
2026-07-31T19:30:00Z,LK-S11,LK-P0002,78,80,l,SIMULATED Odoo
2026-07-31T19:30:00Z,LK-S11,LK-P0003,51,48,each,SIMULATED Odoo
2026-07-31T19:30:00Z,LK-S11,LK-P0004,26,27,g,SIMULATED Odoo
2026-07-31T19:30:00Z,LK-S11,LK-P0005,69,69,each,SIMULATED Odoo
2026-07-31T19:30:00Z,LK-S11,LK-P0006,45,45,kg,SIMULATED Odoo
2026-07-31T19:30:00Z,LK-S11,LK-P0007,32,33,l,SIMULATED Odoo
2026-07-31T19:30:00Z,LK-S11,LK-P0008,38,35,each,SIMULATED Odoo
2026-07-31T19:30:00Z,LK-S11,LK-P0009,10,11,g,SIMULATED Odoo
2026-07-31T19:30:00Z,LK-S11,LK-P0010,21,21,each,SIMULATED Odoo
2026-07-31T19:30:00Z,LK-S11,LK-P0011,69,69,kg,SIMULATED Odoo
2026-07-31T19:30:00Z,LK-S11,LK-P0012,1,1,l,SIMULATED Odoo
2026-07-31T19:30:00Z,LK-S11,LK-P0013,76,77,each,SIMULATED Odoo
2026-07-31T19:30:00Z,LK-S11,LK-P0014,69,68,g,SIMULATED Odoo
2026-07-31T19:30:00Z,LK-S11,LK-P0015,59,58,each,SIMULATED Odoo
2026-07-31T19:30:00Z,LK-S11,LK-P0016,19,21,kg,SIMULATED Odoo
2026-07-31T19:30:00Z,LK-S11,LK-P0017,12,13,l,SIMULATED Odoo
2026-07-31T19:30:00Z,LK-S11,LK-P0018,62,62,each,SIMULATED Odoo
2026-07-31T19:30:00Z,LK-S11,LK-P0019,18,18,g,SIMULATED Odoo
2026-07-31T19:30:00Z,LK-S11,LK-P0020,26,26,each,SIMULATED Odoo
2026-07-31T19:30:00Z,LK-S11,LK-P0021,32,31,kg,SIMULATED Odoo
2026-07-31T19:30:00Z,LK-S11,LK-P0022,82,83,l,SIMULATED Odoo
2026-07-31T19:30:00Z,LK-S11,LK-P0023,3,2,each,SIMULATED Odoo
2026-07-31T19:30:00Z,LK-S11,LK-P0024,18,15,g,SIMULATED Odoo
2026-07-31T19:30:00Z,LK-S11,LK-P0025,73,73,each,SIMULATED Odoo
2026-07-31T19:30:00Z,LK-S11,LK-P0026,69,69,kg,SIMULATED Odoo
2026-07-31T19:30:00Z,LK-S11,LK-P0027,5,6,l,SIMULATED Odoo
2026-07-31T19:30:00Z,LK-S11,LK-P0028,87,87,each,SIMULATED Odoo
2026-07-31T19:30:00Z,LK-S11,LK-P0029,24,25,g,SIMULATED Odoo
2026-07-31T19:30:00Z,LK-S11,LK-P0030,8,9,each,SIMULATED Odoo
2026-07-31T19:30:00Z,LK-S11,LK-P0031,37,37,kg,SIMULATED Odoo
2026-07-31T19:30:00Z,LK-S11,LK-P0032,9,6,l,SIMULATED Odoo
2026-07-31T19:30:00Z,LK-S11,LK-P0033,34,34,each,SIMULATED Odoo
2026-07-31T19:30:00Z,LK-S11,LK-P0034,79,79,g,SIMULATED Odoo
2026-07-31T19:30:00Z,LK-S11,LK-P0035,14,14,each,SIMULATED Odoo
2026-07-31T19:30:00Z,LK-S11,LK-P0036,78,77,kg,SIMULATED Odoo
2026-07-31T19:30:00Z,LK-S11,LK-P0037,14,13,l,SIMULATED Odoo
2026-07-31T19:30:00Z,LK-S11,LK-P0038,73,73,each,SIMULATED Odoo
2026-07-31T19:30:00Z,LK-S11,LK-P0039,82,84,g,SIMULATED Odoo
2026-07-31T19:30:00Z,LK-S11,LK-P0040,90,92,each,SIMULATED Odoo
2026-07-31T19:30:00Z,LK-S11,LK-P0041,63,63,kg,SIMULATED Odoo
2026-07-31T19:30:00Z,LK-S11,LK-P0042,76,76,l,SIMULATED Odoo
2026-07-31T19:30:00Z,LK-S11,LK-P0043,12,11,each,SIMULATED Odoo
2026-07-31T19:30:00Z,LK-S11,LK-P0044,50,50,g,SIMULATED Odoo
2026-07-31T19:30:00Z,LK-S11,LK-P0045,78,80,each,SIMULATED Odoo
2026-07-31T19:30:00Z,LK-S11,LK-P0046,6,6,kg,SIMULATED Odoo
2026-07-31T19:30:00Z,LK-S11,LK-P0047,75,75,l,SIMULATED Odoo
2026-07-31T19:30:00Z,LK-S11,LK-P0048,30,32,each,SIMULATED Odoo
2026-07-31T19:30:00Z,LK-S11,LK-P0049,86,83,g,SIMULATED Odoo
2026-07-31T19:30:00Z,LK-S11,LK-P0050,77,73,each,SIMULATED Odoo
2026-07-31T19:30:00Z,LK-S11,LK-P0051,53,53,kg,SIMULATED Odoo
2026-07-31T19:30:00Z,LK-S11,LK-P0052,66,66,l,SIMULATED Odoo
2026-07-31T19:30:00Z,LK-S11,LK-P0053,18,20,each,SIMULATED Odoo
2026-07-31T19:30:00Z,LK-S11,LK-P0054,51,47,g,SIMULATED Odoo
2026-07-31T19:30:00Z,LK-S11,LK-P0055,22,23,each,SIMULATED Odoo
2026-07-31T19:30:00Z,LK-S11,LK-P0056,38,38,kg,SIMULATED Odoo
2026-07-31T19:30:00Z,LK-S11,LK-P0057,52,49,l,SIMULATED Odoo
2026-07-31T19:30:00Z,LK-S11,LK-P0058,25,27,each,SIMULATED Odoo
2026-07-31T19:30:00Z,LK-S11,LK-P0059,80,80,g,SIMULATED Odoo
2026-07-31T19:30:00Z,LK-S11,LK-P0060,45,45,each,SIMULATED Odoo
2026-07-31T19:30:00Z,LK-S11,LK-P0061,9,11,kg,SIMULATED Odoo
2026-07-31T19:30:00Z,LK-S11,LK-P0062,1,1,l,SIMULATED Odoo
2026-07-31T19:30:00Z,LK-S11,LK-P0063,39,40,each,SIMULATED Odoo
2026-07-31T19:30:00Z,LK-S11,LK-P0064,28,30,g,SIMULATED Odoo
2026-07-31T19:30:00Z,LK-S11,LK-P0065,7,3,each,SIMULATED Odoo
2026-07-31T19:30:00Z,LK-S11,LK-P0066,45,47,kg,SIMULATED Odoo
2026-07-31T19:30:00Z,LK-S11,LK-P0067,13,13,l,SIMULATED Odoo
2026-07-31T19:30:00Z,LK-S11,LK-P0068,33,32,each,SIMULATED Odoo
2026-07-31T19:30:00Z,LK-S11,LK-P0069,63,63,g,SIMULATED Odoo
2026-07-31T19:30:00Z,LK-S11,LK-P0070,52,48,each,SIMULATED Odoo
2026-07-31T19:30:00Z,LK-S11,LK-P0071,37,37,kg,SIMULATED Odoo
2026-07-31T19:30:00Z,LK-S11,LK-P0072,16,16,l,SIMULATED Odoo
2026-07-31T19:30:00Z,LK-S11,LK-P0073,16,16,each,SIMULATED Odoo
2026-07-31T19:30:00Z,LK-S11,LK-P0074,50,50,g,SIMULATED Odoo
2026-07-31T19:30:00Z,LK-S11,LK-P0075,36,35,each,SIMULATED Odoo
2026-07-31T19:30:00Z,LK-S11,LK-P0076,71,73,kg,SIMULATED Odoo
2026-07-31T19:30:00Z,LK-S11,LK-P0077,3,5,l,SIMULATED Odoo
2026-07-31T19:30:00Z,LK-S11,LK-P0078,30,26,each,SIMULATED Odoo
2026-07-31T19:30:00Z,LK-S11,LK-P0079,22,22,g,SIMULATED Odoo
2026-07-31T19:30:00Z,LK-S11,LK-P0080,41,41,each,SIMULATED Odoo
2026-07-31T19:30:00Z,LK-S11,LK-P0081,39,40,kg,SIMULATED Odoo
2026-07-31T19:30:00Z,LK-S11,LK-P0082,28,30,l,SIMULATED Odoo
2026-07-31T19:30:00Z,LK-S11,LK-P0083,14,14,each,SIMULATED Odoo
2026-07-31T19:30:00Z,LK-S11,LK-P0084,29,25,g,SIMULATED Odoo
2026-07-31T19:30:00Z,LK-S11,LK-P0085,61,60,each,SIMULATED Odoo
2026-07-31T19:30:00Z,LK-S11,LK-P0086,51,47,kg,SIMULATED Odoo
2026-07-31T19:30:00Z,LK-S11,LK-P0087,78,74,l,SIMULATED Odoo
2026-07-31T19:30:00Z,LK-S11,LK-P0088,35,31,each,SIMULATED Odoo
2026-07-31T19:30:00Z,LK-S11,LK-P0089,32,29,g,SIMULATED Odoo
2026-07-31T19:30:00Z,LK-S11,LK-P0090,22,19,each,SIMULATED Odoo
2026-07-31T19:30:00Z,LK-S11,LK-P0091,7,7,kg,SIMULATED Odoo
2026-07-31T19:30:00Z,LK-S11,LK-P0092,28,24,l,SIMULATED Odoo
2026-07-31T19:30:00Z,LK-S11,LK-P0093,3,0,each,SIMULATED Odoo
2026-07-31T19:30:00Z,LK-S11,LK-P0094,69,69,g,SIMULATED Odoo
2026-07-31T19:30:00Z,LK-S11,LK-P0095,43,45,each,SIMULATED Odoo
2026-07-31T19:30:00Z,LK-S11,LK-P0096,16,16,kg,SIMULATED Odoo
2026-07-31T19:30:00Z,LK-S11,LK-P0097,87,88,l,SIMULATED Odoo
2026-07-31T19:30:00Z,LK-S11,LK-P0098,37,37,each,SIMULATED Odoo
2026-07-31T19:30:00Z,LK-S11,LK-P0099,18,18,g,SIMULATED Odoo
2026-07-31T19:30:00Z,LK-S11,LK-P0100,31,27,each,SIMULATED Odoo
2026-07-31T19:30:00Z,LK-S11,LK-P0101,43,40,kg,SIMULATED Odoo
2026-07-31T19:30:00Z,LK-S11,LK-P0102,10,11,l,SIMULATED Odoo
2026-07-31T19:30:00Z,LK-S11,LK-P0103,16,13,each,SIMULATED Odoo
2026-07-31T19:30:00Z,LK-S11,LK-P0104,55,52,g,SIMULATED Odoo
2026-07-31T19:30:00Z,LK-S11,LK-P0105,56,52,each,SIMULATED Odoo
2026-07-31T19:30:00Z,LK-S11,LK-P0106,24,24,kg,SIMULATED Odoo
2026-07-31T19:30:00Z,LK-S11,LK-P0107,34,34,l,SIMULATED Odoo
2026-07-31T19:30:00Z,LK-S11,LK-P0108,86,86,each,SIMULATED Odoo
2026-07-31T19:30:00Z,LK-S11,LK-P0109,71,67,g,SIMULATED Odoo
2026-07-31T19:30:00Z,LK-S11,LK-P0110,70,70,each,SIMULATED Odoo
2026-07-31T19:30:00Z,LK-S11,LK-P0111,79,80,kg,SIMULATED Odoo
2026-07-31T19:30:00Z,LK-S11,LK-P0112,59,59,l,SIMULATED Odoo
2026-07-31T19:30:00Z,LK-S11,LK-P0113,89,89,each,SIMULATED Odoo
2026-07-31T19:30:00Z,LK-S11,LK-P0114,53,53,g,SIMULATED Odoo
2026-07-31T19:30:00Z,LK-S11,LK-P0115,11,8,each,SIMULATED Odoo
2026-07-31T19:30:00Z,LK-S11,LK-P0116,83,84,kg,SIMULATED Odoo
2026-07-31T19:30:00Z,LK-S11,LK-P0117,59,59,l,SIMULATED Odoo
2026-07-31T19:30:00Z,LK-S11,LK-P0118,22,22,each,SIMULATED Odoo
2026-07-31T19:30:00Z,LK-S11,LK-P0119,12,8,g,SIMULATED Odoo
2026-07-31T19:30:00Z,LK-S11,LK-P0120,46,46,each,SIMULATED Odoo
2026-07-31T19:30:00Z,LK-S11,LK-P0121,60,60,kg,SIMULATED Odoo
2026-07-31T19:30:00Z,LK-S11,LK-P0122,89,89,l,SIMULATED Odoo
2026-07-31T19:30:00Z,LK-S11,LK-P0123,88,90,each,SIMULATED Odoo
2026-07-31T19:30:00Z,LK-S11,LK-P0124,45,41,g,SIMULATED Odoo
2026-07-31T19:30:00Z,LK-S11,LK-P0125,45,42,each,SIMULATED Odoo
2026-07-31T19:30:00Z,LK-S11,LK-P0126,20,20,kg,SIMULATED Odoo
2026-07-31T19:30:00Z,LK-S11,LK-P0127,4,0,l,SIMULATED Odoo
2026-07-31T19:30:00Z,LK-S11,LK-P0128,32,32,each,SIMULATED Odoo
2026-07-31T19:30:00Z,LK-S11,LK-P0129,64,63,g,SIMULATED Odoo
2026-07-31T19:30:00Z,LK-S11,LK-P0130,27,23,each,SIMULATED Odoo
2026-07-31T19:30:00Z,LK-S11,LK-P0131,37,33,kg,SIMULATED Odoo
2026-07-31T19:30:00Z,LK-S11,LK-P0132,40,39,l,SIMULATED Odoo
2026-07-31T19:30:00Z,LK-S11,LK-P0133,8,7,each,SIMULATED Odoo
2026-07-31T19:30:00Z,LK-S11,LK-P0134,87,88,g,SIMULATED Odoo
2026-07-31T19:30:00Z,LK-S11,LK-P0135,40,40,each,SIMULATED Odoo
2026-07-31T19:30:00Z,LK-S11,LK-P0136,42,42,kg,SIMULATED Odoo
2026-07-31T19:30:00Z,LK-S11,LK-P0137,8,5,l,SIMULATED Odoo
2026-07-31T19:30:00Z,LK-S11,LK-P0138,81,81,each,SIMULATED Odoo
2026-07-31T19:30:00Z,LK-S11,LK-P0139,65,65,g,SIMULATED Odoo
2026-07-31T19:30:00Z,LK-S11,LK-P0140,86,86,each,SIMULATED Odoo
2026-07-31T19:30:00Z,LK-S11,LK-P0141,48,50,kg,SIMULATED Odoo
2026-07-31T19:30:00Z,LK-S11,LK-P0142,69,71,l,SIMULATED Odoo
2026-07-31T19:30:00Z,LK-S11,LK-P0143,64,64,each,SIMULATED Odoo
2026-07-31T19:30:00Z,LK-S11,LK-P0144,83,83,g,SIMULATED Odoo
2026-07-31T19:30:00Z,LK-S11,LK-P0145,78,74,each,SIMULATED Odoo
2026-07-31T19:30:00Z,LK-S11,LK-P0146,77,77,kg,SIMULATED Odoo
2026-07-31T19:30:00Z,LK-S11,LK-P0147,82,83,l,SIMULATED Odoo
2026-07-31T19:30:00Z,LK-S11,LK-P0148,49,49,each,SIMULATED Odoo
2026-07-31T19:30:00Z,LK-S11,LK-P0149,12,12,g,SIMULATED Odoo
2026-07-31T19:30:00Z,LK-S11,LK-P0150,64,66,each,SIMULATED Odoo
2026-07-31T19:30:00Z,LK-S12,LK-P0001,58,57,kg,SIMULATED Odoo
2026-07-31T19:30:00Z,LK-S12,LK-P0002,2,3,l,SIMULATED Odoo
2026-07-31T19:30:00Z,LK-S12,LK-P0003,60,60,each,SIMULATED Odoo
2026-07-31T19:30:00Z,LK-S12,LK-P0004,85,84,g,SIMULATED Odoo
2026-07-31T19:30:00Z,LK-S12,LK-P0005,26,26,each,SIMULATED Odoo
2026-07-31T19:30:00Z,LK-S12,LK-P0006,12,12,kg,SIMULATED Odoo
2026-07-31T19:30:00Z,LK-S12,LK-P0007,2,2,l,SIMULATED Odoo
2026-07-31T19:30:00Z,LK-S12,LK-P0008,33,33,each,SIMULATED Odoo
2026-07-31T19:30:00Z,LK-S12,LK-P0009,76,76,g,SIMULATED Odoo
2026-07-31T19:30:00Z,LK-S12,LK-P0010,16,13,each,SIMULATED Odoo
2026-07-31T19:30:00Z,LK-S12,LK-P0011,47,49,kg,SIMULATED Odoo
2026-07-31T19:30:00Z,LK-S12,LK-P0012,51,51,l,SIMULATED Odoo
2026-07-31T19:30:00Z,LK-S12,LK-P0013,57,53,each,SIMULATED Odoo
2026-07-31T19:30:00Z,LK-S12,LK-P0014,5,5,g,SIMULATED Odoo
2026-07-31T19:30:00Z,LK-S12,LK-P0015,77,77,each,SIMULATED Odoo
2026-07-31T19:30:00Z,LK-S12,LK-P0016,81,81,kg,SIMULATED Odoo
2026-07-31T19:30:00Z,LK-S12,LK-P0017,54,54,l,SIMULATED Odoo
2026-07-31T19:30:00Z,LK-S12,LK-P0018,9,9,each,SIMULATED Odoo
2026-07-31T19:30:00Z,LK-S12,LK-P0019,65,65,g,SIMULATED Odoo
2026-07-31T19:30:00Z,LK-S12,LK-P0020,66,66,each,SIMULATED Odoo
2026-07-31T19:30:00Z,LK-S12,LK-P0021,86,87,kg,SIMULATED Odoo
2026-07-31T19:30:00Z,LK-S12,LK-P0022,12,13,l,SIMULATED Odoo
2026-07-31T19:30:00Z,LK-S12,LK-P0023,26,26,each,SIMULATED Odoo
2026-07-31T19:30:00Z,LK-S12,LK-P0024,58,58,g,SIMULATED Odoo
2026-07-31T19:30:00Z,LK-S12,LK-P0025,0,1,each,SIMULATED Odoo
2026-07-31T19:30:00Z,LK-S12,LK-P0026,3,0,kg,SIMULATED Odoo
2026-07-31T19:30:00Z,LK-S12,LK-P0027,70,71,l,SIMULATED Odoo
2026-07-31T19:30:00Z,LK-S12,LK-P0028,51,47,each,SIMULATED Odoo
2026-07-31T19:30:00Z,LK-S12,LK-P0029,89,91,g,SIMULATED Odoo
2026-07-31T19:30:00Z,LK-S12,LK-P0030,46,47,each,SIMULATED Odoo
2026-07-31T19:30:00Z,LK-S12,LK-P0031,40,40,kg,SIMULATED Odoo
2026-07-31T19:30:00Z,LK-S12,LK-P0032,59,55,l,SIMULATED Odoo
2026-07-31T19:30:00Z,LK-S12,LK-P0033,72,71,each,SIMULATED Odoo
2026-07-31T19:30:00Z,LK-S12,LK-P0034,89,90,g,SIMULATED Odoo
2026-07-31T19:30:00Z,LK-S12,LK-P0035,4,0,each,SIMULATED Odoo
2026-07-31T19:30:00Z,LK-S12,LK-P0036,18,19,kg,SIMULATED Odoo
2026-07-31T19:30:00Z,LK-S12,LK-P0037,71,71,l,SIMULATED Odoo
2026-07-31T19:30:00Z,LK-S12,LK-P0038,79,80,each,SIMULATED Odoo
2026-07-31T19:30:00Z,LK-S12,LK-P0039,54,50,g,SIMULATED Odoo
2026-07-31T19:30:00Z,LK-S12,LK-P0040,68,70,each,SIMULATED Odoo
2026-07-31T19:30:00Z,LK-S12,LK-P0041,35,36,kg,SIMULATED Odoo
2026-07-31T19:30:00Z,LK-S12,LK-P0042,67,67,l,SIMULATED Odoo
2026-07-31T19:30:00Z,LK-S12,LK-P0043,32,33,each,SIMULATED Odoo
2026-07-31T19:30:00Z,LK-S12,LK-P0044,67,64,g,SIMULATED Odoo
2026-07-31T19:30:00Z,LK-S12,LK-P0045,17,13,each,SIMULATED Odoo
2026-07-31T19:30:00Z,LK-S12,LK-P0046,20,19,kg,SIMULATED Odoo
2026-07-31T19:30:00Z,LK-S12,LK-P0047,86,86,l,SIMULATED Odoo
2026-07-31T19:30:00Z,LK-S12,LK-P0048,70,69,each,SIMULATED Odoo
2026-07-31T19:30:00Z,LK-S12,LK-P0049,51,48,g,SIMULATED Odoo
2026-07-31T19:30:00Z,LK-S12,LK-P0050,0,0,each,SIMULATED Odoo
2026-07-31T19:30:00Z,LK-S12,LK-P0051,86,82,kg,SIMULATED Odoo
2026-07-31T19:30:00Z,LK-S12,LK-P0052,22,22,l,SIMULATED Odoo
2026-07-31T19:30:00Z,LK-S12,LK-P0053,26,26,each,SIMULATED Odoo
2026-07-31T19:30:00Z,LK-S12,LK-P0054,62,62,g,SIMULATED Odoo
2026-07-31T19:30:00Z,LK-S12,LK-P0055,86,85,each,SIMULATED Odoo
2026-07-31T19:30:00Z,LK-S12,LK-P0056,37,37,kg,SIMULATED Odoo
2026-07-31T19:30:00Z,LK-S12,LK-P0057,9,8,l,SIMULATED Odoo
2026-07-31T19:30:00Z,LK-S12,LK-P0058,39,38,each,SIMULATED Odoo
2026-07-31T19:30:00Z,LK-S12,LK-P0059,9,5,g,SIMULATED Odoo
2026-07-31T19:30:00Z,LK-S12,LK-P0060,10,7,each,SIMULATED Odoo
2026-07-31T19:30:00Z,LK-S12,LK-P0061,74,76,kg,SIMULATED Odoo
2026-07-31T19:30:00Z,LK-S12,LK-P0062,41,42,l,SIMULATED Odoo
2026-07-31T19:30:00Z,LK-S12,LK-P0063,3,5,each,SIMULATED Odoo
2026-07-31T19:30:00Z,LK-S12,LK-P0064,55,55,g,SIMULATED Odoo
2026-07-31T19:30:00Z,LK-S12,LK-P0065,16,18,each,SIMULATED Odoo
2026-07-31T19:30:00Z,LK-S12,LK-P0066,17,14,kg,SIMULATED Odoo
2026-07-31T19:30:00Z,LK-S12,LK-P0067,49,46,l,SIMULATED Odoo
2026-07-31T19:30:00Z,LK-S12,LK-P0068,66,66,each,SIMULATED Odoo
2026-07-31T19:30:00Z,LK-S12,LK-P0069,57,58,g,SIMULATED Odoo
2026-07-31T19:30:00Z,LK-S12,LK-P0070,57,53,each,SIMULATED Odoo
2026-07-31T19:30:00Z,LK-S12,LK-P0071,46,46,kg,SIMULATED Odoo
2026-07-31T19:30:00Z,LK-S12,LK-P0072,77,73,l,SIMULATED Odoo
2026-07-31T19:30:00Z,LK-S12,LK-P0073,70,72,each,SIMULATED Odoo
2026-07-31T19:30:00Z,LK-S12,LK-P0074,22,18,g,SIMULATED Odoo
2026-07-31T19:30:00Z,LK-S12,LK-P0075,32,31,each,SIMULATED Odoo
2026-07-31T19:30:00Z,LK-S12,LK-P0076,46,48,kg,SIMULATED Odoo
2026-07-31T19:30:00Z,LK-S12,LK-P0077,68,65,l,SIMULATED Odoo
2026-07-31T19:30:00Z,LK-S12,LK-P0078,25,25,each,SIMULATED Odoo
2026-07-31T19:30:00Z,LK-S12,LK-P0079,5,4,g,SIMULATED Odoo
2026-07-31T19:30:00Z,LK-S12,LK-P0080,37,37,each,SIMULATED Odoo
2026-07-31T19:30:00Z,LK-S12,LK-P0081,90,91,kg,SIMULATED Odoo
2026-07-31T19:30:00Z,LK-S12,LK-P0082,56,55,l,SIMULATED Odoo
2026-07-31T19:30:00Z,LK-S12,LK-P0083,39,38,each,SIMULATED Odoo
2026-07-31T19:30:00Z,LK-S12,LK-P0084,35,35,g,SIMULATED Odoo
2026-07-31T19:30:00Z,LK-S12,LK-P0085,23,23,each,SIMULATED Odoo
2026-07-31T19:30:00Z,LK-S12,LK-P0086,0,0,kg,SIMULATED Odoo
2026-07-31T19:30:00Z,LK-S12,LK-P0087,17,17,l,SIMULATED Odoo
2026-07-31T19:30:00Z,LK-S12,LK-P0088,22,22,each,SIMULATED Odoo
2026-07-31T19:30:00Z,LK-S12,LK-P0089,20,19,g,SIMULATED Odoo
2026-07-31T19:30:00Z,LK-S12,LK-P0090,81,78,each,SIMULATED Odoo
2026-07-31T19:30:00Z,LK-S12,LK-P0091,50,49,kg,SIMULATED Odoo
2026-07-31T19:30:00Z,LK-S12,LK-P0092,19,19,l,SIMULATED Odoo
2026-07-31T19:30:00Z,LK-S12,LK-P0093,58,59,each,SIMULATED Odoo
2026-07-31T19:30:00Z,LK-S12,LK-P0094,66,66,g,SIMULATED Odoo
2026-07-31T19:30:00Z,LK-S12,LK-P0095,63,60,each,SIMULATED Odoo
2026-07-31T19:30:00Z,LK-S12,LK-P0096,86,85,kg,SIMULATED Odoo
2026-07-31T19:30:00Z,LK-S12,LK-P0097,48,48,l,SIMULATED Odoo
2026-07-31T19:30:00Z,LK-S12,LK-P0098,12,13,each,SIMULATED Odoo
2026-07-31T19:30:00Z,LK-S12,LK-P0099,1,1,g,SIMULATED Odoo
2026-07-31T19:30:00Z,LK-S12,LK-P0100,12,11,each,SIMULATED Odoo
2026-07-31T19:30:00Z,LK-S12,LK-P0101,45,42,kg,SIMULATED Odoo
2026-07-31T19:30:00Z,LK-S12,LK-P0102,1,1,l,SIMULATED Odoo
2026-07-31T19:30:00Z,LK-S12,LK-P0103,53,50,each,SIMULATED Odoo
2026-07-31T19:30:00Z,LK-S12,LK-P0104,16,17,g,SIMULATED Odoo
2026-07-31T19:30:00Z,LK-S12,LK-P0105,35,37,each,SIMULATED Odoo
2026-07-31T19:30:00Z,LK-S12,LK-P0106,16,15,kg,SIMULATED Odoo
2026-07-31T19:30:00Z,LK-S12,LK-P0107,68,68,l,SIMULATED Odoo
2026-07-31T19:30:00Z,LK-S12,LK-P0108,57,53,each,SIMULATED Odoo
2026-07-31T19:30:00Z,LK-S12,LK-P0109,40,41,g,SIMULATED Odoo
2026-07-31T19:30:00Z,LK-S12,LK-P0110,49,51,each,SIMULATED Odoo
2026-07-31T19:30:00Z,LK-S12,LK-P0111,53,49,kg,SIMULATED Odoo
2026-07-31T19:30:00Z,LK-S12,LK-P0112,32,32,l,SIMULATED Odoo
2026-07-31T19:30:00Z,LK-S12,LK-P0113,48,49,each,SIMULATED Odoo
2026-07-31T19:30:00Z,LK-S12,LK-P0114,27,27,g,SIMULATED Odoo
2026-07-31T19:30:00Z,LK-S12,LK-P0115,40,42,each,SIMULATED Odoo
2026-07-31T19:30:00Z,LK-S12,LK-P0116,65,61,kg,SIMULATED Odoo
2026-07-31T19:30:00Z,LK-S12,LK-P0117,59,61,l,SIMULATED Odoo
2026-07-31T19:30:00Z,LK-S12,LK-P0118,78,74,each,SIMULATED Odoo
2026-07-31T19:30:00Z,LK-S12,LK-P0119,5,5,g,SIMULATED Odoo
2026-07-31T19:30:00Z,LK-S12,LK-P0120,88,88,each,SIMULATED Odoo
2026-07-31T19:30:00Z,LK-S12,LK-P0121,17,14,kg,SIMULATED Odoo
2026-07-31T19:30:00Z,LK-S12,LK-P0122,25,24,l,SIMULATED Odoo
2026-07-31T19:30:00Z,LK-S12,LK-P0123,48,45,each,SIMULATED Odoo
2026-07-31T19:30:00Z,LK-S12,LK-P0124,17,16,g,SIMULATED Odoo
2026-07-31T19:30:00Z,LK-S12,LK-P0125,40,40,each,SIMULATED Odoo
2026-07-31T19:30:00Z,LK-S12,LK-P0126,77,73,kg,SIMULATED Odoo
2026-07-31T19:30:00Z,LK-S12,LK-P0127,72,74,l,SIMULATED Odoo
2026-07-31T19:30:00Z,LK-S12,LK-P0128,36,36,each,SIMULATED Odoo
2026-07-31T19:30:00Z,LK-S12,LK-P0129,41,37,g,SIMULATED Odoo
2026-07-31T19:30:00Z,LK-S12,LK-P0130,66,67,each,SIMULATED Odoo
2026-07-31T19:30:00Z,LK-S12,LK-P0131,8,4,kg,SIMULATED Odoo
2026-07-31T19:30:00Z,LK-S12,LK-P0132,8,7,l,SIMULATED Odoo
2026-07-31T19:30:00Z,LK-S12,LK-P0133,86,86,each,SIMULATED Odoo
2026-07-31T19:30:00Z,LK-S12,LK-P0134,23,23,g,SIMULATED Odoo
2026-07-31T19:30:00Z,LK-S12,LK-P0135,60,60,each,SIMULATED Odoo
2026-07-31T19:30:00Z,LK-S12,LK-P0136,19,15,kg,SIMULATED Odoo
2026-07-31T19:30:00Z,LK-S12,LK-P0137,0,0,l,SIMULATED Odoo
2026-07-31T19:30:00Z,LK-S12,LK-P0138,0,1,each,SIMULATED Odoo
2026-07-31T19:30:00Z,LK-S12,LK-P0139,57,54,g,SIMULATED Odoo
2026-07-31T19:30:00Z,LK-S12,LK-P0140,69,71,each,SIMULATED Odoo
2026-07-31T19:30:00Z,LK-S12,LK-P0141,30,29,kg,SIMULATED Odoo
2026-07-31T19:30:00Z,LK-S12,LK-P0142,10,10,l,SIMULATED Odoo
2026-07-31T19:30:00Z,LK-S12,LK-P0143,9,9,each,SIMULATED Odoo
2026-07-31T19:30:00Z,LK-S12,LK-P0144,9,9,g,SIMULATED Odoo
2026-07-31T19:30:00Z,LK-S12,LK-P0145,18,17,each,SIMULATED Odoo
2026-07-31T19:30:00Z,LK-S12,LK-P0146,71,71,kg,SIMULATED Odoo
2026-07-31T19:30:00Z,LK-S12,LK-P0147,83,83,l,SIMULATED Odoo
2026-07-31T19:30:00Z,LK-S12,LK-P0148,53,54,each,SIMULATED Odoo
2026-07-31T19:30:00Z,LK-S12,LK-P0149,10,7,g,SIMULATED Odoo
2026-07-31T19:30:00Z,LK-S12,LK-P0150,48,50,each,SIMULATED Odoo
2026-07-31T19:30:00Z,LK-S13,LK-P0001,23,25,kg,SIMULATED Odoo
2026-07-31T19:30:00Z,LK-S13,LK-P0002,13,14,l,SIMULATED Odoo
2026-07-31T19:30:00Z,LK-S13,LK-P0003,56,56,each,SIMULATED Odoo
2026-07-31T19:30:00Z,LK-S13,LK-P0004,84,83,g,SIMULATED Odoo
2026-07-31T19:30:00Z,LK-S13,LK-P0005,45,45,each,SIMULATED Odoo
2026-07-31T19:30:00Z,LK-S13,LK-P0006,3,0,kg,SIMULATED Odoo
2026-07-31T19:30:00Z,LK-S13,LK-P0007,56,55,l,SIMULATED Odoo
2026-07-31T19:30:00Z,LK-S13,LK-P0008,88,89,each,SIMULATED Odoo
2026-07-31T19:30:00Z,LK-S13,LK-P0009,63,62,g,SIMULATED Odoo
2026-07-31T19:30:00Z,LK-S13,LK-P0010,45,45,each,SIMULATED Odoo
2026-07-31T19:30:00Z,LK-S13,LK-P0011,74,75,kg,SIMULATED Odoo
2026-07-31T19:30:00Z,LK-S13,LK-P0012,5,2,l,SIMULATED Odoo
2026-07-31T19:30:00Z,LK-S13,LK-P0013,63,62,each,SIMULATED Odoo
2026-07-31T19:30:00Z,LK-S13,LK-P0014,81,77,g,SIMULATED Odoo
2026-07-31T19:30:00Z,LK-S13,LK-P0015,73,74,each,SIMULATED Odoo
2026-07-31T19:30:00Z,LK-S13,LK-P0016,86,82,kg,SIMULATED Odoo
2026-07-31T19:30:00Z,LK-S13,LK-P0017,19,16,l,SIMULATED Odoo
2026-07-31T19:30:00Z,LK-S13,LK-P0018,53,52,each,SIMULATED Odoo
2026-07-31T19:30:00Z,LK-S13,LK-P0019,24,24,g,SIMULATED Odoo
2026-07-31T19:30:00Z,LK-S13,LK-P0020,50,49,each,SIMULATED Odoo
2026-07-31T19:30:00Z,LK-S13,LK-P0021,7,9,kg,SIMULATED Odoo
2026-07-31T19:30:00Z,LK-S13,LK-P0022,8,5,l,SIMULATED Odoo
2026-07-31T19:30:00Z,LK-S13,LK-P0023,69,68,each,SIMULATED Odoo
2026-07-31T19:30:00Z,LK-S13,LK-P0024,1,1,g,SIMULATED Odoo
2026-07-31T19:30:00Z,LK-S13,LK-P0025,45,45,each,SIMULATED Odoo
2026-07-31T19:30:00Z,LK-S13,LK-P0026,32,33,kg,SIMULATED Odoo
2026-07-31T19:30:00Z,LK-S13,LK-P0027,79,80,l,SIMULATED Odoo
2026-07-31T19:30:00Z,LK-S13,LK-P0028,47,49,each,SIMULATED Odoo
2026-07-31T19:30:00Z,LK-S13,LK-P0029,40,40,g,SIMULATED Odoo
2026-07-31T19:30:00Z,LK-S13,LK-P0030,74,73,each,SIMULATED Odoo
2026-07-31T19:30:00Z,LK-S13,LK-P0031,13,13,kg,SIMULATED Odoo
2026-07-31T19:30:00Z,LK-S13,LK-P0032,81,81,l,SIMULATED Odoo
2026-07-31T19:30:00Z,LK-S13,LK-P0033,73,73,each,SIMULATED Odoo
2026-07-31T19:30:00Z,LK-S13,LK-P0034,15,14,g,SIMULATED Odoo
2026-07-31T19:30:00Z,LK-S13,LK-P0035,24,24,each,SIMULATED Odoo
2026-07-31T19:30:00Z,LK-S13,LK-P0036,17,17,kg,SIMULATED Odoo
2026-07-31T19:30:00Z,LK-S13,LK-P0037,0,2,l,SIMULATED Odoo
2026-07-31T19:30:00Z,LK-S13,LK-P0038,35,36,each,SIMULATED Odoo
2026-07-31T19:30:00Z,LK-S13,LK-P0039,38,38,g,SIMULATED Odoo
2026-07-31T19:30:00Z,LK-S13,LK-P0040,45,45,each,SIMULATED Odoo
2026-07-31T19:30:00Z,LK-S13,LK-P0041,67,67,kg,SIMULATED Odoo
2026-07-31T19:30:00Z,LK-S13,LK-P0042,90,91,l,SIMULATED Odoo
2026-07-31T19:30:00Z,LK-S13,LK-P0043,14,14,each,SIMULATED Odoo
2026-07-31T19:30:00Z,LK-S13,LK-P0044,34,34,g,SIMULATED Odoo
2026-07-31T19:30:00Z,LK-S13,LK-P0045,40,40,each,SIMULATED Odoo
2026-07-31T19:30:00Z,LK-S13,LK-P0046,78,78,kg,SIMULATED Odoo
2026-07-31T19:30:00Z,LK-S13,LK-P0047,22,19,l,SIMULATED Odoo
2026-07-31T19:30:00Z,LK-S13,LK-P0048,61,61,each,SIMULATED Odoo
2026-07-31T19:30:00Z,LK-S13,LK-P0049,8,4,g,SIMULATED Odoo
2026-07-31T19:30:00Z,LK-S13,LK-P0050,87,86,each,SIMULATED Odoo
2026-07-31T19:30:00Z,LK-S13,LK-P0051,7,7,kg,SIMULATED Odoo
2026-07-31T19:30:00Z,LK-S13,LK-P0052,30,30,l,SIMULATED Odoo
2026-07-31T19:30:00Z,LK-S13,LK-P0053,86,87,each,SIMULATED Odoo
2026-07-31T19:30:00Z,LK-S13,LK-P0054,86,87,g,SIMULATED Odoo
2026-07-31T19:30:00Z,LK-S13,LK-P0055,57,54,each,SIMULATED Odoo
2026-07-31T19:30:00Z,LK-S13,LK-P0056,79,75,kg,SIMULATED Odoo
2026-07-31T19:30:00Z,LK-S13,LK-P0057,62,64,l,SIMULATED Odoo
2026-07-31T19:30:00Z,LK-S13,LK-P0058,44,45,each,SIMULATED Odoo
2026-07-31T19:30:00Z,LK-S13,LK-P0059,13,13,g,SIMULATED Odoo
2026-07-31T19:30:00Z,LK-S13,LK-P0060,73,73,each,SIMULATED Odoo
2026-07-31T19:30:00Z,LK-S13,LK-P0061,39,39,kg,SIMULATED Odoo
2026-07-31T19:30:00Z,LK-S13,LK-P0062,34,31,l,SIMULATED Odoo
2026-07-31T19:30:00Z,LK-S13,LK-P0063,17,19,each,SIMULATED Odoo
2026-07-31T19:30:00Z,LK-S13,LK-P0064,28,27,g,SIMULATED Odoo
2026-07-31T19:30:00Z,LK-S13,LK-P0065,39,39,each,SIMULATED Odoo
2026-07-31T19:30:00Z,LK-S13,LK-P0066,13,9,kg,SIMULATED Odoo
2026-07-31T19:30:00Z,LK-S13,LK-P0067,16,12,l,SIMULATED Odoo
2026-07-31T19:30:00Z,LK-S13,LK-P0068,53,54,each,SIMULATED Odoo
2026-07-31T19:30:00Z,LK-S13,LK-P0069,33,29,g,SIMULATED Odoo
2026-07-31T19:30:00Z,LK-S13,LK-P0070,68,64,each,SIMULATED Odoo
2026-07-31T19:30:00Z,LK-S13,LK-P0071,26,26,kg,SIMULATED Odoo
2026-07-31T19:30:00Z,LK-S13,LK-P0072,6,3,l,SIMULATED Odoo
2026-07-31T19:30:00Z,LK-S13,LK-P0073,71,67,each,SIMULATED Odoo
2026-07-31T19:30:00Z,LK-S13,LK-P0074,23,23,g,SIMULATED Odoo
2026-07-31T19:30:00Z,LK-S13,LK-P0075,0,1,each,SIMULATED Odoo
2026-07-31T19:30:00Z,LK-S13,LK-P0076,34,34,kg,SIMULATED Odoo
2026-07-31T19:30:00Z,LK-S13,LK-P0077,5,2,l,SIMULATED Odoo
2026-07-31T19:30:00Z,LK-S13,LK-P0078,86,82,each,SIMULATED Odoo
2026-07-31T19:30:00Z,LK-S13,LK-P0079,47,46,g,SIMULATED Odoo
2026-07-31T19:30:00Z,LK-S13,LK-P0080,70,71,each,SIMULATED Odoo
2026-07-31T19:30:00Z,LK-S13,LK-P0081,68,69,kg,SIMULATED Odoo
2026-07-31T19:30:00Z,LK-S13,LK-P0082,20,16,l,SIMULATED Odoo
2026-07-31T19:30:00Z,LK-S13,LK-P0083,78,78,each,SIMULATED Odoo
2026-07-31T19:30:00Z,LK-S13,LK-P0084,24,20,g,SIMULATED Odoo
2026-07-31T19:30:00Z,LK-S13,LK-P0085,12,12,each,SIMULATED Odoo
2026-07-31T19:30:00Z,LK-S13,LK-P0086,17,13,kg,SIMULATED Odoo
2026-07-31T19:30:00Z,LK-S13,LK-P0087,26,26,l,SIMULATED Odoo
2026-07-31T19:30:00Z,LK-S13,LK-P0088,77,74,each,SIMULATED Odoo
2026-07-31T19:30:00Z,LK-S13,LK-P0089,19,15,g,SIMULATED Odoo
2026-07-31T19:30:00Z,LK-S13,LK-P0090,78,80,each,SIMULATED Odoo
2026-07-31T19:30:00Z,LK-S13,LK-P0091,37,39,kg,SIMULATED Odoo
2026-07-31T19:30:00Z,LK-S13,LK-P0092,13,9,l,SIMULATED Odoo
2026-07-31T19:30:00Z,LK-S13,LK-P0093,11,12,each,SIMULATED Odoo
2026-07-31T19:30:00Z,LK-S13,LK-P0094,62,62,g,SIMULATED Odoo
2026-07-31T19:30:00Z,LK-S13,LK-P0095,34,35,each,SIMULATED Odoo
2026-07-31T19:30:00Z,LK-S13,LK-P0096,89,89,kg,SIMULATED Odoo
2026-07-31T19:30:00Z,LK-S13,LK-P0097,66,62,l,SIMULATED Odoo
2026-07-31T19:30:00Z,LK-S13,LK-P0098,30,30,each,SIMULATED Odoo
2026-07-31T19:30:00Z,LK-S13,LK-P0099,74,70,g,SIMULATED Odoo
2026-07-31T19:30:00Z,LK-S13,LK-P0100,82,79,each,SIMULATED Odoo
2026-07-31T19:30:00Z,LK-S13,LK-P0101,63,60,kg,SIMULATED Odoo
2026-07-31T19:30:00Z,LK-S13,LK-P0102,71,71,l,SIMULATED Odoo
2026-07-31T19:30:00Z,LK-S13,LK-P0103,20,16,each,SIMULATED Odoo
2026-07-31T19:30:00Z,LK-S13,LK-P0104,51,51,g,SIMULATED Odoo
2026-07-31T19:30:00Z,LK-S13,LK-P0105,62,58,each,SIMULATED Odoo
2026-07-31T19:30:00Z,LK-S13,LK-P0106,45,44,kg,SIMULATED Odoo
2026-07-31T19:30:00Z,LK-S13,LK-P0107,45,44,l,SIMULATED Odoo
2026-07-31T19:30:00Z,LK-S13,LK-P0108,36,32,each,SIMULATED Odoo
2026-07-31T19:30:00Z,LK-S13,LK-P0109,0,0,g,SIMULATED Odoo
2026-07-31T19:30:00Z,LK-S13,LK-P0110,11,8,each,SIMULATED Odoo
2026-07-31T19:30:00Z,LK-S13,LK-P0111,71,70,kg,SIMULATED Odoo
2026-07-31T19:30:00Z,LK-S13,LK-P0112,3,2,l,SIMULATED Odoo
2026-07-31T19:30:00Z,LK-S13,LK-P0113,36,36,each,SIMULATED Odoo
2026-07-31T19:30:00Z,LK-S13,LK-P0114,87,87,g,SIMULATED Odoo
2026-07-31T19:30:00Z,LK-S13,LK-P0115,79,75,each,SIMULATED Odoo
2026-07-31T19:30:00Z,LK-S13,LK-P0116,89,89,kg,SIMULATED Odoo
2026-07-31T19:30:00Z,LK-S13,LK-P0117,82,84,l,SIMULATED Odoo
2026-07-31T19:30:00Z,LK-S13,LK-P0118,46,46,each,SIMULATED Odoo
2026-07-31T19:30:00Z,LK-S13,LK-P0119,37,39,g,SIMULATED Odoo
2026-07-31T19:30:00Z,LK-S13,LK-P0120,71,73,each,SIMULATED Odoo
2026-07-31T19:30:00Z,LK-S13,LK-P0121,35,34,kg,SIMULATED Odoo
2026-07-31T19:30:00Z,LK-S13,LK-P0122,17,13,l,SIMULATED Odoo
2026-07-31T19:30:00Z,LK-S13,LK-P0123,19,19,each,SIMULATED Odoo
2026-07-31T19:30:00Z,LK-S13,LK-P0124,79,80,g,SIMULATED Odoo
2026-07-31T19:30:00Z,LK-S13,LK-P0125,32,32,each,SIMULATED Odoo
2026-07-31T19:30:00Z,LK-S13,LK-P0126,21,18,kg,SIMULATED Odoo
2026-07-31T19:30:00Z,LK-S13,LK-P0127,73,70,l,SIMULATED Odoo
2026-07-31T19:30:00Z,LK-S13,LK-P0128,31,30,each,SIMULATED Odoo
2026-07-31T19:30:00Z,LK-S13,LK-P0129,69,69,g,SIMULATED Odoo
2026-07-31T19:30:00Z,LK-S13,LK-P0130,3,0,each,SIMULATED Odoo
2026-07-31T19:30:00Z,LK-S13,LK-P0131,34,34,kg,SIMULATED Odoo
2026-07-31T19:30:00Z,LK-S13,LK-P0132,67,64,l,SIMULATED Odoo
2026-07-31T19:30:00Z,LK-S13,LK-P0133,14,11,each,SIMULATED Odoo
2026-07-31T19:30:00Z,LK-S13,LK-P0134,77,76,g,SIMULATED Odoo
2026-07-31T19:30:00Z,LK-S13,LK-P0135,78,78,each,SIMULATED Odoo
2026-07-31T19:30:00Z,LK-S13,LK-P0136,23,23,kg,SIMULATED Odoo
2026-07-31T19:30:00Z,LK-S13,LK-P0137,74,74,l,SIMULATED Odoo
2026-07-31T19:30:00Z,LK-S13,LK-P0138,31,32,each,SIMULATED Odoo
2026-07-31T19:30:00Z,LK-S13,LK-P0139,86,86,g,SIMULATED Odoo
2026-07-31T19:30:00Z,LK-S13,LK-P0140,62,63,each,SIMULATED Odoo
2026-07-31T19:30:00Z,LK-S13,LK-P0141,29,29,kg,SIMULATED Odoo
2026-07-31T19:30:00Z,LK-S13,LK-P0142,4,6,l,SIMULATED Odoo
2026-07-31T19:30:00Z,LK-S13,LK-P0143,2,1,each,SIMULATED Odoo
2026-07-31T19:30:00Z,LK-S13,LK-P0144,44,46,g,SIMULATED Odoo
2026-07-31T19:30:00Z,LK-S13,LK-P0145,53,53,each,SIMULATED Odoo
2026-07-31T19:30:00Z,LK-S13,LK-P0146,75,75,kg,SIMULATED Odoo
2026-07-31T19:30:00Z,LK-S13,LK-P0147,76,76,l,SIMULATED Odoo
2026-07-31T19:30:00Z,LK-S13,LK-P0148,46,46,each,SIMULATED Odoo
2026-07-31T19:30:00Z,LK-S13,LK-P0149,65,65,g,SIMULATED Odoo
2026-07-31T19:30:00Z,LK-S13,LK-P0150,60,57,each,SIMULATED Odoo
2026-07-31T19:30:00Z,LK-S14,LK-P0001,66,66,kg,SIMULATED Odoo
2026-07-31T19:30:00Z,LK-S14,LK-P0002,66,62,l,SIMULATED Odoo
2026-07-31T19:30:00Z,LK-S14,LK-P0003,44,41,each,SIMULATED Odoo
2026-07-31T19:30:00Z,LK-S14,LK-P0004,20,22,g,SIMULATED Odoo
2026-07-31T19:30:00Z,LK-S14,LK-P0005,73,69,each,SIMULATED Odoo
2026-07-31T19:30:00Z,LK-S14,LK-P0006,3,0,kg,SIMULATED Odoo
2026-07-31T19:30:00Z,LK-S14,LK-P0007,54,50,l,SIMULATED Odoo
2026-07-31T19:30:00Z,LK-S14,LK-P0008,4,3,each,SIMULATED Odoo
2026-07-31T19:30:00Z,LK-S14,LK-P0009,67,66,g,SIMULATED Odoo
2026-07-31T19:30:00Z,LK-S14,LK-P0010,62,62,each,SIMULATED Odoo
2026-07-31T19:30:00Z,LK-S14,LK-P0011,19,15,kg,SIMULATED Odoo
2026-07-31T19:30:00Z,LK-S14,LK-P0012,67,67,l,SIMULATED Odoo
2026-07-31T19:30:00Z,LK-S14,LK-P0013,33,33,each,SIMULATED Odoo
2026-07-31T19:30:00Z,LK-S14,LK-P0014,21,21,g,SIMULATED Odoo
2026-07-31T19:30:00Z,LK-S14,LK-P0015,74,74,each,SIMULATED Odoo
2026-07-31T19:30:00Z,LK-S14,LK-P0016,48,44,kg,SIMULATED Odoo
2026-07-31T19:30:00Z,LK-S14,LK-P0017,12,12,l,SIMULATED Odoo
2026-07-31T19:30:00Z,LK-S14,LK-P0018,73,73,each,SIMULATED Odoo
2026-07-31T19:30:00Z,LK-S14,LK-P0019,19,19,g,SIMULATED Odoo
2026-07-31T19:30:00Z,LK-S14,LK-P0020,44,41,each,SIMULATED Odoo
2026-07-31T19:30:00Z,LK-S14,LK-P0021,20,19,kg,SIMULATED Odoo
2026-07-31T19:30:00Z,LK-S14,LK-P0022,59,59,l,SIMULATED Odoo
2026-07-31T19:30:00Z,LK-S14,LK-P0023,86,86,each,SIMULATED Odoo
2026-07-31T19:30:00Z,LK-S14,LK-P0024,81,82,g,SIMULATED Odoo
2026-07-31T19:30:00Z,LK-S14,LK-P0025,18,14,each,SIMULATED Odoo
2026-07-31T19:30:00Z,LK-S14,LK-P0026,84,81,kg,SIMULATED Odoo
2026-07-31T19:30:00Z,LK-S14,LK-P0027,72,73,l,SIMULATED Odoo
2026-07-31T19:30:00Z,LK-S14,LK-P0028,56,56,each,SIMULATED Odoo
2026-07-31T19:30:00Z,LK-S14,LK-P0029,47,47,g,SIMULATED Odoo
2026-07-31T19:30:00Z,LK-S14,LK-P0030,26,22,each,SIMULATED Odoo
2026-07-31T19:30:00Z,LK-S14,LK-P0031,81,83,kg,SIMULATED Odoo
2026-07-31T19:30:00Z,LK-S14,LK-P0032,1,3,l,SIMULATED Odoo
2026-07-31T19:30:00Z,LK-S14,LK-P0033,52,52,each,SIMULATED Odoo
2026-07-31T19:30:00Z,LK-S14,LK-P0034,87,84,g,SIMULATED Odoo
2026-07-31T19:30:00Z,LK-S14,LK-P0035,69,69,each,SIMULATED Odoo
2026-07-31T19:30:00Z,LK-S14,LK-P0036,44,44,kg,SIMULATED Odoo
2026-07-31T19:30:00Z,LK-S14,LK-P0037,58,59,l,SIMULATED Odoo
2026-07-31T19:30:00Z,LK-S14,LK-P0038,27,29,each,SIMULATED Odoo
2026-07-31T19:30:00Z,LK-S14,LK-P0039,28,28,g,SIMULATED Odoo
2026-07-31T19:30:00Z,LK-S14,LK-P0040,63,63,each,SIMULATED Odoo
2026-07-31T19:30:00Z,LK-S14,LK-P0041,76,78,kg,SIMULATED Odoo
2026-07-31T19:30:00Z,LK-S14,LK-P0042,62,63,l,SIMULATED Odoo
2026-07-31T19:30:00Z,LK-S14,LK-P0043,2,3,each,SIMULATED Odoo
2026-07-31T19:30:00Z,LK-S14,LK-P0044,85,87,g,SIMULATED Odoo
2026-07-31T19:30:00Z,LK-S14,LK-P0045,51,53,each,SIMULATED Odoo
2026-07-31T19:30:00Z,LK-S14,LK-P0046,34,34,kg,SIMULATED Odoo
2026-07-31T19:30:00Z,LK-S14,LK-P0047,78,80,l,SIMULATED Odoo
2026-07-31T19:30:00Z,LK-S14,LK-P0048,74,70,each,SIMULATED Odoo
2026-07-31T19:30:00Z,LK-S14,LK-P0049,45,41,g,SIMULATED Odoo
2026-07-31T19:30:00Z,LK-S14,LK-P0050,27,28,each,SIMULATED Odoo
2026-07-31T19:30:00Z,LK-S14,LK-P0051,53,50,kg,SIMULATED Odoo
2026-07-31T19:30:00Z,LK-S14,LK-P0052,12,8,l,SIMULATED Odoo
2026-07-31T19:30:00Z,LK-S14,LK-P0053,11,13,each,SIMULATED Odoo
2026-07-31T19:30:00Z,LK-S14,LK-P0054,11,8,g,SIMULATED Odoo
2026-07-31T19:30:00Z,LK-S14,LK-P0055,48,48,each,SIMULATED Odoo
2026-07-31T19:30:00Z,LK-S14,LK-P0056,74,73,kg,SIMULATED Odoo
2026-07-31T19:30:00Z,LK-S14,LK-P0057,45,45,l,SIMULATED Odoo
2026-07-31T19:30:00Z,LK-S14,LK-P0058,58,58,each,SIMULATED Odoo
2026-07-31T19:30:00Z,LK-S14,LK-P0059,31,30,g,SIMULATED Odoo
2026-07-31T19:30:00Z,LK-S14,LK-P0060,31,33,each,SIMULATED Odoo
2026-07-31T19:30:00Z,LK-S14,LK-P0061,38,38,kg,SIMULATED Odoo
2026-07-31T19:30:00Z,LK-S14,LK-P0062,19,21,l,SIMULATED Odoo
2026-07-31T19:30:00Z,LK-S14,LK-P0063,76,75,each,SIMULATED Odoo
2026-07-31T19:30:00Z,LK-S14,LK-P0064,17,19,g,SIMULATED Odoo
2026-07-31T19:30:00Z,LK-S14,LK-P0065,14,10,each,SIMULATED Odoo
2026-07-31T19:30:00Z,LK-S14,LK-P0066,71,71,kg,SIMULATED Odoo
2026-07-31T19:30:00Z,LK-S14,LK-P0067,43,44,l,SIMULATED Odoo
2026-07-31T19:30:00Z,LK-S14,LK-P0068,46,45,each,SIMULATED Odoo
2026-07-31T19:30:00Z,LK-S14,LK-P0069,37,36,g,SIMULATED Odoo
2026-07-31T19:30:00Z,LK-S14,LK-P0070,57,59,each,SIMULATED Odoo
2026-07-31T19:30:00Z,LK-S14,LK-P0071,24,20,kg,SIMULATED Odoo
2026-07-31T19:30:00Z,LK-S14,LK-P0072,48,47,l,SIMULATED Odoo
2026-07-31T19:30:00Z,LK-S14,LK-P0073,5,6,each,SIMULATED Odoo
2026-07-31T19:30:00Z,LK-S14,LK-P0074,25,24,g,SIMULATED Odoo
2026-07-31T19:30:00Z,LK-S14,LK-P0075,55,55,each,SIMULATED Odoo
2026-07-31T19:30:00Z,LK-S14,LK-P0076,5,5,kg,SIMULATED Odoo
2026-07-31T19:30:00Z,LK-S14,LK-P0077,59,56,l,SIMULATED Odoo
2026-07-31T19:30:00Z,LK-S14,LK-P0078,20,22,each,SIMULATED Odoo
2026-07-31T19:30:00Z,LK-S14,LK-P0079,87,88,g,SIMULATED Odoo
2026-07-31T19:30:00Z,LK-S14,LK-P0080,5,4,each,SIMULATED Odoo
2026-07-31T19:30:00Z,LK-S14,LK-P0081,76,76,kg,SIMULATED Odoo
2026-07-31T19:30:00Z,LK-S14,LK-P0082,33,34,l,SIMULATED Odoo
2026-07-31T19:30:00Z,LK-S14,LK-P0083,60,60,each,SIMULATED Odoo
2026-07-31T19:30:00Z,LK-S14,LK-P0084,14,16,g,SIMULATED Odoo
2026-07-31T19:30:00Z,LK-S14,LK-P0085,53,53,each,SIMULATED Odoo
2026-07-31T19:30:00Z,LK-S14,LK-P0086,28,29,kg,SIMULATED Odoo
2026-07-31T19:30:00Z,LK-S14,LK-P0087,73,70,l,SIMULATED Odoo
2026-07-31T19:30:00Z,LK-S14,LK-P0088,68,64,each,SIMULATED Odoo
2026-07-31T19:30:00Z,LK-S14,LK-P0089,75,75,g,SIMULATED Odoo
2026-07-31T19:30:00Z,LK-S14,LK-P0090,12,12,each,SIMULATED Odoo
2026-07-31T19:30:00Z,LK-S14,LK-P0091,88,85,kg,SIMULATED Odoo
2026-07-31T19:30:00Z,LK-S14,LK-P0092,21,23,l,SIMULATED Odoo
2026-07-31T19:30:00Z,LK-S14,LK-P0093,39,36,each,SIMULATED Odoo
2026-07-31T19:30:00Z,LK-S14,LK-P0094,42,39,g,SIMULATED Odoo
2026-07-31T19:30:00Z,LK-S14,LK-P0095,38,38,each,SIMULATED Odoo
2026-07-31T19:30:00Z,LK-S14,LK-P0096,22,23,kg,SIMULATED Odoo
2026-07-31T19:30:00Z,LK-S14,LK-P0097,6,6,l,SIMULATED Odoo
2026-07-31T19:30:00Z,LK-S14,LK-P0098,63,59,each,SIMULATED Odoo
2026-07-31T19:30:00Z,LK-S14,LK-P0099,35,35,g,SIMULATED Odoo
2026-07-31T19:30:00Z,LK-S14,LK-P0100,25,25,each,SIMULATED Odoo
2026-07-31T19:30:00Z,LK-S14,LK-P0101,64,64,kg,SIMULATED Odoo
2026-07-31T19:30:00Z,LK-S14,LK-P0102,15,15,l,SIMULATED Odoo
2026-07-31T19:30:00Z,LK-S14,LK-P0103,79,81,each,SIMULATED Odoo
2026-07-31T19:30:00Z,LK-S14,LK-P0104,33,33,g,SIMULATED Odoo
2026-07-31T19:30:00Z,LK-S14,LK-P0105,28,28,each,SIMULATED Odoo
2026-07-31T19:30:00Z,LK-S14,LK-P0106,67,67,kg,SIMULATED Odoo
2026-07-31T19:30:00Z,LK-S14,LK-P0107,82,78,l,SIMULATED Odoo
2026-07-31T19:30:00Z,LK-S14,LK-P0108,43,45,each,SIMULATED Odoo
2026-07-31T19:30:00Z,LK-S14,LK-P0109,54,56,g,SIMULATED Odoo
2026-07-31T19:30:00Z,LK-S14,LK-P0110,22,24,each,SIMULATED Odoo
2026-07-31T19:30:00Z,LK-S14,LK-P0111,80,76,kg,SIMULATED Odoo
2026-07-31T19:30:00Z,LK-S14,LK-P0112,84,85,l,SIMULATED Odoo
2026-07-31T19:30:00Z,LK-S14,LK-P0113,17,19,each,SIMULATED Odoo
2026-07-31T19:30:00Z,LK-S14,LK-P0114,47,46,g,SIMULATED Odoo
2026-07-31T19:30:00Z,LK-S14,LK-P0115,45,45,each,SIMULATED Odoo
2026-07-31T19:30:00Z,LK-S14,LK-P0116,10,12,kg,SIMULATED Odoo
2026-07-31T19:30:00Z,LK-S14,LK-P0117,34,33,l,SIMULATED Odoo
2026-07-31T19:30:00Z,LK-S14,LK-P0118,31,32,each,SIMULATED Odoo
2026-07-31T19:30:00Z,LK-S14,LK-P0119,11,13,g,SIMULATED Odoo
2026-07-31T19:30:00Z,LK-S14,LK-P0120,66,65,each,SIMULATED Odoo
2026-07-31T19:30:00Z,LK-S14,LK-P0121,7,7,kg,SIMULATED Odoo
2026-07-31T19:30:00Z,LK-S14,LK-P0122,52,52,l,SIMULATED Odoo
2026-07-31T19:30:00Z,LK-S14,LK-P0123,0,0,each,SIMULATED Odoo
2026-07-31T19:30:00Z,LK-S14,LK-P0124,4,4,g,SIMULATED Odoo
2026-07-31T19:30:00Z,LK-S14,LK-P0125,10,12,each,SIMULATED Odoo
2026-07-31T19:30:00Z,LK-S14,LK-P0126,84,86,kg,SIMULATED Odoo
2026-07-31T19:30:00Z,LK-S14,LK-P0127,58,60,l,SIMULATED Odoo
2026-07-31T19:30:00Z,LK-S14,LK-P0128,24,25,each,SIMULATED Odoo
2026-07-31T19:30:00Z,LK-S14,LK-P0129,35,35,g,SIMULATED Odoo
2026-07-31T19:30:00Z,LK-S14,LK-P0130,36,36,each,SIMULATED Odoo
2026-07-31T19:30:00Z,LK-S14,LK-P0131,67,67,kg,SIMULATED Odoo
2026-07-31T19:30:00Z,LK-S14,LK-P0132,45,45,l,SIMULATED Odoo
2026-07-31T19:30:00Z,LK-S14,LK-P0133,36,33,each,SIMULATED Odoo
2026-07-31T19:30:00Z,LK-S14,LK-P0134,7,6,g,SIMULATED Odoo
2026-07-31T19:30:00Z,LK-S14,LK-P0135,28,30,each,SIMULATED Odoo
2026-07-31T19:30:00Z,LK-S14,LK-P0136,83,83,kg,SIMULATED Odoo
2026-07-31T19:30:00Z,LK-S14,LK-P0137,48,48,l,SIMULATED Odoo
2026-07-31T19:30:00Z,LK-S14,LK-P0138,19,19,each,SIMULATED Odoo
2026-07-31T19:30:00Z,LK-S14,LK-P0139,26,28,g,SIMULATED Odoo
2026-07-31T19:30:00Z,LK-S14,LK-P0140,84,80,each,SIMULATED Odoo
2026-07-31T19:30:00Z,LK-S14,LK-P0141,75,72,kg,SIMULATED Odoo
2026-07-31T19:30:00Z,LK-S14,LK-P0142,38,38,l,SIMULATED Odoo
2026-07-31T19:30:00Z,LK-S14,LK-P0143,63,62,each,SIMULATED Odoo
2026-07-31T19:30:00Z,LK-S14,LK-P0144,67,67,g,SIMULATED Odoo
2026-07-31T19:30:00Z,LK-S14,LK-P0145,29,31,each,SIMULATED Odoo
2026-07-31T19:30:00Z,LK-S14,LK-P0146,74,74,kg,SIMULATED Odoo
2026-07-31T19:30:00Z,LK-S14,LK-P0147,54,50,l,SIMULATED Odoo
2026-07-31T19:30:00Z,LK-S14,LK-P0148,29,30,each,SIMULATED Odoo
2026-07-31T19:30:00Z,LK-S14,LK-P0149,24,23,g,SIMULATED Odoo
2026-07-31T19:30:00Z,LK-S14,LK-P0150,42,39,each,SIMULATED Odoo
2026-07-31T19:30:00Z,LK-S15,LK-P0001,32,32,kg,SIMULATED Odoo
2026-07-31T19:30:00Z,LK-S15,LK-P0002,44,41,l,SIMULATED Odoo
2026-07-31T19:30:00Z,LK-S15,LK-P0003,40,40,each,SIMULATED Odoo
2026-07-31T19:30:00Z,LK-S15,LK-P0004,66,68,g,SIMULATED Odoo
2026-07-31T19:30:00Z,LK-S15,LK-P0005,85,87,each,SIMULATED Odoo
2026-07-31T19:30:00Z,LK-S15,LK-P0006,82,82,kg,SIMULATED Odoo
2026-07-31T19:30:00Z,LK-S15,LK-P0007,12,14,l,SIMULATED Odoo
2026-07-31T19:30:00Z,LK-S15,LK-P0008,1,3,each,SIMULATED Odoo
2026-07-31T19:30:00Z,LK-S15,LK-P0009,36,36,g,SIMULATED Odoo
2026-07-31T19:30:00Z,LK-S15,LK-P0010,75,77,each,SIMULATED Odoo
2026-07-31T19:30:00Z,LK-S15,LK-P0011,54,54,kg,SIMULATED Odoo
2026-07-31T19:30:00Z,LK-S15,LK-P0012,19,19,l,SIMULATED Odoo
2026-07-31T19:30:00Z,LK-S15,LK-P0013,53,54,each,SIMULATED Odoo
2026-07-31T19:30:00Z,LK-S15,LK-P0014,69,70,g,SIMULATED Odoo
2026-07-31T19:30:00Z,LK-S15,LK-P0015,49,48,each,SIMULATED Odoo
2026-07-31T19:30:00Z,LK-S15,LK-P0016,88,89,kg,SIMULATED Odoo
2026-07-31T19:30:00Z,LK-S15,LK-P0017,80,80,l,SIMULATED Odoo
2026-07-31T19:30:00Z,LK-S15,LK-P0018,13,12,each,SIMULATED Odoo
2026-07-31T19:30:00Z,LK-S15,LK-P0019,69,65,g,SIMULATED Odoo
2026-07-31T19:30:00Z,LK-S15,LK-P0020,19,20,each,SIMULATED Odoo
2026-07-31T19:30:00Z,LK-S15,LK-P0021,63,63,kg,SIMULATED Odoo
2026-07-31T19:30:00Z,LK-S15,LK-P0022,50,47,l,SIMULATED Odoo
2026-07-31T19:30:00Z,LK-S15,LK-P0023,20,20,each,SIMULATED Odoo
2026-07-31T19:30:00Z,LK-S15,LK-P0024,30,30,g,SIMULATED Odoo
2026-07-31T19:30:00Z,LK-S15,LK-P0025,59,59,each,SIMULATED Odoo
2026-07-31T19:30:00Z,LK-S15,LK-P0026,6,2,kg,SIMULATED Odoo
2026-07-31T19:30:00Z,LK-S15,LK-P0027,3,0,l,SIMULATED Odoo
2026-07-31T19:30:00Z,LK-S15,LK-P0028,43,39,each,SIMULATED Odoo
2026-07-31T19:30:00Z,LK-S15,LK-P0029,25,22,g,SIMULATED Odoo
2026-07-31T19:30:00Z,LK-S15,LK-P0030,8,4,each,SIMULATED Odoo
2026-07-31T19:30:00Z,LK-S15,LK-P0031,78,79,kg,SIMULATED Odoo
2026-07-31T19:30:00Z,LK-S15,LK-P0032,36,38,l,SIMULATED Odoo
2026-07-31T19:30:00Z,LK-S15,LK-P0033,38,40,each,SIMULATED Odoo
2026-07-31T19:30:00Z,LK-S15,LK-P0034,46,43,g,SIMULATED Odoo
2026-07-31T19:30:00Z,LK-S15,LK-P0035,8,8,each,SIMULATED Odoo
2026-07-31T19:30:00Z,LK-S15,LK-P0036,39,40,kg,SIMULATED Odoo
2026-07-31T19:30:00Z,LK-S15,LK-P0037,48,44,l,SIMULATED Odoo
2026-07-31T19:30:00Z,LK-S15,LK-P0038,16,18,each,SIMULATED Odoo
2026-07-31T19:30:00Z,LK-S15,LK-P0039,2,2,g,SIMULATED Odoo
2026-07-31T19:30:00Z,LK-S15,LK-P0040,18,18,each,SIMULATED Odoo
2026-07-31T19:30:00Z,LK-S15,LK-P0041,80,82,kg,SIMULATED Odoo
2026-07-31T19:30:00Z,LK-S15,LK-P0042,77,77,l,SIMULATED Odoo
2026-07-31T19:30:00Z,LK-S15,LK-P0043,67,66,each,SIMULATED Odoo
2026-07-31T19:30:00Z,LK-S15,LK-P0044,18,20,g,SIMULATED Odoo
2026-07-31T19:30:00Z,LK-S15,LK-P0045,20,20,each,SIMULATED Odoo
2026-07-31T19:30:00Z,LK-S15,LK-P0046,60,56,kg,SIMULATED Odoo
2026-07-31T19:30:00Z,LK-S15,LK-P0047,39,38,l,SIMULATED Odoo
2026-07-31T19:30:00Z,LK-S15,LK-P0048,38,40,each,SIMULATED Odoo
2026-07-31T19:30:00Z,LK-S15,LK-P0049,70,72,g,SIMULATED Odoo
2026-07-31T19:30:00Z,LK-S15,LK-P0050,73,69,each,SIMULATED Odoo
2026-07-31T19:30:00Z,LK-S15,LK-P0051,32,32,kg,SIMULATED Odoo
2026-07-31T19:30:00Z,LK-S15,LK-P0052,61,58,l,SIMULATED Odoo
2026-07-31T19:30:00Z,LK-S15,LK-P0053,81,81,each,SIMULATED Odoo
2026-07-31T19:30:00Z,LK-S15,LK-P0054,48,48,g,SIMULATED Odoo
2026-07-31T19:30:00Z,LK-S15,LK-P0055,5,5,each,SIMULATED Odoo
2026-07-31T19:30:00Z,LK-S15,LK-P0056,84,84,kg,SIMULATED Odoo
2026-07-31T19:30:00Z,LK-S15,LK-P0057,75,74,l,SIMULATED Odoo
2026-07-31T19:30:00Z,LK-S15,LK-P0058,54,54,each,SIMULATED Odoo
2026-07-31T19:30:00Z,LK-S15,LK-P0059,5,5,g,SIMULATED Odoo
2026-07-31T19:30:00Z,LK-S15,LK-P0060,50,47,each,SIMULATED Odoo
2026-07-31T19:30:00Z,LK-S15,LK-P0061,74,74,kg,SIMULATED Odoo
2026-07-31T19:30:00Z,LK-S15,LK-P0062,78,80,l,SIMULATED Odoo
2026-07-31T19:30:00Z,LK-S15,LK-P0063,90,90,each,SIMULATED Odoo
2026-07-31T19:30:00Z,LK-S15,LK-P0064,75,75,g,SIMULATED Odoo
2026-07-31T19:30:00Z,LK-S15,LK-P0065,40,42,each,SIMULATED Odoo
2026-07-31T19:30:00Z,LK-S15,LK-P0066,70,66,kg,SIMULATED Odoo
2026-07-31T19:30:00Z,LK-S15,LK-P0067,18,19,l,SIMULATED Odoo
2026-07-31T19:30:00Z,LK-S15,LK-P0068,8,4,each,SIMULATED Odoo
2026-07-31T19:30:00Z,LK-S15,LK-P0069,7,7,g,SIMULATED Odoo
2026-07-31T19:30:00Z,LK-S15,LK-P0070,80,80,each,SIMULATED Odoo
2026-07-31T19:30:00Z,LK-S15,LK-P0071,8,4,kg,SIMULATED Odoo
2026-07-31T19:30:00Z,LK-S15,LK-P0072,74,71,l,SIMULATED Odoo
2026-07-31T19:30:00Z,LK-S15,LK-P0073,81,80,each,SIMULATED Odoo
2026-07-31T19:30:00Z,LK-S15,LK-P0074,75,74,g,SIMULATED Odoo
2026-07-31T19:30:00Z,LK-S15,LK-P0075,53,55,each,SIMULATED Odoo
2026-07-31T19:30:00Z,LK-S15,LK-P0076,17,18,kg,SIMULATED Odoo
2026-07-31T19:30:00Z,LK-S15,LK-P0077,46,43,l,SIMULATED Odoo
2026-07-31T19:30:00Z,LK-S15,LK-P0078,64,60,each,SIMULATED Odoo
2026-07-31T19:30:00Z,LK-S15,LK-P0079,87,84,g,SIMULATED Odoo
2026-07-31T19:30:00Z,LK-S15,LK-P0080,88,84,each,SIMULATED Odoo
2026-07-31T19:30:00Z,LK-S15,LK-P0081,26,23,kg,SIMULATED Odoo
2026-07-31T19:30:00Z,LK-S15,LK-P0082,85,84,l,SIMULATED Odoo
2026-07-31T19:30:00Z,LK-S15,LK-P0083,88,88,each,SIMULATED Odoo
2026-07-31T19:30:00Z,LK-S15,LK-P0084,30,30,g,SIMULATED Odoo
2026-07-31T19:30:00Z,LK-S15,LK-P0085,43,43,each,SIMULATED Odoo
2026-07-31T19:30:00Z,LK-S15,LK-P0086,74,73,kg,SIMULATED Odoo
2026-07-31T19:30:00Z,LK-S15,LK-P0087,66,62,l,SIMULATED Odoo
2026-07-31T19:30:00Z,LK-S15,LK-P0088,86,87,each,SIMULATED Odoo
2026-07-31T19:30:00Z,LK-S15,LK-P0089,34,35,g,SIMULATED Odoo
2026-07-31T19:30:00Z,LK-S15,LK-P0090,5,2,each,SIMULATED Odoo
2026-07-31T19:30:00Z,LK-S15,LK-P0091,67,67,kg,SIMULATED Odoo
2026-07-31T19:30:00Z,LK-S15,LK-P0092,47,43,l,SIMULATED Odoo
2026-07-31T19:30:00Z,LK-S15,LK-P0093,19,21,each,SIMULATED Odoo
2026-07-31T19:30:00Z,LK-S15,LK-P0094,43,43,g,SIMULATED Odoo
2026-07-31T19:30:00Z,LK-S15,LK-P0095,50,46,each,SIMULATED Odoo
2026-07-31T19:30:00Z,LK-S15,LK-P0096,4,6,kg,SIMULATED Odoo
2026-07-31T19:30:00Z,LK-S15,LK-P0097,45,45,l,SIMULATED Odoo
2026-07-31T19:30:00Z,LK-S15,LK-P0098,60,56,each,SIMULATED Odoo
2026-07-31T19:30:00Z,LK-S15,LK-P0099,9,9,g,SIMULATED Odoo
2026-07-31T19:30:00Z,LK-S15,LK-P0100,85,84,each,SIMULATED Odoo
2026-07-31T19:30:00Z,LK-S15,LK-P0101,5,1,kg,SIMULATED Odoo
2026-07-31T19:30:00Z,LK-S15,LK-P0102,19,19,l,SIMULATED Odoo
2026-07-31T19:30:00Z,LK-S15,LK-P0103,34,34,each,SIMULATED Odoo
2026-07-31T19:30:00Z,LK-S15,LK-P0104,38,38,g,SIMULATED Odoo
2026-07-31T19:30:00Z,LK-S15,LK-P0105,23,24,each,SIMULATED Odoo
2026-07-31T19:30:00Z,LK-S15,LK-P0106,82,79,kg,SIMULATED Odoo
2026-07-31T19:30:00Z,LK-S15,LK-P0107,86,85,l,SIMULATED Odoo
2026-07-31T19:30:00Z,LK-S15,LK-P0108,40,36,each,SIMULATED Odoo
2026-07-31T19:30:00Z,LK-S15,LK-P0109,22,22,g,SIMULATED Odoo
2026-07-31T19:30:00Z,LK-S15,LK-P0110,87,87,each,SIMULATED Odoo
2026-07-31T19:30:00Z,LK-S15,LK-P0111,18,18,kg,SIMULATED Odoo
2026-07-31T19:30:00Z,LK-S15,LK-P0112,28,28,l,SIMULATED Odoo
2026-07-31T19:30:00Z,LK-S15,LK-P0113,21,21,each,SIMULATED Odoo
2026-07-31T19:30:00Z,LK-S15,LK-P0114,57,54,g,SIMULATED Odoo
2026-07-31T19:30:00Z,LK-S15,LK-P0115,5,1,each,SIMULATED Odoo
2026-07-31T19:30:00Z,LK-S15,LK-P0116,21,21,kg,SIMULATED Odoo
2026-07-31T19:30:00Z,LK-S15,LK-P0117,78,75,l,SIMULATED Odoo
2026-07-31T19:30:00Z,LK-S15,LK-P0118,20,22,each,SIMULATED Odoo
2026-07-31T19:30:00Z,LK-S15,LK-P0119,63,64,g,SIMULATED Odoo
2026-07-31T19:30:00Z,LK-S15,LK-P0120,16,16,each,SIMULATED Odoo
2026-07-31T19:30:00Z,LK-S15,LK-P0121,57,54,kg,SIMULATED Odoo
2026-07-31T19:30:00Z,LK-S15,LK-P0122,74,74,l,SIMULATED Odoo
2026-07-31T19:30:00Z,LK-S15,LK-P0123,43,45,each,SIMULATED Odoo
2026-07-31T19:30:00Z,LK-S15,LK-P0124,61,60,g,SIMULATED Odoo
2026-07-31T19:30:00Z,LK-S15,LK-P0125,64,60,each,SIMULATED Odoo
2026-07-31T19:30:00Z,LK-S15,LK-P0126,88,84,kg,SIMULATED Odoo
2026-07-31T19:30:00Z,LK-S15,LK-P0127,4,0,l,SIMULATED Odoo
2026-07-31T19:30:00Z,LK-S15,LK-P0128,30,29,each,SIMULATED Odoo
2026-07-31T19:30:00Z,LK-S15,LK-P0129,12,8,g,SIMULATED Odoo
2026-07-31T19:30:00Z,LK-S15,LK-P0130,47,44,each,SIMULATED Odoo
2026-07-31T19:30:00Z,LK-S15,LK-P0131,1,0,kg,SIMULATED Odoo
2026-07-31T19:30:00Z,LK-S15,LK-P0132,39,41,l,SIMULATED Odoo
2026-07-31T19:30:00Z,LK-S15,LK-P0133,15,16,each,SIMULATED Odoo
2026-07-31T19:30:00Z,LK-S15,LK-P0134,12,12,g,SIMULATED Odoo
2026-07-31T19:30:00Z,LK-S15,LK-P0135,31,31,each,SIMULATED Odoo
2026-07-31T19:30:00Z,LK-S15,LK-P0136,35,32,kg,SIMULATED Odoo
2026-07-31T19:30:00Z,LK-S15,LK-P0137,89,86,l,SIMULATED Odoo
2026-07-31T19:30:00Z,LK-S15,LK-P0138,46,46,each,SIMULATED Odoo
2026-07-31T19:30:00Z,LK-S15,LK-P0139,26,23,g,SIMULATED Odoo
2026-07-31T19:30:00Z,LK-S15,LK-P0140,72,72,each,SIMULATED Odoo
2026-07-31T19:30:00Z,LK-S15,LK-P0141,46,48,kg,SIMULATED Odoo
2026-07-31T19:30:00Z,LK-S15,LK-P0142,33,35,l,SIMULATED Odoo
2026-07-31T19:30:00Z,LK-S15,LK-P0143,37,33,each,SIMULATED Odoo
2026-07-31T19:30:00Z,LK-S15,LK-P0144,7,7,g,SIMULATED Odoo
2026-07-31T19:30:00Z,LK-S15,LK-P0145,35,32,each,SIMULATED Odoo
2026-07-31T19:30:00Z,LK-S15,LK-P0146,48,47,kg,SIMULATED Odoo
2026-07-31T19:30:00Z,LK-S15,LK-P0147,36,33,l,SIMULATED Odoo
2026-07-31T19:30:00Z,LK-S15,LK-P0148,80,77,each,SIMULATED Odoo
2026-07-31T19:30:00Z,LK-S15,LK-P0149,19,19,g,SIMULATED Odoo
2026-07-31T19:30:00Z,LK-S15,LK-P0150,35,31,each,SIMULATED Odoo
2026-07-31T19:30:00Z,LK-S16,LK-P0001,11,8,kg,SIMULATED Odoo
2026-07-31T19:30:00Z,LK-S16,LK-P0002,66,66,l,SIMULATED Odoo
2026-07-31T19:30:00Z,LK-S16,LK-P0003,12,8,each,SIMULATED Odoo
2026-07-31T19:30:00Z,LK-S16,LK-P0004,73,73,g,SIMULATED Odoo
2026-07-31T19:30:00Z,LK-S16,LK-P0005,71,72,each,SIMULATED Odoo
2026-07-31T19:30:00Z,LK-S16,LK-P0006,12,12,kg,SIMULATED Odoo
2026-07-31T19:30:00Z,LK-S16,LK-P0007,15,16,l,SIMULATED Odoo
2026-07-31T19:30:00Z,LK-S16,LK-P0008,41,41,each,SIMULATED Odoo
2026-07-31T19:30:00Z,LK-S16,LK-P0009,90,92,g,SIMULATED Odoo
2026-07-31T19:30:00Z,LK-S16,LK-P0010,2,3,each,SIMULATED Odoo
2026-07-31T19:30:00Z,LK-S16,LK-P0011,24,21,kg,SIMULATED Odoo
2026-07-31T19:30:00Z,LK-S16,LK-P0012,84,85,l,SIMULATED Odoo
2026-07-31T19:30:00Z,LK-S16,LK-P0013,60,62,each,SIMULATED Odoo
2026-07-31T19:30:00Z,LK-S16,LK-P0014,41,41,g,SIMULATED Odoo
2026-07-31T19:30:00Z,LK-S16,LK-P0015,58,60,each,SIMULATED Odoo
2026-07-31T19:30:00Z,LK-S16,LK-P0016,16,17,kg,SIMULATED Odoo
2026-07-31T19:30:00Z,LK-S16,LK-P0017,63,65,l,SIMULATED Odoo
2026-07-31T19:30:00Z,LK-S16,LK-P0018,1,1,each,SIMULATED Odoo
2026-07-31T19:30:00Z,LK-S16,LK-P0019,36,32,g,SIMULATED Odoo
2026-07-31T19:30:00Z,LK-S16,LK-P0020,2,2,each,SIMULATED Odoo
2026-07-31T19:30:00Z,LK-S16,LK-P0021,56,56,kg,SIMULATED Odoo
2026-07-31T19:30:00Z,LK-S16,LK-P0022,87,87,l,SIMULATED Odoo
2026-07-31T19:30:00Z,LK-S16,LK-P0023,58,60,each,SIMULATED Odoo
2026-07-31T19:30:00Z,LK-S16,LK-P0024,4,5,g,SIMULATED Odoo
2026-07-31T19:30:00Z,LK-S16,LK-P0025,1,3,each,SIMULATED Odoo
2026-07-31T19:30:00Z,LK-S16,LK-P0026,58,58,kg,SIMULATED Odoo
2026-07-31T19:30:00Z,LK-S16,LK-P0027,71,71,l,SIMULATED Odoo
2026-07-31T19:30:00Z,LK-S16,LK-P0028,8,8,each,SIMULATED Odoo
2026-07-31T19:30:00Z,LK-S16,LK-P0029,19,16,g,SIMULATED Odoo
2026-07-31T19:30:00Z,LK-S16,LK-P0030,31,31,each,SIMULATED Odoo
2026-07-31T19:30:00Z,LK-S16,LK-P0031,13,12,kg,SIMULATED Odoo
2026-07-31T19:30:00Z,LK-S16,LK-P0032,29,29,l,SIMULATED Odoo
2026-07-31T19:30:00Z,LK-S16,LK-P0033,40,42,each,SIMULATED Odoo
2026-07-31T19:30:00Z,LK-S16,LK-P0034,57,57,g,SIMULATED Odoo
2026-07-31T19:30:00Z,LK-S16,LK-P0035,44,43,each,SIMULATED Odoo
2026-07-31T19:30:00Z,LK-S16,LK-P0036,60,60,kg,SIMULATED Odoo
2026-07-31T19:30:00Z,LK-S16,LK-P0037,9,9,l,SIMULATED Odoo
2026-07-31T19:30:00Z,LK-S16,LK-P0038,77,73,each,SIMULATED Odoo
2026-07-31T19:30:00Z,LK-S16,LK-P0039,25,21,g,SIMULATED Odoo
2026-07-31T19:30:00Z,LK-S16,LK-P0040,78,74,each,SIMULATED Odoo
2026-07-31T19:30:00Z,LK-S16,LK-P0041,28,24,kg,SIMULATED Odoo
2026-07-31T19:30:00Z,LK-S16,LK-P0042,4,4,l,SIMULATED Odoo
2026-07-31T19:30:00Z,LK-S16,LK-P0043,80,76,each,SIMULATED Odoo
2026-07-31T19:30:00Z,LK-S16,LK-P0044,81,82,g,SIMULATED Odoo
2026-07-31T19:30:00Z,LK-S16,LK-P0045,66,66,each,SIMULATED Odoo
2026-07-31T19:30:00Z,LK-S16,LK-P0046,44,43,kg,SIMULATED Odoo
2026-07-31T19:30:00Z,LK-S16,LK-P0047,21,17,l,SIMULATED Odoo
2026-07-31T19:30:00Z,LK-S16,LK-P0048,75,75,each,SIMULATED Odoo
2026-07-31T19:30:00Z,LK-S16,LK-P0049,81,81,g,SIMULATED Odoo
2026-07-31T19:30:00Z,LK-S16,LK-P0050,24,21,each,SIMULATED Odoo
2026-07-31T19:30:00Z,LK-S16,LK-P0051,42,42,kg,SIMULATED Odoo
2026-07-31T19:30:00Z,LK-S16,LK-P0052,16,12,l,SIMULATED Odoo
2026-07-31T19:30:00Z,LK-S16,LK-P0053,14,14,each,SIMULATED Odoo
2026-07-31T19:30:00Z,LK-S16,LK-P0054,12,9,g,SIMULATED Odoo
2026-07-31T19:30:00Z,LK-S16,LK-P0055,35,31,each,SIMULATED Odoo
2026-07-31T19:30:00Z,LK-S16,LK-P0056,34,34,kg,SIMULATED Odoo
2026-07-31T19:30:00Z,LK-S16,LK-P0057,21,23,l,SIMULATED Odoo
2026-07-31T19:30:00Z,LK-S16,LK-P0058,80,79,each,SIMULATED Odoo
2026-07-31T19:30:00Z,LK-S16,LK-P0059,78,79,g,SIMULATED Odoo
2026-07-31T19:30:00Z,LK-S16,LK-P0060,20,22,each,SIMULATED Odoo
2026-07-31T19:30:00Z,LK-S16,LK-P0061,25,27,kg,SIMULATED Odoo
2026-07-31T19:30:00Z,LK-S16,LK-P0062,79,81,l,SIMULATED Odoo
2026-07-31T19:30:00Z,LK-S16,LK-P0063,80,79,each,SIMULATED Odoo
2026-07-31T19:30:00Z,LK-S16,LK-P0064,55,55,g,SIMULATED Odoo
2026-07-31T19:30:00Z,LK-S16,LK-P0065,55,55,each,SIMULATED Odoo
2026-07-31T19:30:00Z,LK-S16,LK-P0066,64,64,kg,SIMULATED Odoo
2026-07-31T19:30:00Z,LK-S16,LK-P0067,31,31,l,SIMULATED Odoo
2026-07-31T19:30:00Z,LK-S16,LK-P0068,11,8,each,SIMULATED Odoo
2026-07-31T19:30:00Z,LK-S16,LK-P0069,65,65,g,SIMULATED Odoo
2026-07-31T19:30:00Z,LK-S16,LK-P0070,26,28,each,SIMULATED Odoo
2026-07-31T19:30:00Z,LK-S16,LK-P0071,47,46,kg,SIMULATED Odoo
2026-07-31T19:30:00Z,LK-S16,LK-P0072,1,1,l,SIMULATED Odoo
2026-07-31T19:30:00Z,LK-S16,LK-P0073,19,19,each,SIMULATED Odoo
2026-07-31T19:30:00Z,LK-S16,LK-P0074,29,25,g,SIMULATED Odoo
2026-07-31T19:30:00Z,LK-S16,LK-P0075,44,46,each,SIMULATED Odoo
2026-07-31T19:30:00Z,LK-S16,LK-P0076,46,48,kg,SIMULATED Odoo
2026-07-31T19:30:00Z,LK-S16,LK-P0077,4,6,l,SIMULATED Odoo
2026-07-31T19:30:00Z,LK-S16,LK-P0078,49,45,each,SIMULATED Odoo
2026-07-31T19:30:00Z,LK-S16,LK-P0079,64,65,g,SIMULATED Odoo
2026-07-31T19:30:00Z,LK-S16,LK-P0080,27,26,each,SIMULATED Odoo
2026-07-31T19:30:00Z,LK-S16,LK-P0081,42,42,kg,SIMULATED Odoo
2026-07-31T19:30:00Z,LK-S16,LK-P0082,12,8,l,SIMULATED Odoo
2026-07-31T19:30:00Z,LK-S16,LK-P0083,36,35,each,SIMULATED Odoo
2026-07-31T19:30:00Z,LK-S16,LK-P0084,66,66,g,SIMULATED Odoo
2026-07-31T19:30:00Z,LK-S16,LK-P0085,73,69,each,SIMULATED Odoo
2026-07-31T19:30:00Z,LK-S16,LK-P0086,84,85,kg,SIMULATED Odoo
2026-07-31T19:30:00Z,LK-S16,LK-P0087,5,5,l,SIMULATED Odoo
2026-07-31T19:30:00Z,LK-S16,LK-P0088,5,2,each,SIMULATED Odoo
2026-07-31T19:30:00Z,LK-S16,LK-P0089,37,38,g,SIMULATED Odoo
2026-07-31T19:30:00Z,LK-S16,LK-P0090,74,73,each,SIMULATED Odoo
2026-07-31T19:30:00Z,LK-S16,LK-P0091,38,38,kg,SIMULATED Odoo
2026-07-31T19:30:00Z,LK-S16,LK-P0092,54,56,l,SIMULATED Odoo
2026-07-31T19:30:00Z,LK-S16,LK-P0093,49,51,each,SIMULATED Odoo
2026-07-31T19:30:00Z,LK-S16,LK-P0094,88,88,g,SIMULATED Odoo
2026-07-31T19:30:00Z,LK-S16,LK-P0095,65,64,each,SIMULATED Odoo
2026-07-31T19:30:00Z,LK-S16,LK-P0096,70,71,kg,SIMULATED Odoo
2026-07-31T19:30:00Z,LK-S16,LK-P0097,31,32,l,SIMULATED Odoo
2026-07-31T19:30:00Z,LK-S16,LK-P0098,81,81,each,SIMULATED Odoo
2026-07-31T19:30:00Z,LK-S16,LK-P0099,7,4,g,SIMULATED Odoo
2026-07-31T19:30:00Z,LK-S16,LK-P0100,34,35,each,SIMULATED Odoo
2026-07-31T19:30:00Z,LK-S16,LK-P0101,28,28,kg,SIMULATED Odoo
2026-07-31T19:30:00Z,LK-S16,LK-P0102,8,5,l,SIMULATED Odoo
2026-07-31T19:30:00Z,LK-S16,LK-P0103,72,74,each,SIMULATED Odoo
2026-07-31T19:30:00Z,LK-S16,LK-P0104,88,89,g,SIMULATED Odoo
2026-07-31T19:30:00Z,LK-S16,LK-P0105,67,66,each,SIMULATED Odoo
2026-07-31T19:30:00Z,LK-S16,LK-P0106,42,42,kg,SIMULATED Odoo
2026-07-31T19:30:00Z,LK-S16,LK-P0107,84,84,l,SIMULATED Odoo
2026-07-31T19:30:00Z,LK-S16,LK-P0108,10,10,each,SIMULATED Odoo
2026-07-31T19:30:00Z,LK-S16,LK-P0109,43,43,g,SIMULATED Odoo
2026-07-31T19:30:00Z,LK-S16,LK-P0110,86,86,each,SIMULATED Odoo
2026-07-31T19:30:00Z,LK-S16,LK-P0111,63,62,kg,SIMULATED Odoo
2026-07-31T19:30:00Z,LK-S16,LK-P0112,40,42,l,SIMULATED Odoo
2026-07-31T19:30:00Z,LK-S16,LK-P0113,30,26,each,SIMULATED Odoo
2026-07-31T19:30:00Z,LK-S16,LK-P0114,10,10,g,SIMULATED Odoo
2026-07-31T19:30:00Z,LK-S16,LK-P0115,2,0,each,SIMULATED Odoo
2026-07-31T19:30:00Z,LK-S16,LK-P0116,4,4,kg,SIMULATED Odoo
2026-07-31T19:30:00Z,LK-S16,LK-P0117,42,39,l,SIMULATED Odoo
2026-07-31T19:30:00Z,LK-S16,LK-P0118,84,80,each,SIMULATED Odoo
2026-07-31T19:30:00Z,LK-S16,LK-P0119,77,76,g,SIMULATED Odoo
2026-07-31T19:30:00Z,LK-S16,LK-P0120,33,30,each,SIMULATED Odoo
2026-07-31T19:30:00Z,LK-S16,LK-P0121,27,26,kg,SIMULATED Odoo
2026-07-31T19:30:00Z,LK-S16,LK-P0122,32,29,l,SIMULATED Odoo
2026-07-31T19:30:00Z,LK-S16,LK-P0123,11,11,each,SIMULATED Odoo
2026-07-31T19:30:00Z,LK-S16,LK-P0124,59,56,g,SIMULATED Odoo
2026-07-31T19:30:00Z,LK-S16,LK-P0125,5,2,each,SIMULATED Odoo
2026-07-31T19:30:00Z,LK-S16,LK-P0126,54,55,kg,SIMULATED Odoo
2026-07-31T19:30:00Z,LK-S16,LK-P0127,8,10,l,SIMULATED Odoo
2026-07-31T19:30:00Z,LK-S16,LK-P0128,24,24,each,SIMULATED Odoo
2026-07-31T19:30:00Z,LK-S16,LK-P0129,43,44,g,SIMULATED Odoo
2026-07-31T19:30:00Z,LK-S16,LK-P0130,12,12,each,SIMULATED Odoo
2026-07-31T19:30:00Z,LK-S16,LK-P0131,78,78,kg,SIMULATED Odoo
2026-07-31T19:30:00Z,LK-S16,LK-P0132,9,8,l,SIMULATED Odoo
2026-07-31T19:30:00Z,LK-S16,LK-P0133,11,11,each,SIMULATED Odoo
2026-07-31T19:30:00Z,LK-S16,LK-P0134,19,19,g,SIMULATED Odoo
2026-07-31T19:30:00Z,LK-S16,LK-P0135,61,61,each,SIMULATED Odoo
2026-07-31T19:30:00Z,LK-S16,LK-P0136,36,37,kg,SIMULATED Odoo
2026-07-31T19:30:00Z,LK-S16,LK-P0137,56,58,l,SIMULATED Odoo
2026-07-31T19:30:00Z,LK-S16,LK-P0138,27,29,each,SIMULATED Odoo
2026-07-31T19:30:00Z,LK-S16,LK-P0139,68,67,g,SIMULATED Odoo
2026-07-31T19:30:00Z,LK-S16,LK-P0140,13,15,each,SIMULATED Odoo
2026-07-31T19:30:00Z,LK-S16,LK-P0141,79,79,kg,SIMULATED Odoo
2026-07-31T19:30:00Z,LK-S16,LK-P0142,33,33,l,SIMULATED Odoo
2026-07-31T19:30:00Z,LK-S16,LK-P0143,28,25,each,SIMULATED Odoo
2026-07-31T19:30:00Z,LK-S16,LK-P0144,46,46,g,SIMULATED Odoo
2026-07-31T19:30:00Z,LK-S16,LK-P0145,58,54,each,SIMULATED Odoo
2026-07-31T19:30:00Z,LK-S16,LK-P0146,61,57,kg,SIMULATED Odoo
2026-07-31T19:30:00Z,LK-S16,LK-P0147,2,2,l,SIMULATED Odoo
2026-07-31T19:30:00Z,LK-S16,LK-P0148,29,30,each,SIMULATED Odoo
2026-07-31T19:30:00Z,LK-S16,LK-P0149,20,20,g,SIMULATED Odoo
2026-07-31T19:30:00Z,LK-S16,LK-P0150,56,56,each,SIMULATED Odoo
2026-07-31T19:30:00Z,LK-S17,LK-P0001,7,7,kg,SIMULATED Odoo
2026-07-31T19:30:00Z,LK-S17,LK-P0002,79,79,l,SIMULATED Odoo
2026-07-31T19:30:00Z,LK-S17,LK-P0003,22,22,each,SIMULATED Odoo
2026-07-31T19:30:00Z,LK-S17,LK-P0004,37,37,g,SIMULATED Odoo
2026-07-31T19:30:00Z,LK-S17,LK-P0005,78,78,each,SIMULATED Odoo
2026-07-31T19:30:00Z,LK-S17,LK-P0006,90,87,kg,SIMULATED Odoo
2026-07-31T19:30:00Z,LK-S17,LK-P0007,45,45,l,SIMULATED Odoo
2026-07-31T19:30:00Z,LK-S17,LK-P0008,3,3,each,SIMULATED Odoo
2026-07-31T19:30:00Z,LK-S17,LK-P0009,83,82,g,SIMULATED Odoo
2026-07-31T19:30:00Z,LK-S17,LK-P0010,4,4,each,SIMULATED Odoo
2026-07-31T19:30:00Z,LK-S17,LK-P0011,19,19,kg,SIMULATED Odoo
2026-07-31T19:30:00Z,LK-S17,LK-P0012,90,91,l,SIMULATED Odoo
2026-07-31T19:30:00Z,LK-S17,LK-P0013,38,39,each,SIMULATED Odoo
2026-07-31T19:30:00Z,LK-S17,LK-P0014,87,87,g,SIMULATED Odoo
2026-07-31T19:30:00Z,LK-S17,LK-P0015,32,32,each,SIMULATED Odoo
2026-07-31T19:30:00Z,LK-S17,LK-P0016,33,30,kg,SIMULATED Odoo
2026-07-31T19:30:00Z,LK-S17,LK-P0017,41,42,l,SIMULATED Odoo
2026-07-31T19:30:00Z,LK-S17,LK-P0018,66,66,each,SIMULATED Odoo
2026-07-31T19:30:00Z,LK-S17,LK-P0019,22,18,g,SIMULATED Odoo
2026-07-31T19:30:00Z,LK-S17,LK-P0020,67,63,each,SIMULATED Odoo
2026-07-31T19:30:00Z,LK-S17,LK-P0021,67,67,kg,SIMULATED Odoo
2026-07-31T19:30:00Z,LK-S17,LK-P0022,78,78,l,SIMULATED Odoo
2026-07-31T19:30:00Z,LK-S17,LK-P0023,83,83,each,SIMULATED Odoo
2026-07-31T19:30:00Z,LK-S17,LK-P0024,65,61,g,SIMULATED Odoo
2026-07-31T19:30:00Z,LK-S17,LK-P0025,60,59,each,SIMULATED Odoo
2026-07-31T19:30:00Z,LK-S17,LK-P0026,8,8,kg,SIMULATED Odoo
2026-07-31T19:30:00Z,LK-S17,LK-P0027,53,49,l,SIMULATED Odoo
2026-07-31T19:30:00Z,LK-S17,LK-P0028,53,53,each,SIMULATED Odoo
2026-07-31T19:30:00Z,LK-S17,LK-P0029,55,55,g,SIMULATED Odoo
2026-07-31T19:30:00Z,LK-S17,LK-P0030,42,42,each,SIMULATED Odoo
2026-07-31T19:30:00Z,LK-S17,LK-P0031,89,86,kg,SIMULATED Odoo
2026-07-31T19:30:00Z,LK-S17,LK-P0032,56,56,l,SIMULATED Odoo
2026-07-31T19:30:00Z,LK-S17,LK-P0033,40,40,each,SIMULATED Odoo
2026-07-31T19:30:00Z,LK-S17,LK-P0034,75,74,g,SIMULATED Odoo
2026-07-31T19:30:00Z,LK-S17,LK-P0035,28,29,each,SIMULATED Odoo
2026-07-31T19:30:00Z,LK-S17,LK-P0036,84,80,kg,SIMULATED Odoo
2026-07-31T19:30:00Z,LK-S17,LK-P0037,23,23,l,SIMULATED Odoo
2026-07-31T19:30:00Z,LK-S17,LK-P0038,1,2,each,SIMULATED Odoo
2026-07-31T19:30:00Z,LK-S17,LK-P0039,42,44,g,SIMULATED Odoo
2026-07-31T19:30:00Z,LK-S17,LK-P0040,53,52,each,SIMULATED Odoo
2026-07-31T19:30:00Z,LK-S17,LK-P0041,85,86,kg,SIMULATED Odoo
2026-07-31T19:30:00Z,LK-S17,LK-P0042,71,67,l,SIMULATED Odoo
2026-07-31T19:30:00Z,LK-S17,LK-P0043,10,10,each,SIMULATED Odoo
2026-07-31T19:30:00Z,LK-S17,LK-P0044,79,76,g,SIMULATED Odoo
2026-07-31T19:30:00Z,LK-S17,LK-P0045,32,32,each,SIMULATED Odoo
2026-07-31T19:30:00Z,LK-S17,LK-P0046,45,45,kg,SIMULATED Odoo
2026-07-31T19:30:00Z,LK-S17,LK-P0047,45,44,l,SIMULATED Odoo
2026-07-31T19:30:00Z,LK-S17,LK-P0048,70,66,each,SIMULATED Odoo
2026-07-31T19:30:00Z,LK-S17,LK-P0049,63,63,g,SIMULATED Odoo
2026-07-31T19:30:00Z,LK-S17,LK-P0050,63,63,each,SIMULATED Odoo
2026-07-31T19:30:00Z,LK-S17,LK-P0051,71,70,kg,SIMULATED Odoo
2026-07-31T19:30:00Z,LK-S17,LK-P0052,39,40,l,SIMULATED Odoo
2026-07-31T19:30:00Z,LK-S17,LK-P0053,72,69,each,SIMULATED Odoo
2026-07-31T19:30:00Z,LK-S17,LK-P0054,49,49,g,SIMULATED Odoo
2026-07-31T19:30:00Z,LK-S17,LK-P0055,29,25,each,SIMULATED Odoo
2026-07-31T19:30:00Z,LK-S17,LK-P0056,89,90,kg,SIMULATED Odoo
2026-07-31T19:30:00Z,LK-S17,LK-P0057,0,1,l,SIMULATED Odoo
2026-07-31T19:30:00Z,LK-S17,LK-P0058,32,32,each,SIMULATED Odoo
2026-07-31T19:30:00Z,LK-S17,LK-P0059,0,0,g,SIMULATED Odoo
2026-07-31T19:30:00Z,LK-S17,LK-P0060,12,11,each,SIMULATED Odoo
2026-07-31T19:30:00Z,LK-S17,LK-P0061,7,9,kg,SIMULATED Odoo
2026-07-31T19:30:00Z,LK-S17,LK-P0062,72,72,l,SIMULATED Odoo
2026-07-31T19:30:00Z,LK-S17,LK-P0063,5,5,each,SIMULATED Odoo
2026-07-31T19:30:00Z,LK-S17,LK-P0064,35,35,g,SIMULATED Odoo
2026-07-31T19:30:00Z,LK-S17,LK-P0065,21,23,each,SIMULATED Odoo
2026-07-31T19:30:00Z,LK-S17,LK-P0066,4,6,kg,SIMULATED Odoo
2026-07-31T19:30:00Z,LK-S17,LK-P0067,86,88,l,SIMULATED Odoo
2026-07-31T19:30:00Z,LK-S17,LK-P0068,74,74,each,SIMULATED Odoo
2026-07-31T19:30:00Z,LK-S17,LK-P0069,66,63,g,SIMULATED Odoo
2026-07-31T19:30:00Z,LK-S17,LK-P0070,29,26,each,SIMULATED Odoo
2026-07-31T19:30:00Z,LK-S17,LK-P0071,55,55,kg,SIMULATED Odoo
2026-07-31T19:30:00Z,LK-S17,LK-P0072,9,9,l,SIMULATED Odoo
2026-07-31T19:30:00Z,LK-S17,LK-P0073,80,80,each,SIMULATED Odoo
2026-07-31T19:30:00Z,LK-S17,LK-P0074,7,7,g,SIMULATED Odoo
2026-07-31T19:30:00Z,LK-S17,LK-P0075,61,60,each,SIMULATED Odoo
2026-07-31T19:30:00Z,LK-S17,LK-P0076,62,62,kg,SIMULATED Odoo
2026-07-31T19:30:00Z,LK-S17,LK-P0077,66,66,l,SIMULATED Odoo
2026-07-31T19:30:00Z,LK-S17,LK-P0078,4,0,each,SIMULATED Odoo
2026-07-31T19:30:00Z,LK-S17,LK-P0079,78,78,g,SIMULATED Odoo
2026-07-31T19:30:00Z,LK-S17,LK-P0080,44,44,each,SIMULATED Odoo
2026-07-31T19:30:00Z,LK-S17,LK-P0081,81,78,kg,SIMULATED Odoo
2026-07-31T19:30:00Z,LK-S17,LK-P0082,81,82,l,SIMULATED Odoo
2026-07-31T19:30:00Z,LK-S17,LK-P0083,67,67,each,SIMULATED Odoo
2026-07-31T19:30:00Z,LK-S17,LK-P0084,9,9,g,SIMULATED Odoo
2026-07-31T19:30:00Z,LK-S17,LK-P0085,69,68,each,SIMULATED Odoo
2026-07-31T19:30:00Z,LK-S17,LK-P0086,15,16,kg,SIMULATED Odoo
2026-07-31T19:30:00Z,LK-S17,LK-P0087,90,92,l,SIMULATED Odoo
2026-07-31T19:30:00Z,LK-S17,LK-P0088,11,11,each,SIMULATED Odoo
2026-07-31T19:30:00Z,LK-S17,LK-P0089,11,11,g,SIMULATED Odoo
2026-07-31T19:30:00Z,LK-S17,LK-P0090,90,91,each,SIMULATED Odoo
2026-07-31T19:30:00Z,LK-S17,LK-P0091,52,51,kg,SIMULATED Odoo
2026-07-31T19:30:00Z,LK-S17,LK-P0092,19,16,l,SIMULATED Odoo
2026-07-31T19:30:00Z,LK-S17,LK-P0093,41,37,each,SIMULATED Odoo
2026-07-31T19:30:00Z,LK-S17,LK-P0094,83,83,g,SIMULATED Odoo
2026-07-31T19:30:00Z,LK-S17,LK-P0095,90,90,each,SIMULATED Odoo
2026-07-31T19:30:00Z,LK-S17,LK-P0096,41,42,kg,SIMULATED Odoo
2026-07-31T19:30:00Z,LK-S17,LK-P0097,30,29,l,SIMULATED Odoo
2026-07-31T19:30:00Z,LK-S17,LK-P0098,14,14,each,SIMULATED Odoo
2026-07-31T19:30:00Z,LK-S17,LK-P0099,2,0,g,SIMULATED Odoo
2026-07-31T19:30:00Z,LK-S17,LK-P0100,45,46,each,SIMULATED Odoo
2026-07-31T19:30:00Z,LK-S17,LK-P0101,53,55,kg,SIMULATED Odoo
2026-07-31T19:30:00Z,LK-S17,LK-P0102,81,78,l,SIMULATED Odoo
2026-07-31T19:30:00Z,LK-S17,LK-P0103,51,53,each,SIMULATED Odoo
2026-07-31T19:30:00Z,LK-S17,LK-P0104,35,37,g,SIMULATED Odoo
2026-07-31T19:30:00Z,LK-S17,LK-P0105,2,0,each,SIMULATED Odoo
2026-07-31T19:30:00Z,LK-S17,LK-P0106,74,70,kg,SIMULATED Odoo
2026-07-31T19:30:00Z,LK-S17,LK-P0107,47,47,l,SIMULATED Odoo
2026-07-31T19:30:00Z,LK-S17,LK-P0108,20,16,each,SIMULATED Odoo
2026-07-31T19:30:00Z,LK-S17,LK-P0109,8,8,g,SIMULATED Odoo
2026-07-31T19:30:00Z,LK-S17,LK-P0110,21,17,each,SIMULATED Odoo
2026-07-31T19:30:00Z,LK-S17,LK-P0111,3,0,kg,SIMULATED Odoo
2026-07-31T19:30:00Z,LK-S17,LK-P0112,30,30,l,SIMULATED Odoo
2026-07-31T19:30:00Z,LK-S17,LK-P0113,85,85,each,SIMULATED Odoo
2026-07-31T19:30:00Z,LK-S17,LK-P0114,85,84,g,SIMULATED Odoo
2026-07-31T19:30:00Z,LK-S17,LK-P0115,17,14,each,SIMULATED Odoo
2026-07-31T19:30:00Z,LK-S17,LK-P0116,76,77,kg,SIMULATED Odoo
2026-07-31T19:30:00Z,LK-S17,LK-P0117,39,36,l,SIMULATED Odoo
2026-07-31T19:30:00Z,LK-S17,LK-P0118,4,6,each,SIMULATED Odoo
2026-07-31T19:30:00Z,LK-S17,LK-P0119,88,90,g,SIMULATED Odoo
2026-07-31T19:30:00Z,LK-S17,LK-P0120,45,45,each,SIMULATED Odoo
2026-07-31T19:30:00Z,LK-S17,LK-P0121,8,9,kg,SIMULATED Odoo
2026-07-31T19:30:00Z,LK-S17,LK-P0122,19,20,l,SIMULATED Odoo
2026-07-31T19:30:00Z,LK-S17,LK-P0123,12,12,each,SIMULATED Odoo
2026-07-31T19:30:00Z,LK-S17,LK-P0124,12,13,g,SIMULATED Odoo
2026-07-31T19:30:00Z,LK-S17,LK-P0125,39,36,each,SIMULATED Odoo
2026-07-31T19:30:00Z,LK-S17,LK-P0126,29,29,kg,SIMULATED Odoo
2026-07-31T19:30:00Z,LK-S17,LK-P0127,28,25,l,SIMULATED Odoo
2026-07-31T19:30:00Z,LK-S17,LK-P0128,63,60,each,SIMULATED Odoo
2026-07-31T19:30:00Z,LK-S17,LK-P0129,31,31,g,SIMULATED Odoo
2026-07-31T19:30:00Z,LK-S17,LK-P0130,58,55,each,SIMULATED Odoo
2026-07-31T19:30:00Z,LK-S17,LK-P0131,30,31,kg,SIMULATED Odoo
2026-07-31T19:30:00Z,LK-S17,LK-P0132,15,16,l,SIMULATED Odoo
2026-07-31T19:30:00Z,LK-S17,LK-P0133,23,19,each,SIMULATED Odoo
2026-07-31T19:30:00Z,LK-S17,LK-P0134,48,48,g,SIMULATED Odoo
2026-07-31T19:30:00Z,LK-S17,LK-P0135,3,5,each,SIMULATED Odoo
2026-07-31T19:30:00Z,LK-S17,LK-P0136,0,0,kg,SIMULATED Odoo
2026-07-31T19:30:00Z,LK-S17,LK-P0137,62,58,l,SIMULATED Odoo
2026-07-31T19:30:00Z,LK-S17,LK-P0138,78,75,each,SIMULATED Odoo
2026-07-31T19:30:00Z,LK-S17,LK-P0139,54,51,g,SIMULATED Odoo
2026-07-31T19:30:00Z,LK-S17,LK-P0140,43,43,each,SIMULATED Odoo
2026-07-31T19:30:00Z,LK-S17,LK-P0141,53,49,kg,SIMULATED Odoo
2026-07-31T19:30:00Z,LK-S17,LK-P0142,82,82,l,SIMULATED Odoo
2026-07-31T19:30:00Z,LK-S17,LK-P0143,33,35,each,SIMULATED Odoo
2026-07-31T19:30:00Z,LK-S17,LK-P0144,66,68,g,SIMULATED Odoo
2026-07-31T19:30:00Z,LK-S17,LK-P0145,5,6,each,SIMULATED Odoo
2026-07-31T19:30:00Z,LK-S17,LK-P0146,80,82,kg,SIMULATED Odoo
2026-07-31T19:30:00Z,LK-S17,LK-P0147,16,16,l,SIMULATED Odoo
2026-07-31T19:30:00Z,LK-S17,LK-P0148,61,61,each,SIMULATED Odoo
2026-07-31T19:30:00Z,LK-S17,LK-P0149,15,12,g,SIMULATED Odoo
2026-07-31T19:30:00Z,LK-S17,LK-P0150,25,21,each,SIMULATED Odoo
2026-07-31T19:30:00Z,LK-S18,LK-P0001,75,71,kg,SIMULATED Odoo
2026-07-31T19:30:00Z,LK-S18,LK-P0002,36,33,l,SIMULATED Odoo
2026-07-31T19:30:00Z,LK-S18,LK-P0003,57,53,each,SIMULATED Odoo
2026-07-31T19:30:00Z,LK-S18,LK-P0004,77,76,g,SIMULATED Odoo
2026-07-31T19:30:00Z,LK-S18,LK-P0005,73,75,each,SIMULATED Odoo
2026-07-31T19:30:00Z,LK-S18,LK-P0006,3,2,kg,SIMULATED Odoo
2026-07-31T19:30:00Z,LK-S18,LK-P0007,14,11,l,SIMULATED Odoo
2026-07-31T19:30:00Z,LK-S18,LK-P0008,60,56,each,SIMULATED Odoo
2026-07-31T19:30:00Z,LK-S18,LK-P0009,14,13,g,SIMULATED Odoo
2026-07-31T19:30:00Z,LK-S18,LK-P0010,65,65,each,SIMULATED Odoo
2026-07-31T19:30:00Z,LK-S18,LK-P0011,1,1,kg,SIMULATED Odoo
2026-07-31T19:30:00Z,LK-S18,LK-P0012,90,90,l,SIMULATED Odoo
2026-07-31T19:30:00Z,LK-S18,LK-P0013,86,86,each,SIMULATED Odoo
2026-07-31T19:30:00Z,LK-S18,LK-P0014,90,89,g,SIMULATED Odoo
2026-07-31T19:30:00Z,LK-S18,LK-P0015,35,36,each,SIMULATED Odoo
2026-07-31T19:30:00Z,LK-S18,LK-P0016,14,16,kg,SIMULATED Odoo
2026-07-31T19:30:00Z,LK-S18,LK-P0017,3,3,l,SIMULATED Odoo
2026-07-31T19:30:00Z,LK-S18,LK-P0018,47,47,each,SIMULATED Odoo
2026-07-31T19:30:00Z,LK-S18,LK-P0019,0,0,g,SIMULATED Odoo
2026-07-31T19:30:00Z,LK-S18,LK-P0020,63,63,each,SIMULATED Odoo
2026-07-31T19:30:00Z,LK-S18,LK-P0021,13,15,kg,SIMULATED Odoo
2026-07-31T19:30:00Z,LK-S18,LK-P0022,80,77,l,SIMULATED Odoo
2026-07-31T19:30:00Z,LK-S18,LK-P0023,9,10,each,SIMULATED Odoo
2026-07-31T19:30:00Z,LK-S18,LK-P0024,12,12,g,SIMULATED Odoo
2026-07-31T19:30:00Z,LK-S18,LK-P0025,3,3,each,SIMULATED Odoo
2026-07-31T19:30:00Z,LK-S18,LK-P0026,69,66,kg,SIMULATED Odoo
2026-07-31T19:30:00Z,LK-S18,LK-P0027,10,7,l,SIMULATED Odoo
2026-07-31T19:30:00Z,LK-S18,LK-P0028,27,29,each,SIMULATED Odoo
2026-07-31T19:30:00Z,LK-S18,LK-P0029,50,49,g,SIMULATED Odoo
2026-07-31T19:30:00Z,LK-S18,LK-P0030,48,50,each,SIMULATED Odoo
2026-07-31T19:30:00Z,LK-S18,LK-P0031,40,36,kg,SIMULATED Odoo
2026-07-31T19:30:00Z,LK-S18,LK-P0032,56,55,l,SIMULATED Odoo
2026-07-31T19:30:00Z,LK-S18,LK-P0033,20,16,each,SIMULATED Odoo
2026-07-31T19:30:00Z,LK-S18,LK-P0034,63,59,g,SIMULATED Odoo
2026-07-31T19:30:00Z,LK-S18,LK-P0035,86,86,each,SIMULATED Odoo
2026-07-31T19:30:00Z,LK-S18,LK-P0036,87,84,kg,SIMULATED Odoo
2026-07-31T19:30:00Z,LK-S18,LK-P0037,14,15,l,SIMULATED Odoo
2026-07-31T19:30:00Z,LK-S18,LK-P0038,68,68,each,SIMULATED Odoo
2026-07-31T19:30:00Z,LK-S18,LK-P0039,47,43,g,SIMULATED Odoo
2026-07-31T19:30:00Z,LK-S18,LK-P0040,8,4,each,SIMULATED Odoo
2026-07-31T19:30:00Z,LK-S18,LK-P0041,12,9,kg,SIMULATED Odoo
2026-07-31T19:30:00Z,LK-S18,LK-P0042,66,66,l,SIMULATED Odoo
2026-07-31T19:30:00Z,LK-S18,LK-P0043,43,43,each,SIMULATED Odoo
2026-07-31T19:30:00Z,LK-S18,LK-P0044,25,22,g,SIMULATED Odoo
2026-07-31T19:30:00Z,LK-S18,LK-P0045,58,59,each,SIMULATED Odoo
2026-07-31T19:30:00Z,LK-S18,LK-P0046,38,37,kg,SIMULATED Odoo
2026-07-31T19:30:00Z,LK-S18,LK-P0047,78,80,l,SIMULATED Odoo
2026-07-31T19:30:00Z,LK-S18,LK-P0048,32,31,each,SIMULATED Odoo
2026-07-31T19:30:00Z,LK-S18,LK-P0049,64,66,g,SIMULATED Odoo
2026-07-31T19:30:00Z,LK-S18,LK-P0050,12,11,each,SIMULATED Odoo
2026-07-31T19:30:00Z,LK-S18,LK-P0051,8,9,kg,SIMULATED Odoo
2026-07-31T19:30:00Z,LK-S18,LK-P0052,26,23,l,SIMULATED Odoo
2026-07-31T19:30:00Z,LK-S18,LK-P0053,10,6,each,SIMULATED Odoo
2026-07-31T19:30:00Z,LK-S18,LK-P0054,55,52,g,SIMULATED Odoo
2026-07-31T19:30:00Z,LK-S18,LK-P0055,73,75,each,SIMULATED Odoo
2026-07-31T19:30:00Z,LK-S18,LK-P0056,70,67,kg,SIMULATED Odoo
2026-07-31T19:30:00Z,LK-S18,LK-P0057,10,6,l,SIMULATED Odoo
2026-07-31T19:30:00Z,LK-S18,LK-P0058,84,85,each,SIMULATED Odoo
2026-07-31T19:30:00Z,LK-S18,LK-P0059,75,75,g,SIMULATED Odoo
2026-07-31T19:30:00Z,LK-S18,LK-P0060,48,49,each,SIMULATED Odoo
2026-07-31T19:30:00Z,LK-S18,LK-P0061,78,78,kg,SIMULATED Odoo
2026-07-31T19:30:00Z,LK-S18,LK-P0062,79,79,l,SIMULATED Odoo
2026-07-31T19:30:00Z,LK-S18,LK-P0063,87,87,each,SIMULATED Odoo
2026-07-31T19:30:00Z,LK-S18,LK-P0064,5,5,g,SIMULATED Odoo
2026-07-31T19:30:00Z,LK-S18,LK-P0065,89,90,each,SIMULATED Odoo
2026-07-31T19:30:00Z,LK-S18,LK-P0066,72,72,kg,SIMULATED Odoo
2026-07-31T19:30:00Z,LK-S18,LK-P0067,20,16,l,SIMULATED Odoo
2026-07-31T19:30:00Z,LK-S18,LK-P0068,28,25,each,SIMULATED Odoo
2026-07-31T19:30:00Z,LK-S18,LK-P0069,72,72,g,SIMULATED Odoo
2026-07-31T19:30:00Z,LK-S18,LK-P0070,65,61,each,SIMULATED Odoo
2026-07-31T19:30:00Z,LK-S18,LK-P0071,6,2,kg,SIMULATED Odoo
2026-07-31T19:30:00Z,LK-S18,LK-P0072,41,37,l,SIMULATED Odoo
2026-07-31T19:30:00Z,LK-S18,LK-P0073,19,21,each,SIMULATED Odoo
2026-07-31T19:30:00Z,LK-S18,LK-P0074,7,3,g,SIMULATED Odoo
2026-07-31T19:30:00Z,LK-S18,LK-P0075,65,62,each,SIMULATED Odoo
2026-07-31T19:30:00Z,LK-S18,LK-P0076,84,85,kg,SIMULATED Odoo
2026-07-31T19:30:00Z,LK-S18,LK-P0077,87,86,l,SIMULATED Odoo
2026-07-31T19:30:00Z,LK-S18,LK-P0078,7,7,each,SIMULATED Odoo
2026-07-31T19:30:00Z,LK-S18,LK-P0079,26,28,g,SIMULATED Odoo
2026-07-31T19:30:00Z,LK-S18,LK-P0080,36,36,each,SIMULATED Odoo
2026-07-31T19:30:00Z,LK-S18,LK-P0081,16,13,kg,SIMULATED Odoo
2026-07-31T19:30:00Z,LK-S18,LK-P0082,9,9,l,SIMULATED Odoo
2026-07-31T19:30:00Z,LK-S18,LK-P0083,56,58,each,SIMULATED Odoo
2026-07-31T19:30:00Z,LK-S18,LK-P0084,5,4,g,SIMULATED Odoo
2026-07-31T19:30:00Z,LK-S18,LK-P0085,15,16,each,SIMULATED Odoo
2026-07-31T19:30:00Z,LK-S18,LK-P0086,28,29,kg,SIMULATED Odoo
2026-07-31T19:30:00Z,LK-S18,LK-P0087,70,70,l,SIMULATED Odoo
2026-07-31T19:30:00Z,LK-S18,LK-P0088,89,89,each,SIMULATED Odoo
2026-07-31T19:30:00Z,LK-S18,LK-P0089,17,18,g,SIMULATED Odoo
2026-07-31T19:30:00Z,LK-S18,LK-P0090,20,19,each,SIMULATED Odoo
2026-07-31T19:30:00Z,LK-S18,LK-P0091,70,70,kg,SIMULATED Odoo
2026-07-31T19:30:00Z,LK-S18,LK-P0092,42,42,l,SIMULATED Odoo
2026-07-31T19:30:00Z,LK-S18,LK-P0093,24,20,each,SIMULATED Odoo
2026-07-31T19:30:00Z,LK-S18,LK-P0094,84,83,g,SIMULATED Odoo
2026-07-31T19:30:00Z,LK-S18,LK-P0095,60,59,each,SIMULATED Odoo
2026-07-31T19:30:00Z,LK-S18,LK-P0096,76,78,kg,SIMULATED Odoo
2026-07-31T19:30:00Z,LK-S18,LK-P0097,75,77,l,SIMULATED Odoo
2026-07-31T19:30:00Z,LK-S18,LK-P0098,52,53,each,SIMULATED Odoo
2026-07-31T19:30:00Z,LK-S18,LK-P0099,68,64,g,SIMULATED Odoo
2026-07-31T19:30:00Z,LK-S18,LK-P0100,5,5,each,SIMULATED Odoo
2026-07-31T19:30:00Z,LK-S18,LK-P0101,1,0,kg,SIMULATED Odoo
2026-07-31T19:30:00Z,LK-S18,LK-P0102,10,10,l,SIMULATED Odoo
2026-07-31T19:30:00Z,LK-S18,LK-P0103,21,21,each,SIMULATED Odoo
2026-07-31T19:30:00Z,LK-S18,LK-P0104,35,35,g,SIMULATED Odoo
2026-07-31T19:30:00Z,LK-S18,LK-P0105,75,75,each,SIMULATED Odoo
2026-07-31T19:30:00Z,LK-S18,LK-P0106,2,3,kg,SIMULATED Odoo
2026-07-31T19:30:00Z,LK-S18,LK-P0107,59,60,l,SIMULATED Odoo
2026-07-31T19:30:00Z,LK-S18,LK-P0108,63,65,each,SIMULATED Odoo
2026-07-31T19:30:00Z,LK-S18,LK-P0109,72,73,g,SIMULATED Odoo
2026-07-31T19:30:00Z,LK-S18,LK-P0110,8,9,each,SIMULATED Odoo
2026-07-31T19:30:00Z,LK-S18,LK-P0111,72,69,kg,SIMULATED Odoo
2026-07-31T19:30:00Z,LK-S18,LK-P0112,0,0,l,SIMULATED Odoo
2026-07-31T19:30:00Z,LK-S18,LK-P0113,79,79,each,SIMULATED Odoo
2026-07-31T19:30:00Z,LK-S18,LK-P0114,10,11,g,SIMULATED Odoo
2026-07-31T19:30:00Z,LK-S18,LK-P0115,51,47,each,SIMULATED Odoo
2026-07-31T19:30:00Z,LK-S18,LK-P0116,29,28,kg,SIMULATED Odoo
2026-07-31T19:30:00Z,LK-S18,LK-P0117,85,85,l,SIMULATED Odoo
2026-07-31T19:30:00Z,LK-S18,LK-P0118,86,86,each,SIMULATED Odoo
2026-07-31T19:30:00Z,LK-S18,LK-P0119,5,5,g,SIMULATED Odoo
2026-07-31T19:30:00Z,LK-S18,LK-P0120,84,85,each,SIMULATED Odoo
2026-07-31T19:30:00Z,LK-S18,LK-P0121,1,0,kg,SIMULATED Odoo
2026-07-31T19:30:00Z,LK-S18,LK-P0122,75,77,l,SIMULATED Odoo
2026-07-31T19:30:00Z,LK-S18,LK-P0123,87,89,each,SIMULATED Odoo
2026-07-31T19:30:00Z,LK-S18,LK-P0124,27,28,g,SIMULATED Odoo
2026-07-31T19:30:00Z,LK-S18,LK-P0125,15,15,each,SIMULATED Odoo
2026-07-31T19:30:00Z,LK-S18,LK-P0126,12,12,kg,SIMULATED Odoo
2026-07-31T19:30:00Z,LK-S18,LK-P0127,11,11,l,SIMULATED Odoo
2026-07-31T19:30:00Z,LK-S18,LK-P0128,11,10,each,SIMULATED Odoo
2026-07-31T19:30:00Z,LK-S18,LK-P0129,43,43,g,SIMULATED Odoo
2026-07-31T19:30:00Z,LK-S18,LK-P0130,17,18,each,SIMULATED Odoo
2026-07-31T19:30:00Z,LK-S18,LK-P0131,19,18,kg,SIMULATED Odoo
2026-07-31T19:30:00Z,LK-S18,LK-P0132,60,56,l,SIMULATED Odoo
2026-07-31T19:30:00Z,LK-S18,LK-P0133,22,22,each,SIMULATED Odoo
2026-07-31T19:30:00Z,LK-S18,LK-P0134,37,37,g,SIMULATED Odoo
2026-07-31T19:30:00Z,LK-S18,LK-P0135,35,34,each,SIMULATED Odoo
2026-07-31T19:30:00Z,LK-S18,LK-P0136,61,62,kg,SIMULATED Odoo
2026-07-31T19:30:00Z,LK-S18,LK-P0137,56,56,l,SIMULATED Odoo
2026-07-31T19:30:00Z,LK-S18,LK-P0138,33,30,each,SIMULATED Odoo
2026-07-31T19:30:00Z,LK-S18,LK-P0139,9,5,g,SIMULATED Odoo
2026-07-31T19:30:00Z,LK-S18,LK-P0140,18,19,each,SIMULATED Odoo
2026-07-31T19:30:00Z,LK-S18,LK-P0141,86,88,kg,SIMULATED Odoo
2026-07-31T19:30:00Z,LK-S18,LK-P0142,29,28,l,SIMULATED Odoo
2026-07-31T19:30:00Z,LK-S18,LK-P0143,47,48,each,SIMULATED Odoo
2026-07-31T19:30:00Z,LK-S18,LK-P0144,58,58,g,SIMULATED Odoo
2026-07-31T19:30:00Z,LK-S18,LK-P0145,17,14,each,SIMULATED Odoo
2026-07-31T19:30:00Z,LK-S18,LK-P0146,34,30,kg,SIMULATED Odoo
2026-07-31T19:30:00Z,LK-S18,LK-P0147,54,54,l,SIMULATED Odoo
2026-07-31T19:30:00Z,LK-S18,LK-P0148,53,50,each,SIMULATED Odoo
2026-07-31T19:30:00Z,LK-S18,LK-P0149,20,16,g,SIMULATED Odoo
2026-07-31T19:30:00Z,LK-S18,LK-P0150,72,72,each,SIMULATED Odoo
2026-07-31T19:30:00Z,LK-S19,LK-P0001,41,40,kg,SIMULATED Odoo
2026-07-31T19:30:00Z,LK-S19,LK-P0002,11,8,l,SIMULATED Odoo
2026-07-31T19:30:00Z,LK-S19,LK-P0003,3,0,each,SIMULATED Odoo
2026-07-31T19:30:00Z,LK-S19,LK-P0004,59,58,g,SIMULATED Odoo
2026-07-31T19:30:00Z,LK-S19,LK-P0005,74,74,each,SIMULATED Odoo
2026-07-31T19:30:00Z,LK-S19,LK-P0006,52,53,kg,SIMULATED Odoo
2026-07-31T19:30:00Z,LK-S19,LK-P0007,72,74,l,SIMULATED Odoo
2026-07-31T19:30:00Z,LK-S19,LK-P0008,3,0,each,SIMULATED Odoo
2026-07-31T19:30:00Z,LK-S19,LK-P0009,74,74,g,SIMULATED Odoo
2026-07-31T19:30:00Z,LK-S19,LK-P0010,72,72,each,SIMULATED Odoo
2026-07-31T19:30:00Z,LK-S19,LK-P0011,44,40,kg,SIMULATED Odoo
2026-07-31T19:30:00Z,LK-S19,LK-P0012,90,86,l,SIMULATED Odoo
2026-07-31T19:30:00Z,LK-S19,LK-P0013,59,58,each,SIMULATED Odoo
2026-07-31T19:30:00Z,LK-S19,LK-P0014,56,53,g,SIMULATED Odoo
2026-07-31T19:30:00Z,LK-S19,LK-P0015,85,84,each,SIMULATED Odoo
2026-07-31T19:30:00Z,LK-S19,LK-P0016,46,43,kg,SIMULATED Odoo
2026-07-31T19:30:00Z,LK-S19,LK-P0017,61,58,l,SIMULATED Odoo
2026-07-31T19:30:00Z,LK-S19,LK-P0018,46,42,each,SIMULATED Odoo
2026-07-31T19:30:00Z,LK-S19,LK-P0019,62,58,g,SIMULATED Odoo
2026-07-31T19:30:00Z,LK-S19,LK-P0020,51,47,each,SIMULATED Odoo
2026-07-31T19:30:00Z,LK-S19,LK-P0021,12,12,kg,SIMULATED Odoo
2026-07-31T19:30:00Z,LK-S19,LK-P0022,33,34,l,SIMULATED Odoo
2026-07-31T19:30:00Z,LK-S19,LK-P0023,40,40,each,SIMULATED Odoo
2026-07-31T19:30:00Z,LK-S19,LK-P0024,73,73,g,SIMULATED Odoo
2026-07-31T19:30:00Z,LK-S19,LK-P0025,8,8,each,SIMULATED Odoo
2026-07-31T19:30:00Z,LK-S19,LK-P0026,26,27,kg,SIMULATED Odoo
2026-07-31T19:30:00Z,LK-S19,LK-P0027,68,68,l,SIMULATED Odoo
2026-07-31T19:30:00Z,LK-S19,LK-P0028,82,82,each,SIMULATED Odoo
2026-07-31T19:30:00Z,LK-S19,LK-P0029,79,75,g,SIMULATED Odoo
2026-07-31T19:30:00Z,LK-S19,LK-P0030,39,40,each,SIMULATED Odoo
2026-07-31T19:30:00Z,LK-S19,LK-P0031,65,65,kg,SIMULATED Odoo
2026-07-31T19:30:00Z,LK-S19,LK-P0032,78,80,l,SIMULATED Odoo
2026-07-31T19:30:00Z,LK-S19,LK-P0033,85,81,each,SIMULATED Odoo
2026-07-31T19:30:00Z,LK-S19,LK-P0034,83,85,g,SIMULATED Odoo
2026-07-31T19:30:00Z,LK-S19,LK-P0035,47,46,each,SIMULATED Odoo
2026-07-31T19:30:00Z,LK-S19,LK-P0036,9,9,kg,SIMULATED Odoo
2026-07-31T19:30:00Z,LK-S19,LK-P0037,75,71,l,SIMULATED Odoo
2026-07-31T19:30:00Z,LK-S19,LK-P0038,71,72,each,SIMULATED Odoo
2026-07-31T19:30:00Z,LK-S19,LK-P0039,54,50,g,SIMULATED Odoo
2026-07-31T19:30:00Z,LK-S19,LK-P0040,76,72,each,SIMULATED Odoo
2026-07-31T19:30:00Z,LK-S19,LK-P0041,35,35,kg,SIMULATED Odoo
2026-07-31T19:30:00Z,LK-S19,LK-P0042,75,72,l,SIMULATED Odoo
2026-07-31T19:30:00Z,LK-S19,LK-P0043,32,29,each,SIMULATED Odoo
2026-07-31T19:30:00Z,LK-S19,LK-P0044,76,73,g,SIMULATED Odoo
2026-07-31T19:30:00Z,LK-S19,LK-P0045,37,34,each,SIMULATED Odoo
2026-07-31T19:30:00Z,LK-S19,LK-P0046,13,9,kg,SIMULATED Odoo
2026-07-31T19:30:00Z,LK-S19,LK-P0047,87,88,l,SIMULATED Odoo
2026-07-31T19:30:00Z,LK-S19,LK-P0048,4,6,each,SIMULATED Odoo
2026-07-31T19:30:00Z,LK-S19,LK-P0049,62,63,g,SIMULATED Odoo
2026-07-31T19:30:00Z,LK-S19,LK-P0050,27,27,each,SIMULATED Odoo
2026-07-31T19:30:00Z,LK-S19,LK-P0051,5,2,kg,SIMULATED Odoo
2026-07-31T19:30:00Z,LK-S19,LK-P0052,25,27,l,SIMULATED Odoo
2026-07-31T19:30:00Z,LK-S19,LK-P0053,81,78,each,SIMULATED Odoo
2026-07-31T19:30:00Z,LK-S19,LK-P0054,57,54,g,SIMULATED Odoo
2026-07-31T19:30:00Z,LK-S19,LK-P0055,27,27,each,SIMULATED Odoo
2026-07-31T19:30:00Z,LK-S19,LK-P0056,81,81,kg,SIMULATED Odoo
2026-07-31T19:30:00Z,LK-S19,LK-P0057,61,57,l,SIMULATED Odoo
2026-07-31T19:30:00Z,LK-S19,LK-P0058,88,88,each,SIMULATED Odoo
2026-07-31T19:30:00Z,LK-S19,LK-P0059,72,68,g,SIMULATED Odoo
2026-07-31T19:30:00Z,LK-S19,LK-P0060,69,69,each,SIMULATED Odoo
2026-07-31T19:30:00Z,LK-S19,LK-P0061,4,6,kg,SIMULATED Odoo
2026-07-31T19:30:00Z,LK-S19,LK-P0062,83,85,l,SIMULATED Odoo
2026-07-31T19:30:00Z,LK-S19,LK-P0063,25,27,each,SIMULATED Odoo
2026-07-31T19:30:00Z,LK-S19,LK-P0064,35,35,g,SIMULATED Odoo
2026-07-31T19:30:00Z,LK-S19,LK-P0065,32,32,each,SIMULATED Odoo
2026-07-31T19:30:00Z,LK-S19,LK-P0066,61,63,kg,SIMULATED Odoo
2026-07-31T19:30:00Z,LK-S19,LK-P0067,90,89,l,SIMULATED Odoo
2026-07-31T19:30:00Z,LK-S19,LK-P0068,81,78,each,SIMULATED Odoo
2026-07-31T19:30:00Z,LK-S19,LK-P0069,50,50,g,SIMULATED Odoo
2026-07-31T19:30:00Z,LK-S19,LK-P0070,44,44,each,SIMULATED Odoo
2026-07-31T19:30:00Z,LK-S19,LK-P0071,62,61,kg,SIMULATED Odoo
2026-07-31T19:30:00Z,LK-S19,LK-P0072,52,54,l,SIMULATED Odoo
2026-07-31T19:30:00Z,LK-S19,LK-P0073,31,33,each,SIMULATED Odoo
2026-07-31T19:30:00Z,LK-S19,LK-P0074,82,82,g,SIMULATED Odoo
2026-07-31T19:30:00Z,LK-S19,LK-P0075,18,14,each,SIMULATED Odoo
2026-07-31T19:30:00Z,LK-S19,LK-P0076,24,24,kg,SIMULATED Odoo
2026-07-31T19:30:00Z,LK-S19,LK-P0077,65,65,l,SIMULATED Odoo
2026-07-31T19:30:00Z,LK-S19,LK-P0078,8,5,each,SIMULATED Odoo
2026-07-31T19:30:00Z,LK-S19,LK-P0079,0,0,g,SIMULATED Odoo
2026-07-31T19:30:00Z,LK-S19,LK-P0080,6,5,each,SIMULATED Odoo
2026-07-31T19:30:00Z,LK-S19,LK-P0081,31,33,kg,SIMULATED Odoo
2026-07-31T19:30:00Z,LK-S19,LK-P0082,50,49,l,SIMULATED Odoo
2026-07-31T19:30:00Z,LK-S19,LK-P0083,51,52,each,SIMULATED Odoo
2026-07-31T19:30:00Z,LK-S19,LK-P0084,7,7,g,SIMULATED Odoo
2026-07-31T19:30:00Z,LK-S19,LK-P0085,67,64,each,SIMULATED Odoo
2026-07-31T19:30:00Z,LK-S19,LK-P0086,50,49,kg,SIMULATED Odoo
2026-07-31T19:30:00Z,LK-S19,LK-P0087,78,80,l,SIMULATED Odoo
2026-07-31T19:30:00Z,LK-S19,LK-P0088,59,61,each,SIMULATED Odoo
2026-07-31T19:30:00Z,LK-S19,LK-P0089,35,34,g,SIMULATED Odoo
2026-07-31T19:30:00Z,LK-S19,LK-P0090,46,47,each,SIMULATED Odoo
2026-07-31T19:30:00Z,LK-S19,LK-P0091,37,33,kg,SIMULATED Odoo
2026-07-31T19:30:00Z,LK-S19,LK-P0092,27,29,l,SIMULATED Odoo
2026-07-31T19:30:00Z,LK-S19,LK-P0093,43,43,each,SIMULATED Odoo
2026-07-31T19:30:00Z,LK-S19,LK-P0094,68,69,g,SIMULATED Odoo
2026-07-31T19:30:00Z,LK-S19,LK-P0095,61,60,each,SIMULATED Odoo
2026-07-31T19:30:00Z,LK-S19,LK-P0096,11,11,kg,SIMULATED Odoo
2026-07-31T19:30:00Z,LK-S19,LK-P0097,63,64,l,SIMULATED Odoo
2026-07-31T19:30:00Z,LK-S19,LK-P0098,77,76,each,SIMULATED Odoo
2026-07-31T19:30:00Z,LK-S19,LK-P0099,9,10,g,SIMULATED Odoo
2026-07-31T19:30:00Z,LK-S19,LK-P0100,67,68,each,SIMULATED Odoo
2026-07-31T19:30:00Z,LK-S19,LK-P0101,20,21,kg,SIMULATED Odoo
2026-07-31T19:30:00Z,LK-S19,LK-P0102,72,72,l,SIMULATED Odoo
2026-07-31T19:30:00Z,LK-S19,LK-P0103,60,60,each,SIMULATED Odoo
2026-07-31T19:30:00Z,LK-S19,LK-P0104,39,38,g,SIMULATED Odoo
2026-07-31T19:30:00Z,LK-S19,LK-P0105,24,21,each,SIMULATED Odoo
2026-07-31T19:30:00Z,LK-S19,LK-P0106,12,13,kg,SIMULATED Odoo
2026-07-31T19:30:00Z,LK-S19,LK-P0107,61,58,l,SIMULATED Odoo
2026-07-31T19:30:00Z,LK-S19,LK-P0108,42,42,each,SIMULATED Odoo
2026-07-31T19:30:00Z,LK-S19,LK-P0109,28,29,g,SIMULATED Odoo
2026-07-31T19:30:00Z,LK-S19,LK-P0110,3,2,each,SIMULATED Odoo
2026-07-31T19:30:00Z,LK-S19,LK-P0111,48,49,kg,SIMULATED Odoo
2026-07-31T19:30:00Z,LK-S19,LK-P0112,41,38,l,SIMULATED Odoo
2026-07-31T19:30:00Z,LK-S19,LK-P0113,84,86,each,SIMULATED Odoo
2026-07-31T19:30:00Z,LK-S19,LK-P0114,10,10,g,SIMULATED Odoo
2026-07-31T19:30:00Z,LK-S19,LK-P0115,51,50,each,SIMULATED Odoo
2026-07-31T19:30:00Z,LK-S19,LK-P0116,29,28,kg,SIMULATED Odoo
2026-07-31T19:30:00Z,LK-S19,LK-P0117,77,77,l,SIMULATED Odoo
2026-07-31T19:30:00Z,LK-S19,LK-P0118,7,7,each,SIMULATED Odoo
2026-07-31T19:30:00Z,LK-S19,LK-P0119,27,27,g,SIMULATED Odoo
2026-07-31T19:30:00Z,LK-S19,LK-P0120,51,52,each,SIMULATED Odoo
2026-07-31T19:30:00Z,LK-S19,LK-P0121,55,56,kg,SIMULATED Odoo
2026-07-31T19:30:00Z,LK-S19,LK-P0122,30,30,l,SIMULATED Odoo
2026-07-31T19:30:00Z,LK-S19,LK-P0123,86,86,each,SIMULATED Odoo
2026-07-31T19:30:00Z,LK-S19,LK-P0124,78,74,g,SIMULATED Odoo
2026-07-31T19:30:00Z,LK-S19,LK-P0125,22,22,each,SIMULATED Odoo
2026-07-31T19:30:00Z,LK-S19,LK-P0126,24,23,kg,SIMULATED Odoo
2026-07-31T19:30:00Z,LK-S19,LK-P0127,75,75,l,SIMULATED Odoo
2026-07-31T19:30:00Z,LK-S19,LK-P0128,51,51,each,SIMULATED Odoo
2026-07-31T19:30:00Z,LK-S19,LK-P0129,63,60,g,SIMULATED Odoo
2026-07-31T19:30:00Z,LK-S19,LK-P0130,68,68,each,SIMULATED Odoo
2026-07-31T19:30:00Z,LK-S19,LK-P0131,11,7,kg,SIMULATED Odoo
2026-07-31T19:30:00Z,LK-S19,LK-P0132,40,37,l,SIMULATED Odoo
2026-07-31T19:30:00Z,LK-S19,LK-P0133,8,8,each,SIMULATED Odoo
2026-07-31T19:30:00Z,LK-S19,LK-P0134,4,5,g,SIMULATED Odoo
2026-07-31T19:30:00Z,LK-S19,LK-P0135,14,14,each,SIMULATED Odoo
2026-07-31T19:30:00Z,LK-S19,LK-P0136,34,36,kg,SIMULATED Odoo
2026-07-31T19:30:00Z,LK-S19,LK-P0137,14,11,l,SIMULATED Odoo
2026-07-31T19:30:00Z,LK-S19,LK-P0138,67,67,each,SIMULATED Odoo
2026-07-31T19:30:00Z,LK-S19,LK-P0139,67,69,g,SIMULATED Odoo
2026-07-31T19:30:00Z,LK-S19,LK-P0140,1,2,each,SIMULATED Odoo
2026-07-31T19:30:00Z,LK-S19,LK-P0141,17,17,kg,SIMULATED Odoo
2026-07-31T19:30:00Z,LK-S19,LK-P0142,41,41,l,SIMULATED Odoo
2026-07-31T19:30:00Z,LK-S19,LK-P0143,84,81,each,SIMULATED Odoo
2026-07-31T19:30:00Z,LK-S19,LK-P0144,69,69,g,SIMULATED Odoo
2026-07-31T19:30:00Z,LK-S19,LK-P0145,2,2,each,SIMULATED Odoo
2026-07-31T19:30:00Z,LK-S19,LK-P0146,43,43,kg,SIMULATED Odoo
2026-07-31T19:30:00Z,LK-S19,LK-P0147,55,55,l,SIMULATED Odoo
2026-07-31T19:30:00Z,LK-S19,LK-P0148,51,53,each,SIMULATED Odoo
2026-07-31T19:30:00Z,LK-S19,LK-P0149,7,7,g,SIMULATED Odoo
2026-07-31T19:30:00Z,LK-S19,LK-P0150,32,33,each,SIMULATED Odoo
2026-07-31T19:30:00Z,LK-S20,LK-P0001,63,62,kg,SIMULATED Odoo
2026-07-31T19:30:00Z,LK-S20,LK-P0002,68,64,l,SIMULATED Odoo
2026-07-31T19:30:00Z,LK-S20,LK-P0003,56,56,each,SIMULATED Odoo
2026-07-31T19:30:00Z,LK-S20,LK-P0004,66,66,g,SIMULATED Odoo
2026-07-31T19:30:00Z,LK-S20,LK-P0005,75,75,each,SIMULATED Odoo
2026-07-31T19:30:00Z,LK-S20,LK-P0006,87,87,kg,SIMULATED Odoo
2026-07-31T19:30:00Z,LK-S20,LK-P0007,1,0,l,SIMULATED Odoo
2026-07-31T19:30:00Z,LK-S20,LK-P0008,60,57,each,SIMULATED Odoo
2026-07-31T19:30:00Z,LK-S20,LK-P0009,75,74,g,SIMULATED Odoo
2026-07-31T19:30:00Z,LK-S20,LK-P0010,5,2,each,SIMULATED Odoo
2026-07-31T19:30:00Z,LK-S20,LK-P0011,78,78,kg,SIMULATED Odoo
2026-07-31T19:30:00Z,LK-S20,LK-P0012,83,85,l,SIMULATED Odoo
2026-07-31T19:30:00Z,LK-S20,LK-P0013,0,0,each,SIMULATED Odoo
2026-07-31T19:30:00Z,LK-S20,LK-P0014,40,41,g,SIMULATED Odoo
2026-07-31T19:30:00Z,LK-S20,LK-P0015,34,34,each,SIMULATED Odoo
2026-07-31T19:30:00Z,LK-S20,LK-P0016,67,63,kg,SIMULATED Odoo
2026-07-31T19:30:00Z,LK-S20,LK-P0017,57,56,l,SIMULATED Odoo
2026-07-31T19:30:00Z,LK-S20,LK-P0018,24,21,each,SIMULATED Odoo
2026-07-31T19:30:00Z,LK-S20,LK-P0019,47,49,g,SIMULATED Odoo
2026-07-31T19:30:00Z,LK-S20,LK-P0020,5,7,each,SIMULATED Odoo
2026-07-31T19:30:00Z,LK-S20,LK-P0021,77,74,kg,SIMULATED Odoo
2026-07-31T19:30:00Z,LK-S20,LK-P0022,89,89,l,SIMULATED Odoo
2026-07-31T19:30:00Z,LK-S20,LK-P0023,38,37,each,SIMULATED Odoo
2026-07-31T19:30:00Z,LK-S20,LK-P0024,29,29,g,SIMULATED Odoo
2026-07-31T19:30:00Z,LK-S20,LK-P0025,89,89,each,SIMULATED Odoo
2026-07-31T19:30:00Z,LK-S20,LK-P0026,36,37,kg,SIMULATED Odoo
2026-07-31T19:30:00Z,LK-S20,LK-P0027,53,49,l,SIMULATED Odoo
2026-07-31T19:30:00Z,LK-S20,LK-P0028,43,40,each,SIMULATED Odoo
2026-07-31T19:30:00Z,LK-S20,LK-P0029,79,75,g,SIMULATED Odoo
2026-07-31T19:30:00Z,LK-S20,LK-P0030,73,73,each,SIMULATED Odoo
2026-07-31T19:30:00Z,LK-S20,LK-P0031,27,27,kg,SIMULATED Odoo
2026-07-31T19:30:00Z,LK-S20,LK-P0032,80,80,l,SIMULATED Odoo
2026-07-31T19:30:00Z,LK-S20,LK-P0033,85,85,each,SIMULATED Odoo
2026-07-31T19:30:00Z,LK-S20,LK-P0034,59,58,g,SIMULATED Odoo
2026-07-31T19:30:00Z,LK-S20,LK-P0035,54,56,each,SIMULATED Odoo
2026-07-31T19:30:00Z,LK-S20,LK-P0036,0,0,kg,SIMULATED Odoo
2026-07-31T19:30:00Z,LK-S20,LK-P0037,26,27,l,SIMULATED Odoo
2026-07-31T19:30:00Z,LK-S20,LK-P0038,30,31,each,SIMULATED Odoo
2026-07-31T19:30:00Z,LK-S20,LK-P0039,79,79,g,SIMULATED Odoo
2026-07-31T19:30:00Z,LK-S20,LK-P0040,4,4,each,SIMULATED Odoo
2026-07-31T19:30:00Z,LK-S20,LK-P0041,59,60,kg,SIMULATED Odoo
2026-07-31T19:30:00Z,LK-S20,LK-P0042,29,29,l,SIMULATED Odoo
2026-07-31T19:30:00Z,LK-S20,LK-P0043,44,44,each,SIMULATED Odoo
2026-07-31T19:30:00Z,LK-S20,LK-P0044,39,39,g,SIMULATED Odoo
2026-07-31T19:30:00Z,LK-S20,LK-P0045,79,75,each,SIMULATED Odoo
2026-07-31T19:30:00Z,LK-S20,LK-P0046,17,19,kg,SIMULATED Odoo
2026-07-31T19:30:00Z,LK-S20,LK-P0047,0,0,l,SIMULATED Odoo
2026-07-31T19:30:00Z,LK-S20,LK-P0048,53,55,each,SIMULATED Odoo
2026-07-31T19:30:00Z,LK-S20,LK-P0049,41,41,g,SIMULATED Odoo
2026-07-31T19:30:00Z,LK-S20,LK-P0050,62,64,each,SIMULATED Odoo
2026-07-31T19:30:00Z,LK-S20,LK-P0051,41,42,kg,SIMULATED Odoo
2026-07-31T19:30:00Z,LK-S20,LK-P0052,9,5,l,SIMULATED Odoo
2026-07-31T19:30:00Z,LK-S20,LK-P0053,73,75,each,SIMULATED Odoo
2026-07-31T19:30:00Z,LK-S20,LK-P0054,73,73,g,SIMULATED Odoo
2026-07-31T19:30:00Z,LK-S20,LK-P0055,6,6,each,SIMULATED Odoo
2026-07-31T19:30:00Z,LK-S20,LK-P0056,19,19,kg,SIMULATED Odoo
2026-07-31T19:30:00Z,LK-S20,LK-P0057,82,82,l,SIMULATED Odoo
2026-07-31T19:30:00Z,LK-S20,LK-P0058,77,73,each,SIMULATED Odoo
2026-07-31T19:30:00Z,LK-S20,LK-P0059,19,19,g,SIMULATED Odoo
2026-07-31T19:30:00Z,LK-S20,LK-P0060,20,16,each,SIMULATED Odoo
2026-07-31T19:30:00Z,LK-S20,LK-P0061,54,54,kg,SIMULATED Odoo
2026-07-31T19:30:00Z,LK-S20,LK-P0062,43,40,l,SIMULATED Odoo
2026-07-31T19:30:00Z,LK-S20,LK-P0063,32,31,each,SIMULATED Odoo
2026-07-31T19:30:00Z,LK-S20,LK-P0064,2,4,g,SIMULATED Odoo
2026-07-31T19:30:00Z,LK-S20,LK-P0065,25,26,each,SIMULATED Odoo
2026-07-31T19:30:00Z,LK-S20,LK-P0066,7,7,kg,SIMULATED Odoo
2026-07-31T19:30:00Z,LK-S20,LK-P0067,24,20,l,SIMULATED Odoo
2026-07-31T19:30:00Z,LK-S20,LK-P0068,8,9,each,SIMULATED Odoo
2026-07-31T19:30:00Z,LK-S20,LK-P0069,2,0,g,SIMULATED Odoo
2026-07-31T19:30:00Z,LK-S20,LK-P0070,89,89,each,SIMULATED Odoo
2026-07-31T19:30:00Z,LK-S20,LK-P0071,44,44,kg,SIMULATED Odoo
2026-07-31T19:30:00Z,LK-S20,LK-P0072,57,57,l,SIMULATED Odoo
2026-07-31T19:30:00Z,LK-S20,LK-P0073,2,0,each,SIMULATED Odoo
2026-07-31T19:30:00Z,LK-S20,LK-P0074,15,15,g,SIMULATED Odoo
2026-07-31T19:30:00Z,LK-S20,LK-P0075,34,34,each,SIMULATED Odoo
2026-07-31T19:30:00Z,LK-S20,LK-P0076,31,33,kg,SIMULATED Odoo
2026-07-31T19:30:00Z,LK-S20,LK-P0077,82,82,l,SIMULATED Odoo
2026-07-31T19:30:00Z,LK-S20,LK-P0078,24,25,each,SIMULATED Odoo
2026-07-31T19:30:00Z,LK-S20,LK-P0079,20,21,g,SIMULATED Odoo
2026-07-31T19:30:00Z,LK-S20,LK-P0080,30,31,each,SIMULATED Odoo
2026-07-31T19:30:00Z,LK-S20,LK-P0081,69,66,kg,SIMULATED Odoo
2026-07-31T19:30:00Z,LK-S20,LK-P0082,35,36,l,SIMULATED Odoo
2026-07-31T19:30:00Z,LK-S20,LK-P0083,87,86,each,SIMULATED Odoo
2026-07-31T19:30:00Z,LK-S20,LK-P0084,2,2,g,SIMULATED Odoo
2026-07-31T19:30:00Z,LK-S20,LK-P0085,19,15,each,SIMULATED Odoo
2026-07-31T19:30:00Z,LK-S20,LK-P0086,30,30,kg,SIMULATED Odoo
2026-07-31T19:30:00Z,LK-S20,LK-P0087,54,53,l,SIMULATED Odoo
2026-07-31T19:30:00Z,LK-S20,LK-P0088,76,72,each,SIMULATED Odoo
2026-07-31T19:30:00Z,LK-S20,LK-P0089,13,13,g,SIMULATED Odoo
2026-07-31T19:30:00Z,LK-S20,LK-P0090,9,11,each,SIMULATED Odoo
2026-07-31T19:30:00Z,LK-S20,LK-P0091,13,15,kg,SIMULATED Odoo
2026-07-31T19:30:00Z,LK-S20,LK-P0092,73,72,l,SIMULATED Odoo
2026-07-31T19:30:00Z,LK-S20,LK-P0093,19,19,each,SIMULATED Odoo
2026-07-31T19:30:00Z,LK-S20,LK-P0094,62,58,g,SIMULATED Odoo
2026-07-31T19:30:00Z,LK-S20,LK-P0095,76,76,each,SIMULATED Odoo
2026-07-31T19:30:00Z,LK-S20,LK-P0096,30,29,kg,SIMULATED Odoo
2026-07-31T19:30:00Z,LK-S20,LK-P0097,57,58,l,SIMULATED Odoo
2026-07-31T19:30:00Z,LK-S20,LK-P0098,29,31,each,SIMULATED Odoo
2026-07-31T19:30:00Z,LK-S20,LK-P0099,30,27,g,SIMULATED Odoo
2026-07-31T19:30:00Z,LK-S20,LK-P0100,41,40,each,SIMULATED Odoo
2026-07-31T19:30:00Z,LK-S20,LK-P0101,23,23,kg,SIMULATED Odoo
2026-07-31T19:30:00Z,LK-S20,LK-P0102,43,43,l,SIMULATED Odoo
2026-07-31T19:30:00Z,LK-S20,LK-P0103,12,12,each,SIMULATED Odoo
2026-07-31T19:30:00Z,LK-S20,LK-P0104,24,25,g,SIMULATED Odoo
2026-07-31T19:30:00Z,LK-S20,LK-P0105,11,12,each,SIMULATED Odoo
2026-07-31T19:30:00Z,LK-S20,LK-P0106,3,5,kg,SIMULATED Odoo
2026-07-31T19:30:00Z,LK-S20,LK-P0107,89,86,l,SIMULATED Odoo
2026-07-31T19:30:00Z,LK-S20,LK-P0108,35,34,each,SIMULATED Odoo
2026-07-31T19:30:00Z,LK-S20,LK-P0109,6,7,g,SIMULATED Odoo
2026-07-31T19:30:00Z,LK-S20,LK-P0110,15,15,each,SIMULATED Odoo
2026-07-31T19:30:00Z,LK-S20,LK-P0111,57,57,kg,SIMULATED Odoo
2026-07-31T19:30:00Z,LK-S20,LK-P0112,29,29,l,SIMULATED Odoo
2026-07-31T19:30:00Z,LK-S20,LK-P0113,30,30,each,SIMULATED Odoo
2026-07-31T19:30:00Z,LK-S20,LK-P0114,53,53,g,SIMULATED Odoo
2026-07-31T19:30:00Z,LK-S20,LK-P0115,39,41,each,SIMULATED Odoo
2026-07-31T19:30:00Z,LK-S20,LK-P0116,61,60,kg,SIMULATED Odoo
2026-07-31T19:30:00Z,LK-S20,LK-P0117,5,7,l,SIMULATED Odoo
2026-07-31T19:30:00Z,LK-S20,LK-P0118,84,81,each,SIMULATED Odoo
2026-07-31T19:30:00Z,LK-S20,LK-P0119,70,70,g,SIMULATED Odoo
2026-07-31T19:30:00Z,LK-S20,LK-P0120,11,8,each,SIMULATED Odoo
2026-07-31T19:30:00Z,LK-S20,LK-P0121,51,53,kg,SIMULATED Odoo
2026-07-31T19:30:00Z,LK-S20,LK-P0122,65,61,l,SIMULATED Odoo
2026-07-31T19:30:00Z,LK-S20,LK-P0123,16,13,each,SIMULATED Odoo
2026-07-31T19:30:00Z,LK-S20,LK-P0124,70,67,g,SIMULATED Odoo
2026-07-31T19:30:00Z,LK-S20,LK-P0125,62,62,each,SIMULATED Odoo
2026-07-31T19:30:00Z,LK-S20,LK-P0126,37,34,kg,SIMULATED Odoo
2026-07-31T19:30:00Z,LK-S20,LK-P0127,35,35,l,SIMULATED Odoo
2026-07-31T19:30:00Z,LK-S20,LK-P0128,50,47,each,SIMULATED Odoo
2026-07-31T19:30:00Z,LK-S20,LK-P0129,26,26,g,SIMULATED Odoo
2026-07-31T19:30:00Z,LK-S20,LK-P0130,27,27,each,SIMULATED Odoo
2026-07-31T19:30:00Z,LK-S20,LK-P0131,46,48,kg,SIMULATED Odoo
2026-07-31T19:30:00Z,LK-S20,LK-P0132,44,41,l,SIMULATED Odoo
2026-07-31T19:30:00Z,LK-S20,LK-P0133,33,35,each,SIMULATED Odoo
2026-07-31T19:30:00Z,LK-S20,LK-P0134,63,63,g,SIMULATED Odoo
2026-07-31T19:30:00Z,LK-S20,LK-P0135,61,57,each,SIMULATED Odoo
2026-07-31T19:30:00Z,LK-S20,LK-P0136,34,34,kg,SIMULATED Odoo
2026-07-31T19:30:00Z,LK-S20,LK-P0137,36,32,l,SIMULATED Odoo
2026-07-31T19:30:00Z,LK-S20,LK-P0138,75,75,each,SIMULATED Odoo
2026-07-31T19:30:00Z,LK-S20,LK-P0139,73,73,g,SIMULATED Odoo
2026-07-31T19:30:00Z,LK-S20,LK-P0140,85,86,each,SIMULATED Odoo
2026-07-31T19:30:00Z,LK-S20,LK-P0141,19,19,kg,SIMULATED Odoo
2026-07-31T19:30:00Z,LK-S20,LK-P0142,77,76,l,SIMULATED Odoo
2026-07-31T19:30:00Z,LK-S20,LK-P0143,23,20,each,SIMULATED Odoo
2026-07-31T19:30:00Z,LK-S20,LK-P0144,21,20,g,SIMULATED Odoo
2026-07-31T19:30:00Z,LK-S20,LK-P0145,63,60,each,SIMULATED Odoo
2026-07-31T19:30:00Z,LK-S20,LK-P0146,41,43,kg,SIMULATED Odoo
2026-07-31T19:30:00Z,LK-S20,LK-P0147,51,48,l,SIMULATED Odoo
2026-07-31T19:30:00Z,LK-S20,LK-P0148,86,82,each,SIMULATED Odoo
2026-07-31T19:30:00Z,LK-S20,LK-P0149,7,6,g,SIMULATED Odoo
2026-07-31T19:30:00Z,LK-S20,LK-P0150,18,14,each,SIMULATED Odoo
2026-07-31T19:30:00Z,LK-S21,LK-P0001,4,4,kg,SIMULATED Odoo
2026-07-31T19:30:00Z,LK-S21,LK-P0002,18,15,l,SIMULATED Odoo
2026-07-31T19:30:00Z,LK-S21,LK-P0003,22,24,each,SIMULATED Odoo
2026-07-31T19:30:00Z,LK-S21,LK-P0004,54,51,g,SIMULATED Odoo
2026-07-31T19:30:00Z,LK-S21,LK-P0005,36,37,each,SIMULATED Odoo
2026-07-31T19:30:00Z,LK-S21,LK-P0006,70,70,kg,SIMULATED Odoo
2026-07-31T19:30:00Z,LK-S21,LK-P0007,56,55,l,SIMULATED Odoo
2026-07-31T19:30:00Z,LK-S21,LK-P0008,60,60,each,SIMULATED Odoo
2026-07-31T19:30:00Z,LK-S21,LK-P0009,16,15,g,SIMULATED Odoo
2026-07-31T19:30:00Z,LK-S21,LK-P0010,67,68,each,SIMULATED Odoo
2026-07-31T19:30:00Z,LK-S21,LK-P0011,33,33,kg,SIMULATED Odoo
2026-07-31T19:30:00Z,LK-S21,LK-P0012,46,46,l,SIMULATED Odoo
2026-07-31T19:30:00Z,LK-S21,LK-P0013,64,61,each,SIMULATED Odoo
2026-07-31T19:30:00Z,LK-S21,LK-P0014,69,69,g,SIMULATED Odoo
2026-07-31T19:30:00Z,LK-S21,LK-P0015,86,86,each,SIMULATED Odoo
2026-07-31T19:30:00Z,LK-S21,LK-P0016,82,82,kg,SIMULATED Odoo
2026-07-31T19:30:00Z,LK-S21,LK-P0017,14,16,l,SIMULATED Odoo
2026-07-31T19:30:00Z,LK-S21,LK-P0018,38,38,each,SIMULATED Odoo
2026-07-31T19:30:00Z,LK-S21,LK-P0019,53,52,g,SIMULATED Odoo
2026-07-31T19:30:00Z,LK-S21,LK-P0020,90,86,each,SIMULATED Odoo
2026-07-31T19:30:00Z,LK-S21,LK-P0021,29,26,kg,SIMULATED Odoo
2026-07-31T19:30:00Z,LK-S21,LK-P0022,32,33,l,SIMULATED Odoo
2026-07-31T19:30:00Z,LK-S21,LK-P0023,66,67,each,SIMULATED Odoo
2026-07-31T19:30:00Z,LK-S21,LK-P0024,83,82,g,SIMULATED Odoo
2026-07-31T19:30:00Z,LK-S21,LK-P0025,41,41,each,SIMULATED Odoo
2026-07-31T19:30:00Z,LK-S21,LK-P0026,14,14,kg,SIMULATED Odoo
2026-07-31T19:30:00Z,LK-S21,LK-P0027,48,48,l,SIMULATED Odoo
2026-07-31T19:30:00Z,LK-S21,LK-P0028,6,6,each,SIMULATED Odoo
2026-07-31T19:30:00Z,LK-S21,LK-P0029,35,35,g,SIMULATED Odoo
2026-07-31T19:30:00Z,LK-S21,LK-P0030,63,60,each,SIMULATED Odoo
2026-07-31T19:30:00Z,LK-S21,LK-P0031,19,20,kg,SIMULATED Odoo
2026-07-31T19:30:00Z,LK-S21,LK-P0032,28,30,l,SIMULATED Odoo
2026-07-31T19:30:00Z,LK-S21,LK-P0033,7,8,each,SIMULATED Odoo
2026-07-31T19:30:00Z,LK-S21,LK-P0034,80,80,g,SIMULATED Odoo
2026-07-31T19:30:00Z,LK-S21,LK-P0035,32,28,each,SIMULATED Odoo
2026-07-31T19:30:00Z,LK-S21,LK-P0036,90,89,kg,SIMULATED Odoo
2026-07-31T19:30:00Z,LK-S21,LK-P0037,80,82,l,SIMULATED Odoo
2026-07-31T19:30:00Z,LK-S21,LK-P0038,64,64,each,SIMULATED Odoo
2026-07-31T19:30:00Z,LK-S21,LK-P0039,44,41,g,SIMULATED Odoo
2026-07-31T19:30:00Z,LK-S21,LK-P0040,50,50,each,SIMULATED Odoo
2026-07-31T19:30:00Z,LK-S21,LK-P0041,20,22,kg,SIMULATED Odoo
2026-07-31T19:30:00Z,LK-S21,LK-P0042,69,71,l,SIMULATED Odoo
2026-07-31T19:30:00Z,LK-S21,LK-P0043,88,85,each,SIMULATED Odoo
2026-07-31T19:30:00Z,LK-S21,LK-P0044,4,5,g,SIMULATED Odoo
2026-07-31T19:30:00Z,LK-S21,LK-P0045,80,76,each,SIMULATED Odoo
2026-07-31T19:30:00Z,LK-S21,LK-P0046,25,25,kg,SIMULATED Odoo
2026-07-31T19:30:00Z,LK-S21,LK-P0047,66,65,l,SIMULATED Odoo
2026-07-31T19:30:00Z,LK-S21,LK-P0048,59,59,each,SIMULATED Odoo
2026-07-31T19:30:00Z,LK-S21,LK-P0049,70,71,g,SIMULATED Odoo
2026-07-31T19:30:00Z,LK-S21,LK-P0050,33,33,each,SIMULATED Odoo
2026-07-31T19:30:00Z,LK-S21,LK-P0051,84,86,kg,SIMULATED Odoo
2026-07-31T19:30:00Z,LK-S21,LK-P0052,45,45,l,SIMULATED Odoo
2026-07-31T19:30:00Z,LK-S21,LK-P0053,76,77,each,SIMULATED Odoo
2026-07-31T19:30:00Z,LK-S21,LK-P0054,74,75,g,SIMULATED Odoo
2026-07-31T19:30:00Z,LK-S21,LK-P0055,55,56,each,SIMULATED Odoo
2026-07-31T19:30:00Z,LK-S21,LK-P0056,82,82,kg,SIMULATED Odoo
2026-07-31T19:30:00Z,LK-S21,LK-P0057,31,30,l,SIMULATED Odoo
2026-07-31T19:30:00Z,LK-S21,LK-P0058,24,24,each,SIMULATED Odoo
2026-07-31T19:30:00Z,LK-S21,LK-P0059,29,25,g,SIMULATED Odoo
2026-07-31T19:30:00Z,LK-S21,LK-P0060,47,44,each,SIMULATED Odoo
2026-07-31T19:30:00Z,LK-S21,LK-P0061,13,12,kg,SIMULATED Odoo
2026-07-31T19:30:00Z,LK-S21,LK-P0062,27,29,l,SIMULATED Odoo
2026-07-31T19:30:00Z,LK-S21,LK-P0063,84,80,each,SIMULATED Odoo
2026-07-31T19:30:00Z,LK-S21,LK-P0064,8,4,g,SIMULATED Odoo
2026-07-31T19:30:00Z,LK-S21,LK-P0065,30,29,each,SIMULATED Odoo
2026-07-31T19:30:00Z,LK-S21,LK-P0066,53,54,kg,SIMULATED Odoo
2026-07-31T19:30:00Z,LK-S21,LK-P0067,14,14,l,SIMULATED Odoo
2026-07-31T19:30:00Z,LK-S21,LK-P0068,73,72,each,SIMULATED Odoo
2026-07-31T19:30:00Z,LK-S21,LK-P0069,87,87,g,SIMULATED Odoo
2026-07-31T19:30:00Z,LK-S21,LK-P0070,45,45,each,SIMULATED Odoo
2026-07-31T19:30:00Z,LK-S21,LK-P0071,11,12,kg,SIMULATED Odoo
2026-07-31T19:30:00Z,LK-S21,LK-P0072,43,43,l,SIMULATED Odoo
2026-07-31T19:30:00Z,LK-S21,LK-P0073,19,15,each,SIMULATED Odoo
2026-07-31T19:30:00Z,LK-S21,LK-P0074,41,41,g,SIMULATED Odoo
2026-07-31T19:30:00Z,LK-S21,LK-P0075,44,44,each,SIMULATED Odoo
2026-07-31T19:30:00Z,LK-S21,LK-P0076,39,36,kg,SIMULATED Odoo
2026-07-31T19:30:00Z,LK-S21,LK-P0077,37,38,l,SIMULATED Odoo
2026-07-31T19:30:00Z,LK-S21,LK-P0078,35,36,each,SIMULATED Odoo
2026-07-31T19:30:00Z,LK-S21,LK-P0079,5,2,g,SIMULATED Odoo
2026-07-31T19:30:00Z,LK-S21,LK-P0080,30,30,each,SIMULATED Odoo
2026-07-31T19:30:00Z,LK-S21,LK-P0081,41,42,kg,SIMULATED Odoo
2026-07-31T19:30:00Z,LK-S21,LK-P0082,11,13,l,SIMULATED Odoo
2026-07-31T19:30:00Z,LK-S21,LK-P0083,3,0,each,SIMULATED Odoo
2026-07-31T19:30:00Z,LK-S21,LK-P0084,7,7,g,SIMULATED Odoo
2026-07-31T19:30:00Z,LK-S21,LK-P0085,49,46,each,SIMULATED Odoo
2026-07-31T19:30:00Z,LK-S21,LK-P0086,57,54,kg,SIMULATED Odoo
2026-07-31T19:30:00Z,LK-S21,LK-P0087,0,0,l,SIMULATED Odoo
2026-07-31T19:30:00Z,LK-S21,LK-P0088,70,67,each,SIMULATED Odoo
2026-07-31T19:30:00Z,LK-S21,LK-P0089,54,50,g,SIMULATED Odoo
2026-07-31T19:30:00Z,LK-S21,LK-P0090,16,12,each,SIMULATED Odoo
2026-07-31T19:30:00Z,LK-S21,LK-P0091,46,46,kg,SIMULATED Odoo
2026-07-31T19:30:00Z,LK-S21,LK-P0092,62,59,l,SIMULATED Odoo
2026-07-31T19:30:00Z,LK-S21,LK-P0093,41,43,each,SIMULATED Odoo
2026-07-31T19:30:00Z,LK-S21,LK-P0094,15,12,g,SIMULATED Odoo
2026-07-31T19:30:00Z,LK-S21,LK-P0095,1,0,each,SIMULATED Odoo
2026-07-31T19:30:00Z,LK-S21,LK-P0096,48,48,kg,SIMULATED Odoo
2026-07-31T19:30:00Z,LK-S21,LK-P0097,60,60,l,SIMULATED Odoo
2026-07-31T19:30:00Z,LK-S21,LK-P0098,12,9,each,SIMULATED Odoo
2026-07-31T19:30:00Z,LK-S21,LK-P0099,34,35,g,SIMULATED Odoo
2026-07-31T19:30:00Z,LK-S21,LK-P0100,34,34,each,SIMULATED Odoo
2026-07-31T19:30:00Z,LK-S21,LK-P0101,19,19,kg,SIMULATED Odoo
2026-07-31T19:30:00Z,LK-S21,LK-P0102,32,28,l,SIMULATED Odoo
2026-07-31T19:30:00Z,LK-S21,LK-P0103,89,89,each,SIMULATED Odoo
2026-07-31T19:30:00Z,LK-S21,LK-P0104,74,71,g,SIMULATED Odoo
2026-07-31T19:30:00Z,LK-S21,LK-P0105,17,17,each,SIMULATED Odoo
2026-07-31T19:30:00Z,LK-S21,LK-P0106,62,61,kg,SIMULATED Odoo
2026-07-31T19:30:00Z,LK-S21,LK-P0107,81,81,l,SIMULATED Odoo
2026-07-31T19:30:00Z,LK-S21,LK-P0108,78,78,each,SIMULATED Odoo
2026-07-31T19:30:00Z,LK-S21,LK-P0109,66,65,g,SIMULATED Odoo
2026-07-31T19:30:00Z,LK-S21,LK-P0110,47,48,each,SIMULATED Odoo
2026-07-31T19:30:00Z,LK-S21,LK-P0111,13,9,kg,SIMULATED Odoo
2026-07-31T19:30:00Z,LK-S21,LK-P0112,43,43,l,SIMULATED Odoo
2026-07-31T19:30:00Z,LK-S21,LK-P0113,75,75,each,SIMULATED Odoo
2026-07-31T19:30:00Z,LK-S21,LK-P0114,16,17,g,SIMULATED Odoo
2026-07-31T19:30:00Z,LK-S21,LK-P0115,17,17,each,SIMULATED Odoo
2026-07-31T19:30:00Z,LK-S21,LK-P0116,39,39,kg,SIMULATED Odoo
2026-07-31T19:30:00Z,LK-S21,LK-P0117,37,38,l,SIMULATED Odoo
2026-07-31T19:30:00Z,LK-S21,LK-P0118,82,82,each,SIMULATED Odoo
2026-07-31T19:30:00Z,LK-S21,LK-P0119,27,29,g,SIMULATED Odoo
2026-07-31T19:30:00Z,LK-S21,LK-P0120,39,40,each,SIMULATED Odoo
2026-07-31T19:30:00Z,LK-S21,LK-P0121,31,32,kg,SIMULATED Odoo
2026-07-31T19:30:00Z,LK-S21,LK-P0122,87,89,l,SIMULATED Odoo
2026-07-31T19:30:00Z,LK-S21,LK-P0123,27,29,each,SIMULATED Odoo
2026-07-31T19:30:00Z,LK-S21,LK-P0124,64,64,g,SIMULATED Odoo
2026-07-31T19:30:00Z,LK-S21,LK-P0125,43,44,each,SIMULATED Odoo
2026-07-31T19:30:00Z,LK-S21,LK-P0126,52,51,kg,SIMULATED Odoo
2026-07-31T19:30:00Z,LK-S21,LK-P0127,89,88,l,SIMULATED Odoo
2026-07-31T19:30:00Z,LK-S21,LK-P0128,59,55,each,SIMULATED Odoo
2026-07-31T19:30:00Z,LK-S21,LK-P0129,84,81,g,SIMULATED Odoo
2026-07-31T19:30:00Z,LK-S21,LK-P0130,56,52,each,SIMULATED Odoo
2026-07-31T19:30:00Z,LK-S21,LK-P0131,83,83,kg,SIMULATED Odoo
2026-07-31T19:30:00Z,LK-S21,LK-P0132,66,66,l,SIMULATED Odoo
2026-07-31T19:30:00Z,LK-S21,LK-P0133,80,80,each,SIMULATED Odoo
2026-07-31T19:30:00Z,LK-S21,LK-P0134,52,49,g,SIMULATED Odoo
2026-07-31T19:30:00Z,LK-S21,LK-P0135,69,69,each,SIMULATED Odoo
2026-07-31T19:30:00Z,LK-S21,LK-P0136,69,68,kg,SIMULATED Odoo
2026-07-31T19:30:00Z,LK-S21,LK-P0137,44,44,l,SIMULATED Odoo
2026-07-31T19:30:00Z,LK-S21,LK-P0138,80,81,each,SIMULATED Odoo
2026-07-31T19:30:00Z,LK-S21,LK-P0139,69,66,g,SIMULATED Odoo
2026-07-31T19:30:00Z,LK-S21,LK-P0140,8,8,each,SIMULATED Odoo
2026-07-31T19:30:00Z,LK-S21,LK-P0141,16,18,kg,SIMULATED Odoo
2026-07-31T19:30:00Z,LK-S21,LK-P0142,14,14,l,SIMULATED Odoo
2026-07-31T19:30:00Z,LK-S21,LK-P0143,77,77,each,SIMULATED Odoo
2026-07-31T19:30:00Z,LK-S21,LK-P0144,33,29,g,SIMULATED Odoo
2026-07-31T19:30:00Z,LK-S21,LK-P0145,60,61,each,SIMULATED Odoo
2026-07-31T19:30:00Z,LK-S21,LK-P0146,82,84,kg,SIMULATED Odoo
2026-07-31T19:30:00Z,LK-S21,LK-P0147,5,5,l,SIMULATED Odoo
2026-07-31T19:30:00Z,LK-S21,LK-P0148,1,2,each,SIMULATED Odoo
2026-07-31T19:30:00Z,LK-S21,LK-P0149,12,8,g,SIMULATED Odoo
2026-07-31T19:30:00Z,LK-S21,LK-P0150,43,44,each,SIMULATED Odoo
2026-07-31T19:30:00Z,LK-S22,LK-P0001,89,88,kg,SIMULATED Odoo
2026-07-31T19:30:00Z,LK-S22,LK-P0002,62,58,l,SIMULATED Odoo
2026-07-31T19:30:00Z,LK-S22,LK-P0003,83,83,each,SIMULATED Odoo
2026-07-31T19:30:00Z,LK-S22,LK-P0004,61,61,g,SIMULATED Odoo
2026-07-31T19:30:00Z,LK-S22,LK-P0005,85,85,each,SIMULATED Odoo
2026-07-31T19:30:00Z,LK-S22,LK-P0006,37,37,kg,SIMULATED Odoo
2026-07-31T19:30:00Z,LK-S22,LK-P0007,30,30,l,SIMULATED Odoo
2026-07-31T19:30:00Z,LK-S22,LK-P0008,68,67,each,SIMULATED Odoo
2026-07-31T19:30:00Z,LK-S22,LK-P0009,26,26,g,SIMULATED Odoo
2026-07-31T19:30:00Z,LK-S22,LK-P0010,33,30,each,SIMULATED Odoo
2026-07-31T19:30:00Z,LK-S22,LK-P0011,43,39,kg,SIMULATED Odoo
2026-07-31T19:30:00Z,LK-S22,LK-P0012,0,0,l,SIMULATED Odoo
2026-07-31T19:30:00Z,LK-S22,LK-P0013,75,72,each,SIMULATED Odoo
2026-07-31T19:30:00Z,LK-S22,LK-P0014,83,83,g,SIMULATED Odoo
2026-07-31T19:30:00Z,LK-S22,LK-P0015,79,79,each,SIMULATED Odoo
2026-07-31T19:30:00Z,LK-S22,LK-P0016,82,81,kg,SIMULATED Odoo
2026-07-31T19:30:00Z,LK-S22,LK-P0017,12,8,l,SIMULATED Odoo
2026-07-31T19:30:00Z,LK-S22,LK-P0018,5,6,each,SIMULATED Odoo
2026-07-31T19:30:00Z,LK-S22,LK-P0019,61,61,g,SIMULATED Odoo
2026-07-31T19:30:00Z,LK-S22,LK-P0020,60,62,each,SIMULATED Odoo
2026-07-31T19:30:00Z,LK-S22,LK-P0021,23,23,kg,SIMULATED Odoo
2026-07-31T19:30:00Z,LK-S22,LK-P0022,6,6,l,SIMULATED Odoo
2026-07-31T19:30:00Z,LK-S22,LK-P0023,80,80,each,SIMULATED Odoo
2026-07-31T19:30:00Z,LK-S22,LK-P0024,39,39,g,SIMULATED Odoo
2026-07-31T19:30:00Z,LK-S22,LK-P0025,75,74,each,SIMULATED Odoo
2026-07-31T19:30:00Z,LK-S22,LK-P0026,5,1,kg,SIMULATED Odoo
2026-07-31T19:30:00Z,LK-S22,LK-P0027,30,29,l,SIMULATED Odoo
2026-07-31T19:30:00Z,LK-S22,LK-P0028,38,35,each,SIMULATED Odoo
2026-07-31T19:30:00Z,LK-S22,LK-P0029,81,83,g,SIMULATED Odoo
2026-07-31T19:30:00Z,LK-S22,LK-P0030,33,33,each,SIMULATED Odoo
2026-07-31T19:30:00Z,LK-S22,LK-P0031,12,9,kg,SIMULATED Odoo
2026-07-31T19:30:00Z,LK-S22,LK-P0032,29,26,l,SIMULATED Odoo
2026-07-31T19:30:00Z,LK-S22,LK-P0033,71,73,each,SIMULATED Odoo
2026-07-31T19:30:00Z,LK-S22,LK-P0034,71,67,g,SIMULATED Odoo
2026-07-31T19:30:00Z,LK-S22,LK-P0035,10,9,each,SIMULATED Odoo
2026-07-31T19:30:00Z,LK-S22,LK-P0036,9,5,kg,SIMULATED Odoo
2026-07-31T19:30:00Z,LK-S22,LK-P0037,43,42,l,SIMULATED Odoo
2026-07-31T19:30:00Z,LK-S22,LK-P0038,55,52,each,SIMULATED Odoo
2026-07-31T19:30:00Z,LK-S22,LK-P0039,18,18,g,SIMULATED Odoo
2026-07-31T19:30:00Z,LK-S22,LK-P0040,1,0,each,SIMULATED Odoo
2026-07-31T19:30:00Z,LK-S22,LK-P0041,60,60,kg,SIMULATED Odoo
2026-07-31T19:30:00Z,LK-S22,LK-P0042,64,64,l,SIMULATED Odoo
2026-07-31T19:30:00Z,LK-S22,LK-P0043,66,65,each,SIMULATED Odoo
2026-07-31T19:30:00Z,LK-S22,LK-P0044,29,28,g,SIMULATED Odoo
2026-07-31T19:30:00Z,LK-S22,LK-P0045,87,87,each,SIMULATED Odoo
2026-07-31T19:30:00Z,LK-S22,LK-P0046,4,0,kg,SIMULATED Odoo
2026-07-31T19:30:00Z,LK-S22,LK-P0047,17,14,l,SIMULATED Odoo
2026-07-31T19:30:00Z,LK-S22,LK-P0048,63,64,each,SIMULATED Odoo
2026-07-31T19:30:00Z,LK-S22,LK-P0049,44,44,g,SIMULATED Odoo
2026-07-31T19:30:00Z,LK-S22,LK-P0050,9,5,each,SIMULATED Odoo
2026-07-31T19:30:00Z,LK-S22,LK-P0051,53,49,kg,SIMULATED Odoo
2026-07-31T19:30:00Z,LK-S22,LK-P0052,22,21,l,SIMULATED Odoo
2026-07-31T19:30:00Z,LK-S22,LK-P0053,87,87,each,SIMULATED Odoo
2026-07-31T19:30:00Z,LK-S22,LK-P0054,81,81,g,SIMULATED Odoo
2026-07-31T19:30:00Z,LK-S22,LK-P0055,53,49,each,SIMULATED Odoo
2026-07-31T19:30:00Z,LK-S22,LK-P0056,64,64,kg,SIMULATED Odoo
2026-07-31T19:30:00Z,LK-S22,LK-P0057,39,41,l,SIMULATED Odoo
2026-07-31T19:30:00Z,LK-S22,LK-P0058,21,17,each,SIMULATED Odoo
2026-07-31T19:30:00Z,LK-S22,LK-P0059,16,17,g,SIMULATED Odoo
2026-07-31T19:30:00Z,LK-S22,LK-P0060,73,70,each,SIMULATED Odoo
2026-07-31T19:30:00Z,LK-S22,LK-P0061,46,46,kg,SIMULATED Odoo
2026-07-31T19:30:00Z,LK-S22,LK-P0062,44,40,l,SIMULATED Odoo
2026-07-31T19:30:00Z,LK-S22,LK-P0063,5,4,each,SIMULATED Odoo
2026-07-31T19:30:00Z,LK-S22,LK-P0064,49,45,g,SIMULATED Odoo
2026-07-31T19:30:00Z,LK-S22,LK-P0065,27,28,each,SIMULATED Odoo
2026-07-31T19:30:00Z,LK-S22,LK-P0066,55,55,kg,SIMULATED Odoo
2026-07-31T19:30:00Z,LK-S22,LK-P0067,77,73,l,SIMULATED Odoo
2026-07-31T19:30:00Z,LK-S22,LK-P0068,20,16,each,SIMULATED Odoo
2026-07-31T19:30:00Z,LK-S22,LK-P0069,68,64,g,SIMULATED Odoo
2026-07-31T19:30:00Z,LK-S22,LK-P0070,57,53,each,SIMULATED Odoo
2026-07-31T19:30:00Z,LK-S22,LK-P0071,19,19,kg,SIMULATED Odoo
2026-07-31T19:30:00Z,LK-S22,LK-P0072,46,43,l,SIMULATED Odoo
2026-07-31T19:30:00Z,LK-S22,LK-P0073,31,33,each,SIMULATED Odoo
2026-07-31T19:30:00Z,LK-S22,LK-P0074,28,27,g,SIMULATED Odoo
2026-07-31T19:30:00Z,LK-S22,LK-P0075,78,79,each,SIMULATED Odoo
2026-07-31T19:30:00Z,LK-S22,LK-P0076,42,38,kg,SIMULATED Odoo
2026-07-31T19:30:00Z,LK-S22,LK-P0077,85,87,l,SIMULATED Odoo
2026-07-31T19:30:00Z,LK-S22,LK-P0078,12,9,each,SIMULATED Odoo
2026-07-31T19:30:00Z,LK-S22,LK-P0079,79,79,g,SIMULATED Odoo
2026-07-31T19:30:00Z,LK-S22,LK-P0080,62,64,each,SIMULATED Odoo
2026-07-31T19:30:00Z,LK-S22,LK-P0081,18,14,kg,SIMULATED Odoo
2026-07-31T19:30:00Z,LK-S22,LK-P0082,24,21,l,SIMULATED Odoo
2026-07-31T19:30:00Z,LK-S22,LK-P0083,15,15,each,SIMULATED Odoo
2026-07-31T19:30:00Z,LK-S22,LK-P0084,19,19,g,SIMULATED Odoo
2026-07-31T19:30:00Z,LK-S22,LK-P0085,7,8,each,SIMULATED Odoo
2026-07-31T19:30:00Z,LK-S22,LK-P0086,21,22,kg,SIMULATED Odoo
2026-07-31T19:30:00Z,LK-S22,LK-P0087,61,57,l,SIMULATED Odoo
2026-07-31T19:30:00Z,LK-S22,LK-P0088,3,0,each,SIMULATED Odoo
2026-07-31T19:30:00Z,LK-S22,LK-P0089,71,70,g,SIMULATED Odoo
2026-07-31T19:30:00Z,LK-S22,LK-P0090,12,12,each,SIMULATED Odoo
2026-07-31T19:30:00Z,LK-S22,LK-P0091,81,78,kg,SIMULATED Odoo
2026-07-31T19:30:00Z,LK-S22,LK-P0092,80,80,l,SIMULATED Odoo
2026-07-31T19:30:00Z,LK-S22,LK-P0093,43,43,each,SIMULATED Odoo
2026-07-31T19:30:00Z,LK-S22,LK-P0094,66,65,g,SIMULATED Odoo
2026-07-31T19:30:00Z,LK-S22,LK-P0095,80,80,each,SIMULATED Odoo
2026-07-31T19:30:00Z,LK-S22,LK-P0096,55,54,kg,SIMULATED Odoo
2026-07-31T19:30:00Z,LK-S22,LK-P0097,53,54,l,SIMULATED Odoo
2026-07-31T19:30:00Z,LK-S22,LK-P0098,39,39,each,SIMULATED Odoo
2026-07-31T19:30:00Z,LK-S22,LK-P0099,10,10,g,SIMULATED Odoo
2026-07-31T19:30:00Z,LK-S22,LK-P0100,10,10,each,SIMULATED Odoo
2026-07-31T19:30:00Z,LK-S22,LK-P0101,4,4,kg,SIMULATED Odoo
2026-07-31T19:30:00Z,LK-S22,LK-P0102,89,88,l,SIMULATED Odoo
2026-07-31T19:30:00Z,LK-S22,LK-P0103,63,63,each,SIMULATED Odoo
2026-07-31T19:30:00Z,LK-S22,LK-P0104,11,13,g,SIMULATED Odoo
2026-07-31T19:30:00Z,LK-S22,LK-P0105,4,6,each,SIMULATED Odoo
2026-07-31T19:30:00Z,LK-S22,LK-P0106,86,86,kg,SIMULATED Odoo
2026-07-31T19:30:00Z,LK-S22,LK-P0107,16,15,l,SIMULATED Odoo
2026-07-31T19:30:00Z,LK-S22,LK-P0108,75,75,each,SIMULATED Odoo
2026-07-31T19:30:00Z,LK-S22,LK-P0109,39,38,g,SIMULATED Odoo
2026-07-31T19:30:00Z,LK-S22,LK-P0110,88,87,each,SIMULATED Odoo
2026-07-31T19:30:00Z,LK-S22,LK-P0111,89,89,kg,SIMULATED Odoo
2026-07-31T19:30:00Z,LK-S22,LK-P0112,53,53,l,SIMULATED Odoo
2026-07-31T19:30:00Z,LK-S22,LK-P0113,18,17,each,SIMULATED Odoo
2026-07-31T19:30:00Z,LK-S22,LK-P0114,86,86,g,SIMULATED Odoo
2026-07-31T19:30:00Z,LK-S22,LK-P0115,45,41,each,SIMULATED Odoo
2026-07-31T19:30:00Z,LK-S22,LK-P0116,14,11,kg,SIMULATED Odoo
2026-07-31T19:30:00Z,LK-S22,LK-P0117,4,3,l,SIMULATED Odoo
2026-07-31T19:30:00Z,LK-S22,LK-P0118,40,40,each,SIMULATED Odoo
2026-07-31T19:30:00Z,LK-S22,LK-P0119,37,37,g,SIMULATED Odoo
2026-07-31T19:30:00Z,LK-S22,LK-P0120,84,84,each,SIMULATED Odoo
2026-07-31T19:30:00Z,LK-S22,LK-P0121,82,84,kg,SIMULATED Odoo
2026-07-31T19:30:00Z,LK-S22,LK-P0122,31,28,l,SIMULATED Odoo
2026-07-31T19:30:00Z,LK-S22,LK-P0123,61,60,each,SIMULATED Odoo
2026-07-31T19:30:00Z,LK-S22,LK-P0124,71,67,g,SIMULATED Odoo
2026-07-31T19:30:00Z,LK-S22,LK-P0125,0,0,each,SIMULATED Odoo
2026-07-31T19:30:00Z,LK-S22,LK-P0126,30,30,kg,SIMULATED Odoo
2026-07-31T19:30:00Z,LK-S22,LK-P0127,13,12,l,SIMULATED Odoo
2026-07-31T19:30:00Z,LK-S22,LK-P0128,74,75,each,SIMULATED Odoo
2026-07-31T19:30:00Z,LK-S22,LK-P0129,58,57,g,SIMULATED Odoo
2026-07-31T19:30:00Z,LK-S22,LK-P0130,38,40,each,SIMULATED Odoo
2026-07-31T19:30:00Z,LK-S22,LK-P0131,15,17,kg,SIMULATED Odoo
2026-07-31T19:30:00Z,LK-S22,LK-P0132,69,65,l,SIMULATED Odoo
2026-07-31T19:30:00Z,LK-S22,LK-P0133,1,2,each,SIMULATED Odoo
2026-07-31T19:30:00Z,LK-S22,LK-P0134,33,34,g,SIMULATED Odoo
2026-07-31T19:30:00Z,LK-S22,LK-P0135,56,56,each,SIMULATED Odoo
2026-07-31T19:30:00Z,LK-S22,LK-P0136,58,58,kg,SIMULATED Odoo
2026-07-31T19:30:00Z,LK-S22,LK-P0137,36,36,l,SIMULATED Odoo
2026-07-31T19:30:00Z,LK-S22,LK-P0138,27,27,each,SIMULATED Odoo
2026-07-31T19:30:00Z,LK-S22,LK-P0139,75,75,g,SIMULATED Odoo
2026-07-31T19:30:00Z,LK-S22,LK-P0140,87,88,each,SIMULATED Odoo
2026-07-31T19:30:00Z,LK-S22,LK-P0141,77,77,kg,SIMULATED Odoo
2026-07-31T19:30:00Z,LK-S22,LK-P0142,31,31,l,SIMULATED Odoo
2026-07-31T19:30:00Z,LK-S22,LK-P0143,40,42,each,SIMULATED Odoo
2026-07-31T19:30:00Z,LK-S22,LK-P0144,73,73,g,SIMULATED Odoo
2026-07-31T19:30:00Z,LK-S22,LK-P0145,20,20,each,SIMULATED Odoo
2026-07-31T19:30:00Z,LK-S22,LK-P0146,53,53,kg,SIMULATED Odoo
2026-07-31T19:30:00Z,LK-S22,LK-P0147,30,32,l,SIMULATED Odoo
2026-07-31T19:30:00Z,LK-S22,LK-P0148,11,11,each,SIMULATED Odoo
2026-07-31T19:30:00Z,LK-S22,LK-P0149,80,82,g,SIMULATED Odoo
2026-07-31T19:30:00Z,LK-S22,LK-P0150,87,89,each,SIMULATED Odoo
2026-07-31T19:30:00Z,LK-S23,LK-P0001,86,83,kg,SIMULATED Odoo
2026-07-31T19:30:00Z,LK-S23,LK-P0002,25,24,l,SIMULATED Odoo
2026-07-31T19:30:00Z,LK-S23,LK-P0003,42,38,each,SIMULATED Odoo
2026-07-31T19:30:00Z,LK-S23,LK-P0004,35,35,g,SIMULATED Odoo
2026-07-31T19:30:00Z,LK-S23,LK-P0005,51,51,each,SIMULATED Odoo
2026-07-31T19:30:00Z,LK-S23,LK-P0006,50,47,kg,SIMULATED Odoo
2026-07-31T19:30:00Z,LK-S23,LK-P0007,14,15,l,SIMULATED Odoo
2026-07-31T19:30:00Z,LK-S23,LK-P0008,52,51,each,SIMULATED Odoo
2026-07-31T19:30:00Z,LK-S23,LK-P0009,35,35,g,SIMULATED Odoo
2026-07-31T19:30:00Z,LK-S23,LK-P0010,19,20,each,SIMULATED Odoo
2026-07-31T19:30:00Z,LK-S23,LK-P0011,58,57,kg,SIMULATED Odoo
2026-07-31T19:30:00Z,LK-S23,LK-P0012,30,27,l,SIMULATED Odoo
2026-07-31T19:30:00Z,LK-S23,LK-P0013,83,85,each,SIMULATED Odoo
2026-07-31T19:30:00Z,LK-S23,LK-P0014,21,23,g,SIMULATED Odoo
2026-07-31T19:30:00Z,LK-S23,LK-P0015,78,79,each,SIMULATED Odoo
2026-07-31T19:30:00Z,LK-S23,LK-P0016,73,73,kg,SIMULATED Odoo
2026-07-31T19:30:00Z,LK-S23,LK-P0017,64,66,l,SIMULATED Odoo
2026-07-31T19:30:00Z,LK-S23,LK-P0018,65,65,each,SIMULATED Odoo
2026-07-31T19:30:00Z,LK-S23,LK-P0019,38,38,g,SIMULATED Odoo
2026-07-31T19:30:00Z,LK-S23,LK-P0020,44,44,each,SIMULATED Odoo
2026-07-31T19:30:00Z,LK-S23,LK-P0021,2,0,kg,SIMULATED Odoo
2026-07-31T19:30:00Z,LK-S23,LK-P0022,90,91,l,SIMULATED Odoo
2026-07-31T19:30:00Z,LK-S23,LK-P0023,7,7,each,SIMULATED Odoo
2026-07-31T19:30:00Z,LK-S23,LK-P0024,13,13,g,SIMULATED Odoo
2026-07-31T19:30:00Z,LK-S23,LK-P0025,68,64,each,SIMULATED Odoo
2026-07-31T19:30:00Z,LK-S23,LK-P0026,78,77,kg,SIMULATED Odoo
2026-07-31T19:30:00Z,LK-S23,LK-P0027,17,16,l,SIMULATED Odoo
2026-07-31T19:30:00Z,LK-S23,LK-P0028,82,82,each,SIMULATED Odoo
2026-07-31T19:30:00Z,LK-S23,LK-P0029,15,15,g,SIMULATED Odoo
2026-07-31T19:30:00Z,LK-S23,LK-P0030,15,17,each,SIMULATED Odoo
2026-07-31T19:30:00Z,LK-S23,LK-P0031,7,9,kg,SIMULATED Odoo
2026-07-31T19:30:00Z,LK-S23,LK-P0032,21,21,l,SIMULATED Odoo
2026-07-31T19:30:00Z,LK-S23,LK-P0033,15,11,each,SIMULATED Odoo
2026-07-31T19:30:00Z,LK-S23,LK-P0034,40,37,g,SIMULATED Odoo
2026-07-31T19:30:00Z,LK-S23,LK-P0035,88,88,each,SIMULATED Odoo
2026-07-31T19:30:00Z,LK-S23,LK-P0036,37,33,kg,SIMULATED Odoo
2026-07-31T19:30:00Z,LK-S23,LK-P0037,7,8,l,SIMULATED Odoo
2026-07-31T19:30:00Z,LK-S23,LK-P0038,82,79,each,SIMULATED Odoo
2026-07-31T19:30:00Z,LK-S23,LK-P0039,87,87,g,SIMULATED Odoo
2026-07-31T19:30:00Z,LK-S23,LK-P0040,64,64,each,SIMULATED Odoo
2026-07-31T19:30:00Z,LK-S23,LK-P0041,36,36,kg,SIMULATED Odoo
2026-07-31T19:30:00Z,LK-S23,LK-P0042,57,54,l,SIMULATED Odoo
2026-07-31T19:30:00Z,LK-S23,LK-P0043,13,9,each,SIMULATED Odoo
2026-07-31T19:30:00Z,LK-S23,LK-P0044,15,15,g,SIMULATED Odoo
2026-07-31T19:30:00Z,LK-S23,LK-P0045,85,85,each,SIMULATED Odoo
2026-07-31T19:30:00Z,LK-S23,LK-P0046,48,50,kg,SIMULATED Odoo
2026-07-31T19:30:00Z,LK-S23,LK-P0047,20,21,l,SIMULATED Odoo
2026-07-31T19:30:00Z,LK-S23,LK-P0048,64,65,each,SIMULATED Odoo
2026-07-31T19:30:00Z,LK-S23,LK-P0049,79,79,g,SIMULATED Odoo
2026-07-31T19:30:00Z,LK-S23,LK-P0050,13,9,each,SIMULATED Odoo
2026-07-31T19:30:00Z,LK-S23,LK-P0051,89,89,kg,SIMULATED Odoo
2026-07-31T19:30:00Z,LK-S23,LK-P0052,20,20,l,SIMULATED Odoo
2026-07-31T19:30:00Z,LK-S23,LK-P0053,88,84,each,SIMULATED Odoo
2026-07-31T19:30:00Z,LK-S23,LK-P0054,65,65,g,SIMULATED Odoo
2026-07-31T19:30:00Z,LK-S23,LK-P0055,53,53,each,SIMULATED Odoo
2026-07-31T19:30:00Z,LK-S23,LK-P0056,53,50,kg,SIMULATED Odoo
2026-07-31T19:30:00Z,LK-S23,LK-P0057,16,17,l,SIMULATED Odoo
2026-07-31T19:30:00Z,LK-S23,LK-P0058,1,0,each,SIMULATED Odoo
2026-07-31T19:30:00Z,LK-S23,LK-P0059,36,32,g,SIMULATED Odoo
2026-07-31T19:30:00Z,LK-S23,LK-P0060,11,11,each,SIMULATED Odoo
2026-07-31T19:30:00Z,LK-S23,LK-P0061,32,31,kg,SIMULATED Odoo
2026-07-31T19:30:00Z,LK-S23,LK-P0062,49,46,l,SIMULATED Odoo
2026-07-31T19:30:00Z,LK-S23,LK-P0063,1,1,each,SIMULATED Odoo
2026-07-31T19:30:00Z,LK-S23,LK-P0064,45,45,g,SIMULATED Odoo
2026-07-31T19:30:00Z,LK-S23,LK-P0065,38,38,each,SIMULATED Odoo
2026-07-31T19:30:00Z,LK-S23,LK-P0066,14,14,kg,SIMULATED Odoo
2026-07-31T19:30:00Z,LK-S23,LK-P0067,39,35,l,SIMULATED Odoo
2026-07-31T19:30:00Z,LK-S23,LK-P0068,86,82,each,SIMULATED Odoo
2026-07-31T19:30:00Z,LK-S23,LK-P0069,68,65,g,SIMULATED Odoo
2026-07-31T19:30:00Z,LK-S23,LK-P0070,14,13,each,SIMULATED Odoo
2026-07-31T19:30:00Z,LK-S23,LK-P0071,24,20,kg,SIMULATED Odoo
2026-07-31T19:30:00Z,LK-S23,LK-P0072,81,78,l,SIMULATED Odoo
2026-07-31T19:30:00Z,LK-S23,LK-P0073,60,60,each,SIMULATED Odoo
2026-07-31T19:30:00Z,LK-S23,LK-P0074,85,85,g,SIMULATED Odoo
2026-07-31T19:30:00Z,LK-S23,LK-P0075,86,86,each,SIMULATED Odoo
2026-07-31T19:30:00Z,LK-S23,LK-P0076,60,62,kg,SIMULATED Odoo
2026-07-31T19:30:00Z,LK-S23,LK-P0077,83,83,l,SIMULATED Odoo
2026-07-31T19:30:00Z,LK-S23,LK-P0078,10,10,each,SIMULATED Odoo
2026-07-31T19:30:00Z,LK-S23,LK-P0079,50,51,g,SIMULATED Odoo
2026-07-31T19:30:00Z,LK-S23,LK-P0080,86,83,each,SIMULATED Odoo
2026-07-31T19:30:00Z,LK-S23,LK-P0081,16,12,kg,SIMULATED Odoo
2026-07-31T19:30:00Z,LK-S23,LK-P0082,49,51,l,SIMULATED Odoo
2026-07-31T19:30:00Z,LK-S23,LK-P0083,25,21,each,SIMULATED Odoo
2026-07-31T19:30:00Z,LK-S23,LK-P0084,49,50,g,SIMULATED Odoo
2026-07-31T19:30:00Z,LK-S23,LK-P0085,6,7,each,SIMULATED Odoo
2026-07-31T19:30:00Z,LK-S23,LK-P0086,2,2,kg,SIMULATED Odoo
2026-07-31T19:30:00Z,LK-S23,LK-P0087,57,54,l,SIMULATED Odoo
2026-07-31T19:30:00Z,LK-S23,LK-P0088,6,6,each,SIMULATED Odoo
2026-07-31T19:30:00Z,LK-S23,LK-P0089,64,64,g,SIMULATED Odoo
2026-07-31T19:30:00Z,LK-S23,LK-P0090,0,0,each,SIMULATED Odoo
2026-07-31T19:30:00Z,LK-S23,LK-P0091,54,55,kg,SIMULATED Odoo
2026-07-31T19:30:00Z,LK-S23,LK-P0092,57,57,l,SIMULATED Odoo
2026-07-31T19:30:00Z,LK-S23,LK-P0093,30,29,each,SIMULATED Odoo
2026-07-31T19:30:00Z,LK-S23,LK-P0094,27,27,g,SIMULATED Odoo
2026-07-31T19:30:00Z,LK-S23,LK-P0095,32,33,each,SIMULATED Odoo
2026-07-31T19:30:00Z,LK-S23,LK-P0096,9,5,kg,SIMULATED Odoo
2026-07-31T19:30:00Z,LK-S23,LK-P0097,34,31,l,SIMULATED Odoo
2026-07-31T19:30:00Z,LK-S23,LK-P0098,14,10,each,SIMULATED Odoo
2026-07-31T19:30:00Z,LK-S23,LK-P0099,63,63,g,SIMULATED Odoo
2026-07-31T19:30:00Z,LK-S23,LK-P0100,69,65,each,SIMULATED Odoo
2026-07-31T19:30:00Z,LK-S23,LK-P0101,6,6,kg,SIMULATED Odoo
2026-07-31T19:30:00Z,LK-S23,LK-P0102,19,20,l,SIMULATED Odoo
2026-07-31T19:30:00Z,LK-S23,LK-P0103,82,84,each,SIMULATED Odoo
2026-07-31T19:30:00Z,LK-S23,LK-P0104,36,35,g,SIMULATED Odoo
2026-07-31T19:30:00Z,LK-S23,LK-P0105,75,75,each,SIMULATED Odoo
2026-07-31T19:30:00Z,LK-S23,LK-P0106,14,13,kg,SIMULATED Odoo
2026-07-31T19:30:00Z,LK-S23,LK-P0107,18,14,l,SIMULATED Odoo
2026-07-31T19:30:00Z,LK-S23,LK-P0108,28,28,each,SIMULATED Odoo
2026-07-31T19:30:00Z,LK-S23,LK-P0109,58,54,g,SIMULATED Odoo
2026-07-31T19:30:00Z,LK-S23,LK-P0110,56,58,each,SIMULATED Odoo
2026-07-31T19:30:00Z,LK-S23,LK-P0111,58,54,kg,SIMULATED Odoo
2026-07-31T19:30:00Z,LK-S23,LK-P0112,28,29,l,SIMULATED Odoo
2026-07-31T19:30:00Z,LK-S23,LK-P0113,73,69,each,SIMULATED Odoo
2026-07-31T19:30:00Z,LK-S23,LK-P0114,62,64,g,SIMULATED Odoo
2026-07-31T19:30:00Z,LK-S23,LK-P0115,43,43,each,SIMULATED Odoo
2026-07-31T19:30:00Z,LK-S23,LK-P0116,27,27,kg,SIMULATED Odoo
2026-07-31T19:30:00Z,LK-S23,LK-P0117,0,0,l,SIMULATED Odoo
2026-07-31T19:30:00Z,LK-S23,LK-P0118,42,44,each,SIMULATED Odoo
2026-07-31T19:30:00Z,LK-S23,LK-P0119,8,7,g,SIMULATED Odoo
2026-07-31T19:30:00Z,LK-S23,LK-P0120,29,29,each,SIMULATED Odoo
2026-07-31T19:30:00Z,LK-S23,LK-P0121,82,79,kg,SIMULATED Odoo
2026-07-31T19:30:00Z,LK-S23,LK-P0122,70,70,l,SIMULATED Odoo
2026-07-31T19:30:00Z,LK-S23,LK-P0123,64,63,each,SIMULATED Odoo
2026-07-31T19:30:00Z,LK-S23,LK-P0124,1,1,g,SIMULATED Odoo
2026-07-31T19:30:00Z,LK-S23,LK-P0125,39,39,each,SIMULATED Odoo
2026-07-31T19:30:00Z,LK-S23,LK-P0126,53,55,kg,SIMULATED Odoo
2026-07-31T19:30:00Z,LK-S23,LK-P0127,75,74,l,SIMULATED Odoo
2026-07-31T19:30:00Z,LK-S23,LK-P0128,11,11,each,SIMULATED Odoo
2026-07-31T19:30:00Z,LK-S23,LK-P0129,49,50,g,SIMULATED Odoo
2026-07-31T19:30:00Z,LK-S23,LK-P0130,19,15,each,SIMULATED Odoo
2026-07-31T19:30:00Z,LK-S23,LK-P0131,13,13,kg,SIMULATED Odoo
2026-07-31T19:30:00Z,LK-S23,LK-P0132,30,30,l,SIMULATED Odoo
2026-07-31T19:30:00Z,LK-S23,LK-P0133,47,44,each,SIMULATED Odoo
2026-07-31T19:30:00Z,LK-S23,LK-P0134,77,77,g,SIMULATED Odoo
2026-07-31T19:30:00Z,LK-S23,LK-P0135,74,74,each,SIMULATED Odoo
2026-07-31T19:30:00Z,LK-S23,LK-P0136,67,67,kg,SIMULATED Odoo
2026-07-31T19:30:00Z,LK-S23,LK-P0137,12,13,l,SIMULATED Odoo
2026-07-31T19:30:00Z,LK-S23,LK-P0138,38,37,each,SIMULATED Odoo
2026-07-31T19:30:00Z,LK-S23,LK-P0139,66,63,g,SIMULATED Odoo
2026-07-31T19:30:00Z,LK-S23,LK-P0140,24,24,each,SIMULATED Odoo
2026-07-31T19:30:00Z,LK-S23,LK-P0141,10,12,kg,SIMULATED Odoo
2026-07-31T19:30:00Z,LK-S23,LK-P0142,70,67,l,SIMULATED Odoo
2026-07-31T19:30:00Z,LK-S23,LK-P0143,78,78,each,SIMULATED Odoo
2026-07-31T19:30:00Z,LK-S23,LK-P0144,56,58,g,SIMULATED Odoo
2026-07-31T19:30:00Z,LK-S23,LK-P0145,37,36,each,SIMULATED Odoo
2026-07-31T19:30:00Z,LK-S23,LK-P0146,41,42,kg,SIMULATED Odoo
2026-07-31T19:30:00Z,LK-S23,LK-P0147,9,9,l,SIMULATED Odoo
2026-07-31T19:30:00Z,LK-S23,LK-P0148,89,88,each,SIMULATED Odoo
2026-07-31T19:30:00Z,LK-S23,LK-P0149,66,62,g,SIMULATED Odoo
2026-07-31T19:30:00Z,LK-S23,LK-P0150,39,35,each,SIMULATED Odoo
