customer_id,segment,marketing_consent,preference_updated_at
LK-C00001,Budget,False,2026-07-15
LK-C00002,Loyal Plus,True,2026-07-15
LK-C00003,Convenience,True,2026-07-15
LK-C00004,Family,True,2026-07-15
LK-C00005,Budget,True,2026-07-15
LK-C00006,Loyal Plus,False,2026-07-15
LK-C00007,Convenience,True,2026-07-15
LK-C00008,Family,True,2026-07-15
LK-C00009,Budget,True,2026-07-15
LK-C00010,Loyal Plus,True,2026-07-15
LK-C00011,Convenience,False,2026-07-15
LK-C00012,Family,True,2026-07-15
LK-C00013,Budget,True,2026-07-15
LK-C00014,Loyal Plus,True,2026-07-15
LK-C00015,Convenience,True,2026-07-15
LK-C00016,Family,False,2026-07-15
LK-C00017,Budget,True,2026-07-15
LK-C00018,Loyal Plus,True,2026-07-15
LK-C00019,Convenience,True,2026-07-15
LK-C00020,Family,True,2026-07-15
LK-C00021,Budget,False,2026-07-15
LK-C00022,Loyal Plus,True,2026-07-15
LK-C00023,Convenience,True,2026-07-15
LK-C00024,Family,True,2026-07-15
LK-C00025,Budget,True,2026-07-15
LK-C00026,Loyal Plus,False,2026-07-15
LK-C00027,Convenience,True,2026-07-15
LK-C00028,Family,True,2026-07-15
LK-C00029,Budget,True,2026-07-15
LK-C00030,Loyal Plus,True,2026-07-15
LK-C00031,Convenience,False,2026-07-15
LK-C00032,Family,True,2026-07-15
LK-C00033,Budget,True,2026-07-15
LK-C00034,Loyal Plus,True,2026-07-15
LK-C00035,Convenience,True,2026-07-15
LK-C00036,Family,False,2026-07-15
LK-C00037,Budget,True,2026-07-15
LK-C00038,Loyal Plus,True,2026-07-15
LK-C00039,Convenience,True,2026-07-15
LK-C00040,Family,True,2026-07-15
LK-C00041,Budget,False,2026-07-15
LK-C00042,Loyal Plus,True,2026-07-15
LK-C00043,Convenience,True,2026-07-15
LK-C00044,Family,True,2026-07-15
LK-C00045,Budget,True,2026-07-15
LK-C00046,Loyal Plus,False,2026-07-15
LK-C00047,Convenience,True,2026-07-15
LK-C00048,Family,True,2026-07-15
LK-C00049,Budget,True,2026-07-15
LK-C00050,Loyal Plus,True,2026-07-15
LK-C00051,Convenience,False,2026-07-15
LK-C00052,Family,True,2026-07-15
LK-C00053,Budget,True,2026-07-15
LK-C00054,Loyal Plus,True,2026-07-15
LK-C00055,Convenience,True,2026-07-15
LK-C00056,Family,False,2026-07-15
LK-C00057,Budget,True,2026-07-15
LK-C00058,Loyal Plus,True,2026-07-15
LK-C00059,Convenience,True,2026-07-15
LK-C00060,Family,True,2026-07-15
LK-C00061,Budget,False,2026-07-15
LK-C00062,Loyal Plus,True,2026-07-15
LK-C00063,Convenience,True,2026-07-15
LK-C00064,Family,True,2026-07-15
LK-C00065,Budget,True,2026-07-15
LK-C00066,Loyal Plus,False,2026-07-15
LK-C00067,Convenience,True,2026-07-15
LK-C00068,Family,True,2026-07-15
LK-C00069,Budget,True,2026-07-15
LK-C00070,Loyal Plus,True,2026-07-15
LK-C00071,Convenience,False,2026-07-15
LK-C00072,Family,True,2026-07-15
LK-C00073,Budget,True,2026-07-15
LK-C00074,Loyal Plus,True,2026-07-15
LK-C00075,Convenience,True,2026-07-15
LK-C00076,Family,False,2026-07-15
LK-C00077,Budget,True,2026-07-15
LK-C00078,Loyal Plus,True,2026-07-15
LK-C00079,Convenience,True,2026-07-15
LK-C00080,Family,True,2026-07-15
LK-C00081,Budget,False,2026-07-15
LK-C00082,Loyal Plus,True,2026-07-15
LK-C00083,Convenience,True,2026-07-15
LK-C00084,Family,True,2026-07-15
LK-C00085,Budget,True,2026-07-15
LK-C00086,Loyal Plus,False,2026-07-15
LK-C00087,Convenience,True,2026-07-15
LK-C00088,Family,True,2026-07-15
LK-C00089,Budget,True,2026-07-15
LK-C00090,Loyal Plus,True,2026-07-15
LK-C00091,Convenience,False,2026-07-15
LK-C00092,Family,True,2026-07-15
LK-C00093,Budget,True,2026-07-15
LK-C00094,Loyal Plus,True,2026-07-15
LK-C00095,Convenience,True,2026-07-15
LK-C00096,Family,False,2026-07-15
LK-C00097,Budget,True,2026-07-15
LK-C00098,Loyal Plus,True,2026-07-15
LK-C00099,Convenience,True,2026-07-15
LK-C00100,Family,True,2026-07-15
LK-C00101,Budget,False,2026-07-15
LK-C00102,Loyal Plus,True,2026-07-15
LK-C00103,Convenience,True,2026-07-15
LK-C00104,Family,True,2026-07-15
LK-C00105,Budget,True,2026-07-15
LK-C00106,Loyal Plus,False,2026-07-15
LK-C00107,Convenience,True,2026-07-15
LK-C00108,Family,True,2026-07-15
LK-C00109,Budget,True,2026-07-15
LK-C00110,Loyal Plus,True,2026-07-15
LK-C00111,Convenience,False,2026-07-15
LK-C00112,Family,True,2026-07-15
LK-C00113,Budget,True,2026-07-15
LK-C00114,Loyal Plus,True,2026-07-15
LK-C00115,Convenience,True,2026-07-15
LK-C00116,Family,False,2026-07-15
LK-C00117,Budget,True,2026-07-15
LK-C00118,Loyal Plus,True,2026-07-15
LK-C00119,Convenience,True,2026-07-15
LK-C00120,Family,True,2026-07-15
LK-C00121,Budget,False,2026-07-15
LK-C00122,Loyal Plus,True,2026-07-15
LK-C00123,Convenience,True,2026-07-15
LK-C00124,Family,True,2026-07-15
LK-C00125,Budget,True,2026-07-15
LK-C00126,Loyal Plus,False,2026-07-15
LK-C00127,Convenience,True,2026-07-15
LK-C00128,Family,True,2026-07-15
LK-C00129,Budget,True,2026-07-15
LK-C00130,Loyal Plus,True,2026-07-15
LK-C00131,Convenience,False,2026-07-15
LK-C00132,Family,True,2026-07-15
LK-C00133,Budget,True,2026-07-15
LK-C00134,Loyal Plus,True,2026-07-15
LK-C00135,Convenience,True,2026-07-15
LK-C00136,Family,False,2026-07-15
LK-C00137,Budget,True,2026-07-15
LK-C00138,Loyal Plus,True,2026-07-15
LK-C00139,Convenience,True,2026-07-15
LK-C00140,Family,True,2026-07-15
LK-C00141,Budget,False,2026-07-15
LK-C00142,Loyal Plus,True,2026-07-15
LK-C00143,Convenience,True,2026-07-15
LK-C00144,Family,True,2026-07-15
LK-C00145,Budget,True,2026-07-15
LK-C00146,Loyal Plus,False,2026-07-15
LK-C00147,Convenience,True,2026-07-15
LK-C00148,Family,True,2026-07-15
LK-C00149,Budget,True,2026-07-15
LK-C00150,Loyal Plus,True,2026-07-15
LK-C00151,Convenience,False,2026-07-15
LK-C00152,Family,True,2026-07-15
LK-C00153,Budget,True,2026-07-15
LK-C00154,Loyal Plus,True,2026-07-15
LK-C00155,Convenience,True,2026-07-15
LK-C00156,Family,False,2026-07-15
LK-C00157,Budget,True,2026-07-15
LK-C00158,Loyal Plus,True,2026-07-15
LK-C00159,Convenience,True,2026-07-15
LK-C00160,Family,True,2026-07-15
LK-C00161,Budget,False,2026-07-15
LK-C00162,Loyal Plus,True,2026-07-15
LK-C00163,Convenience,True,2026-07-15
LK-C00164,Family,True,2026-07-15
LK-C00165,Budget,True,2026-07-15
LK-C00166,Loyal Plus,False,2026-07-15
LK-C00167,Convenience,True,2026-07-15
LK-C00168,Family,True,2026-07-15
LK-C00169,Budget,True,2026-07-15
LK-C00170,Loyal Plus,True,2026-07-15
LK-C00171,Convenience,False,2026-07-15
LK-C00172,Family,True,2026-07-15
LK-C00173,Budget,True,2026-07-15
LK-C00174,Loyal Plus,True,2026-07-15
LK-C00175,Convenience,True,2026-07-15
LK-C00176,Family,False,2026-07-15
LK-C00177,Budget,True,2026-07-15
LK-C00178,Loyal Plus,True,2026-07-15
LK-C00179,Convenience,True,2026-07-15
LK-C00180,Family,True,2026-07-15
LK-C00181,Budget,False,2026-07-15
LK-C00182,Loyal Plus,True,2026-07-15
LK-C00183,Convenience,True,2026-07-15
LK-C00184,Family,True,2026-07-15
LK-C00185,Budget,True,2026-07-15
LK-C00186,Loyal Plus,False,2026-07-15
LK-C00187,Convenience,True,2026-07-15
LK-C00188,Family,True,2026-07-15
LK-C00189,Budget,True,2026-07-15
LK-C00190,Loyal Plus,True,2026-07-15
LK-C00191,Convenience,False,2026-07-15
LK-C00192,Family,True,2026-07-15
LK-C00193,Budget,True,2026-07-15
LK-C00194,Loyal Plus,True,2026-07-15
LK-C00195,Convenience,True,2026-07-15
LK-C00196,Family,False,2026-07-15
LK-C00197,Budget,True,2026-07-15
LK-C00198,Loyal Plus,True,2026-07-15
LK-C00199,Convenience,True,2026-07-15
LK-C00200,Family,True,2026-07-15
LK-C00201,Budget,False,2026-07-15
LK-C00202,Loyal Plus,True,2026-07-15
LK-C00203,Convenience,True,2026-07-15
LK-C00204,Family,True,2026-07-15
LK-C00205,Budget,True,2026-07-15
LK-C00206,Loyal Plus,False,2026-07-15
LK-C00207,Convenience,True,2026-07-15
LK-C00208,Family,True,2026-07-15
LK-C00209,Budget,True,2026-07-15
LK-C00210,Loyal Plus,True,2026-07-15
LK-C00211,Convenience,False,2026-07-15
LK-C00212,Family,True,2026-07-15
LK-C00213,Budget,True,2026-07-15
LK-C00214,Loyal Plus,True,2026-07-15
LK-C00215,Convenience,True,2026-07-15
LK-C00216,Family,False,2026-07-15
LK-C00217,Budget,True,2026-07-15
LK-C00218,Loyal Plus,True,2026-07-15
LK-C00219,Convenience,True,2026-07-15
LK-C00220,Family,True,2026-07-15
LK-C00221,Budget,False,2026-07-15
LK-C00222,Loyal Plus,True,2026-07-15
LK-C00223,Convenience,True,2026-07-15
LK-C00224,Family,True,2026-07-15
LK-C00225,Budget,True,2026-07-15
LK-C00226,Loyal Plus,False,2026-07-15
LK-C00227,Convenience,True,2026-07-15
LK-C00228,Family,True,2026-07-15
LK-C00229,Budget,True,2026-07-15
LK-C00230,Loyal Plus,True,2026-07-15
LK-C00231,Convenience,False,2026-07-15
LK-C00232,Family,True,2026-07-15
LK-C00233,Budget,True,2026-07-15
LK-C00234,Loyal Plus,True,2026-07-15
LK-C00235,Convenience,True,2026-07-15
LK-C00236,Family,False,2026-07-15
LK-C00237,Budget,True,2026-07-15
LK-C00238,Loyal Plus,True,2026-07-15
LK-C00239,Convenience,True,2026-07-15
LK-C00240,Family,True,2026-07-15
LK-C00241,Budget,False,2026-07-15
LK-C00242,Loyal Plus,True,2026-07-15
LK-C00243,Convenience,True,2026-07-15
LK-C00244,Family,True,2026-07-15
LK-C00245,Budget,True,2026-07-15
LK-C00246,Loyal Plus,False,2026-07-15
LK-C00247,Convenience,True,2026-07-15
LK-C00248,Family,True,2026-07-15
LK-C00249,Budget,True,2026-07-15
LK-C00250,Loyal Plus,True,2026-07-15
LK-C00251,Convenience,False,2026-07-15
LK-C00252,Family,True,2026-07-15
LK-C00253,Budget,True,2026-07-15
LK-C00254,Loyal Plus,True,2026-07-15
LK-C00255,Convenience,True,2026-07-15
LK-C00256,Family,False,2026-07-15
LK-C00257,Budget,True,2026-07-15
LK-C00258,Loyal Plus,True,2026-07-15
LK-C00259,Convenience,True,2026-07-15
LK-C00260,Family,True,2026-07-15
LK-C00261,Budget,False,2026-07-15
LK-C00262,Loyal Plus,True,2026-07-15
LK-C00263,Convenience,True,2026-07-15
LK-C00264,Family,True,2026-07-15
LK-C00265,Budget,True,2026-07-15
LK-C00266,Loyal Plus,False,2026-07-15
LK-C00267,Convenience,True,2026-07-15
LK-C00268,Family,True,2026-07-15
LK-C00269,Budget,True,2026-07-15
LK-C00270,Loyal Plus,True,2026-07-15
LK-C00271,Convenience,False,2026-07-15
LK-C00272,Family,True,2026-07-15
LK-C00273,Budget,True,2026-07-15
LK-C00274,Loyal Plus,True,2026-07-15
LK-C00275,Convenience,True,2026-07-15
LK-C00276,Family,False,2026-07-15
LK-C00277,Budget,True,2026-07-15
LK-C00278,Loyal Plus,True,2026-07-15
LK-C00279,Convenience,True,2026-07-15
LK-C00280,Family,True,2026-07-15
LK-C00281,Budget,False,2026-07-15
LK-C00282,Loyal Plus,True,2026-07-15
LK-C00283,Convenience,True,2026-07-15
LK-C00284,Family,True,2026-07-15
LK-C00285,Budget,True,2026-07-15
LK-C00286,Loyal Plus,False,2026-07-15
LK-C00287,Convenience,True,2026-07-15
LK-C00288,Family,True,2026-07-15
LK-C00289,Budget,True,2026-07-15
LK-C00290,Loyal Plus,True,2026-07-15
LK-C00291,Convenience,False,2026-07-15
LK-C00292,Family,True,2026-07-15
LK-C00293,Budget,True,2026-07-15
LK-C00294,Loyal Plus,True,2026-07-15
LK-C00295,Convenience,True,2026-07-15
LK-C00296,Family,False,2026-07-15
LK-C00297,Budget,True,2026-07-15
LK-C00298,Loyal Plus,True,2026-07-15
LK-C00299,Convenience,True,2026-07-15
LK-C00300,Family,True,2026-07-15
LK-C00301,Budget,False,2026-07-15
LK-C00302,Loyal Plus,True,2026-07-15
LK-C00303,Convenience,True,2026-07-15
LK-C00304,Family,True,2026-07-15
LK-C00305,Budget,True,2026-07-15
LK-C00306,Loyal Plus,False,2026-07-15
LK-C00307,Convenience,True,2026-07-15
LK-C00308,Family,True,2026-07-15
LK-C00309,Budget,True,2026-07-15
LK-C00310,Loyal Plus,True,2026-07-15
LK-C00311,Convenience,False,2026-07-15
LK-C00312,Family,True,2026-07-15
LK-C00313,Budget,True,2026-07-15
LK-C00314,Loyal Plus,True,2026-07-15
LK-C00315,Convenience,True,2026-07-15
LK-C00316,Family,False,2026-07-15
LK-C00317,Budget,True,2026-07-15
LK-C00318,Loyal Plus,True,2026-07-15
LK-C00319,Convenience,True,2026-07-15
LK-C00320,Family,True,2026-07-15
LK-C00321,Budget,False,2026-07-15
LK-C00322,Loyal Plus,True,2026-07-15
LK-C00323,Convenience,True,2026-07-15
LK-C00324,Family,True,2026-07-15
LK-C00325,Budget,True,2026-07-15
LK-C00326,Loyal Plus,False,2026-07-15
LK-C00327,Convenience,True,2026-07-15
LK-C00328,Family,True,2026-07-15
LK-C00329,Budget,True,2026-07-15
LK-C00330,Loyal Plus,True,2026-07-15
LK-C00331,Convenience,False,2026-07-15
LK-C00332,Family,True,2026-07-15
LK-C00333,Budget,True,2026-07-15
LK-C00334,Loyal Plus,True,2026-07-15
LK-C00335,Convenience,True,2026-07-15
LK-C00336,Family,False,2026-07-15
LK-C00337,Budget,True,2026-07-15
LK-C00338,Loyal Plus,True,2026-07-15
LK-C00339,Convenience,True,2026-07-15
LK-C00340,Family,True,2026-07-15
LK-C00341,Budget,False,2026-07-15
LK-C00342,Loyal Plus,True,2026-07-15
LK-C00343,Convenience,True,2026-07-15
LK-C00344,Family,True,2026-07-15
LK-C00345,Budget,True,2026-07-15
LK-C00346,Loyal Plus,False,2026-07-15
LK-C00347,Convenience,True,2026-07-15
LK-C00348,Family,True,2026-07-15
LK-C00349,Budget,True,2026-07-15
LK-C00350,Loyal Plus,True,2026-07-15
LK-C00351,Convenience,False,2026-07-15
LK-C00352,Family,True,2026-07-15
LK-C00353,Budget,True,2026-07-15
LK-C00354,Loyal Plus,True,2026-07-15
LK-C00355,Convenience,True,2026-07-15
LK-C00356,Family,False,2026-07-15
LK-C00357,Budget,True,2026-07-15
LK-C00358,Loyal Plus,True,2026-07-15
LK-C00359,Convenience,True,2026-07-15
LK-C00360,Family,True,2026-07-15
LK-C00361,Budget,False,2026-07-15
LK-C00362,Loyal Plus,True,2026-07-15
LK-C00363,Convenience,True,2026-07-15
LK-C00364,Family,True,2026-07-15
LK-C00365,Budget,True,2026-07-15
LK-C00366,Loyal Plus,False,2026-07-15
LK-C00367,Convenience,True,2026-07-15
LK-C00368,Family,True,2026-07-15
LK-C00369,Budget,True,2026-07-15
LK-C00370,Loyal Plus,True,2026-07-15
LK-C00371,Convenience,False,2026-07-15
LK-C00372,Family,True,2026-07-15
LK-C00373,Budget,True,2026-07-15
LK-C00374,Loyal Plus,True,2026-07-15
LK-C00375,Convenience,True,2026-07-15
LK-C00376,Family,False,2026-07-15
LK-C00377,Budget,True,2026-07-15
LK-C00378,Loyal Plus,True,2026-07-15
LK-C00379,Convenience,True,2026-07-15
LK-C00380,Family,True,2026-07-15
LK-C00381,Budget,False,2026-07-15
LK-C00382,Loyal Plus,True,2026-07-15
LK-C00383,Convenience,True,2026-07-15
LK-C00384,Family,True,2026-07-15
LK-C00385,Budget,True,2026-07-15
LK-C00386,Loyal Plus,False,2026-07-15
LK-C00387,Convenience,True,2026-07-15
LK-C00388,Family,True,2026-07-15
LK-C00389,Budget,True,2026-07-15
LK-C00390,Loyal Plus,True,2026-07-15
LK-C00391,Convenience,False,2026-07-15
LK-C00392,Family,True,2026-07-15
LK-C00393,Budget,True,2026-07-15
LK-C00394,Loyal Plus,True,2026-07-15
LK-C00395,Convenience,True,2026-07-15
LK-C00396,Family,False,2026-07-15
LK-C00397,Budget,True,2026-07-15
LK-C00398,Loyal Plus,True,2026-07-15
LK-C00399,Convenience,True,2026-07-15
LK-C00400,Family,True,2026-07-15
LK-C00401,Budget,False,2026-07-15
LK-C00402,Loyal Plus,True,2026-07-15
LK-C00403,Convenience,True,2026-07-15
LK-C00404,Family,True,2026-07-15
LK-C00405,Budget,True,2026-07-15
LK-C00406,Loyal Plus,False,2026-07-15
LK-C00407,Convenience,True,2026-07-15
LK-C00408,Family,True,2026-07-15
LK-C00409,Budget,True,2026-07-15
LK-C00410,Loyal Plus,True,2026-07-15
LK-C00411,Convenience,False,2026-07-15
LK-C00412,Family,True,2026-07-15
LK-C00413,Budget,True,2026-07-15
LK-C00414,Loyal Plus,True,2026-07-15
LK-C00415,Convenience,True,2026-07-15
LK-C00416,Family,False,2026-07-15
LK-C00417,Budget,True,2026-07-15
LK-C00418,Loyal Plus,True,2026-07-15
LK-C00419,Convenience,True,2026-07-15
LK-C00420,Family,True,2026-07-15
LK-C00421,Budget,False,2026-07-15
LK-C00422,Loyal Plus,True,2026-07-15
LK-C00423,Convenience,True,2026-07-15
LK-C00424,Family,True,2026-07-15
LK-C00425,Budget,True,2026-07-15
LK-C00426,Loyal Plus,False,2026-07-15
LK-C00427,Convenience,True,2026-07-15
LK-C00428,Family,True,2026-07-15
LK-C00429,Budget,True,2026-07-15
LK-C00430,Loyal Plus,True,2026-07-15
LK-C00431,Convenience,False,2026-07-15
LK-C00432,Family,True,2026-07-15
LK-C00433,Budget,True,2026-07-15
LK-C00434,Loyal Plus,True,2026-07-15
LK-C00435,Convenience,True,2026-07-15
LK-C00436,Family,False,2026-07-15
LK-C00437,Budget,True,2026-07-15
LK-C00438,Loyal Plus,True,2026-07-15
LK-C00439,Convenience,True,2026-07-15
LK-C00440,Family,True,2026-07-15
LK-C00441,Budget,False,2026-07-15
LK-C00442,Loyal Plus,True,2026-07-15
LK-C00443,Convenience,True,2026-07-15
LK-C00444,Family,True,2026-07-15
LK-C00445,Budget,True,2026-07-15
LK-C00446,Loyal Plus,False,2026-07-15
LK-C00447,Convenience,True,2026-07-15
LK-C00448,Family,True,2026-07-15
LK-C00449,Budget,True,2026-07-15
LK-C00450,Loyal Plus,True,2026-07-15
LK-C00451,Convenience,False,2026-07-15
LK-C00452,Family,True,2026-07-15
LK-C00453,Budget,True,2026-07-15
LK-C00454,Loyal Plus,True,2026-07-15
LK-C00455,Convenience,True,2026-07-15
LK-C00456,Family,False,2026-07-15
LK-C00457,Budget,True,2026-07-15
LK-C00458,Loyal Plus,True,2026-07-15
LK-C00459,Convenience,True,2026-07-15
LK-C00460,Family,True,2026-07-15
LK-C00461,Budget,False,2026-07-15
LK-C00462,Loyal Plus,True,2026-07-15
LK-C00463,Convenience,True,2026-07-15
LK-C00464,Family,True,2026-07-15
LK-C00465,Budget,True,2026-07-15
LK-C00466,Loyal Plus,False,2026-07-15
LK-C00467,Convenience,True,2026-07-15
LK-C00468,Family,True,2026-07-15
LK-C00469,Budget,True,2026-07-15
LK-C00470,Loyal Plus,True,2026-07-15
LK-C00471,Convenience,False,2026-07-15
LK-C00472,Family,True,2026-07-15
LK-C00473,Budget,True,2026-07-15
LK-C00474,Loyal Plus,True,2026-07-15
LK-C00475,Convenience,True,2026-07-15
LK-C00476,Family,False,2026-07-15
LK-C00477,Budget,True,2026-07-15
LK-C00478,Loyal Plus,True,2026-07-15
LK-C00479,Convenience,True,2026-07-15
LK-C00480,Family,True,2026-07-15
LK-C00481,Budget,False,2026-07-15
LK-C00482,Loyal Plus,True,2026-07-15
LK-C00483,Convenience,True,2026-07-15
LK-C00484,Family,True,2026-07-15
LK-C00485,Budget,True,2026-07-15
LK-C00486,Loyal Plus,False,2026-07-15
LK-C00487,Convenience,True,2026-07-15
LK-C00488,Family,True,2026-07-15
LK-C00489,Budget,True,2026-07-15
LK-C00490,Loyal Plus,True,2026-07-15
LK-C00491,Convenience,False,2026-07-15
LK-C00492,Family,True,2026-07-15
LK-C00493,Budget,True,2026-07-15
LK-C00494,Loyal Plus,True,2026-07-15
LK-C00495,Convenience,True,2026-07-15
LK-C00496,Family,False,2026-07-15
LK-C00497,Budget,True,2026-07-15
LK-C00498,Loyal Plus,True,2026-07-15
LK-C00499,Convenience,True,2026-07-15
LK-C00500,Family,True,2026-07-15
LK-C00501,Budget,False,2026-07-15
LK-C00502,Loyal Plus,True,2026-07-15
LK-C00503,Convenience,True,2026-07-15
LK-C00504,Family,True,2026-07-15
LK-C00505,Budget,True,2026-07-15
LK-C00506,Loyal Plus,False,2026-07-15
LK-C00507,Convenience,True,2026-07-15
LK-C00508,Family,True,2026-07-15
LK-C00509,Budget,True,2026-07-15
LK-C00510,Loyal Plus,True,2026-07-15
LK-C00511,Convenience,False,2026-07-15
LK-C00512,Family,True,2026-07-15
LK-C00513,Budget,True,2026-07-15
LK-C00514,Loyal Plus,True,2026-07-15
LK-C00515,Convenience,True,2026-07-15
LK-C00516,Family,False,2026-07-15
LK-C00517,Budget,True,2026-07-15
LK-C00518,Loyal Plus,True,2026-07-15
LK-C00519,Convenience,True,2026-07-15
LK-C00520,Family,True,2026-07-15
LK-C00521,Budget,False,2026-07-15
LK-C00522,Loyal Plus,True,2026-07-15
LK-C00523,Convenience,True,2026-07-15
LK-C00524,Family,True,2026-07-15
LK-C00525,Budget,True,2026-07-15
LK-C00526,Loyal Plus,False,2026-07-15
LK-C00527,Convenience,True,2026-07-15
LK-C00528,Family,True,2026-07-15
LK-C00529,Budget,True,2026-07-15
LK-C00530,Loyal Plus,True,2026-07-15
LK-C00531,Convenience,False,2026-07-15
LK-C00532,Family,True,2026-07-15
LK-C00533,Budget,True,2026-07-15
LK-C00534,Loyal Plus,True,2026-07-15
LK-C00535,Convenience,True,2026-07-15
LK-C00536,Family,False,2026-07-15
LK-C00537,Budget,True,2026-07-15
LK-C00538,Loyal Plus,True,2026-07-15
LK-C00539,Convenience,True,2026-07-15
LK-C00540,Family,True,2026-07-15
LK-C00541,Budget,False,2026-07-15
LK-C00542,Loyal Plus,True,2026-07-15
LK-C00543,Convenience,True,2026-07-15
LK-C00544,Family,True,2026-07-15
LK-C00545,Budget,True,2026-07-15
LK-C00546,Loyal Plus,False,2026-07-15
LK-C00547,Convenience,True,2026-07-15
LK-C00548,Family,True,2026-07-15
LK-C00549,Budget,True,2026-07-15
LK-C00550,Loyal Plus,True,2026-07-15
LK-C00551,Convenience,False,2026-07-15
LK-C00552,Family,True,2026-07-15
LK-C00553,Budget,True,2026-07-15
LK-C00554,Loyal Plus,True,2026-07-15
LK-C00555,Convenience,True,2026-07-15
LK-C00556,Family,False,2026-07-15
LK-C00557,Budget,True,2026-07-15
LK-C00558,Loyal Plus,True,2026-07-15
LK-C00559,Convenience,True,2026-07-15
LK-C00560,Family,True,2026-07-15
LK-C00561,Budget,False,2026-07-15
LK-C00562,Loyal Plus,True,2026-07-15
LK-C00563,Convenience,True,2026-07-15
LK-C00564,Family,True,2026-07-15
LK-C00565,Budget,True,2026-07-15
LK-C00566,Loyal Plus,False,2026-07-15
LK-C00567,Convenience,True,2026-07-15
LK-C00568,Family,True,2026-07-15
LK-C00569,Budget,True,2026-07-15
LK-C00570,Loyal Plus,True,2026-07-15
LK-C00571,Convenience,False,2026-07-15
LK-C00572,Family,True,2026-07-15
LK-C00573,Budget,True,2026-07-15
LK-C00574,Loyal Plus,True,2026-07-15
LK-C00575,Convenience,True,2026-07-15
LK-C00576,Family,False,2026-07-15
LK-C00577,Budget,True,2026-07-15
LK-C00578,Loyal Plus,True,2026-07-15
LK-C00579,Convenience,True,2026-07-15
LK-C00580,Family,True,2026-07-15
LK-C00581,Budget,False,2026-07-15
LK-C00582,Loyal Plus,True,2026-07-15
LK-C00583,Convenience,True,2026-07-15
LK-C00584,Family,True,2026-07-15
LK-C00585,Budget,True,2026-07-15
LK-C00586,Loyal Plus,False,2026-07-15
LK-C00587,Convenience,True,2026-07-15
LK-C00588,Family,True,2026-07-15
LK-C00589,Budget,True,2026-07-15
LK-C00590,Loyal Plus,True,2026-07-15
LK-C00591,Convenience,False,2026-07-15
LK-C00592,Family,True,2026-07-15
LK-C00593,Budget,True,2026-07-15
LK-C00594,Loyal Plus,True,2026-07-15
LK-C00595,Convenience,True,2026-07-15
LK-C00596,Family,False,2026-07-15
LK-C00597,Budget,True,2026-07-15
LK-C00598,Loyal Plus,True,2026-07-15
LK-C00599,Convenience,True,2026-07-15
LK-C00600,Family,True,2026-07-15
LK-C00601,Budget,False,2026-07-15
LK-C00602,Loyal Plus,True,2026-07-15
LK-C00603,Convenience,True,2026-07-15
LK-C00604,Family,True,2026-07-15
LK-C00605,Budget,True,2026-07-15
LK-C00606,Loyal Plus,False,2026-07-15
LK-C00607,Convenience,True,2026-07-15
LK-C00608,Family,True,2026-07-15
LK-C00609,Budget,True,2026-07-15
LK-C00610,Loyal Plus,True,2026-07-15
LK-C00611,Convenience,False,2026-07-15
LK-C00612,Family,True,2026-07-15
LK-C00613,Budget,True,2026-07-15
LK-C00614,Loyal Plus,True,2026-07-15
LK-C00615,Convenience,True,2026-07-15
LK-C00616,Family,False,2026-07-15
LK-C00617,Budget,True,2026-07-15
LK-C00618,Loyal Plus,True,2026-07-15
LK-C00619,Convenience,True,2026-07-15
LK-C00620,Family,True,2026-07-15
LK-C00621,Budget,False,2026-07-15
LK-C00622,Loyal Plus,True,2026-07-15
LK-C00623,Convenience,True,2026-07-15
LK-C00624,Family,True,2026-07-15
LK-C00625,Budget,True,2026-07-15
LK-C00626,Loyal Plus,False,2026-07-15
LK-C00627,Convenience,True,2026-07-15
LK-C00628,Family,True,2026-07-15
LK-C00629,Budget,True,2026-07-15
LK-C00630,Loyal Plus,True,2026-07-15
LK-C00631,Convenience,False,2026-07-15
LK-C00632,Family,True,2026-07-15
LK-C00633,Budget,True,2026-07-15
LK-C00634,Loyal Plus,True,2026-07-15
LK-C00635,Convenience,True,2026-07-15
LK-C00636,Family,False,2026-07-15
LK-C00637,Budget,True,2026-07-15
LK-C00638,Loyal Plus,True,2026-07-15
LK-C00639,Convenience,True,2026-07-15
LK-C00640,Family,True,2026-07-15
LK-C00641,Budget,False,2026-07-15
LK-C00642,Loyal Plus,True,2026-07-15
LK-C00643,Convenience,True,2026-07-15
LK-C00644,Family,True,2026-07-15
LK-C00645,Budget,True,2026-07-15
LK-C00646,Loyal Plus,False,2026-07-15
LK-C00647,Convenience,True,2026-07-15
LK-C00648,Family,True,2026-07-15
LK-C00649,Budget,True,2026-07-15
LK-C00650,Loyal Plus,True,2026-07-15
LK-C00651,Convenience,False,2026-07-15
LK-C00652,Family,True,2026-07-15
LK-C00653,Budget,True,2026-07-15
LK-C00654,Loyal Plus,True,2026-07-15
LK-C00655,Convenience,True,2026-07-15
LK-C00656,Family,False,2026-07-15
LK-C00657,Budget,True,2026-07-15
LK-C00658,Loyal Plus,True,2026-07-15
LK-C00659,Convenience,True,2026-07-15
LK-C00660,Family,True,2026-07-15
LK-C00661,Budget,False,2026-07-15
LK-C00662,Loyal Plus,True,2026-07-15
LK-C00663,Convenience,True,2026-07-15
LK-C00664,Family,True,2026-07-15
LK-C00665,Budget,True,2026-07-15
LK-C00666,Loyal Plus,False,2026-07-15
LK-C00667,Convenience,True,2026-07-15
LK-C00668,Family,True,2026-07-15
LK-C00669,Budget,True,2026-07-15
LK-C00670,Loyal Plus,True,2026-07-15
LK-C00671,Convenience,False,2026-07-15
LK-C00672,Family,True,2026-07-15
LK-C00673,Budget,True,2026-07-15
LK-C00674,Loyal Plus,True,2026-07-15
LK-C00675,Convenience,True,2026-07-15
LK-C00676,Family,False,2026-07-15
LK-C00677,Budget,True,2026-07-15
LK-C00678,Loyal Plus,True,2026-07-15
LK-C00679,Convenience,True,2026-07-15
LK-C00680,Family,True,2026-07-15
LK-C00681,Budget,False,2026-07-15
LK-C00682,Loyal Plus,True,2026-07-15
LK-C00683,Convenience,True,2026-07-15
LK-C00684,Family,True,2026-07-15
LK-C00685,Budget,True,2026-07-15
LK-C00686,Loyal Plus,False,2026-07-15
LK-C00687,Convenience,True,2026-07-15
LK-C00688,Family,True,2026-07-15
LK-C00689,Budget,True,2026-07-15
LK-C00690,Loyal Plus,True,2026-07-15
LK-C00691,Convenience,False,2026-07-15
LK-C00692,Family,True,2026-07-15
LK-C00693,Budget,True,2026-07-15
LK-C00694,Loyal Plus,True,2026-07-15
LK-C00695,Convenience,True,2026-07-15
LK-C00696,Family,False,2026-07-15
LK-C00697,Budget,True,2026-07-15
LK-C00698,Loyal Plus,True,2026-07-15
LK-C00699,Convenience,True,2026-07-15
LK-C00700,Family,True,2026-07-15
LK-C00701,Budget,False,2026-07-15
LK-C00702,Loyal Plus,True,2026-07-15
LK-C00703,Convenience,True,2026-07-15
LK-C00704,Family,True,2026-07-15
LK-C00705,Budget,True,2026-07-15
LK-C00706,Loyal Plus,False,2026-07-15
LK-C00707,Convenience,True,2026-07-15
LK-C00708,Family,True,2026-07-15
LK-C00709,Budget,True,2026-07-15
LK-C00710,Loyal Plus,True,2026-07-15
LK-C00711,Convenience,False,2026-07-15
LK-C00712,Family,True,2026-07-15
LK-C00713,Budget,True,2026-07-15
LK-C00714,Loyal Plus,True,2026-07-15
LK-C00715,Convenience,True,2026-07-15
LK-C00716,Family,False,2026-07-15
LK-C00717,Budget,True,2026-07-15
LK-C00718,Loyal Plus,True,2026-07-15
LK-C00719,Convenience,True,2026-07-15
LK-C00720,Family,True,2026-07-15
LK-C00721,Budget,False,2026-07-15
LK-C00722,Loyal Plus,True,2026-07-15
LK-C00723,Convenience,True,2026-07-15
LK-C00724,Family,True,2026-07-15
LK-C00725,Budget,True,2026-07-15
LK-C00726,Loyal Plus,False,2026-07-15
LK-C00727,Convenience,True,2026-07-15
LK-C00728,Family,True,2026-07-15
LK-C00729,Budget,True,2026-07-15
LK-C00730,Loyal Plus,True,2026-07-15
LK-C00731,Convenience,False,2026-07-15
LK-C00732,Family,True,2026-07-15
LK-C00733,Budget,True,2026-07-15
LK-C00734,Loyal Plus,True,2026-07-15
LK-C00735,Convenience,True,2026-07-15
LK-C00736,Family,False,2026-07-15
LK-C00737,Budget,True,2026-07-15
LK-C00738,Loyal Plus,True,2026-07-15
LK-C00739,Convenience,True,2026-07-15
LK-C00740,Family,True,2026-07-15
LK-C00741,Budget,False,2026-07-15
LK-C00742,Loyal Plus,True,2026-07-15
LK-C00743,Convenience,True,2026-07-15
LK-C00744,Family,True,2026-07-15
LK-C00745,Budget,True,2026-07-15
LK-C00746,Loyal Plus,False,2026-07-15
LK-C00747,Convenience,True,2026-07-15
LK-C00748,Family,True,2026-07-15
LK-C00749,Budget,True,2026-07-15
LK-C00750,Loyal Plus,True,2026-07-15
LK-C00751,Convenience,False,2026-07-15
LK-C00752,Family,True,2026-07-15
LK-C00753,Budget,True,2026-07-15
LK-C00754,Loyal Plus,True,2026-07-15
LK-C00755,Convenience,True,2026-07-15
LK-C00756,Family,False,2026-07-15
LK-C00757,Budget,True,2026-07-15
LK-C00758,Loyal Plus,True,2026-07-15
LK-C00759,Convenience,True,2026-07-15
LK-C00760,Family,True,2026-07-15
LK-C00761,Budget,False,2026-07-15
LK-C00762,Loyal Plus,True,2026-07-15
LK-C00763,Convenience,True,2026-07-15
LK-C00764,Family,True,2026-07-15
LK-C00765,Budget,True,2026-07-15
LK-C00766,Loyal Plus,False,2026-07-15
LK-C00767,Convenience,True,2026-07-15
LK-C00768,Family,True,2026-07-15
LK-C00769,Budget,True,2026-07-15
LK-C00770,Loyal Plus,True,2026-07-15
LK-C00771,Convenience,False,2026-07-15
LK-C00772,Family,True,2026-07-15
LK-C00773,Budget,True,2026-07-15
LK-C00774,Loyal Plus,True,2026-07-15
LK-C00775,Convenience,True,2026-07-15
LK-C00776,Family,False,2026-07-15
LK-C00777,Budget,True,2026-07-15
LK-C00778,Loyal Plus,True,2026-07-15
LK-C00779,Convenience,True,2026-07-15
LK-C00780,Family,True,2026-07-15
LK-C00781,Budget,False,2026-07-15
LK-C00782,Loyal Plus,True,2026-07-15
LK-C00783,Convenience,True,2026-07-15
LK-C00784,Family,True,2026-07-15
LK-C00785,Budget,True,2026-07-15
LK-C00786,Loyal Plus,False,2026-07-15
LK-C00787,Convenience,True,2026-07-15
LK-C00788,Family,True,2026-07-15
LK-C00789,Budget,True,2026-07-15
LK-C00790,Loyal Plus,True,2026-07-15
LK-C00791,Convenience,False,2026-07-15
LK-C00792,Family,True,2026-07-15
LK-C00793,Budget,True,2026-07-15
LK-C00794,Loyal Plus,True,2026-07-15
LK-C00795,Convenience,True,2026-07-15
LK-C00796,Family,False,2026-07-15
LK-C00797,Budget,True,2026-07-15
LK-C00798,Loyal Plus,True,2026-07-15
LK-C00799,Convenience,True,2026-07-15
LK-C00800,Family,True,2026-07-15
LK-C00801,Budget,False,2026-07-15
LK-C00802,Loyal Plus,True,2026-07-15
LK-C00803,Convenience,True,2026-07-15
LK-C00804,Family,True,2026-07-15
LK-C00805,Budget,True,2026-07-15
LK-C00806,Loyal Plus,False,2026-07-15
LK-C00807,Convenience,True,2026-07-15
LK-C00808,Family,True,2026-07-15
LK-C00809,Budget,True,2026-07-15
LK-C00810,Loyal Plus,True,2026-07-15
LK-C00811,Convenience,False,2026-07-15
LK-C00812,Family,True,2026-07-15
LK-C00813,Budget,True,2026-07-15
LK-C00814,Loyal Plus,True,2026-07-15
LK-C00815,Convenience,True,2026-07-15
LK-C00816,Family,False,2026-07-15
LK-C00817,Budget,True,2026-07-15
LK-C00818,Loyal Plus,True,2026-07-15
LK-C00819,Convenience,True,2026-07-15
LK-C00820,Family,True,2026-07-15
LK-C00821,Budget,False,2026-07-15
LK-C00822,Loyal Plus,True,2026-07-15
LK-C00823,Convenience,True,2026-07-15
LK-C00824,Family,True,2026-07-15
LK-C00825,Budget,True,2026-07-15
LK-C00826,Loyal Plus,False,2026-07-15
LK-C00827,Convenience,True,2026-07-15
LK-C00828,Family,True,2026-07-15
LK-C00829,Budget,True,2026-07-15
LK-C00830,Loyal Plus,True,2026-07-15
LK-C00831,Convenience,False,2026-07-15
LK-C00832,Family,True,2026-07-15
LK-C00833,Budget,True,2026-07-15
LK-C00834,Loyal Plus,True,2026-07-15
LK-C00835,Convenience,True,2026-07-15
LK-C00836,Family,False,2026-07-15
LK-C00837,Budget,True,2026-07-15
LK-C00838,Loyal Plus,True,2026-07-15
LK-C00839,Convenience,True,2026-07-15
LK-C00840,Family,True,2026-07-15
LK-C00841,Budget,False,2026-07-15
LK-C00842,Loyal Plus,True,2026-07-15
LK-C00843,Convenience,True,2026-07-15
LK-C00844,Family,True,2026-07-15
LK-C00845,Budget,True,2026-07-15
LK-C00846,Loyal Plus,False,2026-07-15
LK-C00847,Convenience,True,2026-07-15
LK-C00848,Family,True,2026-07-15
LK-C00849,Budget,True,2026-07-15
LK-C00850,Loyal Plus,True,2026-07-15
LK-C00851,Convenience,False,2026-07-15
LK-C00852,Family,True,2026-07-15
LK-C00853,Budget,True,2026-07-15
LK-C00854,Loyal Plus,True,2026-07-15
LK-C00855,Convenience,True,2026-07-15
LK-C00856,Family,False,2026-07-15
LK-C00857,Budget,True,2026-07-15
LK-C00858,Loyal Plus,True,2026-07-15
LK-C00859,Convenience,True,2026-07-15
LK-C00860,Family,True,2026-07-15
LK-C00861,Budget,False,2026-07-15
LK-C00862,Loyal Plus,True,2026-07-15
LK-C00863,Convenience,True,2026-07-15
LK-C00864,Family,True,2026-07-15
LK-C00865,Budget,True,2026-07-15
LK-C00866,Loyal Plus,False,2026-07-15
LK-C00867,Convenience,True,2026-07-15
LK-C00868,Family,True,2026-07-15
LK-C00869,Budget,True,2026-07-15
LK-C00870,Loyal Plus,True,2026-07-15
LK-C00871,Convenience,False,2026-07-15
LK-C00872,Family,True,2026-07-15
LK-C00873,Budget,True,2026-07-15
LK-C00874,Loyal Plus,True,2026-07-15
LK-C00875,Convenience,True,2026-07-15
LK-C00876,Family,False,2026-07-15
LK-C00877,Budget,True,2026-07-15
LK-C00878,Loyal Plus,True,2026-07-15
LK-C00879,Convenience,True,2026-07-15
LK-C00880,Family,True,2026-07-15
LK-C00881,Budget,False,2026-07-15
LK-C00882,Loyal Plus,True,2026-07-15
LK-C00883,Convenience,True,2026-07-15
LK-C00884,Family,True,2026-07-15
LK-C00885,Budget,True,2026-07-15
LK-C00886,Loyal Plus,False,2026-07-15
LK-C00887,Convenience,True,2026-07-15
LK-C00888,Family,True,2026-07-15
LK-C00889,Budget,True,2026-07-15
LK-C00890,Loyal Plus,True,2026-07-15
LK-C00891,Convenience,False,2026-07-15
LK-C00892,Family,True,2026-07-15
LK-C00893,Budget,True,2026-07-15
LK-C00894,Loyal Plus,True,2026-07-15
LK-C00895,Convenience,True,2026-07-15
LK-C00896,Family,False,2026-07-15
LK-C00897,Budget,True,2026-07-15
LK-C00898,Loyal Plus,True,2026-07-15
LK-C00899,Convenience,True,2026-07-15
LK-C00900,Family,True,2026-07-15
LK-C00901,Budget,False,2026-07-15
LK-C00902,Loyal Plus,True,2026-07-15
LK-C00903,Convenience,True,2026-07-15
LK-C00904,Family,True,2026-07-15
LK-C00905,Budget,True,2026-07-15
LK-C00906,Loyal Plus,False,2026-07-15
LK-C00907,Convenience,True,2026-07-15
LK-C00908,Family,True,2026-07-15
LK-C00909,Budget,True,2026-07-15
LK-C00910,Loyal Plus,True,2026-07-15
LK-C00911,Convenience,False,2026-07-15
LK-C00912,Family,True,2026-07-15
LK-C00913,Budget,True,2026-07-15
LK-C00914,Loyal Plus,True,2026-07-15
LK-C00915,Convenience,True,2026-07-15
LK-C00916,Family,False,2026-07-15
LK-C00917,Budget,True,2026-07-15
LK-C00918,Loyal Plus,True,2026-07-15
LK-C00919,Convenience,True,2026-07-15
LK-C00920,Family,True,2026-07-15
LK-C00921,Budget,False,2026-07-15
LK-C00922,Loyal Plus,True,2026-07-15
LK-C00923,Convenience,True,2026-07-15
LK-C00924,Family,True,2026-07-15
LK-C00925,Budget,True,2026-07-15
LK-C00926,Loyal Plus,False,2026-07-15
LK-C00927,Convenience,True,2026-07-15
LK-C00928,Family,True,2026-07-15
LK-C00929,Budget,True,2026-07-15
LK-C00930,Loyal Plus,True,2026-07-15
LK-C00931,Convenience,False,2026-07-15
LK-C00932,Family,True,2026-07-15
LK-C00933,Budget,True,2026-07-15
LK-C00934,Loyal Plus,True,2026-07-15
LK-C00935,Convenience,True,2026-07-15
LK-C00936,Family,False,2026-07-15
LK-C00937,Budget,True,2026-07-15
LK-C00938,Loyal Plus,True,2026-07-15
LK-C00939,Convenience,True,2026-07-15
LK-C00940,Family,True,2026-07-15
LK-C00941,Budget,False,2026-07-15
LK-C00942,Loyal Plus,True,2026-07-15
LK-C00943,Convenience,True,2026-07-15
LK-C00944,Family,True,2026-07-15
LK-C00945,Budget,True,2026-07-15
LK-C00946,Loyal Plus,False,2026-07-15
LK-C00947,Convenience,True,2026-07-15
LK-C00948,Family,True,2026-07-15
LK-C00949,Budget,True,2026-07-15
LK-C00950,Loyal Plus,True,2026-07-15
LK-C00951,Convenience,False,2026-07-15
LK-C00952,Family,True,2026-07-15
LK-C00953,Budget,True,2026-07-15
LK-C00954,Loyal Plus,True,2026-07-15
LK-C00955,Convenience,True,2026-07-15
LK-C00956,Family,False,2026-07-15
LK-C00957,Budget,True,2026-07-15
LK-C00958,Loyal Plus,True,2026-07-15
LK-C00959,Convenience,True,2026-07-15
LK-C00960,Family,True,2026-07-15
LK-C00961,Budget,False,2026-07-15
LK-C00962,Loyal Plus,True,2026-07-15
LK-C00963,Convenience,True,2026-07-15
LK-C00964,Family,True,2026-07-15
LK-C00965,Budget,True,2026-07-15
LK-C00966,Loyal Plus,False,2026-07-15
LK-C00967,Convenience,True,2026-07-15
LK-C00968,Family,True,2026-07-15
LK-C00969,Budget,True,2026-07-15
LK-C00970,Loyal Plus,True,2026-07-15
LK-C00971,Convenience,False,2026-07-15
LK-C00972,Family,True,2026-07-15
LK-C00973,Budget,True,2026-07-15
LK-C00974,Loyal Plus,True,2026-07-15
LK-C00975,Convenience,True,2026-07-15
LK-C00976,Family,False,2026-07-15
LK-C00977,Budget,True,2026-07-15
LK-C00978,Loyal Plus,True,2026-07-15
LK-C00979,Convenience,True,2026-07-15
LK-C00980,Family,True,2026-07-15
LK-C00981,Budget,False,2026-07-15
LK-C00982,Loyal Plus,True,2026-07-15
LK-C00983,Convenience,True,2026-07-15
LK-C00984,Family,True,2026-07-15
LK-C00985,Budget,True,2026-07-15
LK-C00986,Loyal Plus,False,2026-07-15
LK-C00987,Convenience,True,2026-07-15
LK-C00988,Family,True,2026-07-15
LK-C00989,Budget,True,2026-07-15
LK-C00990,Loyal Plus,True,2026-07-15
LK-C00991,Convenience,False,2026-07-15
LK-C00992,Family,True,2026-07-15
LK-C00993,Budget,True,2026-07-15
LK-C00994,Loyal Plus,True,2026-07-15
LK-C00995,Convenience,True,2026-07-15
LK-C00996,Family,False,2026-07-15
LK-C00997,Budget,True,2026-07-15
LK-C00998,Loyal Plus,True,2026-07-15
LK-C00999,Convenience,True,2026-07-15
LK-C01000,Family,True,2026-07-15
LK-C01001,Budget,False,2026-07-15
LK-C01002,Loyal Plus,True,2026-07-15
LK-C01003,Convenience,True,2026-07-15
LK-C01004,Family,True,2026-07-15
LK-C01005,Budget,True,2026-07-15
LK-C01006,Loyal Plus,False,2026-07-15
LK-C01007,Convenience,True,2026-07-15
LK-C01008,Family,True,2026-07-15
LK-C01009,Budget,True,2026-07-15
LK-C01010,Loyal Plus,True,2026-07-15
LK-C01011,Convenience,False,2026-07-15
LK-C01012,Family,True,2026-07-15
LK-C01013,Budget,True,2026-07-15
LK-C01014,Loyal Plus,True,2026-07-15
LK-C01015,Convenience,True,2026-07-15
LK-C01016,Family,False,2026-07-15
LK-C01017,Budget,True,2026-07-15
LK-C01018,Loyal Plus,True,2026-07-15
LK-C01019,Convenience,True,2026-07-15
LK-C01020,Family,True,2026-07-15
LK-C01021,Budget,False,2026-07-15
LK-C01022,Loyal Plus,True,2026-07-15
LK-C01023,Convenience,True,2026-07-15
LK-C01024,Family,True,2026-07-15
LK-C01025,Budget,True,2026-07-15
LK-C01026,Loyal Plus,False,2026-07-15
LK-C01027,Convenience,True,2026-07-15
LK-C01028,Family,True,2026-07-15
LK-C01029,Budget,True,2026-07-15
LK-C01030,Loyal Plus,True,2026-07-15
LK-C01031,Convenience,False,2026-07-15
LK-C01032,Family,True,2026-07-15
LK-C01033,Budget,True,2026-07-15
LK-C01034,Loyal Plus,True,2026-07-15
LK-C01035,Convenience,True,2026-07-15
LK-C01036,Family,False,2026-07-15
LK-C01037,Budget,True,2026-07-15
LK-C01038,Loyal Plus,True,2026-07-15
LK-C01039,Convenience,True,2026-07-15
LK-C01040,Family,True,2026-07-15
LK-C01041,Budget,False,2026-07-15
LK-C01042,Loyal Plus,True,2026-07-15
LK-C01043,Convenience,True,2026-07-15
LK-C01044,Family,True,2026-07-15
LK-C01045,Budget,True,2026-07-15
LK-C01046,Loyal Plus,False,2026-07-15
LK-C01047,Convenience,True,2026-07-15
LK-C01048,Family,True,2026-07-15
LK-C01049,Budget,True,2026-07-15
LK-C01050,Loyal Plus,True,2026-07-15
LK-C01051,Convenience,False,2026-07-15
LK-C01052,Family,True,2026-07-15
LK-C01053,Budget,True,2026-07-15
LK-C01054,Loyal Plus,True,2026-07-15
LK-C01055,Convenience,True,2026-07-15
LK-C01056,Family,False,2026-07-15
LK-C01057,Budget,True,2026-07-15
LK-C01058,Loyal Plus,True,2026-07-15
LK-C01059,Convenience,True,2026-07-15
LK-C01060,Family,True,2026-07-15
LK-C01061,Budget,False,2026-07-15
LK-C01062,Loyal Plus,True,2026-07-15
LK-C01063,Convenience,True,2026-07-15
LK-C01064,Family,True,2026-07-15
LK-C01065,Budget,True,2026-07-15
LK-C01066,Loyal Plus,False,2026-07-15
LK-C01067,Convenience,True,2026-07-15
LK-C01068,Family,True,2026-07-15
LK-C01069,Budget,True,2026-07-15
LK-C01070,Loyal Plus,True,2026-07-15
LK-C01071,Convenience,False,2026-07-15
LK-C01072,Family,True,2026-07-15
LK-C01073,Budget,True,2026-07-15
LK-C01074,Loyal Plus,True,2026-07-15
LK-C01075,Convenience,True,2026-07-15
LK-C01076,Family,False,2026-07-15
LK-C01077,Budget,True,2026-07-15
LK-C01078,Loyal Plus,True,2026-07-15
LK-C01079,Convenience,True,2026-07-15
LK-C01080,Family,True,2026-07-15
LK-C01081,Budget,False,2026-07-15
LK-C01082,Loyal Plus,True,2026-07-15
LK-C01083,Convenience,True,2026-07-15
LK-C01084,Family,True,2026-07-15
LK-C01085,Budget,True,2026-07-15
LK-C01086,Loyal Plus,False,2026-07-15
LK-C01087,Convenience,True,2026-07-15
LK-C01088,Family,True,2026-07-15
LK-C01089,Budget,True,2026-07-15
LK-C01090,Loyal Plus,True,2026-07-15
LK-C01091,Convenience,False,2026-07-15
LK-C01092,Family,True,2026-07-15
LK-C01093,Budget,True,2026-07-15
LK-C01094,Loyal Plus,True,2026-07-15
LK-C01095,Convenience,True,2026-07-15
LK-C01096,Family,False,2026-07-15
LK-C01097,Budget,True,2026-07-15
LK-C01098,Loyal Plus,True,2026-07-15
LK-C01099,Convenience,True,2026-07-15
LK-C01100,Family,True,2026-07-15
LK-C01101,Budget,False,2026-07-15
LK-C01102,Loyal Plus,True,2026-07-15
LK-C01103,Convenience,True,2026-07-15
LK-C01104,Family,True,2026-07-15
LK-C01105,Budget,True,2026-07-15
LK-C01106,Loyal Plus,False,2026-07-15
LK-C01107,Convenience,True,2026-07-15
LK-C01108,Family,True,2026-07-15
LK-C01109,Budget,True,2026-07-15
LK-C01110,Loyal Plus,True,2026-07-15
LK-C01111,Convenience,False,2026-07-15
LK-C01112,Family,True,2026-07-15
LK-C01113,Budget,True,2026-07-15
LK-C01114,Loyal Plus,True,2026-07-15
LK-C01115,Convenience,True,2026-07-15
LK-C01116,Family,False,2026-07-15
LK-C01117,Budget,True,2026-07-15
LK-C01118,Loyal Plus,True,2026-07-15
LK-C01119,Convenience,True,2026-07-15
LK-C01120,Family,True,2026-07-15
LK-C01121,Budget,False,2026-07-15
LK-C01122,Loyal Plus,True,2026-07-15
LK-C01123,Convenience,True,2026-07-15
LK-C01124,Family,True,2026-07-15
LK-C01125,Budget,True,2026-07-15
LK-C01126,Loyal Plus,False,2026-07-15
LK-C01127,Convenience,True,2026-07-15
LK-C01128,Family,True,2026-07-15
LK-C01129,Budget,True,2026-07-15
LK-C01130,Loyal Plus,True,2026-07-15
LK-C01131,Convenience,False,2026-07-15
LK-C01132,Family,True,2026-07-15
LK-C01133,Budget,True,2026-07-15
LK-C01134,Loyal Plus,True,2026-07-15
LK-C01135,Convenience,True,2026-07-15
LK-C01136,Family,False,2026-07-15
LK-C01137,Budget,True,2026-07-15
LK-C01138,Loyal Plus,True,2026-07-15
LK-C01139,Convenience,True,2026-07-15
LK-C01140,Family,True,2026-07-15
LK-C01141,Budget,False,2026-07-15
LK-C01142,Loyal Plus,True,2026-07-15
LK-C01143,Convenience,True,2026-07-15
LK-C01144,Family,True,2026-07-15
LK-C01145,Budget,True,2026-07-15
LK-C01146,Loyal Plus,False,2026-07-15
LK-C01147,Convenience,True,2026-07-15
LK-C01148,Family,True,2026-07-15
LK-C01149,Budget,True,2026-07-15
LK-C01150,Loyal Plus,True,2026-07-15
LK-C01151,Convenience,False,2026-07-15
LK-C01152,Family,True,2026-07-15
LK-C01153,Budget,True,2026-07-15
LK-C01154,Loyal Plus,True,2026-07-15
LK-C01155,Convenience,True,2026-07-15
LK-C01156,Family,False,2026-07-15
LK-C01157,Budget,True,2026-07-15
LK-C01158,Loyal Plus,True,2026-07-15
LK-C01159,Convenience,True,2026-07-15
LK-C01160,Family,True,2026-07-15
LK-C01161,Budget,False,2026-07-15
LK-C01162,Loyal Plus,True,2026-07-15
LK-C01163,Convenience,True,2026-07-15
LK-C01164,Family,True,2026-07-15
LK-C01165,Budget,True,2026-07-15
LK-C01166,Loyal Plus,False,2026-07-15
LK-C01167,Convenience,True,2026-07-15
LK-C01168,Family,True,2026-07-15
LK-C01169,Budget,True,2026-07-15
LK-C01170,Loyal Plus,True,2026-07-15
LK-C01171,Convenience,False,2026-07-15
LK-C01172,Family,True,2026-07-15
LK-C01173,Budget,True,2026-07-15
LK-C01174,Loyal Plus,True,2026-07-15
LK-C01175,Convenience,True,2026-07-15
LK-C01176,Family,False,2026-07-15
LK-C01177,Budget,True,2026-07-15
LK-C01178,Loyal Plus,True,2026-07-15
LK-C01179,Convenience,True,2026-07-15
LK-C01180,Family,True,2026-07-15
LK-C01181,Budget,False,2026-07-15
LK-C01182,Loyal Plus,True,2026-07-15
LK-C01183,Convenience,True,2026-07-15
LK-C01184,Family,True,2026-07-15
LK-C01185,Budget,True,2026-07-15
LK-C01186,Loyal Plus,False,2026-07-15
LK-C01187,Convenience,True,2026-07-15
LK-C01188,Family,True,2026-07-15
LK-C01189,Budget,True,2026-07-15
LK-C01190,Loyal Plus,True,2026-07-15
LK-C01191,Convenience,False,2026-07-15
LK-C01192,Family,True,2026-07-15
LK-C01193,Budget,True,2026-07-15
LK-C01194,Loyal Plus,True,2026-07-15
LK-C01195,Convenience,True,2026-07-15
LK-C01196,Family,False,2026-07-15
LK-C01197,Budget,True,2026-07-15
LK-C01198,Loyal Plus,True,2026-07-15
LK-C01199,Convenience,True,2026-07-15
LK-C01200,Family,True,2026-07-15
LK-C01201,Budget,False,2026-07-15
LK-C01202,Loyal Plus,True,2026-07-15
LK-C01203,Convenience,True,2026-07-15
LK-C01204,Family,True,2026-07-15
LK-C01205,Budget,True,2026-07-15
LK-C01206,Loyal Plus,False,2026-07-15
LK-C01207,Convenience,True,2026-07-15
LK-C01208,Family,True,2026-07-15
LK-C01209,Budget,True,2026-07-15
LK-C01210,Loyal Plus,True,2026-07-15
LK-C01211,Convenience,False,2026-07-15
LK-C01212,Family,True,2026-07-15
LK-C01213,Budget,True,2026-07-15
LK-C01214,Loyal Plus,True,2026-07-15
LK-C01215,Convenience,True,2026-07-15
LK-C01216,Family,False,2026-07-15
LK-C01217,Budget,True,2026-07-15
LK-C01218,Loyal Plus,True,2026-07-15
LK-C01219,Convenience,True,2026-07-15
LK-C01220,Family,True,2026-07-15
LK-C01221,Budget,False,2026-07-15
LK-C01222,Loyal Plus,True,2026-07-15
LK-C01223,Convenience,True,2026-07-15
LK-C01224,Family,True,2026-07-15
LK-C01225,Budget,True,2026-07-15
LK-C01226,Loyal Plus,False,2026-07-15
LK-C01227,Convenience,True,2026-07-15
LK-C01228,Family,True,2026-07-15
LK-C01229,Budget,True,2026-07-15
LK-C01230,Loyal Plus,True,2026-07-15
LK-C01231,Convenience,False,2026-07-15
LK-C01232,Family,True,2026-07-15
LK-C01233,Budget,True,2026-07-15
LK-C01234,Loyal Plus,True,2026-07-15
LK-C01235,Convenience,True,2026-07-15
LK-C01236,Family,False,2026-07-15
LK-C01237,Budget,True,2026-07-15
LK-C01238,Loyal Plus,True,2026-07-15
LK-C01239,Convenience,True,2026-07-15
LK-C01240,Family,True,2026-07-15
LK-C01241,Budget,False,2026-07-15
LK-C01242,Loyal Plus,True,2026-07-15
LK-C01243,Convenience,True,2026-07-15
LK-C01244,Family,True,2026-07-15
LK-C01245,Budget,True,2026-07-15
LK-C01246,Loyal Plus,False,2026-07-15
LK-C01247,Convenience,True,2026-07-15
LK-C01248,Family,True,2026-07-15
LK-C01249,Budget,True,2026-07-15
LK-C01250,Loyal Plus,True,2026-07-15
LK-C01251,Convenience,False,2026-07-15
LK-C01252,Family,True,2026-07-15
LK-C01253,Budget,True,2026-07-15
LK-C01254,Loyal Plus,True,2026-07-15
LK-C01255,Convenience,True,2026-07-15
LK-C01256,Family,False,2026-07-15
LK-C01257,Budget,True,2026-07-15
LK-C01258,Loyal Plus,True,2026-07-15
LK-C01259,Convenience,True,2026-07-15
LK-C01260,Family,True,2026-07-15
LK-C01261,Budget,False,2026-07-15
LK-C01262,Loyal Plus,True,2026-07-15
LK-C01263,Convenience,True,2026-07-15
LK-C01264,Family,True,2026-07-15
LK-C01265,Budget,True,2026-07-15
LK-C01266,Loyal Plus,False,2026-07-15
LK-C01267,Convenience,True,2026-07-15
LK-C01268,Family,True,2026-07-15
LK-C01269,Budget,True,2026-07-15
LK-C01270,Loyal Plus,True,2026-07-15
LK-C01271,Convenience,False,2026-07-15
LK-C01272,Family,True,2026-07-15
LK-C01273,Budget,True,2026-07-15
LK-C01274,Loyal Plus,True,2026-07-15
LK-C01275,Convenience,True,2026-07-15
LK-C01276,Family,False,2026-07-15
LK-C01277,Budget,True,2026-07-15
LK-C01278,Loyal Plus,True,2026-07-15
LK-C01279,Convenience,True,2026-07-15
LK-C01280,Family,True,2026-07-15
LK-C01281,Budget,False,2026-07-15
LK-C01282,Loyal Plus,True,2026-07-15
LK-C01283,Convenience,True,2026-07-15
LK-C01284,Family,True,2026-07-15
LK-C01285,Budget,True,2026-07-15
LK-C01286,Loyal Plus,False,2026-07-15
LK-C01287,Convenience,True,2026-07-15
LK-C01288,Family,True,2026-07-15
LK-C01289,Budget,True,2026-07-15
LK-C01290,Loyal Plus,True,2026-07-15
LK-C01291,Convenience,False,2026-07-15
LK-C01292,Family,True,2026-07-15
LK-C01293,Budget,True,2026-07-15
LK-C01294,Loyal Plus,True,2026-07-15
LK-C01295,Convenience,True,2026-07-15
LK-C01296,Family,False,2026-07-15
LK-C01297,Budget,True,2026-07-15
LK-C01298,Loyal Plus,True,2026-07-15
LK-C01299,Convenience,True,2026-07-15
LK-C01300,Family,True,2026-07-15
LK-C01301,Budget,False,2026-07-15
LK-C01302,Loyal Plus,True,2026-07-15
LK-C01303,Convenience,True,2026-07-15
LK-C01304,Family,True,2026-07-15
LK-C01305,Budget,True,2026-07-15
LK-C01306,Loyal Plus,False,2026-07-15
LK-C01307,Convenience,True,2026-07-15
LK-C01308,Family,True,2026-07-15
LK-C01309,Budget,True,2026-07-15
LK-C01310,Loyal Plus,True,2026-07-15
LK-C01311,Convenience,False,2026-07-15
LK-C01312,Family,True,2026-07-15
LK-C01313,Budget,True,2026-07-15
LK-C01314,Loyal Plus,True,2026-07-15
LK-C01315,Convenience,True,2026-07-15
LK-C01316,Family,False,2026-07-15
LK-C01317,Budget,True,2026-07-15
LK-C01318,Loyal Plus,True,2026-07-15
LK-C01319,Convenience,True,2026-07-15
LK-C01320,Family,True,2026-07-15
LK-C01321,Budget,False,2026-07-15
LK-C01322,Loyal Plus,True,2026-07-15
LK-C01323,Convenience,True,2026-07-15
LK-C01324,Family,True,2026-07-15
LK-C01325,Budget,True,2026-07-15
LK-C01326,Loyal Plus,False,2026-07-15
LK-C01327,Convenience,True,2026-07-15
LK-C01328,Family,True,2026-07-15
LK-C01329,Budget,True,2026-07-15
LK-C01330,Loyal Plus,True,2026-07-15
LK-C01331,Convenience,False,2026-07-15
LK-C01332,Family,True,2026-07-15
LK-C01333,Budget,True,2026-07-15
LK-C01334,Loyal Plus,True,2026-07-15
LK-C01335,Convenience,True,2026-07-15
LK-C01336,Family,False,2026-07-15
LK-C01337,Budget,True,2026-07-15
LK-C01338,Loyal Plus,True,2026-07-15
LK-C01339,Convenience,True,2026-07-15
LK-C01340,Family,True,2026-07-15
LK-C01341,Budget,False,2026-07-15
LK-C01342,Loyal Plus,True,2026-07-15
LK-C01343,Convenience,True,2026-07-15
LK-C01344,Family,True,2026-07-15
LK-C01345,Budget,True,2026-07-15
LK-C01346,Loyal Plus,False,2026-07-15
LK-C01347,Convenience,True,2026-07-15
LK-C01348,Family,True,2026-07-15
LK-C01349,Budget,True,2026-07-15
LK-C01350,Loyal Plus,True,2026-07-15
LK-C01351,Convenience,False,2026-07-15
LK-C01352,Family,True,2026-07-15
LK-C01353,Budget,True,2026-07-15
LK-C01354,Loyal Plus,True,2026-07-15
LK-C01355,Convenience,True,2026-07-15
LK-C01356,Family,False,2026-07-15
LK-C01357,Budget,True,2026-07-15
LK-C01358,Loyal Plus,True,2026-07-15
LK-C01359,Convenience,True,2026-07-15
LK-C01360,Family,True,2026-07-15
LK-C01361,Budget,False,2026-07-15
LK-C01362,Loyal Plus,True,2026-07-15
LK-C01363,Convenience,True,2026-07-15
LK-C01364,Family,True,2026-07-15
LK-C01365,Budget,True,2026-07-15
LK-C01366,Loyal Plus,False,2026-07-15
LK-C01367,Convenience,True,2026-07-15
LK-C01368,Family,True,2026-07-15
LK-C01369,Budget,True,2026-07-15
LK-C01370,Loyal Plus,True,2026-07-15
LK-C01371,Convenience,False,2026-07-15
LK-C01372,Family,True,2026-07-15
LK-C01373,Budget,True,2026-07-15
LK-C01374,Loyal Plus,True,2026-07-15
LK-C01375,Convenience,True,2026-07-15
LK-C01376,Family,False,2026-07-15
LK-C01377,Budget,True,2026-07-15
LK-C01378,Loyal Plus,True,2026-07-15
LK-C01379,Convenience,True,2026-07-15
LK-C01380,Family,True,2026-07-15
LK-C01381,Budget,False,2026-07-15
LK-C01382,Loyal Plus,True,2026-07-15
LK-C01383,Convenience,True,2026-07-15
LK-C01384,Family,True,2026-07-15
LK-C01385,Budget,True,2026-07-15
LK-C01386,Loyal Plus,False,2026-07-15
LK-C01387,Convenience,True,2026-07-15
LK-C01388,Family,True,2026-07-15
LK-C01389,Budget,True,2026-07-15
LK-C01390,Loyal Plus,True,2026-07-15
LK-C01391,Convenience,False,2026-07-15
LK-C01392,Family,True,2026-07-15
LK-C01393,Budget,True,2026-07-15
LK-C01394,Loyal Plus,True,2026-07-15
LK-C01395,Convenience,True,2026-07-15
LK-C01396,Family,False,2026-07-15
LK-C01397,Budget,True,2026-07-15
LK-C01398,Loyal Plus,True,2026-07-15
LK-C01399,Convenience,True,2026-07-15
LK-C01400,Family,True,2026-07-15
LK-C01401,Budget,False,2026-07-15
LK-C01402,Loyal Plus,True,2026-07-15
LK-C01403,Convenience,True,2026-07-15
LK-C01404,Family,True,2026-07-15
LK-C01405,Budget,True,2026-07-15
LK-C01406,Loyal Plus,False,2026-07-15
LK-C01407,Convenience,True,2026-07-15
LK-C01408,Family,True,2026-07-15
LK-C01409,Budget,True,2026-07-15
LK-C01410,Loyal Plus,True,2026-07-15
LK-C01411,Convenience,False,2026-07-15
LK-C01412,Family,True,2026-07-15
LK-C01413,Budget,True,2026-07-15
LK-C01414,Loyal Plus,True,2026-07-15
LK-C01415,Convenience,True,2026-07-15
LK-C01416,Family,False,2026-07-15
LK-C01417,Budget,True,2026-07-15
LK-C01418,Loyal Plus,True,2026-07-15
LK-C01419,Convenience,True,2026-07-15
LK-C01420,Family,True,2026-07-15
LK-C01421,Budget,False,2026-07-15
LK-C01422,Loyal Plus,True,2026-07-15
LK-C01423,Convenience,True,2026-07-15
LK-C01424,Family,True,2026-07-15
LK-C01425,Budget,True,2026-07-15
LK-C01426,Loyal Plus,False,2026-07-15
LK-C01427,Convenience,True,2026-07-15
LK-C01428,Family,True,2026-07-15
LK-C01429,Budget,True,2026-07-15
LK-C01430,Loyal Plus,True,2026-07-15
LK-C01431,Convenience,False,2026-07-15
LK-C01432,Family,True,2026-07-15
LK-C01433,Budget,True,2026-07-15
LK-C01434,Loyal Plus,True,2026-07-15
LK-C01435,Convenience,True,2026-07-15
LK-C01436,Family,False,2026-07-15
LK-C01437,Budget,True,2026-07-15
LK-C01438,Loyal Plus,True,2026-07-15
LK-C01439,Convenience,True,2026-07-15
LK-C01440,Family,True,2026-07-15
LK-C01441,Budget,False,2026-07-15
LK-C01442,Loyal Plus,True,2026-07-15
LK-C01443,Convenience,True,2026-07-15
LK-C01444,Family,True,2026-07-15
LK-C01445,Budget,True,2026-07-15
LK-C01446,Loyal Plus,False,2026-07-15
LK-C01447,Convenience,True,2026-07-15
LK-C01448,Family,True,2026-07-15
LK-C01449,Budget,True,2026-07-15
LK-C01450,Loyal Plus,True,2026-07-15
LK-C01451,Convenience,False,2026-07-15
LK-C01452,Family,True,2026-07-15
LK-C01453,Budget,True,2026-07-15
LK-C01454,Loyal Plus,True,2026-07-15
LK-C01455,Convenience,True,2026-07-15
LK-C01456,Family,False,2026-07-15
LK-C01457,Budget,True,2026-07-15
LK-C01458,Loyal Plus,True,2026-07-15
LK-C01459,Convenience,True,2026-07-15
LK-C01460,Family,True,2026-07-15
LK-C01461,Budget,False,2026-07-15
LK-C01462,Loyal Plus,True,2026-07-15
LK-C01463,Convenience,True,2026-07-15
LK-C01464,Family,True,2026-07-15
LK-C01465,Budget,True,2026-07-15
LK-C01466,Loyal Plus,False,2026-07-15
LK-C01467,Convenience,True,2026-07-15
LK-C01468,Family,True,2026-07-15
LK-C01469,Budget,True,2026-07-15
LK-C01470,Loyal Plus,True,2026-07-15
LK-C01471,Convenience,False,2026-07-15
LK-C01472,Family,True,2026-07-15
LK-C01473,Budget,True,2026-07-15
LK-C01474,Loyal Plus,True,2026-07-15
LK-C01475,Convenience,True,2026-07-15
LK-C01476,Family,False,2026-07-15
LK-C01477,Budget,True,2026-07-15
LK-C01478,Loyal Plus,True,2026-07-15
LK-C01479,Convenience,True,2026-07-15
LK-C01480,Family,True,2026-07-15
LK-C01481,Budget,False,2026-07-15
LK-C01482,Loyal Plus,True,2026-07-15
LK-C01483,Convenience,True,2026-07-15
LK-C01484,Family,True,2026-07-15
LK-C01485,Budget,True,2026-07-15
LK-C01486,Loyal Plus,False,2026-07-15
LK-C01487,Convenience,True,2026-07-15
LK-C01488,Family,True,2026-07-15
LK-C01489,Budget,True,2026-07-15
LK-C01490,Loyal Plus,True,2026-07-15
LK-C01491,Convenience,False,2026-07-15
LK-C01492,Family,True,2026-07-15
LK-C01493,Budget,True,2026-07-15
LK-C01494,Loyal Plus,True,2026-07-15
LK-C01495,Convenience,True,2026-07-15
LK-C01496,Family,False,2026-07-15
LK-C01497,Budget,True,2026-07-15
LK-C01498,Loyal Plus,True,2026-07-15
LK-C01499,Convenience,True,2026-07-15
LK-C01500,Family,True,2026-07-15
LK-C01501,Budget,False,2026-07-15
LK-C01502,Loyal Plus,True,2026-07-15
LK-C01503,Convenience,True,2026-07-15
LK-C01504,Family,True,2026-07-15
LK-C01505,Budget,True,2026-07-15
LK-C01506,Loyal Plus,False,2026-07-15
LK-C01507,Convenience,True,2026-07-15
LK-C01508,Family,True,2026-07-15
LK-C01509,Budget,True,2026-07-15
LK-C01510,Loyal Plus,True,2026-07-15
LK-C01511,Convenience,False,2026-07-15
LK-C01512,Family,True,2026-07-15
LK-C01513,Budget,True,2026-07-15
LK-C01514,Loyal Plus,True,2026-07-15
LK-C01515,Convenience,True,2026-07-15
LK-C01516,Family,False,2026-07-15
LK-C01517,Budget,True,2026-07-15
LK-C01518,Loyal Plus,True,2026-07-15
LK-C01519,Convenience,True,2026-07-15
LK-C01520,Family,True,2026-07-15
LK-C01521,Budget,False,2026-07-15
LK-C01522,Loyal Plus,True,2026-07-15
LK-C01523,Convenience,True,2026-07-15
LK-C01524,Family,True,2026-07-15
LK-C01525,Budget,True,2026-07-15
LK-C01526,Loyal Plus,False,2026-07-15
LK-C01527,Convenience,True,2026-07-15
LK-C01528,Family,True,2026-07-15
LK-C01529,Budget,True,2026-07-15
LK-C01530,Loyal Plus,True,2026-07-15
LK-C01531,Convenience,False,2026-07-15
LK-C01532,Family,True,2026-07-15
LK-C01533,Budget,True,2026-07-15
LK-C01534,Loyal Plus,True,2026-07-15
LK-C01535,Convenience,True,2026-07-15
LK-C01536,Family,False,2026-07-15
LK-C01537,Budget,True,2026-07-15
LK-C01538,Loyal Plus,True,2026-07-15
LK-C01539,Convenience,True,2026-07-15
LK-C01540,Family,True,2026-07-15
LK-C01541,Budget,False,2026-07-15
LK-C01542,Loyal Plus,True,2026-07-15
LK-C01543,Convenience,True,2026-07-15
LK-C01544,Family,True,2026-07-15
LK-C01545,Budget,True,2026-07-15
LK-C01546,Loyal Plus,False,2026-07-15
LK-C01547,Convenience,True,2026-07-15
LK-C01548,Family,True,2026-07-15
LK-C01549,Budget,True,2026-07-15
LK-C01550,Loyal Plus,True,2026-07-15
LK-C01551,Convenience,False,2026-07-15
LK-C01552,Family,True,2026-07-15
LK-C01553,Budget,True,2026-07-15
LK-C01554,Loyal Plus,True,2026-07-15
LK-C01555,Convenience,True,2026-07-15
LK-C01556,Family,False,2026-07-15
LK-C01557,Budget,True,2026-07-15
LK-C01558,Loyal Plus,True,2026-07-15
LK-C01559,Convenience,True,2026-07-15
LK-C01560,Family,True,2026-07-15
LK-C01561,Budget,False,2026-07-15
LK-C01562,Loyal Plus,True,2026-07-15
LK-C01563,Convenience,True,2026-07-15
LK-C01564,Family,True,2026-07-15
LK-C01565,Budget,True,2026-07-15
LK-C01566,Loyal Plus,False,2026-07-15
LK-C01567,Convenience,True,2026-07-15
LK-C01568,Family,True,2026-07-15
LK-C01569,Budget,True,2026-07-15
LK-C01570,Loyal Plus,True,2026-07-15
LK-C01571,Convenience,False,2026-07-15
LK-C01572,Family,True,2026-07-15
LK-C01573,Budget,True,2026-07-15
LK-C01574,Loyal Plus,True,2026-07-15
LK-C01575,Convenience,True,2026-07-15
LK-C01576,Family,False,2026-07-15
LK-C01577,Budget,True,2026-07-15
LK-C01578,Loyal Plus,True,2026-07-15
LK-C01579,Convenience,True,2026-07-15
LK-C01580,Family,True,2026-07-15
LK-C01581,Budget,False,2026-07-15
LK-C01582,Loyal Plus,True,2026-07-15
LK-C01583,Convenience,True,2026-07-15
LK-C01584,Family,True,2026-07-15
LK-C01585,Budget,True,2026-07-15
LK-C01586,Loyal Plus,False,2026-07-15
LK-C01587,Convenience,True,2026-07-15
LK-C01588,Family,True,2026-07-15
LK-C01589,Budget,True,2026-07-15
LK-C01590,Loyal Plus,True,2026-07-15
LK-C01591,Convenience,False,2026-07-15
LK-C01592,Family,True,2026-07-15
LK-C01593,Budget,True,2026-07-15
LK-C01594,Loyal Plus,True,2026-07-15
LK-C01595,Convenience,True,2026-07-15
LK-C01596,Family,False,2026-07-15
LK-C01597,Budget,True,2026-07-15
LK-C01598,Loyal Plus,True,2026-07-15
LK-C01599,Convenience,True,2026-07-15
LK-C01600,Family,True,2026-07-15
LK-C01601,Budget,False,2026-07-15
LK-C01602,Loyal Plus,True,2026-07-15
LK-C01603,Convenience,True,2026-07-15
LK-C01604,Family,True,2026-07-15
LK-C01605,Budget,True,2026-07-15
LK-C01606,Loyal Plus,False,2026-07-15
LK-C01607,Convenience,True,2026-07-15
LK-C01608,Family,True,2026-07-15
LK-C01609,Budget,True,2026-07-15
LK-C01610,Loyal Plus,True,2026-07-15
LK-C01611,Convenience,False,2026-07-15
LK-C01612,Family,True,2026-07-15
LK-C01613,Budget,True,2026-07-15
LK-C01614,Loyal Plus,True,2026-07-15
LK-C01615,Convenience,True,2026-07-15
LK-C01616,Family,False,2026-07-15
LK-C01617,Budget,True,2026-07-15
LK-C01618,Loyal Plus,True,2026-07-15
LK-C01619,Convenience,True,2026-07-15
LK-C01620,Family,True,2026-07-15
LK-C01621,Budget,False,2026-07-15
LK-C01622,Loyal Plus,True,2026-07-15
LK-C01623,Convenience,True,2026-07-15
LK-C01624,Family,True,2026-07-15
LK-C01625,Budget,True,2026-07-15
LK-C01626,Loyal Plus,False,2026-07-15
LK-C01627,Convenience,True,2026-07-15
LK-C01628,Family,True,2026-07-15
LK-C01629,Budget,True,2026-07-15
LK-C01630,Loyal Plus,True,2026-07-15
LK-C01631,Convenience,False,2026-07-15
LK-C01632,Family,True,2026-07-15
LK-C01633,Budget,True,2026-07-15
LK-C01634,Loyal Plus,True,2026-07-15
LK-C01635,Convenience,True,2026-07-15
LK-C01636,Family,False,2026-07-15
LK-C01637,Budget,True,2026-07-15
LK-C01638,Loyal Plus,True,2026-07-15
LK-C01639,Convenience,True,2026-07-15
LK-C01640,Family,True,2026-07-15
LK-C01641,Budget,False,2026-07-15
LK-C01642,Loyal Plus,True,2026-07-15
LK-C01643,Convenience,True,2026-07-15
LK-C01644,Family,True,2026-07-15
LK-C01645,Budget,True,2026-07-15
LK-C01646,Loyal Plus,False,2026-07-15
LK-C01647,Convenience,True,2026-07-15
LK-C01648,Family,True,2026-07-15
LK-C01649,Budget,True,2026-07-15
LK-C01650,Loyal Plus,True,2026-07-15
LK-C01651,Convenience,False,2026-07-15
LK-C01652,Family,True,2026-07-15
LK-C01653,Budget,True,2026-07-15
LK-C01654,Loyal Plus,True,2026-07-15
LK-C01655,Convenience,True,2026-07-15
LK-C01656,Family,False,2026-07-15
LK-C01657,Budget,True,2026-07-15
LK-C01658,Loyal Plus,True,2026-07-15
LK-C01659,Convenience,True,2026-07-15
LK-C01660,Family,True,2026-07-15
LK-C01661,Budget,False,2026-07-15
LK-C01662,Loyal Plus,True,2026-07-15
LK-C01663,Convenience,True,2026-07-15
LK-C01664,Family,True,2026-07-15
LK-C01665,Budget,True,2026-07-15
LK-C01666,Loyal Plus,False,2026-07-15
LK-C01667,Convenience,True,2026-07-15
LK-C01668,Family,True,2026-07-15
LK-C01669,Budget,True,2026-07-15
LK-C01670,Loyal Plus,True,2026-07-15
LK-C01671,Convenience,False,2026-07-15
LK-C01672,Family,True,2026-07-15
LK-C01673,Budget,True,2026-07-15
LK-C01674,Loyal Plus,True,2026-07-15
LK-C01675,Convenience,True,2026-07-15
LK-C01676,Family,False,2026-07-15
LK-C01677,Budget,True,2026-07-15
LK-C01678,Loyal Plus,True,2026-07-15
LK-C01679,Convenience,True,2026-07-15
LK-C01680,Family,True,2026-07-15
LK-C01681,Budget,False,2026-07-15
LK-C01682,Loyal Plus,True,2026-07-15
LK-C01683,Convenience,True,2026-07-15
LK-C01684,Family,True,2026-07-15
LK-C01685,Budget,True,2026-07-15
LK-C01686,Loyal Plus,False,2026-07-15
LK-C01687,Convenience,True,2026-07-15
LK-C01688,Family,True,2026-07-15
LK-C01689,Budget,True,2026-07-15
LK-C01690,Loyal Plus,True,2026-07-15
LK-C01691,Convenience,False,2026-07-15
LK-C01692,Family,True,2026-07-15
LK-C01693,Budget,True,2026-07-15
LK-C01694,Loyal Plus,True,2026-07-15
LK-C01695,Convenience,True,2026-07-15
LK-C01696,Family,False,2026-07-15
LK-C01697,Budget,True,2026-07-15
LK-C01698,Loyal Plus,True,2026-07-15
LK-C01699,Convenience,True,2026-07-15
LK-C01700,Family,True,2026-07-15
LK-C01701,Budget,False,2026-07-15
LK-C01702,Loyal Plus,True,2026-07-15
LK-C01703,Convenience,True,2026-07-15
LK-C01704,Family,True,2026-07-15
LK-C01705,Budget,True,2026-07-15
LK-C01706,Loyal Plus,False,2026-07-15
LK-C01707,Convenience,True,2026-07-15
LK-C01708,Family,True,2026-07-15
LK-C01709,Budget,True,2026-07-15
LK-C01710,Loyal Plus,True,2026-07-15
LK-C01711,Convenience,False,2026-07-15
LK-C01712,Family,True,2026-07-15
LK-C01713,Budget,True,2026-07-15
LK-C01714,Loyal Plus,True,2026-07-15
LK-C01715,Convenience,True,2026-07-15
LK-C01716,Family,False,2026-07-15
LK-C01717,Budget,True,2026-07-15
LK-C01718,Loyal Plus,True,2026-07-15
LK-C01719,Convenience,True,2026-07-15
LK-C01720,Family,True,2026-07-15
LK-C01721,Budget,False,2026-07-15
LK-C01722,Loyal Plus,True,2026-07-15
LK-C01723,Convenience,True,2026-07-15
LK-C01724,Family,True,2026-07-15
LK-C01725,Budget,True,2026-07-15
LK-C01726,Loyal Plus,False,2026-07-15
LK-C01727,Convenience,True,2026-07-15
LK-C01728,Family,True,2026-07-15
LK-C01729,Budget,True,2026-07-15
LK-C01730,Loyal Plus,True,2026-07-15
LK-C01731,Convenience,False,2026-07-15
LK-C01732,Family,True,2026-07-15
LK-C01733,Budget,True,2026-07-15
LK-C01734,Loyal Plus,True,2026-07-15
LK-C01735,Convenience,True,2026-07-15
LK-C01736,Family,False,2026-07-15
LK-C01737,Budget,True,2026-07-15
LK-C01738,Loyal Plus,True,2026-07-15
LK-C01739,Convenience,True,2026-07-15
LK-C01740,Family,True,2026-07-15
LK-C01741,Budget,False,2026-07-15
LK-C01742,Loyal Plus,True,2026-07-15
LK-C01743,Convenience,True,2026-07-15
LK-C01744,Family,True,2026-07-15
LK-C01745,Budget,True,2026-07-15
LK-C01746,Loyal Plus,False,2026-07-15
LK-C01747,Convenience,True,2026-07-15
LK-C01748,Family,True,2026-07-15
LK-C01749,Budget,True,2026-07-15
LK-C01750,Loyal Plus,True,2026-07-15
LK-C01751,Convenience,False,2026-07-15
LK-C01752,Family,True,2026-07-15
LK-C01753,Budget,True,2026-07-15
LK-C01754,Loyal Plus,True,2026-07-15
LK-C01755,Convenience,True,2026-07-15
LK-C01756,Family,False,2026-07-15
LK-C01757,Budget,True,2026-07-15
LK-C01758,Loyal Plus,True,2026-07-15
LK-C01759,Convenience,True,2026-07-15
LK-C01760,Family,True,2026-07-15
LK-C01761,Budget,False,2026-07-15
LK-C01762,Loyal Plus,True,2026-07-15
LK-C01763,Convenience,True,2026-07-15
LK-C01764,Family,True,2026-07-15
LK-C01765,Budget,True,2026-07-15
LK-C01766,Loyal Plus,False,2026-07-15
LK-C01767,Convenience,True,2026-07-15
LK-C01768,Family,True,2026-07-15
LK-C01769,Budget,True,2026-07-15
LK-C01770,Loyal Plus,True,2026-07-15
LK-C01771,Convenience,False,2026-07-15
LK-C01772,Family,True,2026-07-15
LK-C01773,Budget,True,2026-07-15
LK-C01774,Loyal Plus,True,2026-07-15
LK-C01775,Convenience,True,2026-07-15
LK-C01776,Family,False,2026-07-15
LK-C01777,Budget,True,2026-07-15
LK-C01778,Loyal Plus,True,2026-07-15
LK-C01779,Convenience,True,2026-07-15
LK-C01780,Family,True,2026-07-15
LK-C01781,Budget,False,2026-07-15
LK-C01782,Loyal Plus,True,2026-07-15
LK-C01783,Convenience,True,2026-07-15
LK-C01784,Family,True,2026-07-15
LK-C01785,Budget,True,2026-07-15
LK-C01786,Loyal Plus,False,2026-07-15
LK-C01787,Convenience,True,2026-07-15
LK-C01788,Family,True,2026-07-15
LK-C01789,Budget,True,2026-07-15
LK-C01790,Loyal Plus,True,2026-07-15
LK-C01791,Convenience,False,2026-07-15
LK-C01792,Family,True,2026-07-15
LK-C01793,Budget,True,2026-07-15
LK-C01794,Loyal Plus,True,2026-07-15
LK-C01795,Convenience,True,2026-07-15
LK-C01796,Family,False,2026-07-15
LK-C01797,Budget,True,2026-07-15
LK-C01798,Loyal Plus,True,2026-07-15
LK-C01799,Convenience,True,2026-07-15
LK-C01800,Family,True,2026-07-15
LK-C01801,Budget,False,2026-07-15
LK-C01802,Loyal Plus,True,2026-07-15
LK-C01803,Convenience,True,2026-07-15
LK-C01804,Family,True,2026-07-15
LK-C01805,Budget,True,2026-07-15
LK-C01806,Loyal Plus,False,2026-07-15
LK-C01807,Convenience,True,2026-07-15
LK-C01808,Family,True,2026-07-15
LK-C01809,Budget,True,2026-07-15
LK-C01810,Loyal Plus,True,2026-07-15
LK-C01811,Convenience,False,2026-07-15
LK-C01812,Family,True,2026-07-15
LK-C01813,Budget,True,2026-07-15
LK-C01814,Loyal Plus,True,2026-07-15
LK-C01815,Convenience,True,2026-07-15
LK-C01816,Family,False,2026-07-15
LK-C01817,Budget,True,2026-07-15
LK-C01818,Loyal Plus,True,2026-07-15
LK-C01819,Convenience,True,2026-07-15
LK-C01820,Family,True,2026-07-15
LK-C01821,Budget,False,2026-07-15
LK-C01822,Loyal Plus,True,2026-07-15
LK-C01823,Convenience,True,2026-07-15
LK-C01824,Family,True,2026-07-15
LK-C01825,Budget,True,2026-07-15
LK-C01826,Loyal Plus,False,2026-07-15
LK-C01827,Convenience,True,2026-07-15
LK-C01828,Family,True,2026-07-15
LK-C01829,Budget,True,2026-07-15
LK-C01830,Loyal Plus,True,2026-07-15
LK-C01831,Convenience,False,2026-07-15
LK-C01832,Family,True,2026-07-15
LK-C01833,Budget,True,2026-07-15
LK-C01834,Loyal Plus,True,2026-07-15
LK-C01835,Convenience,True,2026-07-15
LK-C01836,Family,False,2026-07-15
LK-C01837,Budget,True,2026-07-15
LK-C01838,Loyal Plus,True,2026-07-15
LK-C01839,Convenience,True,2026-07-15
LK-C01840,Family,True,2026-07-15
LK-C01841,Budget,False,2026-07-15
LK-C01842,Loyal Plus,True,2026-07-15
LK-C01843,Convenience,True,2026-07-15
LK-C01844,Family,True,2026-07-15
LK-C01845,Budget,True,2026-07-15
LK-C01846,Loyal Plus,False,2026-07-15
LK-C01847,Convenience,True,2026-07-15
LK-C01848,Family,True,2026-07-15
LK-C01849,Budget,True,2026-07-15
LK-C01850,Loyal Plus,True,2026-07-15
LK-C01851,Convenience,False,2026-07-15
LK-C01852,Family,True,2026-07-15
LK-C01853,Budget,True,2026-07-15
LK-C01854,Loyal Plus,True,2026-07-15
LK-C01855,Convenience,True,2026-07-15
LK-C01856,Family,False,2026-07-15
LK-C01857,Budget,True,2026-07-15
LK-C01858,Loyal Plus,True,2026-07-15
LK-C01859,Convenience,True,2026-07-15
LK-C01860,Family,True,2026-07-15
LK-C01861,Budget,False,2026-07-15
LK-C01862,Loyal Plus,True,2026-07-15
LK-C01863,Convenience,True,2026-07-15
LK-C01864,Family,True,2026-07-15
LK-C01865,Budget,True,2026-07-15
LK-C01866,Loyal Plus,False,2026-07-15
LK-C01867,Convenience,True,2026-07-15
LK-C01868,Family,True,2026-07-15
LK-C01869,Budget,True,2026-07-15
LK-C01870,Loyal Plus,True,2026-07-15
LK-C01871,Convenience,False,2026-07-15
LK-C01872,Family,True,2026-07-15
LK-C01873,Budget,True,2026-07-15
LK-C01874,Loyal Plus,True,2026-07-15
LK-C01875,Convenience,True,2026-07-15
LK-C01876,Family,False,2026-07-15
LK-C01877,Budget,True,2026-07-15
LK-C01878,Loyal Plus,True,2026-07-15
LK-C01879,Convenience,True,2026-07-15
LK-C01880,Family,True,2026-07-15
LK-C01881,Budget,False,2026-07-15
LK-C01882,Loyal Plus,True,2026-07-15
LK-C01883,Convenience,True,2026-07-15
LK-C01884,Family,True,2026-07-15
LK-C01885,Budget,True,2026-07-15
LK-C01886,Loyal Plus,False,2026-07-15
LK-C01887,Convenience,True,2026-07-15
LK-C01888,Family,True,2026-07-15
LK-C01889,Budget,True,2026-07-15
LK-C01890,Loyal Plus,True,2026-07-15
LK-C01891,Convenience,False,2026-07-15
LK-C01892,Family,True,2026-07-15
LK-C01893,Budget,True,2026-07-15
LK-C01894,Loyal Plus,True,2026-07-15
LK-C01895,Convenience,True,2026-07-15
LK-C01896,Family,False,2026-07-15
LK-C01897,Budget,True,2026-07-15
LK-C01898,Loyal Plus,True,2026-07-15
LK-C01899,Convenience,True,2026-07-15
LK-C01900,Family,True,2026-07-15
LK-C01901,Budget,False,2026-07-15
LK-C01902,Loyal Plus,True,2026-07-15
LK-C01903,Convenience,True,2026-07-15
LK-C01904,Family,True,2026-07-15
LK-C01905,Budget,True,2026-07-15
LK-C01906,Loyal Plus,False,2026-07-15
LK-C01907,Convenience,True,2026-07-15
LK-C01908,Family,True,2026-07-15
LK-C01909,Budget,True,2026-07-15
LK-C01910,Loyal Plus,True,2026-07-15
LK-C01911,Convenience,False,2026-07-15
LK-C01912,Family,True,2026-07-15
LK-C01913,Budget,True,2026-07-15
LK-C01914,Loyal Plus,True,2026-07-15
LK-C01915,Convenience,True,2026-07-15
LK-C01916,Family,False,2026-07-15
LK-C01917,Budget,True,2026-07-15
LK-C01918,Loyal Plus,True,2026-07-15
LK-C01919,Convenience,True,2026-07-15
LK-C01920,Family,True,2026-07-15
LK-C01921,Budget,False,2026-07-15
LK-C01922,Loyal Plus,True,2026-07-15
LK-C01923,Convenience,True,2026-07-15
LK-C01924,Family,True,2026-07-15
LK-C01925,Budget,True,2026-07-15
LK-C01926,Loyal Plus,False,2026-07-15
LK-C01927,Convenience,True,2026-07-15
LK-C01928,Family,True,2026-07-15
LK-C01929,Budget,True,2026-07-15
LK-C01930,Loyal Plus,True,2026-07-15
LK-C01931,Convenience,False,2026-07-15
LK-C01932,Family,True,2026-07-15
LK-C01933,Budget,True,2026-07-15
LK-C01934,Loyal Plus,True,2026-07-15
LK-C01935,Convenience,True,2026-07-15
LK-C01936,Family,False,2026-07-15
LK-C01937,Budget,True,2026-07-15
LK-C01938,Loyal Plus,True,2026-07-15
LK-C01939,Convenience,True,2026-07-15
LK-C01940,Family,True,2026-07-15
LK-C01941,Budget,False,2026-07-15
LK-C01942,Loyal Plus,True,2026-07-15
LK-C01943,Convenience,True,2026-07-15
LK-C01944,Family,True,2026-07-15
LK-C01945,Budget,True,2026-07-15
LK-C01946,Loyal Plus,False,2026-07-15
LK-C01947,Convenience,True,2026-07-15
LK-C01948,Family,True,2026-07-15
LK-C01949,Budget,True,2026-07-15
LK-C01950,Loyal Plus,True,2026-07-15
LK-C01951,Convenience,False,2026-07-15
LK-C01952,Family,True,2026-07-15
LK-C01953,Budget,True,2026-07-15
LK-C01954,Loyal Plus,True,2026-07-15
LK-C01955,Convenience,True,2026-07-15
LK-C01956,Family,False,2026-07-15
LK-C01957,Budget,True,2026-07-15
LK-C01958,Loyal Plus,True,2026-07-15
LK-C01959,Convenience,True,2026-07-15
LK-C01960,Family,True,2026-07-15
LK-C01961,Budget,False,2026-07-15
LK-C01962,Loyal Plus,True,2026-07-15
LK-C01963,Convenience,True,2026-07-15
LK-C01964,Family,True,2026-07-15
LK-C01965,Budget,True,2026-07-15
LK-C01966,Loyal Plus,False,2026-07-15
LK-C01967,Convenience,True,2026-07-15
LK-C01968,Family,True,2026-07-15
LK-C01969,Budget,True,2026-07-15
LK-C01970,Loyal Plus,True,2026-07-15
LK-C01971,Convenience,False,2026-07-15
LK-C01972,Family,True,2026-07-15
LK-C01973,Budget,True,2026-07-15
LK-C01974,Loyal Plus,True,2026-07-15
LK-C01975,Convenience,True,2026-07-15
LK-C01976,Family,False,2026-07-15
LK-C01977,Budget,True,2026-07-15
LK-C01978,Loyal Plus,True,2026-07-15
LK-C01979,Convenience,True,2026-07-15
LK-C01980,Family,True,2026-07-15
LK-C01981,Budget,False,2026-07-15
LK-C01982,Loyal Plus,True,2026-07-15
LK-C01983,Convenience,True,2026-07-15
LK-C01984,Family,True,2026-07-15
LK-C01985,Budget,True,2026-07-15
LK-C01986,Loyal Plus,False,2026-07-15
LK-C01987,Convenience,True,2026-07-15
LK-C01988,Family,True,2026-07-15
LK-C01989,Budget,True,2026-07-15
LK-C01990,Loyal Plus,True,2026-07-15
LK-C01991,Convenience,False,2026-07-15
LK-C01992,Family,True,2026-07-15
LK-C01993,Budget,True,2026-07-15
LK-C01994,Loyal Plus,True,2026-07-15
LK-C01995,Convenience,True,2026-07-15
LK-C01996,Family,False,2026-07-15
LK-C01997,Budget,True,2026-07-15
LK-C01998,Loyal Plus,True,2026-07-15
LK-C01999,Convenience,True,2026-07-15
LK-C02000,Family,True,2026-07-15
LK-C02001,Budget,False,2026-07-15
LK-C02002,Loyal Plus,True,2026-07-15
LK-C02003,Convenience,True,2026-07-15
LK-C02004,Family,True,2026-07-15
LK-C02005,Budget,True,2026-07-15
LK-C02006,Loyal Plus,False,2026-07-15
LK-C02007,Convenience,True,2026-07-15
LK-C02008,Family,True,2026-07-15
LK-C02009,Budget,True,2026-07-15
LK-C02010,Loyal Plus,True,2026-07-15
LK-C02011,Convenience,False,2026-07-15
LK-C02012,Family,True,2026-07-15
LK-C02013,Budget,True,2026-07-15
LK-C02014,Loyal Plus,True,2026-07-15
LK-C02015,Convenience,True,2026-07-15
LK-C02016,Family,False,2026-07-15
LK-C02017,Budget,True,2026-07-15
LK-C02018,Loyal Plus,True,2026-07-15
LK-C02019,Convenience,True,2026-07-15
LK-C02020,Family,True,2026-07-15
LK-C02021,Budget,False,2026-07-15
LK-C02022,Loyal Plus,True,2026-07-15
LK-C02023,Convenience,True,2026-07-15
LK-C02024,Family,True,2026-07-15
LK-C02025,Budget,True,2026-07-15
LK-C02026,Loyal Plus,False,2026-07-15
LK-C02027,Convenience,True,2026-07-15
LK-C02028,Family,True,2026-07-15
LK-C02029,Budget,True,2026-07-15
LK-C02030,Loyal Plus,True,2026-07-15
LK-C02031,Convenience,False,2026-07-15
LK-C02032,Family,True,2026-07-15
LK-C02033,Budget,True,2026-07-15
LK-C02034,Loyal Plus,True,2026-07-15
LK-C02035,Convenience,True,2026-07-15
LK-C02036,Family,False,2026-07-15
LK-C02037,Budget,True,2026-07-15
LK-C02038,Loyal Plus,True,2026-07-15
LK-C02039,Convenience,True,2026-07-15
LK-C02040,Family,True,2026-07-15
LK-C02041,Budget,False,2026-07-15
LK-C02042,Loyal Plus,True,2026-07-15
LK-C02043,Convenience,True,2026-07-15
LK-C02044,Family,True,2026-07-15
LK-C02045,Budget,True,2026-07-15
LK-C02046,Loyal Plus,False,2026-07-15
LK-C02047,Convenience,True,2026-07-15
LK-C02048,Family,True,2026-07-15
LK-C02049,Budget,True,2026-07-15
LK-C02050,Loyal Plus,True,2026-07-15
LK-C02051,Convenience,False,2026-07-15
LK-C02052,Family,True,2026-07-15
LK-C02053,Budget,True,2026-07-15
LK-C02054,Loyal Plus,True,2026-07-15
LK-C02055,Convenience,True,2026-07-15
LK-C02056,Family,False,2026-07-15
LK-C02057,Budget,True,2026-07-15
LK-C02058,Loyal Plus,True,2026-07-15
LK-C02059,Convenience,True,2026-07-15
LK-C02060,Family,True,2026-07-15
LK-C02061,Budget,False,2026-07-15
LK-C02062,Loyal Plus,True,2026-07-15
LK-C02063,Convenience,True,2026-07-15
LK-C02064,Family,True,2026-07-15
LK-C02065,Budget,True,2026-07-15
LK-C02066,Loyal Plus,False,2026-07-15
LK-C02067,Convenience,True,2026-07-15
LK-C02068,Family,True,2026-07-15
LK-C02069,Budget,True,2026-07-15
LK-C02070,Loyal Plus,True,2026-07-15
LK-C02071,Convenience,False,2026-07-15
LK-C02072,Family,True,2026-07-15
LK-C02073,Budget,True,2026-07-15
LK-C02074,Loyal Plus,True,2026-07-15
LK-C02075,Convenience,True,2026-07-15
LK-C02076,Family,False,2026-07-15
LK-C02077,Budget,True,2026-07-15
LK-C02078,Loyal Plus,True,2026-07-15
LK-C02079,Convenience,True,2026-07-15
LK-C02080,Family,True,2026-07-15
LK-C02081,Budget,False,2026-07-15
LK-C02082,Loyal Plus,True,2026-07-15
LK-C02083,Convenience,True,2026-07-15
LK-C02084,Family,True,2026-07-15
LK-C02085,Budget,True,2026-07-15
LK-C02086,Loyal Plus,False,2026-07-15
LK-C02087,Convenience,True,2026-07-15
LK-C02088,Family,True,2026-07-15
LK-C02089,Budget,True,2026-07-15
LK-C02090,Loyal Plus,True,2026-07-15
LK-C02091,Convenience,False,2026-07-15
LK-C02092,Family,True,2026-07-15
LK-C02093,Budget,True,2026-07-15
LK-C02094,Loyal Plus,True,2026-07-15
LK-C02095,Convenience,True,2026-07-15
LK-C02096,Family,False,2026-07-15
LK-C02097,Budget,True,2026-07-15
LK-C02098,Loyal Plus,True,2026-07-15
LK-C02099,Convenience,True,2026-07-15
LK-C02100,Family,True,2026-07-15
LK-C02101,Budget,False,2026-07-15
LK-C02102,Loyal Plus,True,2026-07-15
LK-C02103,Convenience,True,2026-07-15
LK-C02104,Family,True,2026-07-15
LK-C02105,Budget,True,2026-07-15
LK-C02106,Loyal Plus,False,2026-07-15
LK-C02107,Convenience,True,2026-07-15
LK-C02108,Family,True,2026-07-15
LK-C02109,Budget,True,2026-07-15
LK-C02110,Loyal Plus,True,2026-07-15
LK-C02111,Convenience,False,2026-07-15
LK-C02112,Family,True,2026-07-15
LK-C02113,Budget,True,2026-07-15
LK-C02114,Loyal Plus,True,2026-07-15
LK-C02115,Convenience,True,2026-07-15
LK-C02116,Family,False,2026-07-15
LK-C02117,Budget,True,2026-07-15
LK-C02118,Loyal Plus,True,2026-07-15
LK-C02119,Convenience,True,2026-07-15
LK-C02120,Family,True,2026-07-15
LK-C02121,Budget,False,2026-07-15
LK-C02122,Loyal Plus,True,2026-07-15
LK-C02123,Convenience,True,2026-07-15
LK-C02124,Family,True,2026-07-15
LK-C02125,Budget,True,2026-07-15
LK-C02126,Loyal Plus,False,2026-07-15
LK-C02127,Convenience,True,2026-07-15
LK-C02128,Family,True,2026-07-15
LK-C02129,Budget,True,2026-07-15
LK-C02130,Loyal Plus,True,2026-07-15
LK-C02131,Convenience,False,2026-07-15
LK-C02132,Family,True,2026-07-15
LK-C02133,Budget,True,2026-07-15
LK-C02134,Loyal Plus,True,2026-07-15
LK-C02135,Convenience,True,2026-07-15
LK-C02136,Family,False,2026-07-15
LK-C02137,Budget,True,2026-07-15
LK-C02138,Loyal Plus,True,2026-07-15
LK-C02139,Convenience,True,2026-07-15
LK-C02140,Family,True,2026-07-15
LK-C02141,Budget,False,2026-07-15
LK-C02142,Loyal Plus,True,2026-07-15
LK-C02143,Convenience,True,2026-07-15
LK-C02144,Family,True,2026-07-15
LK-C02145,Budget,True,2026-07-15
LK-C02146,Loyal Plus,False,2026-07-15
LK-C02147,Convenience,True,2026-07-15
LK-C02148,Family,True,2026-07-15
LK-C02149,Budget,True,2026-07-15
LK-C02150,Loyal Plus,True,2026-07-15
LK-C02151,Convenience,False,2026-07-15
LK-C02152,Family,True,2026-07-15
LK-C02153,Budget,True,2026-07-15
LK-C02154,Loyal Plus,True,2026-07-15
LK-C02155,Convenience,True,2026-07-15
LK-C02156,Family,False,2026-07-15
LK-C02157,Budget,True,2026-07-15
LK-C02158,Loyal Plus,True,2026-07-15
LK-C02159,Convenience,True,2026-07-15
LK-C02160,Family,True,2026-07-15
LK-C02161,Budget,False,2026-07-15
LK-C02162,Loyal Plus,True,2026-07-15
LK-C02163,Convenience,True,2026-07-15
LK-C02164,Family,True,2026-07-15
LK-C02165,Budget,True,2026-07-15
LK-C02166,Loyal Plus,False,2026-07-15
LK-C02167,Convenience,True,2026-07-15
LK-C02168,Family,True,2026-07-15
LK-C02169,Budget,True,2026-07-15
LK-C02170,Loyal Plus,True,2026-07-15
LK-C02171,Convenience,False,2026-07-15
LK-C02172,Family,True,2026-07-15
LK-C02173,Budget,True,2026-07-15
LK-C02174,Loyal Plus,True,2026-07-15
LK-C02175,Convenience,True,2026-07-15
LK-C02176,Family,False,2026-07-15
LK-C02177,Budget,True,2026-07-15
LK-C02178,Loyal Plus,True,2026-07-15
LK-C02179,Convenience,True,2026-07-15
LK-C02180,Family,True,2026-07-15
LK-C02181,Budget,False,2026-07-15
LK-C02182,Loyal Plus,True,2026-07-15
LK-C02183,Convenience,True,2026-07-15
LK-C02184,Family,True,2026-07-15
LK-C02185,Budget,True,2026-07-15
LK-C02186,Loyal Plus,False,2026-07-15
LK-C02187,Convenience,True,2026-07-15
LK-C02188,Family,True,2026-07-15
LK-C02189,Budget,True,2026-07-15
LK-C02190,Loyal Plus,True,2026-07-15
LK-C02191,Convenience,False,2026-07-15
LK-C02192,Family,True,2026-07-15
LK-C02193,Budget,True,2026-07-15
LK-C02194,Loyal Plus,True,2026-07-15
LK-C02195,Convenience,True,2026-07-15
LK-C02196,Family,False,2026-07-15
LK-C02197,Budget,True,2026-07-15
LK-C02198,Loyal Plus,True,2026-07-15
LK-C02199,Convenience,True,2026-07-15
LK-C02200,Family,True,2026-07-15
LK-C02201,Budget,False,2026-07-15
LK-C02202,Loyal Plus,True,2026-07-15
LK-C02203,Convenience,True,2026-07-15
LK-C02204,Family,True,2026-07-15
LK-C02205,Budget,True,2026-07-15
LK-C02206,Loyal Plus,False,2026-07-15
LK-C02207,Convenience,True,2026-07-15
LK-C02208,Family,True,2026-07-15
LK-C02209,Budget,True,2026-07-15
LK-C02210,Loyal Plus,True,2026-07-15
LK-C02211,Convenience,False,2026-07-15
LK-C02212,Family,True,2026-07-15
LK-C02213,Budget,True,2026-07-15
LK-C02214,Loyal Plus,True,2026-07-15
LK-C02215,Convenience,True,2026-07-15
LK-C02216,Family,False,2026-07-15
LK-C02217,Budget,True,2026-07-15
LK-C02218,Loyal Plus,True,2026-07-15
LK-C02219,Convenience,True,2026-07-15
LK-C02220,Family,True,2026-07-15
LK-C02221,Budget,False,2026-07-15
LK-C02222,Loyal Plus,True,2026-07-15
LK-C02223,Convenience,True,2026-07-15
LK-C02224,Family,True,2026-07-15
LK-C02225,Budget,True,2026-07-15
LK-C02226,Loyal Plus,False,2026-07-15
LK-C02227,Convenience,True,2026-07-15
LK-C02228,Family,True,2026-07-15
LK-C02229,Budget,True,2026-07-15
LK-C02230,Loyal Plus,True,2026-07-15
LK-C02231,Convenience,False,2026-07-15
LK-C02232,Family,True,2026-07-15
LK-C02233,Budget,True,2026-07-15
LK-C02234,Loyal Plus,True,2026-07-15
LK-C02235,Convenience,True,2026-07-15
LK-C02236,Family,False,2026-07-15
LK-C02237,Budget,True,2026-07-15
LK-C02238,Loyal Plus,True,2026-07-15
LK-C02239,Convenience,True,2026-07-15
LK-C02240,Family,True,2026-07-15
LK-C02241,Budget,False,2026-07-15
LK-C02242,Loyal Plus,True,2026-07-15
LK-C02243,Convenience,True,2026-07-15
LK-C02244,Family,True,2026-07-15
LK-C02245,Budget,True,2026-07-15
LK-C02246,Loyal Plus,False,2026-07-15
LK-C02247,Convenience,True,2026-07-15
LK-C02248,Family,True,2026-07-15
LK-C02249,Budget,True,2026-07-15
LK-C02250,Loyal Plus,True,2026-07-15
LK-C02251,Convenience,False,2026-07-15
LK-C02252,Family,True,2026-07-15
LK-C02253,Budget,True,2026-07-15
LK-C02254,Loyal Plus,True,2026-07-15
LK-C02255,Convenience,True,2026-07-15
LK-C02256,Family,False,2026-07-15
LK-C02257,Budget,True,2026-07-15
LK-C02258,Loyal Plus,True,2026-07-15
LK-C02259,Convenience,True,2026-07-15
LK-C02260,Family,True,2026-07-15
LK-C02261,Budget,False,2026-07-15
LK-C02262,Loyal Plus,True,2026-07-15
LK-C02263,Convenience,True,2026-07-15
LK-C02264,Family,True,2026-07-15
LK-C02265,Budget,True,2026-07-15
LK-C02266,Loyal Plus,False,2026-07-15
LK-C02267,Convenience,True,2026-07-15
LK-C02268,Family,True,2026-07-15
LK-C02269,Budget,True,2026-07-15
LK-C02270,Loyal Plus,True,2026-07-15
LK-C02271,Convenience,False,2026-07-15
LK-C02272,Family,True,2026-07-15
LK-C02273,Budget,True,2026-07-15
LK-C02274,Loyal Plus,True,2026-07-15
LK-C02275,Convenience,True,2026-07-15
LK-C02276,Family,False,2026-07-15
LK-C02277,Budget,True,2026-07-15
LK-C02278,Loyal Plus,True,2026-07-15
LK-C02279,Convenience,True,2026-07-15
LK-C02280,Family,True,2026-07-15
LK-C02281,Budget,False,2026-07-15
LK-C02282,Loyal Plus,True,2026-07-15
LK-C02283,Convenience,True,2026-07-15
LK-C02284,Family,True,2026-07-15
LK-C02285,Budget,True,2026-07-15
LK-C02286,Loyal Plus,False,2026-07-15
LK-C02287,Convenience,True,2026-07-15
LK-C02288,Family,True,2026-07-15
LK-C02289,Budget,True,2026-07-15
LK-C02290,Loyal Plus,True,2026-07-15
LK-C02291,Convenience,False,2026-07-15
LK-C02292,Family,True,2026-07-15
LK-C02293,Budget,True,2026-07-15
LK-C02294,Loyal Plus,True,2026-07-15
LK-C02295,Convenience,True,2026-07-15
LK-C02296,Family,False,2026-07-15
LK-C02297,Budget,True,2026-07-15
LK-C02298,Loyal Plus,True,2026-07-15
LK-C02299,Convenience,True,2026-07-15
LK-C02300,Family,True,2026-07-15
LK-C02301,Budget,False,2026-07-15
LK-C02302,Loyal Plus,True,2026-07-15
LK-C02303,Convenience,True,2026-07-15
LK-C02304,Family,True,2026-07-15
LK-C02305,Budget,True,2026-07-15
LK-C02306,Loyal Plus,False,2026-07-15
LK-C02307,Convenience,True,2026-07-15
LK-C02308,Family,True,2026-07-15
LK-C02309,Budget,True,2026-07-15
LK-C02310,Loyal Plus,True,2026-07-15
LK-C02311,Convenience,False,2026-07-15
LK-C02312,Family,True,2026-07-15
LK-C02313,Budget,True,2026-07-15
LK-C02314,Loyal Plus,True,2026-07-15
LK-C02315,Convenience,True,2026-07-15
LK-C02316,Family,False,2026-07-15
LK-C02317,Budget,True,2026-07-15
LK-C02318,Loyal Plus,True,2026-07-15
LK-C02319,Convenience,True,2026-07-15
LK-C02320,Family,True,2026-07-15
LK-C02321,Budget,False,2026-07-15
LK-C02322,Loyal Plus,True,2026-07-15
LK-C02323,Convenience,True,2026-07-15
LK-C02324,Family,True,2026-07-15
LK-C02325,Budget,True,2026-07-15
LK-C02326,Loyal Plus,False,2026-07-15
LK-C02327,Convenience,True,2026-07-15
LK-C02328,Family,True,2026-07-15
LK-C02329,Budget,True,2026-07-15
LK-C02330,Loyal Plus,True,2026-07-15
LK-C02331,Convenience,False,2026-07-15
LK-C02332,Family,True,2026-07-15
LK-C02333,Budget,True,2026-07-15
LK-C02334,Loyal Plus,True,2026-07-15
LK-C02335,Convenience,True,2026-07-15
LK-C02336,Family,False,2026-07-15
LK-C02337,Budget,True,2026-07-15
LK-C02338,Loyal Plus,True,2026-07-15
LK-C02339,Convenience,True,2026-07-15
LK-C02340,Family,True,2026-07-15
LK-C02341,Budget,False,2026-07-15
LK-C02342,Loyal Plus,True,2026-07-15
LK-C02343,Convenience,True,2026-07-15
LK-C02344,Family,True,2026-07-15
LK-C02345,Budget,True,2026-07-15
LK-C02346,Loyal Plus,False,2026-07-15
LK-C02347,Convenience,True,2026-07-15
LK-C02348,Family,True,2026-07-15
LK-C02349,Budget,True,2026-07-15
LK-C02350,Loyal Plus,True,2026-07-15
LK-C02351,Convenience,False,2026-07-15
LK-C02352,Family,True,2026-07-15
LK-C02353,Budget,True,2026-07-15
LK-C02354,Loyal Plus,True,2026-07-15
LK-C02355,Convenience,True,2026-07-15
LK-C02356,Family,False,2026-07-15
LK-C02357,Budget,True,2026-07-15
LK-C02358,Loyal Plus,True,2026-07-15
LK-C02359,Convenience,True,2026-07-15
LK-C02360,Family,True,2026-07-15
LK-C02361,Budget,False,2026-07-15
LK-C02362,Loyal Plus,True,2026-07-15
LK-C02363,Convenience,True,2026-07-15
LK-C02364,Family,True,2026-07-15
LK-C02365,Budget,True,2026-07-15
LK-C02366,Loyal Plus,False,2026-07-15
LK-C02367,Convenience,True,2026-07-15
LK-C02368,Family,True,2026-07-15
LK-C02369,Budget,True,2026-07-15
LK-C02370,Loyal Plus,True,2026-07-15
LK-C02371,Convenience,False,2026-07-15
LK-C02372,Family,True,2026-07-15
LK-C02373,Budget,True,2026-07-15
LK-C02374,Loyal Plus,True,2026-07-15
LK-C02375,Convenience,True,2026-07-15
LK-C02376,Family,False,2026-07-15
LK-C02377,Budget,True,2026-07-15
LK-C02378,Loyal Plus,True,2026-07-15
LK-C02379,Convenience,True,2026-07-15
LK-C02380,Family,True,2026-07-15
LK-C02381,Budget,False,2026-07-15
LK-C02382,Loyal Plus,True,2026-07-15
LK-C02383,Convenience,True,2026-07-15
LK-C02384,Family,True,2026-07-15
LK-C02385,Budget,True,2026-07-15
LK-C02386,Loyal Plus,False,2026-07-15
LK-C02387,Convenience,True,2026-07-15
LK-C02388,Family,True,2026-07-15
LK-C02389,Budget,True,2026-07-15
LK-C02390,Loyal Plus,True,2026-07-15
LK-C02391,Convenience,False,2026-07-15
LK-C02392,Family,True,2026-07-15
LK-C02393,Budget,True,2026-07-15
LK-C02394,Loyal Plus,True,2026-07-15
LK-C02395,Convenience,True,2026-07-15
LK-C02396,Family,False,2026-07-15
LK-C02397,Budget,True,2026-07-15
LK-C02398,Loyal Plus,True,2026-07-15
LK-C02399,Convenience,True,2026-07-15
LK-C02400,Family,True,2026-07-15
LK-C02401,Budget,False,2026-07-15
LK-C02402,Loyal Plus,True,2026-07-15
LK-C02403,Convenience,True,2026-07-15
LK-C02404,Family,True,2026-07-15
LK-C02405,Budget,True,2026-07-15
LK-C02406,Loyal Plus,False,2026-07-15
LK-C02407,Convenience,True,2026-07-15
LK-C02408,Family,True,2026-07-15
LK-C02409,Budget,True,2026-07-15
LK-C02410,Loyal Plus,True,2026-07-15
LK-C02411,Convenience,False,2026-07-15
LK-C02412,Family,True,2026-07-15
LK-C02413,Budget,True,2026-07-15
LK-C02414,Loyal Plus,True,2026-07-15
LK-C02415,Convenience,True,2026-07-15
LK-C02416,Family,False,2026-07-15
LK-C02417,Budget,True,2026-07-15
LK-C02418,Loyal Plus,True,2026-07-15
LK-C02419,Convenience,True,2026-07-15
LK-C02420,Family,True,2026-07-15
LK-C02421,Budget,False,2026-07-15
LK-C02422,Loyal Plus,True,2026-07-15
LK-C02423,Convenience,True,2026-07-15
LK-C02424,Family,True,2026-07-15
LK-C02425,Budget,True,2026-07-15
LK-C02426,Loyal Plus,False,2026-07-15
LK-C02427,Convenience,True,2026-07-15
LK-C02428,Family,True,2026-07-15
LK-C02429,Budget,True,2026-07-15
LK-C02430,Loyal Plus,True,2026-07-15
LK-C02431,Convenience,False,2026-07-15
LK-C02432,Family,True,2026-07-15
LK-C02433,Budget,True,2026-07-15
LK-C02434,Loyal Plus,True,2026-07-15
LK-C02435,Convenience,True,2026-07-15
LK-C02436,Family,False,2026-07-15
LK-C02437,Budget,True,2026-07-15
LK-C02438,Loyal Plus,True,2026-07-15
LK-C02439,Convenience,True,2026-07-15
LK-C02440,Family,True,2026-07-15
LK-C02441,Budget,False,2026-07-15
LK-C02442,Loyal Plus,True,2026-07-15
LK-C02443,Convenience,True,2026-07-15
LK-C02444,Family,True,2026-07-15
LK-C02445,Budget,True,2026-07-15
LK-C02446,Loyal Plus,False,2026-07-15
LK-C02447,Convenience,True,2026-07-15
LK-C02448,Family,True,2026-07-15
LK-C02449,Budget,True,2026-07-15
LK-C02450,Loyal Plus,True,2026-07-15
LK-C02451,Convenience,False,2026-07-15
LK-C02452,Family,True,2026-07-15
LK-C02453,Budget,True,2026-07-15
LK-C02454,Loyal Plus,True,2026-07-15
LK-C02455,Convenience,True,2026-07-15
LK-C02456,Family,False,2026-07-15
LK-C02457,Budget,True,2026-07-15
LK-C02458,Loyal Plus,True,2026-07-15
LK-C02459,Convenience,True,2026-07-15
LK-C02460,Family,True,2026-07-15
LK-C02461,Budget,False,2026-07-15
LK-C02462,Loyal Plus,True,2026-07-15
LK-C02463,Convenience,True,2026-07-15
LK-C02464,Family,True,2026-07-15
LK-C02465,Budget,True,2026-07-15
LK-C02466,Loyal Plus,False,2026-07-15
LK-C02467,Convenience,True,2026-07-15
LK-C02468,Family,True,2026-07-15
LK-C02469,Budget,True,2026-07-15
LK-C02470,Loyal Plus,True,2026-07-15
LK-C02471,Convenience,False,2026-07-15
LK-C02472,Family,True,2026-07-15
LK-C02473,Budget,True,2026-07-15
LK-C02474,Loyal Plus,True,2026-07-15
LK-C02475,Convenience,True,2026-07-15
LK-C02476,Family,False,2026-07-15
LK-C02477,Budget,True,2026-07-15
LK-C02478,Loyal Plus,True,2026-07-15
LK-C02479,Convenience,True,2026-07-15
LK-C02480,Family,True,2026-07-15
LK-C02481,Budget,False,2026-07-15
LK-C02482,Loyal Plus,True,2026-07-15
LK-C02483,Convenience,True,2026-07-15
LK-C02484,Family,True,2026-07-15
LK-C02485,Budget,True,2026-07-15
LK-C02486,Loyal Plus,False,2026-07-15
LK-C02487,Convenience,True,2026-07-15
LK-C02488,Family,True,2026-07-15
LK-C02489,Budget,True,2026-07-15
LK-C02490,Loyal Plus,True,2026-07-15
LK-C02491,Convenience,False,2026-07-15
LK-C02492,Family,True,2026-07-15
LK-C02493,Budget,True,2026-07-15
LK-C02494,Loyal Plus,True,2026-07-15
LK-C02495,Convenience,True,2026-07-15
LK-C02496,Family,False,2026-07-15
LK-C02497,Budget,True,2026-07-15
LK-C02498,Loyal Plus,True,2026-07-15
LK-C02499,Convenience,True,2026-07-15
LK-C02500,Family,True,2026-07-15
LK-C02501,Budget,False,2026-07-15
LK-C02502,Loyal Plus,True,2026-07-15
LK-C02503,Convenience,True,2026-07-15
LK-C02504,Family,True,2026-07-15
LK-C02505,Budget,True,2026-07-15
LK-C02506,Loyal Plus,False,2026-07-15
LK-C02507,Convenience,True,2026-07-15
LK-C02508,Family,True,2026-07-15
LK-C02509,Budget,True,2026-07-15
LK-C02510,Loyal Plus,True,2026-07-15
LK-C02511,Convenience,False,2026-07-15
LK-C02512,Family,True,2026-07-15
LK-C02513,Budget,True,2026-07-15
LK-C02514,Loyal Plus,True,2026-07-15
LK-C02515,Convenience,True,2026-07-15
LK-C02516,Family,False,2026-07-15
LK-C02517,Budget,True,2026-07-15
LK-C02518,Loyal Plus,True,2026-07-15
LK-C02519,Convenience,True,2026-07-15
LK-C02520,Family,True,2026-07-15
LK-C02521,Budget,False,2026-07-15
LK-C02522,Loyal Plus,True,2026-07-15
LK-C02523,Convenience,True,2026-07-15
LK-C02524,Family,True,2026-07-15
LK-C02525,Budget,True,2026-07-15
LK-C02526,Loyal Plus,False,2026-07-15
LK-C02527,Convenience,True,2026-07-15
LK-C02528,Family,True,2026-07-15
LK-C02529,Budget,True,2026-07-15
LK-C02530,Loyal Plus,True,2026-07-15
LK-C02531,Convenience,False,2026-07-15
LK-C02532,Family,True,2026-07-15
LK-C02533,Budget,True,2026-07-15
LK-C02534,Loyal Plus,True,2026-07-15
LK-C02535,Convenience,True,2026-07-15
LK-C02536,Family,False,2026-07-15
LK-C02537,Budget,True,2026-07-15
LK-C02538,Loyal Plus,True,2026-07-15
LK-C02539,Convenience,True,2026-07-15
LK-C02540,Family,True,2026-07-15
LK-C02541,Budget,False,2026-07-15
LK-C02542,Loyal Plus,True,2026-07-15
LK-C02543,Convenience,True,2026-07-15
LK-C02544,Family,True,2026-07-15
LK-C02545,Budget,True,2026-07-15
LK-C02546,Loyal Plus,False,2026-07-15
LK-C02547,Convenience,True,2026-07-15
LK-C02548,Family,True,2026-07-15
LK-C02549,Budget,True,2026-07-15
LK-C02550,Loyal Plus,True,2026-07-15
LK-C02551,Convenience,False,2026-07-15
LK-C02552,Family,True,2026-07-15
LK-C02553,Budget,True,2026-07-15
LK-C02554,Loyal Plus,True,2026-07-15
LK-C02555,Convenience,True,2026-07-15
LK-C02556,Family,False,2026-07-15
LK-C02557,Budget,True,2026-07-15
LK-C02558,Loyal Plus,True,2026-07-15
LK-C02559,Convenience,True,2026-07-15
LK-C02560,Family,True,2026-07-15
LK-C02561,Budget,False,2026-07-15
LK-C02562,Loyal Plus,True,2026-07-15
LK-C02563,Convenience,True,2026-07-15
LK-C02564,Family,True,2026-07-15
LK-C02565,Budget,True,2026-07-15
LK-C02566,Loyal Plus,False,2026-07-15
LK-C02567,Convenience,True,2026-07-15
LK-C02568,Family,True,2026-07-15
LK-C02569,Budget,True,2026-07-15
LK-C02570,Loyal Plus,True,2026-07-15
LK-C02571,Convenience,False,2026-07-15
LK-C02572,Family,True,2026-07-15
LK-C02573,Budget,True,2026-07-15
LK-C02574,Loyal Plus,True,2026-07-15
LK-C02575,Convenience,True,2026-07-15
LK-C02576,Family,False,2026-07-15
LK-C02577,Budget,True,2026-07-15
LK-C02578,Loyal Plus,True,2026-07-15
LK-C02579,Convenience,True,2026-07-15
LK-C02580,Family,True,2026-07-15
LK-C02581,Budget,False,2026-07-15
LK-C02582,Loyal Plus,True,2026-07-15
LK-C02583,Convenience,True,2026-07-15
LK-C02584,Family,True,2026-07-15
LK-C02585,Budget,True,2026-07-15
LK-C02586,Loyal Plus,False,2026-07-15
LK-C02587,Convenience,True,2026-07-15
LK-C02588,Family,True,2026-07-15
LK-C02589,Budget,True,2026-07-15
LK-C02590,Loyal Plus,True,2026-07-15
LK-C02591,Convenience,False,2026-07-15
LK-C02592,Family,True,2026-07-15
LK-C02593,Budget,True,2026-07-15
LK-C02594,Loyal Plus,True,2026-07-15
LK-C02595,Convenience,True,2026-07-15
LK-C02596,Family,False,2026-07-15
LK-C02597,Budget,True,2026-07-15
LK-C02598,Loyal Plus,True,2026-07-15
LK-C02599,Convenience,True,2026-07-15
LK-C02600,Family,True,2026-07-15
LK-C02601,Budget,False,2026-07-15
LK-C02602,Loyal Plus,True,2026-07-15
LK-C02603,Convenience,True,2026-07-15
LK-C02604,Family,True,2026-07-15
LK-C02605,Budget,True,2026-07-15
LK-C02606,Loyal Plus,False,2026-07-15
LK-C02607,Convenience,True,2026-07-15
LK-C02608,Family,True,2026-07-15
LK-C02609,Budget,True,2026-07-15
LK-C02610,Loyal Plus,True,2026-07-15
LK-C02611,Convenience,False,2026-07-15
LK-C02612,Family,True,2026-07-15
LK-C02613,Budget,True,2026-07-15
LK-C02614,Loyal Plus,True,2026-07-15
LK-C02615,Convenience,True,2026-07-15
LK-C02616,Family,False,2026-07-15
LK-C02617,Budget,True,2026-07-15
LK-C02618,Loyal Plus,True,2026-07-15
LK-C02619,Convenience,True,2026-07-15
LK-C02620,Family,True,2026-07-15
LK-C02621,Budget,False,2026-07-15
LK-C02622,Loyal Plus,True,2026-07-15
LK-C02623,Convenience,True,2026-07-15
LK-C02624,Family,True,2026-07-15
LK-C02625,Budget,True,2026-07-15
LK-C02626,Loyal Plus,False,2026-07-15
LK-C02627,Convenience,True,2026-07-15
LK-C02628,Family,True,2026-07-15
LK-C02629,Budget,True,2026-07-15
LK-C02630,Loyal Plus,True,2026-07-15
LK-C02631,Convenience,False,2026-07-15
LK-C02632,Family,True,2026-07-15
LK-C02633,Budget,True,2026-07-15
LK-C02634,Loyal Plus,True,2026-07-15
LK-C02635,Convenience,True,2026-07-15
LK-C02636,Family,False,2026-07-15
LK-C02637,Budget,True,2026-07-15
LK-C02638,Loyal Plus,True,2026-07-15
LK-C02639,Convenience,True,2026-07-15
LK-C02640,Family,True,2026-07-15
LK-C02641,Budget,False,2026-07-15
LK-C02642,Loyal Plus,True,2026-07-15
LK-C02643,Convenience,True,2026-07-15
LK-C02644,Family,True,2026-07-15
LK-C02645,Budget,True,2026-07-15
LK-C02646,Loyal Plus,False,2026-07-15
LK-C02647,Convenience,True,2026-07-15
LK-C02648,Family,True,2026-07-15
LK-C02649,Budget,True,2026-07-15
LK-C02650,Loyal Plus,True,2026-07-15
LK-C02651,Convenience,False,2026-07-15
LK-C02652,Family,True,2026-07-15
LK-C02653,Budget,True,2026-07-15
LK-C02654,Loyal Plus,True,2026-07-15
LK-C02655,Convenience,True,2026-07-15
LK-C02656,Family,False,2026-07-15
LK-C02657,Budget,True,2026-07-15
LK-C02658,Loyal Plus,True,2026-07-15
LK-C02659,Convenience,True,2026-07-15
LK-C02660,Family,True,2026-07-15
LK-C02661,Budget,False,2026-07-15
LK-C02662,Loyal Plus,True,2026-07-15
LK-C02663,Convenience,True,2026-07-15
LK-C02664,Family,True,2026-07-15
LK-C02665,Budget,True,2026-07-15
LK-C02666,Loyal Plus,False,2026-07-15
LK-C02667,Convenience,True,2026-07-15
LK-C02668,Family,True,2026-07-15
LK-C02669,Budget,True,2026-07-15
LK-C02670,Loyal Plus,True,2026-07-15
LK-C02671,Convenience,False,2026-07-15
LK-C02672,Family,True,2026-07-15
LK-C02673,Budget,True,2026-07-15
LK-C02674,Loyal Plus,True,2026-07-15
LK-C02675,Convenience,True,2026-07-15
LK-C02676,Family,False,2026-07-15
LK-C02677,Budget,True,2026-07-15
LK-C02678,Loyal Plus,True,2026-07-15
LK-C02679,Convenience,True,2026-07-15
LK-C02680,Family,True,2026-07-15
LK-C02681,Budget,False,2026-07-15
LK-C02682,Loyal Plus,True,2026-07-15
LK-C02683,Convenience,True,2026-07-15
LK-C02684,Family,True,2026-07-15
LK-C02685,Budget,True,2026-07-15
LK-C02686,Loyal Plus,False,2026-07-15
LK-C02687,Convenience,True,2026-07-15
LK-C02688,Family,True,2026-07-15
LK-C02689,Budget,True,2026-07-15
LK-C02690,Loyal Plus,True,2026-07-15
LK-C02691,Convenience,False,2026-07-15
LK-C02692,Family,True,2026-07-15
LK-C02693,Budget,True,2026-07-15
LK-C02694,Loyal Plus,True,2026-07-15
LK-C02695,Convenience,True,2026-07-15
LK-C02696,Family,False,2026-07-15
LK-C02697,Budget,True,2026-07-15
LK-C02698,Loyal Plus,True,2026-07-15
LK-C02699,Convenience,True,2026-07-15
LK-C02700,Family,True,2026-07-15
LK-C02701,Budget,False,2026-07-15
LK-C02702,Loyal Plus,True,2026-07-15
LK-C02703,Convenience,True,2026-07-15
LK-C02704,Family,True,2026-07-15
LK-C02705,Budget,True,2026-07-15
LK-C02706,Loyal Plus,False,2026-07-15
LK-C02707,Convenience,True,2026-07-15
LK-C02708,Family,True,2026-07-15
LK-C02709,Budget,True,2026-07-15
LK-C02710,Loyal Plus,True,2026-07-15
LK-C02711,Convenience,False,2026-07-15
LK-C02712,Family,True,2026-07-15
LK-C02713,Budget,True,2026-07-15
LK-C02714,Loyal Plus,True,2026-07-15
LK-C02715,Convenience,True,2026-07-15
LK-C02716,Family,False,2026-07-15
LK-C02717,Budget,True,2026-07-15
LK-C02718,Loyal Plus,True,2026-07-15
LK-C02719,Convenience,True,2026-07-15
LK-C02720,Family,True,2026-07-15
LK-C02721,Budget,False,2026-07-15
LK-C02722,Loyal Plus,True,2026-07-15
LK-C02723,Convenience,True,2026-07-15
LK-C02724,Family,True,2026-07-15
LK-C02725,Budget,True,2026-07-15
LK-C02726,Loyal Plus,False,2026-07-15
LK-C02727,Convenience,True,2026-07-15
LK-C02728,Family,True,2026-07-15
LK-C02729,Budget,True,2026-07-15
LK-C02730,Loyal Plus,True,2026-07-15
LK-C02731,Convenience,False,2026-07-15
LK-C02732,Family,True,2026-07-15
LK-C02733,Budget,True,2026-07-15
LK-C02734,Loyal Plus,True,2026-07-15
LK-C02735,Convenience,True,2026-07-15
LK-C02736,Family,False,2026-07-15
LK-C02737,Budget,True,2026-07-15
LK-C02738,Loyal Plus,True,2026-07-15
LK-C02739,Convenience,True,2026-07-15
LK-C02740,Family,True,2026-07-15
LK-C02741,Budget,False,2026-07-15
LK-C02742,Loyal Plus,True,2026-07-15
LK-C02743,Convenience,True,2026-07-15
LK-C02744,Family,True,2026-07-15
LK-C02745,Budget,True,2026-07-15
LK-C02746,Loyal Plus,False,2026-07-15
LK-C02747,Convenience,True,2026-07-15
LK-C02748,Family,True,2026-07-15
LK-C02749,Budget,True,2026-07-15
LK-C02750,Loyal Plus,True,2026-07-15
LK-C02751,Convenience,False,2026-07-15
LK-C02752,Family,True,2026-07-15
LK-C02753,Budget,True,2026-07-15
LK-C02754,Loyal Plus,True,2026-07-15
LK-C02755,Convenience,True,2026-07-15
LK-C02756,Family,False,2026-07-15
LK-C02757,Budget,True,2026-07-15
LK-C02758,Loyal Plus,True,2026-07-15
LK-C02759,Convenience,True,2026-07-15
LK-C02760,Family,True,2026-07-15
LK-C02761,Budget,False,2026-07-15
LK-C02762,Loyal Plus,True,2026-07-15
LK-C02763,Convenience,True,2026-07-15
LK-C02764,Family,True,2026-07-15
LK-C02765,Budget,True,2026-07-15
LK-C02766,Loyal Plus,False,2026-07-15
LK-C02767,Convenience,True,2026-07-15
LK-C02768,Family,True,2026-07-15
LK-C02769,Budget,True,2026-07-15
LK-C02770,Loyal Plus,True,2026-07-15
LK-C02771,Convenience,False,2026-07-15
LK-C02772,Family,True,2026-07-15
LK-C02773,Budget,True,2026-07-15
LK-C02774,Loyal Plus,True,2026-07-15
LK-C02775,Convenience,True,2026-07-15
LK-C02776,Family,False,2026-07-15
LK-C02777,Budget,True,2026-07-15
LK-C02778,Loyal Plus,True,2026-07-15
LK-C02779,Convenience,True,2026-07-15
LK-C02780,Family,True,2026-07-15
LK-C02781,Budget,False,2026-07-15
LK-C02782,Loyal Plus,True,2026-07-15
LK-C02783,Convenience,True,2026-07-15
LK-C02784,Family,True,2026-07-15
LK-C02785,Budget,True,2026-07-15
LK-C02786,Loyal Plus,False,2026-07-15
LK-C02787,Convenience,True,2026-07-15
LK-C02788,Family,True,2026-07-15
LK-C02789,Budget,True,2026-07-15
LK-C02790,Loyal Plus,True,2026-07-15
LK-C02791,Convenience,False,2026-07-15
LK-C02792,Family,True,2026-07-15
LK-C02793,Budget,True,2026-07-15
LK-C02794,Loyal Plus,True,2026-07-15
LK-C02795,Convenience,True,2026-07-15
LK-C02796,Family,False,2026-07-15
LK-C02797,Budget,True,2026-07-15
LK-C02798,Loyal Plus,True,2026-07-15
LK-C02799,Convenience,True,2026-07-15
LK-C02800,Family,True,2026-07-15
LK-C02801,Budget,False,2026-07-15
LK-C02802,Loyal Plus,True,2026-07-15
LK-C02803,Convenience,True,2026-07-15
LK-C02804,Family,True,2026-07-15
LK-C02805,Budget,True,2026-07-15
LK-C02806,Loyal Plus,False,2026-07-15
LK-C02807,Convenience,True,2026-07-15
LK-C02808,Family,True,2026-07-15
LK-C02809,Budget,True,2026-07-15
LK-C02810,Loyal Plus,True,2026-07-15
LK-C02811,Convenience,False,2026-07-15
LK-C02812,Family,True,2026-07-15
LK-C02813,Budget,True,2026-07-15
LK-C02814,Loyal Plus,True,2026-07-15
LK-C02815,Convenience,True,2026-07-15
LK-C02816,Family,False,2026-07-15
LK-C02817,Budget,True,2026-07-15
LK-C02818,Loyal Plus,True,2026-07-15
LK-C02819,Convenience,True,2026-07-15
LK-C02820,Family,True,2026-07-15
LK-C02821,Budget,False,2026-07-15
LK-C02822,Loyal Plus,True,2026-07-15
LK-C02823,Convenience,True,2026-07-15
LK-C02824,Family,True,2026-07-15
LK-C02825,Budget,True,2026-07-15
LK-C02826,Loyal Plus,False,2026-07-15
LK-C02827,Convenience,True,2026-07-15
LK-C02828,Family,True,2026-07-15
LK-C02829,Budget,True,2026-07-15
LK-C02830,Loyal Plus,True,2026-07-15
LK-C02831,Convenience,False,2026-07-15
LK-C02832,Family,True,2026-07-15
LK-C02833,Budget,True,2026-07-15
LK-C02834,Loyal Plus,True,2026-07-15
LK-C02835,Convenience,True,2026-07-15
LK-C02836,Family,False,2026-07-15
LK-C02837,Budget,True,2026-07-15
LK-C02838,Loyal Plus,True,2026-07-15
LK-C02839,Convenience,True,2026-07-15
LK-C02840,Family,True,2026-07-15
LK-C02841,Budget,False,2026-07-15
LK-C02842,Loyal Plus,True,2026-07-15
LK-C02843,Convenience,True,2026-07-15
LK-C02844,Family,True,2026-07-15
LK-C02845,Budget,True,2026-07-15
LK-C02846,Loyal Plus,False,2026-07-15
LK-C02847,Convenience,True,2026-07-15
LK-C02848,Family,True,2026-07-15
LK-C02849,Budget,True,2026-07-15
LK-C02850,Loyal Plus,True,2026-07-15
LK-C02851,Convenience,False,2026-07-15
LK-C02852,Family,True,2026-07-15
LK-C02853,Budget,True,2026-07-15
LK-C02854,Loyal Plus,True,2026-07-15
LK-C02855,Convenience,True,2026-07-15
LK-C02856,Family,False,2026-07-15
LK-C02857,Budget,True,2026-07-15
LK-C02858,Loyal Plus,True,2026-07-15
LK-C02859,Convenience,True,2026-07-15
LK-C02860,Family,True,2026-07-15
LK-C02861,Budget,False,2026-07-15
LK-C02862,Loyal Plus,True,2026-07-15
LK-C02863,Convenience,True,2026-07-15
LK-C02864,Family,True,2026-07-15
LK-C02865,Budget,True,2026-07-15
LK-C02866,Loyal Plus,False,2026-07-15
LK-C02867,Convenience,True,2026-07-15
LK-C02868,Family,True,2026-07-15
LK-C02869,Budget,True,2026-07-15
LK-C02870,Loyal Plus,True,2026-07-15
LK-C02871,Convenience,False,2026-07-15
LK-C02872,Family,True,2026-07-15
LK-C02873,Budget,True,2026-07-15
LK-C02874,Loyal Plus,True,2026-07-15
LK-C02875,Convenience,True,2026-07-15
LK-C02876,Family,False,2026-07-15
LK-C02877,Budget,True,2026-07-15
LK-C02878,Loyal Plus,True,2026-07-15
LK-C02879,Convenience,True,2026-07-15
LK-C02880,Family,True,2026-07-15
LK-C02881,Budget,False,2026-07-15
LK-C02882,Loyal Plus,True,2026-07-15
LK-C02883,Convenience,True,2026-07-15
LK-C02884,Family,True,2026-07-15
LK-C02885,Budget,True,2026-07-15
LK-C02886,Loyal Plus,False,2026-07-15
LK-C02887,Convenience,True,2026-07-15
LK-C02888,Family,True,2026-07-15
LK-C02889,Budget,True,2026-07-15
LK-C02890,Loyal Plus,True,2026-07-15
LK-C02891,Convenience,False,2026-07-15
LK-C02892,Family,True,2026-07-15
LK-C02893,Budget,True,2026-07-15
LK-C02894,Loyal Plus,True,2026-07-15
LK-C02895,Convenience,True,2026-07-15
LK-C02896,Family,False,2026-07-15
LK-C02897,Budget,True,2026-07-15
LK-C02898,Loyal Plus,True,2026-07-15
LK-C02899,Convenience,True,2026-07-15
LK-C02900,Family,True,2026-07-15
LK-C02901,Budget,False,2026-07-15
LK-C02902,Loyal Plus,True,2026-07-15
LK-C02903,Convenience,True,2026-07-15
LK-C02904,Family,True,2026-07-15
LK-C02905,Budget,True,2026-07-15
LK-C02906,Loyal Plus,False,2026-07-15
LK-C02907,Convenience,True,2026-07-15
LK-C02908,Family,True,2026-07-15
LK-C02909,Budget,True,2026-07-15
LK-C02910,Loyal Plus,True,2026-07-15
LK-C02911,Convenience,False,2026-07-15
LK-C02912,Family,True,2026-07-15
LK-C02913,Budget,True,2026-07-15
LK-C02914,Loyal Plus,True,2026-07-15
LK-C02915,Convenience,True,2026-07-15
LK-C02916,Family,False,2026-07-15
LK-C02917,Budget,True,2026-07-15
LK-C02918,Loyal Plus,True,2026-07-15
LK-C02919,Convenience,True,2026-07-15
LK-C02920,Family,True,2026-07-15
LK-C02921,Budget,False,2026-07-15
LK-C02922,Loyal Plus,True,2026-07-15
LK-C02923,Convenience,True,2026-07-15
LK-C02924,Family,True,2026-07-15
LK-C02925,Budget,True,2026-07-15
LK-C02926,Loyal Plus,False,2026-07-15
LK-C02927,Convenience,True,2026-07-15
LK-C02928,Family,True,2026-07-15
LK-C02929,Budget,True,2026-07-15
LK-C02930,Loyal Plus,True,2026-07-15
LK-C02931,Convenience,False,2026-07-15
LK-C02932,Family,True,2026-07-15
LK-C02933,Budget,True,2026-07-15
LK-C02934,Loyal Plus,True,2026-07-15
LK-C02935,Convenience,True,2026-07-15
LK-C02936,Family,False,2026-07-15
LK-C02937,Budget,True,2026-07-15
LK-C02938,Loyal Plus,True,2026-07-15
LK-C02939,Convenience,True,2026-07-15
LK-C02940,Family,True,2026-07-15
LK-C02941,Budget,False,2026-07-15
LK-C02942,Loyal Plus,True,2026-07-15
LK-C02943,Convenience,True,2026-07-15
LK-C02944,Family,True,2026-07-15
LK-C02945,Budget,True,2026-07-15
LK-C02946,Loyal Plus,False,2026-07-15
LK-C02947,Convenience,True,2026-07-15
LK-C02948,Family,True,2026-07-15
LK-C02949,Budget,True,2026-07-15
LK-C02950,Loyal Plus,True,2026-07-15
LK-C02951,Convenience,False,2026-07-15
LK-C02952,Family,True,2026-07-15
LK-C02953,Budget,True,2026-07-15
LK-C02954,Loyal Plus,True,2026-07-15
LK-C02955,Convenience,True,2026-07-15
LK-C02956,Family,False,2026-07-15
LK-C02957,Budget,True,2026-07-15
LK-C02958,Loyal Plus,True,2026-07-15
LK-C02959,Convenience,True,2026-07-15
LK-C02960,Family,True,2026-07-15
LK-C02961,Budget,False,2026-07-15
LK-C02962,Loyal Plus,True,2026-07-15
LK-C02963,Convenience,True,2026-07-15
LK-C02964,Family,True,2026-07-15
LK-C02965,Budget,True,2026-07-15
LK-C02966,Loyal Plus,False,2026-07-15
LK-C02967,Convenience,True,2026-07-15
LK-C02968,Family,True,2026-07-15
LK-C02969,Budget,True,2026-07-15
LK-C02970,Loyal Plus,True,2026-07-15
LK-C02971,Convenience,False,2026-07-15
LK-C02972,Family,True,2026-07-15
LK-C02973,Budget,True,2026-07-15
LK-C02974,Loyal Plus,True,2026-07-15
LK-C02975,Convenience,True,2026-07-15
LK-C02976,Family,False,2026-07-15
LK-C02977,Budget,True,2026-07-15
LK-C02978,Loyal Plus,True,2026-07-15
LK-C02979,Convenience,True,2026-07-15
LK-C02980,Family,True,2026-07-15
LK-C02981,Budget,False,2026-07-15
LK-C02982,Loyal Plus,True,2026-07-15
LK-C02983,Convenience,True,2026-07-15
LK-C02984,Family,True,2026-07-15
LK-C02985,Budget,True,2026-07-15
LK-C02986,Loyal Plus,False,2026-07-15
LK-C02987,Convenience,True,2026-07-15
LK-C02988,Family,True,2026-07-15
LK-C02989,Budget,True,2026-07-15
LK-C02990,Loyal Plus,True,2026-07-15
LK-C02991,Convenience,False,2026-07-15
LK-C02992,Family,True,2026-07-15
LK-C02993,Budget,True,2026-07-15
LK-C02994,Loyal Plus,True,2026-07-15
LK-C02995,Convenience,True,2026-07-15
LK-C02996,Family,False,2026-07-15
LK-C02997,Budget,True,2026-07-15
LK-C02998,Loyal Plus,True,2026-07-15
LK-C02999,Convenience,True,2026-07-15
LK-C03000,Family,True,2026-07-15
LK-C03001,Budget,False,2026-07-15
LK-C03002,Loyal Plus,True,2026-07-15
LK-C03003,Convenience,True,2026-07-15
LK-C03004,Family,True,2026-07-15
LK-C03005,Budget,True,2026-07-15
LK-C03006,Loyal Plus,False,2026-07-15
LK-C03007,Convenience,True,2026-07-15
LK-C03008,Family,True,2026-07-15
LK-C03009,Budget,True,2026-07-15
LK-C03010,Loyal Plus,True,2026-07-15
LK-C03011,Convenience,False,2026-07-15
LK-C03012,Family,True,2026-07-15
LK-C03013,Budget,True,2026-07-15
LK-C03014,Loyal Plus,True,2026-07-15
LK-C03015,Convenience,True,2026-07-15
LK-C03016,Family,False,2026-07-15
LK-C03017,Budget,True,2026-07-15
LK-C03018,Loyal Plus,True,2026-07-15
LK-C03019,Convenience,True,2026-07-15
LK-C03020,Family,True,2026-07-15
LK-C03021,Budget,False,2026-07-15
LK-C03022,Loyal Plus,True,2026-07-15
LK-C03023,Convenience,True,2026-07-15
LK-C03024,Family,True,2026-07-15
LK-C03025,Budget,True,2026-07-15
LK-C03026,Loyal Plus,False,2026-07-15
LK-C03027,Convenience,True,2026-07-15
LK-C03028,Family,True,2026-07-15
LK-C03029,Budget,True,2026-07-15
LK-C03030,Loyal Plus,True,2026-07-15
LK-C03031,Convenience,False,2026-07-15
LK-C03032,Family,True,2026-07-15
LK-C03033,Budget,True,2026-07-15
LK-C03034,Loyal Plus,True,2026-07-15
LK-C03035,Convenience,True,2026-07-15
LK-C03036,Family,False,2026-07-15
LK-C03037,Budget,True,2026-07-15
LK-C03038,Loyal Plus,True,2026-07-15
LK-C03039,Convenience,True,2026-07-15
LK-C03040,Family,True,2026-07-15
LK-C03041,Budget,False,2026-07-15
LK-C03042,Loyal Plus,True,2026-07-15
LK-C03043,Convenience,True,2026-07-15
LK-C03044,Family,True,2026-07-15
LK-C03045,Budget,True,2026-07-15
LK-C03046,Loyal Plus,False,2026-07-15
LK-C03047,Convenience,True,2026-07-15
LK-C03048,Family,True,2026-07-15
LK-C03049,Budget,True,2026-07-15
LK-C03050,Loyal Plus,True,2026-07-15
LK-C03051,Convenience,False,2026-07-15
LK-C03052,Family,True,2026-07-15
LK-C03053,Budget,True,2026-07-15
LK-C03054,Loyal Plus,True,2026-07-15
LK-C03055,Convenience,True,2026-07-15
LK-C03056,Family,False,2026-07-15
LK-C03057,Budget,True,2026-07-15
LK-C03058,Loyal Plus,True,2026-07-15
LK-C03059,Convenience,True,2026-07-15
LK-C03060,Family,True,2026-07-15
LK-C03061,Budget,False,2026-07-15
LK-C03062,Loyal Plus,True,2026-07-15
LK-C03063,Convenience,True,2026-07-15
LK-C03064,Family,True,2026-07-15
LK-C03065,Budget,True,2026-07-15
LK-C03066,Loyal Plus,False,2026-07-15
LK-C03067,Convenience,True,2026-07-15
LK-C03068,Family,True,2026-07-15
LK-C03069,Budget,True,2026-07-15
LK-C03070,Loyal Plus,True,2026-07-15
LK-C03071,Convenience,False,2026-07-15
LK-C03072,Family,True,2026-07-15
LK-C03073,Budget,True,2026-07-15
LK-C03074,Loyal Plus,True,2026-07-15
LK-C03075,Convenience,True,2026-07-15
LK-C03076,Family,False,2026-07-15
LK-C03077,Budget,True,2026-07-15
LK-C03078,Loyal Plus,True,2026-07-15
LK-C03079,Convenience,True,2026-07-15
LK-C03080,Family,True,2026-07-15
LK-C03081,Budget,False,2026-07-15
LK-C03082,Loyal Plus,True,2026-07-15
LK-C03083,Convenience,True,2026-07-15
LK-C03084,Family,True,2026-07-15
LK-C03085,Budget,True,2026-07-15
LK-C03086,Loyal Plus,False,2026-07-15
LK-C03087,Convenience,True,2026-07-15
LK-C03088,Family,True,2026-07-15
LK-C03089,Budget,True,2026-07-15
LK-C03090,Loyal Plus,True,2026-07-15
LK-C03091,Convenience,False,2026-07-15
LK-C03092,Family,True,2026-07-15
LK-C03093,Budget,True,2026-07-15
LK-C03094,Loyal Plus,True,2026-07-15
LK-C03095,Convenience,True,2026-07-15
LK-C03096,Family,False,2026-07-15
LK-C03097,Budget,True,2026-07-15
LK-C03098,Loyal Plus,True,2026-07-15
LK-C03099,Convenience,True,2026-07-15
LK-C03100,Family,True,2026-07-15
LK-C03101,Budget,False,2026-07-15
LK-C03102,Loyal Plus,True,2026-07-15
LK-C03103,Convenience,True,2026-07-15
LK-C03104,Family,True,2026-07-15
LK-C03105,Budget,True,2026-07-15
LK-C03106,Loyal Plus,False,2026-07-15
LK-C03107,Convenience,True,2026-07-15
LK-C03108,Family,True,2026-07-15
LK-C03109,Budget,True,2026-07-15
LK-C03110,Loyal Plus,True,2026-07-15
LK-C03111,Convenience,False,2026-07-15
LK-C03112,Family,True,2026-07-15
LK-C03113,Budget,True,2026-07-15
LK-C03114,Loyal Plus,True,2026-07-15
LK-C03115,Convenience,True,2026-07-15
LK-C03116,Family,False,2026-07-15
LK-C03117,Budget,True,2026-07-15
LK-C03118,Loyal Plus,True,2026-07-15
LK-C03119,Convenience,True,2026-07-15
LK-C03120,Family,True,2026-07-15
LK-C03121,Budget,False,2026-07-15
LK-C03122,Loyal Plus,True,2026-07-15
LK-C03123,Convenience,True,2026-07-15
LK-C03124,Family,True,2026-07-15
LK-C03125,Budget,True,2026-07-15
LK-C03126,Loyal Plus,False,2026-07-15
LK-C03127,Convenience,True,2026-07-15
LK-C03128,Family,True,2026-07-15
LK-C03129,Budget,True,2026-07-15
LK-C03130,Loyal Plus,True,2026-07-15
LK-C03131,Convenience,False,2026-07-15
LK-C03132,Family,True,2026-07-15
LK-C03133,Budget,True,2026-07-15
LK-C03134,Loyal Plus,True,2026-07-15
LK-C03135,Convenience,True,2026-07-15
LK-C03136,Family,False,2026-07-15
LK-C03137,Budget,True,2026-07-15
LK-C03138,Loyal Plus,True,2026-07-15
LK-C03139,Convenience,True,2026-07-15
LK-C03140,Family,True,2026-07-15
LK-C03141,Budget,False,2026-07-15
LK-C03142,Loyal Plus,True,2026-07-15
LK-C03143,Convenience,True,2026-07-15
LK-C03144,Family,True,2026-07-15
LK-C03145,Budget,True,2026-07-15
LK-C03146,Loyal Plus,False,2026-07-15
LK-C03147,Convenience,True,2026-07-15
LK-C03148,Family,True,2026-07-15
LK-C03149,Budget,True,2026-07-15
LK-C03150,Loyal Plus,True,2026-07-15
LK-C03151,Convenience,False,2026-07-15
LK-C03152,Family,True,2026-07-15
LK-C03153,Budget,True,2026-07-15
LK-C03154,Loyal Plus,True,2026-07-15
LK-C03155,Convenience,True,2026-07-15
LK-C03156,Family,False,2026-07-15
LK-C03157,Budget,True,2026-07-15
LK-C03158,Loyal Plus,True,2026-07-15
LK-C03159,Convenience,True,2026-07-15
LK-C03160,Family,True,2026-07-15
LK-C03161,Budget,False,2026-07-15
LK-C03162,Loyal Plus,True,2026-07-15
LK-C03163,Convenience,True,2026-07-15
LK-C03164,Family,True,2026-07-15
LK-C03165,Budget,True,2026-07-15
LK-C03166,Loyal Plus,False,2026-07-15
LK-C03167,Convenience,True,2026-07-15
LK-C03168,Family,True,2026-07-15
LK-C03169,Budget,True,2026-07-15
LK-C03170,Loyal Plus,True,2026-07-15
LK-C03171,Convenience,False,2026-07-15
LK-C03172,Family,True,2026-07-15
LK-C03173,Budget,True,2026-07-15
LK-C03174,Loyal Plus,True,2026-07-15
LK-C03175,Convenience,True,2026-07-15
LK-C03176,Family,False,2026-07-15
LK-C03177,Budget,True,2026-07-15
LK-C03178,Loyal Plus,True,2026-07-15
LK-C03179,Convenience,True,2026-07-15
LK-C03180,Family,True,2026-07-15
LK-C03181,Budget,False,2026-07-15
LK-C03182,Loyal Plus,True,2026-07-15
LK-C03183,Convenience,True,2026-07-15
LK-C03184,Family,True,2026-07-15
LK-C03185,Budget,True,2026-07-15
LK-C03186,Loyal Plus,False,2026-07-15
LK-C03187,Convenience,True,2026-07-15
LK-C03188,Family,True,2026-07-15
LK-C03189,Budget,True,2026-07-15
LK-C03190,Loyal Plus,True,2026-07-15
LK-C03191,Convenience,False,2026-07-15
LK-C03192,Family,True,2026-07-15
LK-C03193,Budget,True,2026-07-15
LK-C03194,Loyal Plus,True,2026-07-15
LK-C03195,Convenience,True,2026-07-15
LK-C03196,Family,False,2026-07-15
LK-C03197,Budget,True,2026-07-15
LK-C03198,Loyal Plus,True,2026-07-15
LK-C03199,Convenience,True,2026-07-15
LK-C03200,Family,True,2026-07-15
LK-C03201,Budget,False,2026-07-15
LK-C03202,Loyal Plus,True,2026-07-15
LK-C03203,Convenience,True,2026-07-15
LK-C03204,Family,True,2026-07-15
LK-C03205,Budget,True,2026-07-15
LK-C03206,Loyal Plus,False,2026-07-15
LK-C03207,Convenience,True,2026-07-15
LK-C03208,Family,True,2026-07-15
LK-C03209,Budget,True,2026-07-15
LK-C03210,Loyal Plus,True,2026-07-15
LK-C03211,Convenience,False,2026-07-15
LK-C03212,Family,True,2026-07-15
LK-C03213,Budget,True,2026-07-15
LK-C03214,Loyal Plus,True,2026-07-15
LK-C03215,Convenience,True,2026-07-15
LK-C03216,Family,False,2026-07-15
LK-C03217,Budget,True,2026-07-15
LK-C03218,Loyal Plus,True,2026-07-15
LK-C03219,Convenience,True,2026-07-15
LK-C03220,Family,True,2026-07-15
LK-C03221,Budget,False,2026-07-15
LK-C03222,Loyal Plus,True,2026-07-15
LK-C03223,Convenience,True,2026-07-15
LK-C03224,Family,True,2026-07-15
LK-C03225,Budget,True,2026-07-15
LK-C03226,Loyal Plus,False,2026-07-15
LK-C03227,Convenience,True,2026-07-15
LK-C03228,Family,True,2026-07-15
LK-C03229,Budget,True,2026-07-15
LK-C03230,Loyal Plus,True,2026-07-15
LK-C03231,Convenience,False,2026-07-15
LK-C03232,Family,True,2026-07-15
LK-C03233,Budget,True,2026-07-15
LK-C03234,Loyal Plus,True,2026-07-15
LK-C03235,Convenience,True,2026-07-15
LK-C03236,Family,False,2026-07-15
LK-C03237,Budget,True,2026-07-15
LK-C03238,Loyal Plus,True,2026-07-15
LK-C03239,Convenience,True,2026-07-15
LK-C03240,Family,True,2026-07-15
LK-C03241,Budget,False,2026-07-15
LK-C03242,Loyal Plus,True,2026-07-15
LK-C03243,Convenience,True,2026-07-15
LK-C03244,Family,True,2026-07-15
LK-C03245,Budget,True,2026-07-15
LK-C03246,Loyal Plus,False,2026-07-15
LK-C03247,Convenience,True,2026-07-15
LK-C03248,Family,True,2026-07-15
LK-C03249,Budget,True,2026-07-15
LK-C03250,Loyal Plus,True,2026-07-15
LK-C03251,Convenience,False,2026-07-15
LK-C03252,Family,True,2026-07-15
LK-C03253,Budget,True,2026-07-15
LK-C03254,Loyal Plus,True,2026-07-15
LK-C03255,Convenience,True,2026-07-15
LK-C03256,Family,False,2026-07-15
LK-C03257,Budget,True,2026-07-15
LK-C03258,Loyal Plus,True,2026-07-15
LK-C03259,Convenience,True,2026-07-15
LK-C03260,Family,True,2026-07-15
LK-C03261,Budget,False,2026-07-15
LK-C03262,Loyal Plus,True,2026-07-15
LK-C03263,Convenience,True,2026-07-15
LK-C03264,Family,True,2026-07-15
LK-C03265,Budget,True,2026-07-15
LK-C03266,Loyal Plus,False,2026-07-15
LK-C03267,Convenience,True,2026-07-15
LK-C03268,Family,True,2026-07-15
LK-C03269,Budget,True,2026-07-15
LK-C03270,Loyal Plus,True,2026-07-15
LK-C03271,Convenience,False,2026-07-15
LK-C03272,Family,True,2026-07-15
LK-C03273,Budget,True,2026-07-15
LK-C03274,Loyal Plus,True,2026-07-15
LK-C03275,Convenience,True,2026-07-15
LK-C03276,Family,False,2026-07-15
LK-C03277,Budget,True,2026-07-15
LK-C03278,Loyal Plus,True,2026-07-15
LK-C03279,Convenience,True,2026-07-15
LK-C03280,Family,True,2026-07-15
LK-C03281,Budget,False,2026-07-15
LK-C03282,Loyal Plus,True,2026-07-15
LK-C03283,Convenience,True,2026-07-15
LK-C03284,Family,True,2026-07-15
LK-C03285,Budget,True,2026-07-15
LK-C03286,Loyal Plus,False,2026-07-15
LK-C03287,Convenience,True,2026-07-15
LK-C03288,Family,True,2026-07-15
LK-C03289,Budget,True,2026-07-15
LK-C03290,Loyal Plus,True,2026-07-15
LK-C03291,Convenience,False,2026-07-15
LK-C03292,Family,True,2026-07-15
LK-C03293,Budget,True,2026-07-15
LK-C03294,Loyal Plus,True,2026-07-15
LK-C03295,Convenience,True,2026-07-15
LK-C03296,Family,False,2026-07-15
LK-C03297,Budget,True,2026-07-15
LK-C03298,Loyal Plus,True,2026-07-15
LK-C03299,Convenience,True,2026-07-15
LK-C03300,Family,True,2026-07-15
LK-C03301,Budget,False,2026-07-15
LK-C03302,Loyal Plus,True,2026-07-15
LK-C03303,Convenience,True,2026-07-15
LK-C03304,Family,True,2026-07-15
LK-C03305,Budget,True,2026-07-15
LK-C03306,Loyal Plus,False,2026-07-15
LK-C03307,Convenience,True,2026-07-15
LK-C03308,Family,True,2026-07-15
LK-C03309,Budget,True,2026-07-15
LK-C03310,Loyal Plus,True,2026-07-15
LK-C03311,Convenience,False,2026-07-15
LK-C03312,Family,True,2026-07-15
LK-C03313,Budget,True,2026-07-15
LK-C03314,Loyal Plus,True,2026-07-15
LK-C03315,Convenience,True,2026-07-15
LK-C03316,Family,False,2026-07-15
LK-C03317,Budget,True,2026-07-15
LK-C03318,Loyal Plus,True,2026-07-15
LK-C03319,Convenience,True,2026-07-15
LK-C03320,Family,True,2026-07-15
LK-C03321,Budget,False,2026-07-15
LK-C03322,Loyal Plus,True,2026-07-15
LK-C03323,Convenience,True,2026-07-15
LK-C03324,Family,True,2026-07-15
LK-C03325,Budget,True,2026-07-15
LK-C03326,Loyal Plus,False,2026-07-15
LK-C03327,Convenience,True,2026-07-15
LK-C03328,Family,True,2026-07-15
LK-C03329,Budget,True,2026-07-15
LK-C03330,Loyal Plus,True,2026-07-15
LK-C03331,Convenience,False,2026-07-15
LK-C03332,Family,True,2026-07-15
LK-C03333,Budget,True,2026-07-15
LK-C03334,Loyal Plus,True,2026-07-15
LK-C03335,Convenience,True,2026-07-15
LK-C03336,Family,False,2026-07-15
LK-C03337,Budget,True,2026-07-15
LK-C03338,Loyal Plus,True,2026-07-15
LK-C03339,Convenience,True,2026-07-15
LK-C03340,Family,True,2026-07-15
LK-C03341,Budget,False,2026-07-15
LK-C03342,Loyal Plus,True,2026-07-15
LK-C03343,Convenience,True,2026-07-15
LK-C03344,Family,True,2026-07-15
LK-C03345,Budget,True,2026-07-15
LK-C03346,Loyal Plus,False,2026-07-15
LK-C03347,Convenience,True,2026-07-15
LK-C03348,Family,True,2026-07-15
LK-C03349,Budget,True,2026-07-15
LK-C03350,Loyal Plus,True,2026-07-15
LK-C03351,Convenience,False,2026-07-15
LK-C03352,Family,True,2026-07-15
LK-C03353,Budget,True,2026-07-15
LK-C03354,Loyal Plus,True,2026-07-15
LK-C03355,Convenience,True,2026-07-15
LK-C03356,Family,False,2026-07-15
LK-C03357,Budget,True,2026-07-15
LK-C03358,Loyal Plus,True,2026-07-15
LK-C03359,Convenience,True,2026-07-15
LK-C03360,Family,True,2026-07-15
LK-C03361,Budget,False,2026-07-15
LK-C03362,Loyal Plus,True,2026-07-15
LK-C03363,Convenience,True,2026-07-15
LK-C03364,Family,True,2026-07-15
LK-C03365,Budget,True,2026-07-15
LK-C03366,Loyal Plus,False,2026-07-15
LK-C03367,Convenience,True,2026-07-15
LK-C03368,Family,True,2026-07-15
LK-C03369,Budget,True,2026-07-15
LK-C03370,Loyal Plus,True,2026-07-15
LK-C03371,Convenience,False,2026-07-15
LK-C03372,Family,True,2026-07-15
LK-C03373,Budget,True,2026-07-15
LK-C03374,Loyal Plus,True,2026-07-15
LK-C03375,Convenience,True,2026-07-15
LK-C03376,Family,False,2026-07-15
LK-C03377,Budget,True,2026-07-15
LK-C03378,Loyal Plus,True,2026-07-15
LK-C03379,Convenience,True,2026-07-15
LK-C03380,Family,True,2026-07-15
LK-C03381,Budget,False,2026-07-15
LK-C03382,Loyal Plus,True,2026-07-15
LK-C03383,Convenience,True,2026-07-15
LK-C03384,Family,True,2026-07-15
LK-C03385,Budget,True,2026-07-15
LK-C03386,Loyal Plus,False,2026-07-15
LK-C03387,Convenience,True,2026-07-15
LK-C03388,Family,True,2026-07-15
LK-C03389,Budget,True,2026-07-15
LK-C03390,Loyal Plus,True,2026-07-15
LK-C03391,Convenience,False,2026-07-15
LK-C03392,Family,True,2026-07-15
LK-C03393,Budget,True,2026-07-15
LK-C03394,Loyal Plus,True,2026-07-15
LK-C03395,Convenience,True,2026-07-15
LK-C03396,Family,False,2026-07-15
LK-C03397,Budget,True,2026-07-15
LK-C03398,Loyal Plus,True,2026-07-15
LK-C03399,Convenience,True,2026-07-15
LK-C03400,Family,True,2026-07-15
LK-C03401,Budget,False,2026-07-15
LK-C03402,Loyal Plus,True,2026-07-15
LK-C03403,Convenience,True,2026-07-15
LK-C03404,Family,True,2026-07-15
LK-C03405,Budget,True,2026-07-15
LK-C03406,Loyal Plus,False,2026-07-15
LK-C03407,Convenience,True,2026-07-15
LK-C03408,Family,True,2026-07-15
LK-C03409,Budget,True,2026-07-15
LK-C03410,Loyal Plus,True,2026-07-15
LK-C03411,Convenience,False,2026-07-15
LK-C03412,Family,True,2026-07-15
LK-C03413,Budget,True,2026-07-15
LK-C03414,Loyal Plus,True,2026-07-15
LK-C03415,Convenience,True,2026-07-15
LK-C03416,Family,False,2026-07-15
LK-C03417,Budget,True,2026-07-15
LK-C03418,Loyal Plus,True,2026-07-15
LK-C03419,Convenience,True,2026-07-15
LK-C03420,Family,True,2026-07-15
LK-C03421,Budget,False,2026-07-15
LK-C03422,Loyal Plus,True,2026-07-15
LK-C03423,Convenience,True,2026-07-15
LK-C03424,Family,True,2026-07-15
LK-C03425,Budget,True,2026-07-15
LK-C03426,Loyal Plus,False,2026-07-15
LK-C03427,Convenience,True,2026-07-15
LK-C03428,Family,True,2026-07-15
LK-C03429,Budget,True,2026-07-15
LK-C03430,Loyal Plus,True,2026-07-15
LK-C03431,Convenience,False,2026-07-15
LK-C03432,Family,True,2026-07-15
LK-C03433,Budget,True,2026-07-15
LK-C03434,Loyal Plus,True,2026-07-15
LK-C03435,Convenience,True,2026-07-15
LK-C03436,Family,False,2026-07-15
LK-C03437,Budget,True,2026-07-15
LK-C03438,Loyal Plus,True,2026-07-15
LK-C03439,Convenience,True,2026-07-15
LK-C03440,Family,True,2026-07-15
LK-C03441,Budget,False,2026-07-15
LK-C03442,Loyal Plus,True,2026-07-15
LK-C03443,Convenience,True,2026-07-15
LK-C03444,Family,True,2026-07-15
LK-C03445,Budget,True,2026-07-15
LK-C03446,Loyal Plus,False,2026-07-15
LK-C03447,Convenience,True,2026-07-15
LK-C03448,Family,True,2026-07-15
LK-C03449,Budget,True,2026-07-15
LK-C03450,Loyal Plus,True,2026-07-15
LK-C03451,Convenience,False,2026-07-15
LK-C03452,Family,True,2026-07-15
LK-C03453,Budget,True,2026-07-15
LK-C03454,Loyal Plus,True,2026-07-15
LK-C03455,Convenience,True,2026-07-15
LK-C03456,Family,False,2026-07-15
LK-C03457,Budget,True,2026-07-15
LK-C03458,Loyal Plus,True,2026-07-15
LK-C03459,Convenience,True,2026-07-15
LK-C03460,Family,True,2026-07-15
LK-C03461,Budget,False,2026-07-15
LK-C03462,Loyal Plus,True,2026-07-15
LK-C03463,Convenience,True,2026-07-15
LK-C03464,Family,True,2026-07-15
LK-C03465,Budget,True,2026-07-15
LK-C03466,Loyal Plus,False,2026-07-15
LK-C03467,Convenience,True,2026-07-15
LK-C03468,Family,True,2026-07-15
LK-C03469,Budget,True,2026-07-15
LK-C03470,Loyal Plus,True,2026-07-15
LK-C03471,Convenience,False,2026-07-15
LK-C03472,Family,True,2026-07-15
LK-C03473,Budget,True,2026-07-15
LK-C03474,Loyal Plus,True,2026-07-15
LK-C03475,Convenience,True,2026-07-15
LK-C03476,Family,False,2026-07-15
LK-C03477,Budget,True,2026-07-15
LK-C03478,Loyal Plus,True,2026-07-15
LK-C03479,Convenience,True,2026-07-15
LK-C03480,Family,True,2026-07-15
LK-C03481,Budget,False,2026-07-15
LK-C03482,Loyal Plus,True,2026-07-15
LK-C03483,Convenience,True,2026-07-15
LK-C03484,Family,True,2026-07-15
LK-C03485,Budget,True,2026-07-15
LK-C03486,Loyal Plus,False,2026-07-15
LK-C03487,Convenience,True,2026-07-15
LK-C03488,Family,True,2026-07-15
LK-C03489,Budget,True,2026-07-15
LK-C03490,Loyal Plus,True,2026-07-15
LK-C03491,Convenience,False,2026-07-15
LK-C03492,Family,True,2026-07-15
LK-C03493,Budget,True,2026-07-15
LK-C03494,Loyal Plus,True,2026-07-15
LK-C03495,Convenience,True,2026-07-15
LK-C03496,Family,False,2026-07-15
LK-C03497,Budget,True,2026-07-15
LK-C03498,Loyal Plus,True,2026-07-15
LK-C03499,Convenience,True,2026-07-15
LK-C03500,Family,True,2026-07-15
LK-C03501,Budget,False,2026-07-15
LK-C03502,Loyal Plus,True,2026-07-15
LK-C03503,Convenience,True,2026-07-15
LK-C03504,Family,True,2026-07-15
LK-C03505,Budget,True,2026-07-15
LK-C03506,Loyal Plus,False,2026-07-15
LK-C03507,Convenience,True,2026-07-15
LK-C03508,Family,True,2026-07-15
LK-C03509,Budget,True,2026-07-15
LK-C03510,Loyal Plus,True,2026-07-15
LK-C03511,Convenience,False,2026-07-15
LK-C03512,Family,True,2026-07-15
LK-C03513,Budget,True,2026-07-15
LK-C03514,Loyal Plus,True,2026-07-15
LK-C03515,Convenience,True,2026-07-15
LK-C03516,Family,False,2026-07-15
LK-C03517,Budget,True,2026-07-15
LK-C03518,Loyal Plus,True,2026-07-15
LK-C03519,Convenience,True,2026-07-15
LK-C03520,Family,True,2026-07-15
LK-C03521,Budget,False,2026-07-15
LK-C03522,Loyal Plus,True,2026-07-15
LK-C03523,Convenience,True,2026-07-15
LK-C03524,Family,True,2026-07-15
LK-C03525,Budget,True,2026-07-15
LK-C03526,Loyal Plus,False,2026-07-15
LK-C03527,Convenience,True,2026-07-15
LK-C03528,Family,True,2026-07-15
LK-C03529,Budget,True,2026-07-15
LK-C03530,Loyal Plus,True,2026-07-15
LK-C03531,Convenience,False,2026-07-15
LK-C03532,Family,True,2026-07-15
LK-C03533,Budget,True,2026-07-15
LK-C03534,Loyal Plus,True,2026-07-15
LK-C03535,Convenience,True,2026-07-15
LK-C03536,Family,False,2026-07-15
LK-C03537,Budget,True,2026-07-15
LK-C03538,Loyal Plus,True,2026-07-15
LK-C03539,Convenience,True,2026-07-15
LK-C03540,Family,True,2026-07-15
LK-C03541,Budget,False,2026-07-15
LK-C03542,Loyal Plus,True,2026-07-15
LK-C03543,Convenience,True,2026-07-15
LK-C03544,Family,True,2026-07-15
LK-C03545,Budget,True,2026-07-15
LK-C03546,Loyal Plus,False,2026-07-15
LK-C03547,Convenience,True,2026-07-15
LK-C03548,Family,True,2026-07-15
LK-C03549,Budget,True,2026-07-15
LK-C03550,Loyal Plus,True,2026-07-15
LK-C03551,Convenience,False,2026-07-15
LK-C03552,Family,True,2026-07-15
LK-C03553,Budget,True,2026-07-15
LK-C03554,Loyal Plus,True,2026-07-15
LK-C03555,Convenience,True,2026-07-15
LK-C03556,Family,False,2026-07-15
LK-C03557,Budget,True,2026-07-15
LK-C03558,Loyal Plus,True,2026-07-15
LK-C03559,Convenience,True,2026-07-15
LK-C03560,Family,True,2026-07-15
LK-C03561,Budget,False,2026-07-15
LK-C03562,Loyal Plus,True,2026-07-15
LK-C03563,Convenience,True,2026-07-15
LK-C03564,Family,True,2026-07-15
LK-C03565,Budget,True,2026-07-15
LK-C03566,Loyal Plus,False,2026-07-15
LK-C03567,Convenience,True,2026-07-15
LK-C03568,Family,True,2026-07-15
LK-C03569,Budget,True,2026-07-15
LK-C03570,Loyal Plus,True,2026-07-15
LK-C03571,Convenience,False,2026-07-15
LK-C03572,Family,True,2026-07-15
LK-C03573,Budget,True,2026-07-15
LK-C03574,Loyal Plus,True,2026-07-15
LK-C03575,Convenience,True,2026-07-15
LK-C03576,Family,False,2026-07-15
LK-C03577,Budget,True,2026-07-15
LK-C03578,Loyal Plus,True,2026-07-15
LK-C03579,Convenience,True,2026-07-15
LK-C03580,Family,True,2026-07-15
LK-C03581,Budget,False,2026-07-15
LK-C03582,Loyal Plus,True,2026-07-15
LK-C03583,Convenience,True,2026-07-15
LK-C03584,Family,True,2026-07-15
LK-C03585,Budget,True,2026-07-15
LK-C03586,Loyal Plus,False,2026-07-15
LK-C03587,Convenience,True,2026-07-15
LK-C03588,Family,True,2026-07-15
LK-C03589,Budget,True,2026-07-15
LK-C03590,Loyal Plus,True,2026-07-15
LK-C03591,Convenience,False,2026-07-15
LK-C03592,Family,True,2026-07-15
LK-C03593,Budget,True,2026-07-15
LK-C03594,Loyal Plus,True,2026-07-15
LK-C03595,Convenience,True,2026-07-15
LK-C03596,Family,False,2026-07-15
LK-C03597,Budget,True,2026-07-15
LK-C03598,Loyal Plus,True,2026-07-15
LK-C03599,Convenience,True,2026-07-15
LK-C03600,Family,True,2026-07-15
LK-C03601,Budget,False,2026-07-15
LK-C03602,Loyal Plus,True,2026-07-15
LK-C03603,Convenience,True,2026-07-15
LK-C03604,Family,True,2026-07-15
LK-C03605,Budget,True,2026-07-15
LK-C03606,Loyal Plus,False,2026-07-15
LK-C03607,Convenience,True,2026-07-15
LK-C03608,Family,True,2026-07-15
LK-C03609,Budget,True,2026-07-15
LK-C03610,Loyal Plus,True,2026-07-15
LK-C03611,Convenience,False,2026-07-15
LK-C03612,Family,True,2026-07-15
LK-C03613,Budget,True,2026-07-15
LK-C03614,Loyal Plus,True,2026-07-15
LK-C03615,Convenience,True,2026-07-15
LK-C03616,Family,False,2026-07-15
LK-C03617,Budget,True,2026-07-15
LK-C03618,Loyal Plus,True,2026-07-15
LK-C03619,Convenience,True,2026-07-15
LK-C03620,Family,True,2026-07-15
LK-C03621,Budget,False,2026-07-15
LK-C03622,Loyal Plus,True,2026-07-15
LK-C03623,Convenience,True,2026-07-15
LK-C03624,Family,True,2026-07-15
LK-C03625,Budget,True,2026-07-15
LK-C03626,Loyal Plus,False,2026-07-15
LK-C03627,Convenience,True,2026-07-15
LK-C03628,Family,True,2026-07-15
LK-C03629,Budget,True,2026-07-15
LK-C03630,Loyal Plus,True,2026-07-15
LK-C03631,Convenience,False,2026-07-15
LK-C03632,Family,True,2026-07-15
LK-C03633,Budget,True,2026-07-15
LK-C03634,Loyal Plus,True,2026-07-15
LK-C03635,Convenience,True,2026-07-15
LK-C03636,Family,False,2026-07-15
LK-C03637,Budget,True,2026-07-15
LK-C03638,Loyal Plus,True,2026-07-15
LK-C03639,Convenience,True,2026-07-15
LK-C03640,Family,True,2026-07-15
LK-C03641,Budget,False,2026-07-15
LK-C03642,Loyal Plus,True,2026-07-15
LK-C03643,Convenience,True,2026-07-15
LK-C03644,Family,True,2026-07-15
LK-C03645,Budget,True,2026-07-15
LK-C03646,Loyal Plus,False,2026-07-15
LK-C03647,Convenience,True,2026-07-15
LK-C03648,Family,True,2026-07-15
LK-C03649,Budget,True,2026-07-15
LK-C03650,Loyal Plus,True,2026-07-15
LK-C03651,Convenience,False,2026-07-15
LK-C03652,Family,True,2026-07-15
LK-C03653,Budget,True,2026-07-15
LK-C03654,Loyal Plus,True,2026-07-15
LK-C03655,Convenience,True,2026-07-15
LK-C03656,Family,False,2026-07-15
LK-C03657,Budget,True,2026-07-15
LK-C03658,Loyal Plus,True,2026-07-15
LK-C03659,Convenience,True,2026-07-15
LK-C03660,Family,True,2026-07-15
LK-C03661,Budget,False,2026-07-15
LK-C03662,Loyal Plus,True,2026-07-15
LK-C03663,Convenience,True,2026-07-15
LK-C03664,Family,True,2026-07-15
LK-C03665,Budget,True,2026-07-15
LK-C03666,Loyal Plus,False,2026-07-15
LK-C03667,Convenience,True,2026-07-15
LK-C03668,Family,True,2026-07-15
LK-C03669,Budget,True,2026-07-15
LK-C03670,Loyal Plus,True,2026-07-15
LK-C03671,Convenience,False,2026-07-15
LK-C03672,Family,True,2026-07-15
LK-C03673,Budget,True,2026-07-15
LK-C03674,Loyal Plus,True,2026-07-15
LK-C03675,Convenience,True,2026-07-15
LK-C03676,Family,False,2026-07-15
LK-C03677,Budget,True,2026-07-15
LK-C03678,Loyal Plus,True,2026-07-15
LK-C03679,Convenience,True,2026-07-15
LK-C03680,Family,True,2026-07-15
LK-C03681,Budget,False,2026-07-15
LK-C03682,Loyal Plus,True,2026-07-15
LK-C03683,Convenience,True,2026-07-15
LK-C03684,Family,True,2026-07-15
LK-C03685,Budget,True,2026-07-15
LK-C03686,Loyal Plus,False,2026-07-15
LK-C03687,Convenience,True,2026-07-15
LK-C03688,Family,True,2026-07-15
LK-C03689,Budget,True,2026-07-15
LK-C03690,Loyal Plus,True,2026-07-15
LK-C03691,Convenience,False,2026-07-15
LK-C03692,Family,True,2026-07-15
LK-C03693,Budget,True,2026-07-15
LK-C03694,Loyal Plus,True,2026-07-15
LK-C03695,Convenience,True,2026-07-15
LK-C03696,Family,False,2026-07-15
LK-C03697,Budget,True,2026-07-15
LK-C03698,Loyal Plus,True,2026-07-15
LK-C03699,Convenience,True,2026-07-15
LK-C03700,Family,True,2026-07-15
LK-C03701,Budget,False,2026-07-15
LK-C03702,Loyal Plus,True,2026-07-15
LK-C03703,Convenience,True,2026-07-15
LK-C03704,Family,True,2026-07-15
LK-C03705,Budget,True,2026-07-15
LK-C03706,Loyal Plus,False,2026-07-15
LK-C03707,Convenience,True,2026-07-15
LK-C03708,Family,True,2026-07-15
LK-C03709,Budget,True,2026-07-15
LK-C03710,Loyal Plus,True,2026-07-15
LK-C03711,Convenience,False,2026-07-15
LK-C03712,Family,True,2026-07-15
LK-C03713,Budget,True,2026-07-15
LK-C03714,Loyal Plus,True,2026-07-15
LK-C03715,Convenience,True,2026-07-15
LK-C03716,Family,False,2026-07-15
LK-C03717,Budget,True,2026-07-15
LK-C03718,Loyal Plus,True,2026-07-15
LK-C03719,Convenience,True,2026-07-15
LK-C03720,Family,True,2026-07-15
LK-C03721,Budget,False,2026-07-15
LK-C03722,Loyal Plus,True,2026-07-15
LK-C03723,Convenience,True,2026-07-15
LK-C03724,Family,True,2026-07-15
LK-C03725,Budget,True,2026-07-15
LK-C03726,Loyal Plus,False,2026-07-15
LK-C03727,Convenience,True,2026-07-15
LK-C03728,Family,True,2026-07-15
LK-C03729,Budget,True,2026-07-15
LK-C03730,Loyal Plus,True,2026-07-15
LK-C03731,Convenience,False,2026-07-15
LK-C03732,Family,True,2026-07-15
LK-C03733,Budget,True,2026-07-15
LK-C03734,Loyal Plus,True,2026-07-15
LK-C03735,Convenience,True,2026-07-15
LK-C03736,Family,False,2026-07-15
LK-C03737,Budget,True,2026-07-15
LK-C03738,Loyal Plus,True,2026-07-15
LK-C03739,Convenience,True,2026-07-15
LK-C03740,Family,True,2026-07-15
LK-C03741,Budget,False,2026-07-15
LK-C03742,Loyal Plus,True,2026-07-15
LK-C03743,Convenience,True,2026-07-15
LK-C03744,Family,True,2026-07-15
LK-C03745,Budget,True,2026-07-15
LK-C03746,Loyal Plus,False,2026-07-15
LK-C03747,Convenience,True,2026-07-15
LK-C03748,Family,True,2026-07-15
LK-C03749,Budget,True,2026-07-15
LK-C03750,Loyal Plus,True,2026-07-15
LK-C03751,Convenience,False,2026-07-15
LK-C03752,Family,True,2026-07-15
LK-C03753,Budget,True,2026-07-15
LK-C03754,Loyal Plus,True,2026-07-15
LK-C03755,Convenience,True,2026-07-15
LK-C03756,Family,False,2026-07-15
LK-C03757,Budget,True,2026-07-15
LK-C03758,Loyal Plus,True,2026-07-15
LK-C03759,Convenience,True,2026-07-15
LK-C03760,Family,True,2026-07-15
LK-C03761,Budget,False,2026-07-15
LK-C03762,Loyal Plus,True,2026-07-15
LK-C03763,Convenience,True,2026-07-15
LK-C03764,Family,True,2026-07-15
LK-C03765,Budget,True,2026-07-15
LK-C03766,Loyal Plus,False,2026-07-15
LK-C03767,Convenience,True,2026-07-15
LK-C03768,Family,True,2026-07-15
LK-C03769,Budget,True,2026-07-15
LK-C03770,Loyal Plus,True,2026-07-15
LK-C03771,Convenience,False,2026-07-15
LK-C03772,Family,True,2026-07-15
LK-C03773,Budget,True,2026-07-15
LK-C03774,Loyal Plus,True,2026-07-15
LK-C03775,Convenience,True,2026-07-15
LK-C03776,Family,False,2026-07-15
LK-C03777,Budget,True,2026-07-15
LK-C03778,Loyal Plus,True,2026-07-15
LK-C03779,Convenience,True,2026-07-15
LK-C03780,Family,True,2026-07-15
LK-C03781,Budget,False,2026-07-15
LK-C03782,Loyal Plus,True,2026-07-15
LK-C03783,Convenience,True,2026-07-15
LK-C03784,Family,True,2026-07-15
LK-C03785,Budget,True,2026-07-15
LK-C03786,Loyal Plus,False,2026-07-15
LK-C03787,Convenience,True,2026-07-15
LK-C03788,Family,True,2026-07-15
LK-C03789,Budget,True,2026-07-15
LK-C03790,Loyal Plus,True,2026-07-15
LK-C03791,Convenience,False,2026-07-15
LK-C03792,Family,True,2026-07-15
LK-C03793,Budget,True,2026-07-15
LK-C03794,Loyal Plus,True,2026-07-15
LK-C03795,Convenience,True,2026-07-15
LK-C03796,Family,False,2026-07-15
LK-C03797,Budget,True,2026-07-15
LK-C03798,Loyal Plus,True,2026-07-15
LK-C03799,Convenience,True,2026-07-15
LK-C03800,Family,True,2026-07-15
LK-C03801,Budget,False,2026-07-15
LK-C03802,Loyal Plus,True,2026-07-15
LK-C03803,Convenience,True,2026-07-15
LK-C03804,Family,True,2026-07-15
LK-C03805,Budget,True,2026-07-15
LK-C03806,Loyal Plus,False,2026-07-15
LK-C03807,Convenience,True,2026-07-15
LK-C03808,Family,True,2026-07-15
LK-C03809,Budget,True,2026-07-15
LK-C03810,Loyal Plus,True,2026-07-15
LK-C03811,Convenience,False,2026-07-15
LK-C03812,Family,True,2026-07-15
LK-C03813,Budget,True,2026-07-15
LK-C03814,Loyal Plus,True,2026-07-15
LK-C03815,Convenience,True,2026-07-15
LK-C03816,Family,False,2026-07-15
LK-C03817,Budget,True,2026-07-15
LK-C03818,Loyal Plus,True,2026-07-15
LK-C03819,Convenience,True,2026-07-15
LK-C03820,Family,True,2026-07-15
LK-C03821,Budget,False,2026-07-15
LK-C03822,Loyal Plus,True,2026-07-15
LK-C03823,Convenience,True,2026-07-15
LK-C03824,Family,True,2026-07-15
LK-C03825,Budget,True,2026-07-15
LK-C03826,Loyal Plus,False,2026-07-15
LK-C03827,Convenience,True,2026-07-15
LK-C03828,Family,True,2026-07-15
LK-C03829,Budget,True,2026-07-15
LK-C03830,Loyal Plus,True,2026-07-15
LK-C03831,Convenience,False,2026-07-15
LK-C03832,Family,True,2026-07-15
LK-C03833,Budget,True,2026-07-15
LK-C03834,Loyal Plus,True,2026-07-15
LK-C03835,Convenience,True,2026-07-15
LK-C03836,Family,False,2026-07-15
LK-C03837,Budget,True,2026-07-15
LK-C03838,Loyal Plus,True,2026-07-15
LK-C03839,Convenience,True,2026-07-15
LK-C03840,Family,True,2026-07-15
LK-C03841,Budget,False,2026-07-15
LK-C03842,Loyal Plus,True,2026-07-15
LK-C03843,Convenience,True,2026-07-15
LK-C03844,Family,True,2026-07-15
LK-C03845,Budget,True,2026-07-15
LK-C03846,Loyal Plus,False,2026-07-15
LK-C03847,Convenience,True,2026-07-15
LK-C03848,Family,True,2026-07-15
LK-C03849,Budget,True,2026-07-15
LK-C03850,Loyal Plus,True,2026-07-15
LK-C03851,Convenience,False,2026-07-15
LK-C03852,Family,True,2026-07-15
LK-C03853,Budget,True,2026-07-15
LK-C03854,Loyal Plus,True,2026-07-15
LK-C03855,Convenience,True,2026-07-15
LK-C03856,Family,False,2026-07-15
LK-C03857,Budget,True,2026-07-15
LK-C03858,Loyal Plus,True,2026-07-15
LK-C03859,Convenience,True,2026-07-15
LK-C03860,Family,True,2026-07-15
LK-C03861,Budget,False,2026-07-15
LK-C03862,Loyal Plus,True,2026-07-15
LK-C03863,Convenience,True,2026-07-15
LK-C03864,Family,True,2026-07-15
LK-C03865,Budget,True,2026-07-15
LK-C03866,Loyal Plus,False,2026-07-15
LK-C03867,Convenience,True,2026-07-15
LK-C03868,Family,True,2026-07-15
LK-C03869,Budget,True,2026-07-15
LK-C03870,Loyal Plus,True,2026-07-15
LK-C03871,Convenience,False,2026-07-15
LK-C03872,Family,True,2026-07-15
LK-C03873,Budget,True,2026-07-15
LK-C03874,Loyal Plus,True,2026-07-15
LK-C03875,Convenience,True,2026-07-15
LK-C03876,Family,False,2026-07-15
LK-C03877,Budget,True,2026-07-15
LK-C03878,Loyal Plus,True,2026-07-15
LK-C03879,Convenience,True,2026-07-15
LK-C03880,Family,True,2026-07-15
LK-C03881,Budget,False,2026-07-15
LK-C03882,Loyal Plus,True,2026-07-15
LK-C03883,Convenience,True,2026-07-15
LK-C03884,Family,True,2026-07-15
LK-C03885,Budget,True,2026-07-15
LK-C03886,Loyal Plus,False,2026-07-15
LK-C03887,Convenience,True,2026-07-15
LK-C03888,Family,True,2026-07-15
LK-C03889,Budget,True,2026-07-15
LK-C03890,Loyal Plus,True,2026-07-15
LK-C03891,Convenience,False,2026-07-15
LK-C03892,Family,True,2026-07-15
LK-C03893,Budget,True,2026-07-15
LK-C03894,Loyal Plus,True,2026-07-15
LK-C03895,Convenience,True,2026-07-15
LK-C03896,Family,False,2026-07-15
LK-C03897,Budget,True,2026-07-15
LK-C03898,Loyal Plus,True,2026-07-15
LK-C03899,Convenience,True,2026-07-15
LK-C03900,Family,True,2026-07-15
LK-C03901,Budget,False,2026-07-15
LK-C03902,Loyal Plus,True,2026-07-15
LK-C03903,Convenience,True,2026-07-15
LK-C03904,Family,True,2026-07-15
LK-C03905,Budget,True,2026-07-15
LK-C03906,Loyal Plus,False,2026-07-15
LK-C03907,Convenience,True,2026-07-15
LK-C03908,Family,True,2026-07-15
LK-C03909,Budget,True,2026-07-15
LK-C03910,Loyal Plus,True,2026-07-15
LK-C03911,Convenience,False,2026-07-15
LK-C03912,Family,True,2026-07-15
LK-C03913,Budget,True,2026-07-15
LK-C03914,Loyal Plus,True,2026-07-15
LK-C03915,Convenience,True,2026-07-15
LK-C03916,Family,False,2026-07-15
LK-C03917,Budget,True,2026-07-15
LK-C03918,Loyal Plus,True,2026-07-15
LK-C03919,Convenience,True,2026-07-15
LK-C03920,Family,True,2026-07-15
LK-C03921,Budget,False,2026-07-15
LK-C03922,Loyal Plus,True,2026-07-15
LK-C03923,Convenience,True,2026-07-15
LK-C03924,Family,True,2026-07-15
LK-C03925,Budget,True,2026-07-15
LK-C03926,Loyal Plus,False,2026-07-15
LK-C03927,Convenience,True,2026-07-15
LK-C03928,Family,True,2026-07-15
LK-C03929,Budget,True,2026-07-15
LK-C03930,Loyal Plus,True,2026-07-15
LK-C03931,Convenience,False,2026-07-15
LK-C03932,Family,True,2026-07-15
LK-C03933,Budget,True,2026-07-15
LK-C03934,Loyal Plus,True,2026-07-15
LK-C03935,Convenience,True,2026-07-15
LK-C03936,Family,False,2026-07-15
LK-C03937,Budget,True,2026-07-15
LK-C03938,Loyal Plus,True,2026-07-15
LK-C03939,Convenience,True,2026-07-15
LK-C03940,Family,True,2026-07-15
LK-C03941,Budget,False,2026-07-15
LK-C03942,Loyal Plus,True,2026-07-15
LK-C03943,Convenience,True,2026-07-15
LK-C03944,Family,True,2026-07-15
LK-C03945,Budget,True,2026-07-15
LK-C03946,Loyal Plus,False,2026-07-15
LK-C03947,Convenience,True,2026-07-15
LK-C03948,Family,True,2026-07-15
LK-C03949,Budget,True,2026-07-15
LK-C03950,Loyal Plus,True,2026-07-15
LK-C03951,Convenience,False,2026-07-15
LK-C03952,Family,True,2026-07-15
LK-C03953,Budget,True,2026-07-15
LK-C03954,Loyal Plus,True,2026-07-15
LK-C03955,Convenience,True,2026-07-15
LK-C03956,Family,False,2026-07-15
LK-C03957,Budget,True,2026-07-15
LK-C03958,Loyal Plus,True,2026-07-15
LK-C03959,Convenience,True,2026-07-15
LK-C03960,Family,True,2026-07-15
LK-C03961,Budget,False,2026-07-15
LK-C03962,Loyal Plus,True,2026-07-15
LK-C03963,Convenience,True,2026-07-15
LK-C03964,Family,True,2026-07-15
LK-C03965,Budget,True,2026-07-15
LK-C03966,Loyal Plus,False,2026-07-15
LK-C03967,Convenience,True,2026-07-15
LK-C03968,Family,True,2026-07-15
LK-C03969,Budget,True,2026-07-15
LK-C03970,Loyal Plus,True,2026-07-15
LK-C03971,Convenience,False,2026-07-15
LK-C03972,Family,True,2026-07-15
LK-C03973,Budget,True,2026-07-15
LK-C03974,Loyal Plus,True,2026-07-15
LK-C03975,Convenience,True,2026-07-15
LK-C03976,Family,False,2026-07-15
LK-C03977,Budget,True,2026-07-15
LK-C03978,Loyal Plus,True,2026-07-15
LK-C03979,Convenience,True,2026-07-15
LK-C03980,Family,True,2026-07-15
LK-C03981,Budget,False,2026-07-15
LK-C03982,Loyal Plus,True,2026-07-15
LK-C03983,Convenience,True,2026-07-15
LK-C03984,Family,True,2026-07-15
LK-C03985,Budget,True,2026-07-15
LK-C03986,Loyal Plus,False,2026-07-15
LK-C03987,Convenience,True,2026-07-15
LK-C03988,Family,True,2026-07-15
LK-C03989,Budget,True,2026-07-15
LK-C03990,Loyal Plus,True,2026-07-15
LK-C03991,Convenience,False,2026-07-15
LK-C03992,Family,True,2026-07-15
LK-C03993,Budget,True,2026-07-15
LK-C03994,Loyal Plus,True,2026-07-15
LK-C03995,Convenience,True,2026-07-15
LK-C03996,Family,False,2026-07-15
LK-C03997,Budget,True,2026-07-15
LK-C03998,Loyal Plus,True,2026-07-15
LK-C03999,Convenience,True,2026-07-15
LK-C04000,Family,True,2026-07-15
LK-C04001,Budget,False,2026-07-15
LK-C04002,Loyal Plus,True,2026-07-15
LK-C04003,Convenience,True,2026-07-15
LK-C04004,Family,True,2026-07-15
LK-C04005,Budget,True,2026-07-15
LK-C04006,Loyal Plus,False,2026-07-15
LK-C04007,Convenience,True,2026-07-15
LK-C04008,Family,True,2026-07-15
LK-C04009,Budget,True,2026-07-15
LK-C04010,Loyal Plus,True,2026-07-15
LK-C04011,Convenience,False,2026-07-15
LK-C04012,Family,True,2026-07-15
LK-C04013,Budget,True,2026-07-15
LK-C04014,Loyal Plus,True,2026-07-15
LK-C04015,Convenience,True,2026-07-15
LK-C04016,Family,False,2026-07-15
LK-C04017,Budget,True,2026-07-15
LK-C04018,Loyal Plus,True,2026-07-15
LK-C04019,Convenience,True,2026-07-15
LK-C04020,Family,True,2026-07-15
LK-C04021,Budget,False,2026-07-15
LK-C04022,Loyal Plus,True,2026-07-15
LK-C04023,Convenience,True,2026-07-15
LK-C04024,Family,True,2026-07-15
LK-C04025,Budget,True,2026-07-15
LK-C04026,Loyal Plus,False,2026-07-15
LK-C04027,Convenience,True,2026-07-15
LK-C04028,Family,True,2026-07-15
LK-C04029,Budget,True,2026-07-15
LK-C04030,Loyal Plus,True,2026-07-15
LK-C04031,Convenience,False,2026-07-15
LK-C04032,Family,True,2026-07-15
LK-C04033,Budget,True,2026-07-15
LK-C04034,Loyal Plus,True,2026-07-15
LK-C04035,Convenience,True,2026-07-15
LK-C04036,Family,False,2026-07-15
LK-C04037,Budget,True,2026-07-15
LK-C04038,Loyal Plus,True,2026-07-15
LK-C04039,Convenience,True,2026-07-15
LK-C04040,Family,True,2026-07-15
LK-C04041,Budget,False,2026-07-15
LK-C04042,Loyal Plus,True,2026-07-15
LK-C04043,Convenience,True,2026-07-15
LK-C04044,Family,True,2026-07-15
LK-C04045,Budget,True,2026-07-15
LK-C04046,Loyal Plus,False,2026-07-15
LK-C04047,Convenience,True,2026-07-15
LK-C04048,Family,True,2026-07-15
LK-C04049,Budget,True,2026-07-15
LK-C04050,Loyal Plus,True,2026-07-15
LK-C04051,Convenience,False,2026-07-15
LK-C04052,Family,True,2026-07-15
LK-C04053,Budget,True,2026-07-15
LK-C04054,Loyal Plus,True,2026-07-15
LK-C04055,Convenience,True,2026-07-15
LK-C04056,Family,False,2026-07-15
LK-C04057,Budget,True,2026-07-15
LK-C04058,Loyal Plus,True,2026-07-15
LK-C04059,Convenience,True,2026-07-15
LK-C04060,Family,True,2026-07-15
