account_id,customer_id,opening_points,marketing_consent,consent_source,consent_at
LK-L00001,LK-C00001,0,False,SIMULATED app enrolment,2026-01-10
LK-L00002,LK-C00002,37,True,SIMULATED app enrolment,2026-01-10
LK-L00003,LK-C00003,74,True,SIMULATED app enrolment,2026-01-10
LK-L00004,LK-C00004,111,True,SIMULATED app enrolment,2026-01-10
LK-L00005,LK-C00005,148,True,SIMULATED app enrolment,2026-01-10
LK-L00006,LK-C00006,185,False,SIMULATED app enrolment,2026-01-10
LK-L00007,LK-C00007,222,True,SIMULATED app enrolment,2026-01-10
LK-L00008,LK-C00008,259,True,SIMULATED app enrolment,2026-01-10
LK-L00009,LK-C00009,296,True,SIMULATED app enrolment,2026-01-10
LK-L00010,LK-C00010,333,True,SIMULATED app enrolment,2026-01-10
LK-L00011,LK-C00011,370,False,SIMULATED app enrolment,2026-01-10
LK-L00012,LK-C00012,407,True,SIMULATED app enrolment,2026-01-10
LK-L00013,LK-C00013,444,True,SIMULATED app enrolment,2026-01-10
LK-L00014,LK-C00014,481,True,SIMULATED app enrolment,2026-01-10
LK-L00015,LK-C00015,18,True,SIMULATED app enrolment,2026-01-10
LK-L00016,LK-C00016,55,False,SIMULATED app enrolment,2026-01-10
LK-L00017,LK-C00017,92,True,SIMULATED app enrolment,2026-01-10
LK-L00018,LK-C00018,129,True,SIMULATED app enrolment,2026-01-10
LK-L00019,LK-C00019,166,True,SIMULATED app enrolment,2026-01-10
LK-L00020,LK-C00020,203,True,SIMULATED app enrolment,2026-01-10
LK-L00021,LK-C00021,240,False,SIMULATED app enrolment,2026-01-10
LK-L00022,LK-C00022,277,True,SIMULATED app enrolment,2026-01-10
LK-L00023,LK-C00023,314,True,SIMULATED app enrolment,2026-01-10
LK-L00024,LK-C00024,351,True,SIMULATED app enrolment,2026-01-10
LK-L00025,LK-C00025,388,True,SIMULATED app enrolment,2026-01-10
LK-L00026,LK-C00026,425,False,SIMULATED app enrolment,2026-01-10
LK-L00027,LK-C00027,462,True,SIMULATED app enrolment,2026-01-10
LK-L00028,LK-C00028,499,True,SIMULATED app enrolment,2026-01-10
LK-L00029,LK-C00029,36,True,SIMULATED app enrolment,2026-01-10
LK-L00030,LK-C00030,73,True,SIMULATED app enrolment,2026-01-10
LK-L00031,LK-C00031,110,False,SIMULATED app enrolment,2026-01-10
LK-L00032,LK-C00032,147,True,SIMULATED app enrolment,2026-01-10
LK-L00033,LK-C00033,184,True,SIMULATED app enrolment,2026-01-10
LK-L00034,LK-C00034,221,True,SIMULATED app enrolment,2026-01-10
LK-L00035,LK-C00035,258,True,SIMULATED app enrolment,2026-01-10
LK-L00036,LK-C00036,295,False,SIMULATED app enrolment,2026-01-10
LK-L00037,LK-C00037,332,True,SIMULATED app enrolment,2026-01-10
LK-L00038,LK-C00038,369,True,SIMULATED app enrolment,2026-01-10
LK-L00039,LK-C00039,406,True,SIMULATED app enrolment,2026-01-10
LK-L00040,LK-C00040,443,True,SIMULATED app enrolment,2026-01-10
LK-L00041,LK-C00041,480,False,SIMULATED app enrolment,2026-01-10
LK-L00042,LK-C00042,17,True,SIMULATED app enrolment,2026-01-10
LK-L00043,LK-C00043,54,True,SIMULATED app enrolment,2026-01-10
LK-L00044,LK-C00044,91,True,SIMULATED app enrolment,2026-01-10
LK-L00045,LK-C00045,128,True,SIMULATED app enrolment,2026-01-10
LK-L00046,LK-C00046,165,False,SIMULATED app enrolment,2026-01-10
LK-L00047,LK-C00047,202,True,SIMULATED app enrolment,2026-01-10
LK-L00048,LK-C00048,239,True,SIMULATED app enrolment,2026-01-10
LK-L00049,LK-C00049,276,True,SIMULATED app enrolment,2026-01-10
LK-L00050,LK-C00050,313,True,SIMULATED app enrolment,2026-01-10
LK-L00051,LK-C00051,350,False,SIMULATED app enrolment,2026-01-10
LK-L00052,LK-C00052,387,True,SIMULATED app enrolment,2026-01-10
LK-L00053,LK-C00053,424,True,SIMULATED app enrolment,2026-01-10
LK-L00054,LK-C00054,461,True,SIMULATED app enrolment,2026-01-10
LK-L00055,LK-C00055,498,True,SIMULATED app enrolment,2026-01-10
LK-L00056,LK-C00056,35,False,SIMULATED app enrolment,2026-01-10
LK-L00057,LK-C00057,72,True,SIMULATED app enrolment,2026-01-10
LK-L00058,LK-C00058,109,True,SIMULATED app enrolment,2026-01-10
LK-L00059,LK-C00059,146,True,SIMULATED app enrolment,2026-01-10
LK-L00060,LK-C00060,183,True,SIMULATED app enrolment,2026-01-10
LK-L00061,LK-C00061,220,False,SIMULATED app enrolment,2026-01-10
LK-L00062,LK-C00062,257,True,SIMULATED app enrolment,2026-01-10
LK-L00063,LK-C00063,294,True,SIMULATED app enrolment,2026-01-10
LK-L00064,LK-C00064,331,True,SIMULATED app enrolment,2026-01-10
LK-L00065,LK-C00065,368,True,SIMULATED app enrolment,2026-01-10
LK-L00066,LK-C00066,405,False,SIMULATED app enrolment,2026-01-10
LK-L00067,LK-C00067,442,True,SIMULATED app enrolment,2026-01-10
LK-L00068,LK-C00068,479,True,SIMULATED app enrolment,2026-01-10
LK-L00069,LK-C00069,16,True,SIMULATED app enrolment,2026-01-10
LK-L00070,LK-C00070,53,True,SIMULATED app enrolment,2026-01-10
LK-L00071,LK-C00071,90,False,SIMULATED app enrolment,2026-01-10
LK-L00072,LK-C00072,127,True,SIMULATED app enrolment,2026-01-10
LK-L00073,LK-C00073,164,True,SIMULATED app enrolment,2026-01-10
LK-L00074,LK-C00074,201,True,SIMULATED app enrolment,2026-01-10
LK-L00075,LK-C00075,238,True,SIMULATED app enrolment,2026-01-10
LK-L00076,LK-C00076,275,False,SIMULATED app enrolment,2026-01-10
LK-L00077,LK-C00077,312,True,SIMULATED app enrolment,2026-01-10
LK-L00078,LK-C00078,349,True,SIMULATED app enrolment,2026-01-10
LK-L00079,LK-C00079,386,True,SIMULATED app enrolment,2026-01-10
LK-L00080,LK-C00080,423,True,SIMULATED app enrolment,2026-01-10
LK-L00081,LK-C00081,460,False,SIMULATED app enrolment,2026-01-10
LK-L00082,LK-C00082,497,True,SIMULATED app enrolment,2026-01-10
LK-L00083,LK-C00083,34,True,SIMULATED app enrolment,2026-01-10
LK-L00084,LK-C00084,71,True,SIMULATED app enrolment,2026-01-10
LK-L00085,LK-C00085,108,True,SIMULATED app enrolment,2026-01-10
LK-L00086,LK-C00086,145,False,SIMULATED app enrolment,2026-01-10
LK-L00087,LK-C00087,182,True,SIMULATED app enrolment,2026-01-10
LK-L00088,LK-C00088,219,True,SIMULATED app enrolment,2026-01-10
LK-L00089,LK-C00089,256,True,SIMULATED app enrolment,2026-01-10
LK-L00090,LK-C00090,293,True,SIMULATED app enrolment,2026-01-10
LK-L00091,LK-C00091,330,False,SIMULATED app enrolment,2026-01-10
LK-L00092,LK-C00092,367,True,SIMULATED app enrolment,2026-01-10
LK-L00093,LK-C00093,404,True,SIMULATED app enrolment,2026-01-10
LK-L00094,LK-C00094,441,True,SIMULATED app enrolment,2026-01-10
LK-L00095,LK-C00095,478,True,SIMULATED app enrolment,2026-01-10
LK-L00096,LK-C00096,15,False,SIMULATED app enrolment,2026-01-10
LK-L00097,LK-C00097,52,True,SIMULATED app enrolment,2026-01-10
LK-L00098,LK-C00098,89,True,SIMULATED app enrolment,2026-01-10
LK-L00099,LK-C00099,126,True,SIMULATED app enrolment,2026-01-10
LK-L00100,LK-C00100,163,True,SIMULATED app enrolment,2026-01-10
LK-L00101,LK-C00101,200,False,SIMULATED app enrolment,2026-01-10
LK-L00102,LK-C00102,237,True,SIMULATED app enrolment,2026-01-10
LK-L00103,LK-C00103,274,True,SIMULATED app enrolment,2026-01-10
LK-L00104,LK-C00104,311,True,SIMULATED app enrolment,2026-01-10
LK-L00105,LK-C00105,348,True,SIMULATED app enrolment,2026-01-10
LK-L00106,LK-C00106,385,False,SIMULATED app enrolment,2026-01-10
LK-L00107,LK-C00107,422,True,SIMULATED app enrolment,2026-01-10
LK-L00108,LK-C00108,459,True,SIMULATED app enrolment,2026-01-10
LK-L00109,LK-C00109,496,True,SIMULATED app enrolment,2026-01-10
LK-L00110,LK-C00110,33,True,SIMULATED app enrolment,2026-01-10
LK-L00111,LK-C00111,70,False,SIMULATED app enrolment,2026-01-10
LK-L00112,LK-C00112,107,True,SIMULATED app enrolment,2026-01-10
LK-L00113,LK-C00113,144,True,SIMULATED app enrolment,2026-01-10
LK-L00114,LK-C00114,181,True,SIMULATED app enrolment,2026-01-10
LK-L00115,LK-C00115,218,True,SIMULATED app enrolment,2026-01-10
LK-L00116,LK-C00116,255,False,SIMULATED app enrolment,2026-01-10
LK-L00117,LK-C00117,292,True,SIMULATED app enrolment,2026-01-10
LK-L00118,LK-C00118,329,True,SIMULATED app enrolment,2026-01-10
LK-L00119,LK-C00119,366,True,SIMULATED app enrolment,2026-01-10
LK-L00120,LK-C00120,403,True,SIMULATED app enrolment,2026-01-10
LK-L00121,LK-C00121,440,False,SIMULATED app enrolment,2026-01-10
LK-L00122,LK-C00122,477,True,SIMULATED app enrolment,2026-01-10
LK-L00123,LK-C00123,14,True,SIMULATED app enrolment,2026-01-10
LK-L00124,LK-C00124,51,True,SIMULATED app enrolment,2026-01-10
LK-L00125,LK-C00125,88,True,SIMULATED app enrolment,2026-01-10
LK-L00126,LK-C00126,125,False,SIMULATED app enrolment,2026-01-10
LK-L00127,LK-C00127,162,True,SIMULATED app enrolment,2026-01-10
LK-L00128,LK-C00128,199,True,SIMULATED app enrolment,2026-01-10
LK-L00129,LK-C00129,236,True,SIMULATED app enrolment,2026-01-10
LK-L00130,LK-C00130,273,True,SIMULATED app enrolment,2026-01-10
LK-L00131,LK-C00131,310,False,SIMULATED app enrolment,2026-01-10
LK-L00132,LK-C00132,347,True,SIMULATED app enrolment,2026-01-10
LK-L00133,LK-C00133,384,True,SIMULATED app enrolment,2026-01-10
LK-L00134,LK-C00134,421,True,SIMULATED app enrolment,2026-01-10
LK-L00135,LK-C00135,458,True,SIMULATED app enrolment,2026-01-10
LK-L00136,LK-C00136,495,False,SIMULATED app enrolment,2026-01-10
LK-L00137,LK-C00137,32,True,SIMULATED app enrolment,2026-01-10
LK-L00138,LK-C00138,69,True,SIMULATED app enrolment,2026-01-10
LK-L00139,LK-C00139,106,True,SIMULATED app enrolment,2026-01-10
LK-L00140,LK-C00140,143,True,SIMULATED app enrolment,2026-01-10
LK-L00141,LK-C00141,180,False,SIMULATED app enrolment,2026-01-10
LK-L00142,LK-C00142,217,True,SIMULATED app enrolment,2026-01-10
LK-L00143,LK-C00143,254,True,SIMULATED app enrolment,2026-01-10
LK-L00144,LK-C00144,291,True,SIMULATED app enrolment,2026-01-10
LK-L00145,LK-C00145,328,True,SIMULATED app enrolment,2026-01-10
LK-L00146,LK-C00146,365,False,SIMULATED app enrolment,2026-01-10
LK-L00147,LK-C00147,402,True,SIMULATED app enrolment,2026-01-10
LK-L00148,LK-C00148,439,True,SIMULATED app enrolment,2026-01-10
LK-L00149,LK-C00149,476,True,SIMULATED app enrolment,2026-01-10
LK-L00150,LK-C00150,13,True,SIMULATED app enrolment,2026-01-10
LK-L00151,LK-C00151,50,False,SIMULATED app enrolment,2026-01-10
LK-L00152,LK-C00152,87,True,SIMULATED app enrolment,2026-01-10
LK-L00153,LK-C00153,124,True,SIMULATED app enrolment,2026-01-10
LK-L00154,LK-C00154,161,True,SIMULATED app enrolment,2026-01-10
LK-L00155,LK-C00155,198,True,SIMULATED app enrolment,2026-01-10
LK-L00156,LK-C00156,235,False,SIMULATED app enrolment,2026-01-10
LK-L00157,LK-C00157,272,True,SIMULATED app enrolment,2026-01-10
LK-L00158,LK-C00158,309,True,SIMULATED app enrolment,2026-01-10
LK-L00159,LK-C00159,346,True,SIMULATED app enrolment,2026-01-10
LK-L00160,LK-C00160,383,True,SIMULATED app enrolment,2026-01-10
LK-L00161,LK-C00161,420,False,SIMULATED app enrolment,2026-01-10
LK-L00162,LK-C00162,457,True,SIMULATED app enrolment,2026-01-10
LK-L00163,LK-C00163,494,True,SIMULATED app enrolment,2026-01-10
LK-L00164,LK-C00164,31,True,SIMULATED app enrolment,2026-01-10
LK-L00165,LK-C00165,68,True,SIMULATED app enrolment,2026-01-10
LK-L00166,LK-C00166,105,False,SIMULATED app enrolment,2026-01-10
LK-L00167,LK-C00167,142,True,SIMULATED app enrolment,2026-01-10
LK-L00168,LK-C00168,179,True,SIMULATED app enrolment,2026-01-10
LK-L00169,LK-C00169,216,True,SIMULATED app enrolment,2026-01-10
LK-L00170,LK-C00170,253,True,SIMULATED app enrolment,2026-01-10
LK-L00171,LK-C00171,290,False,SIMULATED app enrolment,2026-01-10
LK-L00172,LK-C00172,327,True,SIMULATED app enrolment,2026-01-10
LK-L00173,LK-C00173,364,True,SIMULATED app enrolment,2026-01-10
LK-L00174,LK-C00174,401,True,SIMULATED app enrolment,2026-01-10
LK-L00175,LK-C00175,438,True,SIMULATED app enrolment,2026-01-10
LK-L00176,LK-C00176,475,False,SIMULATED app enrolment,2026-01-10
LK-L00177,LK-C00177,12,True,SIMULATED app enrolment,2026-01-10
LK-L00178,LK-C00178,49,True,SIMULATED app enrolment,2026-01-10
LK-L00179,LK-C00179,86,True,SIMULATED app enrolment,2026-01-10
LK-L00180,LK-C00180,123,True,SIMULATED app enrolment,2026-01-10
LK-L00181,LK-C00181,160,False,SIMULATED app enrolment,2026-01-10
LK-L00182,LK-C00182,197,True,SIMULATED app enrolment,2026-01-10
LK-L00183,LK-C00183,234,True,SIMULATED app enrolment,2026-01-10
LK-L00184,LK-C00184,271,True,SIMULATED app enrolment,2026-01-10
LK-L00185,LK-C00185,308,True,SIMULATED app enrolment,2026-01-10
LK-L00186,LK-C00186,345,False,SIMULATED app enrolment,2026-01-10
LK-L00187,LK-C00187,382,True,SIMULATED app enrolment,2026-01-10
LK-L00188,LK-C00188,419,True,SIMULATED app enrolment,2026-01-10
LK-L00189,LK-C00189,456,True,SIMULATED app enrolment,2026-01-10
LK-L00190,LK-C00190,493,True,SIMULATED app enrolment,2026-01-10
LK-L00191,LK-C00191,30,False,SIMULATED app enrolment,2026-01-10
LK-L00192,LK-C00192,67,True,SIMULATED app enrolment,2026-01-10
LK-L00193,LK-C00193,104,True,SIMULATED app enrolment,2026-01-10
LK-L00194,LK-C00194,141,True,SIMULATED app enrolment,2026-01-10
LK-L00195,LK-C00195,178,True,SIMULATED app enrolment,2026-01-10
LK-L00196,LK-C00196,215,False,SIMULATED app enrolment,2026-01-10
LK-L00197,LK-C00197,252,True,SIMULATED app enrolment,2026-01-10
LK-L00198,LK-C00198,289,True,SIMULATED app enrolment,2026-01-10
LK-L00199,LK-C00199,326,True,SIMULATED app enrolment,2026-01-10
LK-L00200,LK-C00200,363,True,SIMULATED app enrolment,2026-01-10
LK-L00201,LK-C00201,400,False,SIMULATED app enrolment,2026-01-10
LK-L00202,LK-C00202,437,True,SIMULATED app enrolment,2026-01-10
LK-L00203,LK-C00203,474,True,SIMULATED app enrolment,2026-01-10
LK-L00204,LK-C00204,11,True,SIMULATED app enrolment,2026-01-10
LK-L00205,LK-C00205,48,True,SIMULATED app enrolment,2026-01-10
LK-L00206,LK-C00206,85,False,SIMULATED app enrolment,2026-01-10
LK-L00207,LK-C00207,122,True,SIMULATED app enrolment,2026-01-10
LK-L00208,LK-C00208,159,True,SIMULATED app enrolment,2026-01-10
LK-L00209,LK-C00209,196,True,SIMULATED app enrolment,2026-01-10
LK-L00210,LK-C00210,233,True,SIMULATED app enrolment,2026-01-10
LK-L00211,LK-C00211,270,False,SIMULATED app enrolment,2026-01-10
LK-L00212,LK-C00212,307,True,SIMULATED app enrolment,2026-01-10
LK-L00213,LK-C00213,344,True,SIMULATED app enrolment,2026-01-10
LK-L00214,LK-C00214,381,True,SIMULATED app enrolment,2026-01-10
LK-L00215,LK-C00215,418,True,SIMULATED app enrolment,2026-01-10
LK-L00216,LK-C00216,455,False,SIMULATED app enrolment,2026-01-10
LK-L00217,LK-C00217,492,True,SIMULATED app enrolment,2026-01-10
LK-L00218,LK-C00218,29,True,SIMULATED app enrolment,2026-01-10
LK-L00219,LK-C00219,66,True,SIMULATED app enrolment,2026-01-10
LK-L00220,LK-C00220,103,True,SIMULATED app enrolment,2026-01-10
LK-L00221,LK-C00221,140,False,SIMULATED app enrolment,2026-01-10
LK-L00222,LK-C00222,177,True,SIMULATED app enrolment,2026-01-10
LK-L00223,LK-C00223,214,True,SIMULATED app enrolment,2026-01-10
LK-L00224,LK-C00224,251,True,SIMULATED app enrolment,2026-01-10
LK-L00225,LK-C00225,288,True,SIMULATED app enrolment,2026-01-10
LK-L00226,LK-C00226,325,False,SIMULATED app enrolment,2026-01-10
LK-L00227,LK-C00227,362,True,SIMULATED app enrolment,2026-01-10
LK-L00228,LK-C00228,399,True,SIMULATED app enrolment,2026-01-10
LK-L00229,LK-C00229,436,True,SIMULATED app enrolment,2026-01-10
LK-L00230,LK-C00230,473,True,SIMULATED app enrolment,2026-01-10
LK-L00231,LK-C00231,10,False,SIMULATED app enrolment,2026-01-10
LK-L00232,LK-C00232,47,True,SIMULATED app enrolment,2026-01-10
LK-L00233,LK-C00233,84,True,SIMULATED app enrolment,2026-01-10
LK-L00234,LK-C00234,121,True,SIMULATED app enrolment,2026-01-10
LK-L00235,LK-C00235,158,True,SIMULATED app enrolment,2026-01-10
LK-L00236,LK-C00236,195,False,SIMULATED app enrolment,2026-01-10
LK-L00237,LK-C00237,232,True,SIMULATED app enrolment,2026-01-10
LK-L00238,LK-C00238,269,True,SIMULATED app enrolment,2026-01-10
LK-L00239,LK-C00239,306,True,SIMULATED app enrolment,2026-01-10
LK-L00240,LK-C00240,343,True,SIMULATED app enrolment,2026-01-10
LK-L00241,LK-C00241,380,False,SIMULATED app enrolment,2026-01-10
LK-L00242,LK-C00242,417,True,SIMULATED app enrolment,2026-01-10
LK-L00243,LK-C00243,454,True,SIMULATED app enrolment,2026-01-10
LK-L00244,LK-C00244,491,True,SIMULATED app enrolment,2026-01-10
LK-L00245,LK-C00245,28,True,SIMULATED app enrolment,2026-01-10
LK-L00246,LK-C00246,65,False,SIMULATED app enrolment,2026-01-10
LK-L00247,LK-C00247,102,True,SIMULATED app enrolment,2026-01-10
LK-L00248,LK-C00248,139,True,SIMULATED app enrolment,2026-01-10
LK-L00249,LK-C00249,176,True,SIMULATED app enrolment,2026-01-10
LK-L00250,LK-C00250,213,True,SIMULATED app enrolment,2026-01-10
LK-L00251,LK-C00251,250,False,SIMULATED app enrolment,2026-01-10
LK-L00252,LK-C00252,287,True,SIMULATED app enrolment,2026-01-10
LK-L00253,LK-C00253,324,True,SIMULATED app enrolment,2026-01-10
LK-L00254,LK-C00254,361,True,SIMULATED app enrolment,2026-01-10
LK-L00255,LK-C00255,398,True,SIMULATED app enrolment,2026-01-10
LK-L00256,LK-C00256,435,False,SIMULATED app enrolment,2026-01-10
LK-L00257,LK-C00257,472,True,SIMULATED app enrolment,2026-01-10
LK-L00258,LK-C00258,9,True,SIMULATED app enrolment,2026-01-10
LK-L00259,LK-C00259,46,True,SIMULATED app enrolment,2026-01-10
LK-L00260,LK-C00260,83,True,SIMULATED app enrolment,2026-01-10
LK-L00261,LK-C00261,120,False,SIMULATED app enrolment,2026-01-10
LK-L00262,LK-C00262,157,True,SIMULATED app enrolment,2026-01-10
LK-L00263,LK-C00263,194,True,SIMULATED app enrolment,2026-01-10
LK-L00264,LK-C00264,231,True,SIMULATED app enrolment,2026-01-10
LK-L00265,LK-C00265,268,True,SIMULATED app enrolment,2026-01-10
LK-L00266,LK-C00266,305,False,SIMULATED app enrolment,2026-01-10
LK-L00267,LK-C00267,342,True,SIMULATED app enrolment,2026-01-10
LK-L00268,LK-C00268,379,True,SIMULATED app enrolment,2026-01-10
LK-L00269,LK-C00269,416,True,SIMULATED app enrolment,2026-01-10
LK-L00270,LK-C00270,453,True,SIMULATED app enrolment,2026-01-10
LK-L00271,LK-C00271,490,False,SIMULATED app enrolment,2026-01-10
LK-L00272,LK-C00272,27,True,SIMULATED app enrolment,2026-01-10
LK-L00273,LK-C00273,64,True,SIMULATED app enrolment,2026-01-10
LK-L00274,LK-C00274,101,True,SIMULATED app enrolment,2026-01-10
LK-L00275,LK-C00275,138,True,SIMULATED app enrolment,2026-01-10
LK-L00276,LK-C00276,175,False,SIMULATED app enrolment,2026-01-10
LK-L00277,LK-C00277,212,True,SIMULATED app enrolment,2026-01-10
LK-L00278,LK-C00278,249,True,SIMULATED app enrolment,2026-01-10
LK-L00279,LK-C00279,286,True,SIMULATED app enrolment,2026-01-10
LK-L00280,LK-C00280,323,True,SIMULATED app enrolment,2026-01-10
LK-L00281,LK-C00281,360,False,SIMULATED app enrolment,2026-01-10
LK-L00282,LK-C00282,397,True,SIMULATED app enrolment,2026-01-10
LK-L00283,LK-C00283,434,True,SIMULATED app enrolment,2026-01-10
LK-L00284,LK-C00284,471,True,SIMULATED app enrolment,2026-01-10
LK-L00285,LK-C00285,8,True,SIMULATED app enrolment,2026-01-10
LK-L00286,LK-C00286,45,False,SIMULATED app enrolment,2026-01-10
LK-L00287,LK-C00287,82,True,SIMULATED app enrolment,2026-01-10
LK-L00288,LK-C00288,119,True,SIMULATED app enrolment,2026-01-10
LK-L00289,LK-C00289,156,True,SIMULATED app enrolment,2026-01-10
LK-L00290,LK-C00290,193,True,SIMULATED app enrolment,2026-01-10
LK-L00291,LK-C00291,230,False,SIMULATED app enrolment,2026-01-10
LK-L00292,LK-C00292,267,True,SIMULATED app enrolment,2026-01-10
LK-L00293,LK-C00293,304,True,SIMULATED app enrolment,2026-01-10
LK-L00294,LK-C00294,341,True,SIMULATED app enrolment,2026-01-10
LK-L00295,LK-C00295,378,True,SIMULATED app enrolment,2026-01-10
LK-L00296,LK-C00296,415,False,SIMULATED app enrolment,2026-01-10
LK-L00297,LK-C00297,452,True,SIMULATED app enrolment,2026-01-10
LK-L00298,LK-C00298,489,True,SIMULATED app enrolment,2026-01-10
LK-L00299,LK-C00299,26,True,SIMULATED app enrolment,2026-01-10
LK-L00300,LK-C00300,63,True,SIMULATED app enrolment,2026-01-10
LK-L00301,LK-C00301,100,False,SIMULATED app enrolment,2026-01-10
LK-L00302,LK-C00302,137,True,SIMULATED app enrolment,2026-01-10
LK-L00303,LK-C00303,174,True,SIMULATED app enrolment,2026-01-10
LK-L00304,LK-C00304,211,True,SIMULATED app enrolment,2026-01-10
LK-L00305,LK-C00305,248,True,SIMULATED app enrolment,2026-01-10
LK-L00306,LK-C00306,285,False,SIMULATED app enrolment,2026-01-10
LK-L00307,LK-C00307,322,True,SIMULATED app enrolment,2026-01-10
LK-L00308,LK-C00308,359,True,SIMULATED app enrolment,2026-01-10
LK-L00309,LK-C00309,396,True,SIMULATED app enrolment,2026-01-10
LK-L00310,LK-C00310,433,True,SIMULATED app enrolment,2026-01-10
LK-L00311,LK-C00311,470,False,SIMULATED app enrolment,2026-01-10
LK-L00312,LK-C00312,7,True,SIMULATED app enrolment,2026-01-10
LK-L00313,LK-C00313,44,True,SIMULATED app enrolment,2026-01-10
LK-L00314,LK-C00314,81,True,SIMULATED app enrolment,2026-01-10
LK-L00315,LK-C00315,118,True,SIMULATED app enrolment,2026-01-10
LK-L00316,LK-C00316,155,False,SIMULATED app enrolment,2026-01-10
LK-L00317,LK-C00317,192,True,SIMULATED app enrolment,2026-01-10
LK-L00318,LK-C00318,229,True,SIMULATED app enrolment,2026-01-10
LK-L00319,LK-C00319,266,True,SIMULATED app enrolment,2026-01-10
LK-L00320,LK-C00320,303,True,SIMULATED app enrolment,2026-01-10
LK-L00321,LK-C00321,340,False,SIMULATED app enrolment,2026-01-10
LK-L00322,LK-C00322,377,True,SIMULATED app enrolment,2026-01-10
LK-L00323,LK-C00323,414,True,SIMULATED app enrolment,2026-01-10
LK-L00324,LK-C00324,451,True,SIMULATED app enrolment,2026-01-10
LK-L00325,LK-C00325,488,True,SIMULATED app enrolment,2026-01-10
LK-L00326,LK-C00326,25,False,SIMULATED app enrolment,2026-01-10
LK-L00327,LK-C00327,62,True,SIMULATED app enrolment,2026-01-10
LK-L00328,LK-C00328,99,True,SIMULATED app enrolment,2026-01-10
LK-L00329,LK-C00329,136,True,SIMULATED app enrolment,2026-01-10
LK-L00330,LK-C00330,173,True,SIMULATED app enrolment,2026-01-10
LK-L00331,LK-C00331,210,False,SIMULATED app enrolment,2026-01-10
LK-L00332,LK-C00332,247,True,SIMULATED app enrolment,2026-01-10
LK-L00333,LK-C00333,284,True,SIMULATED app enrolment,2026-01-10
LK-L00334,LK-C00334,321,True,SIMULATED app enrolment,2026-01-10
LK-L00335,LK-C00335,358,True,SIMULATED app enrolment,2026-01-10
LK-L00336,LK-C00336,395,False,SIMULATED app enrolment,2026-01-10
LK-L00337,LK-C00337,432,True,SIMULATED app enrolment,2026-01-10
LK-L00338,LK-C00338,469,True,SIMULATED app enrolment,2026-01-10
LK-L00339,LK-C00339,6,True,SIMULATED app enrolment,2026-01-10
LK-L00340,LK-C00340,43,True,SIMULATED app enrolment,2026-01-10
LK-L00341,LK-C00341,80,False,SIMULATED app enrolment,2026-01-10
LK-L00342,LK-C00342,117,True,SIMULATED app enrolment,2026-01-10
LK-L00343,LK-C00343,154,True,SIMULATED app enrolment,2026-01-10
LK-L00344,LK-C00344,191,True,SIMULATED app enrolment,2026-01-10
LK-L00345,LK-C00345,228,True,SIMULATED app enrolment,2026-01-10
LK-L00346,LK-C00346,265,False,SIMULATED app enrolment,2026-01-10
LK-L00347,LK-C00347,302,True,SIMULATED app enrolment,2026-01-10
LK-L00348,LK-C00348,339,True,SIMULATED app enrolment,2026-01-10
LK-L00349,LK-C00349,376,True,SIMULATED app enrolment,2026-01-10
LK-L00350,LK-C00350,413,True,SIMULATED app enrolment,2026-01-10
LK-L00351,LK-C00351,450,False,SIMULATED app enrolment,2026-01-10
LK-L00352,LK-C00352,487,True,SIMULATED app enrolment,2026-01-10
LK-L00353,LK-C00353,24,True,SIMULATED app enrolment,2026-01-10
LK-L00354,LK-C00354,61,True,SIMULATED app enrolment,2026-01-10
LK-L00355,LK-C00355,98,True,SIMULATED app enrolment,2026-01-10
LK-L00356,LK-C00356,135,False,SIMULATED app enrolment,2026-01-10
LK-L00357,LK-C00357,172,True,SIMULATED app enrolment,2026-01-10
LK-L00358,LK-C00358,209,True,SIMULATED app enrolment,2026-01-10
LK-L00359,LK-C00359,246,True,SIMULATED app enrolment,2026-01-10
LK-L00360,LK-C00360,283,True,SIMULATED app enrolment,2026-01-10
LK-L00361,LK-C00361,320,False,SIMULATED app enrolment,2026-01-10
LK-L00362,LK-C00362,357,True,SIMULATED app enrolment,2026-01-10
LK-L00363,LK-C00363,394,True,SIMULATED app enrolment,2026-01-10
LK-L00364,LK-C00364,431,True,SIMULATED app enrolment,2026-01-10
LK-L00365,LK-C00365,468,True,SIMULATED app enrolment,2026-01-10
LK-L00366,LK-C00366,5,False,SIMULATED app enrolment,2026-01-10
LK-L00367,LK-C00367,42,True,SIMULATED app enrolment,2026-01-10
LK-L00368,LK-C00368,79,True,SIMULATED app enrolment,2026-01-10
LK-L00369,LK-C00369,116,True,SIMULATED app enrolment,2026-01-10
LK-L00370,LK-C00370,153,True,SIMULATED app enrolment,2026-01-10
LK-L00371,LK-C00371,190,False,SIMULATED app enrolment,2026-01-10
LK-L00372,LK-C00372,227,True,SIMULATED app enrolment,2026-01-10
LK-L00373,LK-C00373,264,True,SIMULATED app enrolment,2026-01-10
LK-L00374,LK-C00374,301,True,SIMULATED app enrolment,2026-01-10
LK-L00375,LK-C00375,338,True,SIMULATED app enrolment,2026-01-10
LK-L00376,LK-C00376,375,False,SIMULATED app enrolment,2026-01-10
LK-L00377,LK-C00377,412,True,SIMULATED app enrolment,2026-01-10
LK-L00378,LK-C00378,449,True,SIMULATED app enrolment,2026-01-10
LK-L00379,LK-C00379,486,True,SIMULATED app enrolment,2026-01-10
LK-L00380,LK-C00380,23,True,SIMULATED app enrolment,2026-01-10
LK-L00381,LK-C00381,60,False,SIMULATED app enrolment,2026-01-10
LK-L00382,LK-C00382,97,True,SIMULATED app enrolment,2026-01-10
LK-L00383,LK-C00383,134,True,SIMULATED app enrolment,2026-01-10
LK-L00384,LK-C00384,171,True,SIMULATED app enrolment,2026-01-10
LK-L00385,LK-C00385,208,True,SIMULATED app enrolment,2026-01-10
LK-L00386,LK-C00386,245,False,SIMULATED app enrolment,2026-01-10
LK-L00387,LK-C00387,282,True,SIMULATED app enrolment,2026-01-10
LK-L00388,LK-C00388,319,True,SIMULATED app enrolment,2026-01-10
LK-L00389,LK-C00389,356,True,SIMULATED app enrolment,2026-01-10
LK-L00390,LK-C00390,393,True,SIMULATED app enrolment,2026-01-10
LK-L00391,LK-C00391,430,False,SIMULATED app enrolment,2026-01-10
LK-L00392,LK-C00392,467,True,SIMULATED app enrolment,2026-01-10
LK-L00393,LK-C00393,4,True,SIMULATED app enrolment,2026-01-10
LK-L00394,LK-C00394,41,True,SIMULATED app enrolment,2026-01-10
LK-L00395,LK-C00395,78,True,SIMULATED app enrolment,2026-01-10
LK-L00396,LK-C00396,115,False,SIMULATED app enrolment,2026-01-10
LK-L00397,LK-C00397,152,True,SIMULATED app enrolment,2026-01-10
LK-L00398,LK-C00398,189,True,SIMULATED app enrolment,2026-01-10
LK-L00399,LK-C00399,226,True,SIMULATED app enrolment,2026-01-10
LK-L00400,LK-C00400,263,True,SIMULATED app enrolment,2026-01-10
LK-L00401,LK-C00401,300,False,SIMULATED app enrolment,2026-01-10
LK-L00402,LK-C00402,337,True,SIMULATED app enrolment,2026-01-10
LK-L00403,LK-C00403,374,True,SIMULATED app enrolment,2026-01-10
LK-L00404,LK-C00404,411,True,SIMULATED app enrolment,2026-01-10
LK-L00405,LK-C00405,448,True,SIMULATED app enrolment,2026-01-10
LK-L00406,LK-C00406,485,False,SIMULATED app enrolment,2026-01-10
LK-L00407,LK-C00407,22,True,SIMULATED app enrolment,2026-01-10
LK-L00408,LK-C00408,59,True,SIMULATED app enrolment,2026-01-10
LK-L00409,LK-C00409,96,True,SIMULATED app enrolment,2026-01-10
LK-L00410,LK-C00410,133,True,SIMULATED app enrolment,2026-01-10
LK-L00411,LK-C00411,170,False,SIMULATED app enrolment,2026-01-10
LK-L00412,LK-C00412,207,True,SIMULATED app enrolment,2026-01-10
LK-L00413,LK-C00413,244,True,SIMULATED app enrolment,2026-01-10
LK-L00414,LK-C00414,281,True,SIMULATED app enrolment,2026-01-10
LK-L00415,LK-C00415,318,True,SIMULATED app enrolment,2026-01-10
LK-L00416,LK-C00416,355,False,SIMULATED app enrolment,2026-01-10
LK-L00417,LK-C00417,392,True,SIMULATED app enrolment,2026-01-10
LK-L00418,LK-C00418,429,True,SIMULATED app enrolment,2026-01-10
LK-L00419,LK-C00419,466,True,SIMULATED app enrolment,2026-01-10
LK-L00420,LK-C00420,3,True,SIMULATED app enrolment,2026-01-10
LK-L00421,LK-C00421,40,False,SIMULATED app enrolment,2026-01-10
LK-L00422,LK-C00422,77,True,SIMULATED app enrolment,2026-01-10
LK-L00423,LK-C00423,114,True,SIMULATED app enrolment,2026-01-10
LK-L00424,LK-C00424,151,True,SIMULATED app enrolment,2026-01-10
LK-L00425,LK-C00425,188,True,SIMULATED app enrolment,2026-01-10
LK-L00426,LK-C00426,225,False,SIMULATED app enrolment,2026-01-10
LK-L00427,LK-C00427,262,True,SIMULATED app enrolment,2026-01-10
LK-L00428,LK-C00428,299,True,SIMULATED app enrolment,2026-01-10
LK-L00429,LK-C00429,336,True,SIMULATED app enrolment,2026-01-10
LK-L00430,LK-C00430,373,True,SIMULATED app enrolment,2026-01-10
LK-L00431,LK-C00431,410,False,SIMULATED app enrolment,2026-01-10
LK-L00432,LK-C00432,447,True,SIMULATED app enrolment,2026-01-10
LK-L00433,LK-C00433,484,True,SIMULATED app enrolment,2026-01-10
LK-L00434,LK-C00434,21,True,SIMULATED app enrolment,2026-01-10
LK-L00435,LK-C00435,58,True,SIMULATED app enrolment,2026-01-10
LK-L00436,LK-C00436,95,False,SIMULATED app enrolment,2026-01-10
LK-L00437,LK-C00437,132,True,SIMULATED app enrolment,2026-01-10
LK-L00438,LK-C00438,169,True,SIMULATED app enrolment,2026-01-10
LK-L00439,LK-C00439,206,True,SIMULATED app enrolment,2026-01-10
LK-L00440,LK-C00440,243,True,SIMULATED app enrolment,2026-01-10
LK-L00441,LK-C00441,280,False,SIMULATED app enrolment,2026-01-10
LK-L00442,LK-C00442,317,True,SIMULATED app enrolment,2026-01-10
LK-L00443,LK-C00443,354,True,SIMULATED app enrolment,2026-01-10
LK-L00444,LK-C00444,391,True,SIMULATED app enrolment,2026-01-10
LK-L00445,LK-C00445,428,True,SIMULATED app enrolment,2026-01-10
LK-L00446,LK-C00446,465,False,SIMULATED app enrolment,2026-01-10
LK-L00447,LK-C00447,2,True,SIMULATED app enrolment,2026-01-10
LK-L00448,LK-C00448,39,True,SIMULATED app enrolment,2026-01-10
LK-L00449,LK-C00449,76,True,SIMULATED app enrolment,2026-01-10
LK-L00450,LK-C00450,113,True,SIMULATED app enrolment,2026-01-10
LK-L00451,LK-C00451,150,False,SIMULATED app enrolment,2026-01-10
LK-L00452,LK-C00452,187,True,SIMULATED app enrolment,2026-01-10
LK-L00453,LK-C00453,224,True,SIMULATED app enrolment,2026-01-10
LK-L00454,LK-C00454,261,True,SIMULATED app enrolment,2026-01-10
LK-L00455,LK-C00455,298,True,SIMULATED app enrolment,2026-01-10
LK-L00456,LK-C00456,335,False,SIMULATED app enrolment,2026-01-10
LK-L00457,LK-C00457,372,True,SIMULATED app enrolment,2026-01-10
LK-L00458,LK-C00458,409,True,SIMULATED app enrolment,2026-01-10
LK-L00459,LK-C00459,446,True,SIMULATED app enrolment,2026-01-10
LK-L00460,LK-C00460,483,True,SIMULATED app enrolment,2026-01-10
LK-L00461,LK-C00461,20,False,SIMULATED app enrolment,2026-01-10
LK-L00462,LK-C00462,57,True,SIMULATED app enrolment,2026-01-10
LK-L00463,LK-C00463,94,True,SIMULATED app enrolment,2026-01-10
LK-L00464,LK-C00464,131,True,SIMULATED app enrolment,2026-01-10
LK-L00465,LK-C00465,168,True,SIMULATED app enrolment,2026-01-10
LK-L00466,LK-C00466,205,False,SIMULATED app enrolment,2026-01-10
LK-L00467,LK-C00467,242,True,SIMULATED app enrolment,2026-01-10
LK-L00468,LK-C00468,279,True,SIMULATED app enrolment,2026-01-10
LK-L00469,LK-C00469,316,True,SIMULATED app enrolment,2026-01-10
LK-L00470,LK-C00470,353,True,SIMULATED app enrolment,2026-01-10
LK-L00471,LK-C00471,390,False,SIMULATED app enrolment,2026-01-10
LK-L00472,LK-C00472,427,True,SIMULATED app enrolment,2026-01-10
LK-L00473,LK-C00473,464,True,SIMULATED app enrolment,2026-01-10
LK-L00474,LK-C00474,1,True,SIMULATED app enrolment,2026-01-10
LK-L00475,LK-C00475,38,True,SIMULATED app enrolment,2026-01-10
LK-L00476,LK-C00476,75,False,SIMULATED app enrolment,2026-01-10
LK-L00477,LK-C00477,112,True,SIMULATED app enrolment,2026-01-10
LK-L00478,LK-C00478,149,True,SIMULATED app enrolment,2026-01-10
LK-L00479,LK-C00479,186,True,SIMULATED app enrolment,2026-01-10
LK-L00480,LK-C00480,223,True,SIMULATED app enrolment,2026-01-10
LK-L00481,LK-C00481,260,False,SIMULATED app enrolment,2026-01-10
LK-L00482,LK-C00482,297,True,SIMULATED app enrolment,2026-01-10
LK-L00483,LK-C00483,334,True,SIMULATED app enrolment,2026-01-10
LK-L00484,LK-C00484,371,True,SIMULATED app enrolment,2026-01-10
LK-L00485,LK-C00485,408,True,SIMULATED app enrolment,2026-01-10
LK-L00486,LK-C00486,445,False,SIMULATED app enrolment,2026-01-10
LK-L00487,LK-C00487,482,True,SIMULATED app enrolment,2026-01-10
LK-L00488,LK-C00488,19,True,SIMULATED app enrolment,2026-01-10
LK-L00489,LK-C00489,56,True,SIMULATED app enrolment,2026-01-10
LK-L00490,LK-C00490,93,True,SIMULATED app enrolment,2026-01-10
LK-L00491,LK-C00491,130,False,SIMULATED app enrolment,2026-01-10
LK-L00492,LK-C00492,167,True,SIMULATED app enrolment,2026-01-10
LK-L00493,LK-C00493,204,True,SIMULATED app enrolment,2026-01-10
LK-L00494,LK-C00494,241,True,SIMULATED app enrolment,2026-01-10
LK-L00495,LK-C00495,278,True,SIMULATED app enrolment,2026-01-10
LK-L00496,LK-C00496,315,False,SIMULATED app enrolment,2026-01-10
LK-L00497,LK-C00497,352,True,SIMULATED app enrolment,2026-01-10
LK-L00498,LK-C00498,389,True,SIMULATED app enrolment,2026-01-10
LK-L00499,LK-C00499,426,True,SIMULATED app enrolment,2026-01-10
LK-L00500,LK-C00500,463,True,SIMULATED app enrolment,2026-01-10
LK-L00501,LK-C00501,0,False,SIMULATED app enrolment,2026-01-10
LK-L00502,LK-C00502,37,True,SIMULATED app enrolment,2026-01-10
LK-L00503,LK-C00503,74,True,SIMULATED app enrolment,2026-01-10
LK-L00504,LK-C00504,111,True,SIMULATED app enrolment,2026-01-10
LK-L00505,LK-C00505,148,True,SIMULATED app enrolment,2026-01-10
LK-L00506,LK-C00506,185,False,SIMULATED app enrolment,2026-01-10
LK-L00507,LK-C00507,222,True,SIMULATED app enrolment,2026-01-10
LK-L00508,LK-C00508,259,True,SIMULATED app enrolment,2026-01-10
LK-L00509,LK-C00509,296,True,SIMULATED app enrolment,2026-01-10
LK-L00510,LK-C00510,333,True,SIMULATED app enrolment,2026-01-10
LK-L00511,LK-C00511,370,False,SIMULATED app enrolment,2026-01-10
LK-L00512,LK-C00512,407,True,SIMULATED app enrolment,2026-01-10
LK-L00513,LK-C00513,444,True,SIMULATED app enrolment,2026-01-10
LK-L00514,LK-C00514,481,True,SIMULATED app enrolment,2026-01-10
LK-L00515,LK-C00515,18,True,SIMULATED app enrolment,2026-01-10
LK-L00516,LK-C00516,55,False,SIMULATED app enrolment,2026-01-10
LK-L00517,LK-C00517,92,True,SIMULATED app enrolment,2026-01-10
LK-L00518,LK-C00518,129,True,SIMULATED app enrolment,2026-01-10
LK-L00519,LK-C00519,166,True,SIMULATED app enrolment,2026-01-10
LK-L00520,LK-C00520,203,True,SIMULATED app enrolment,2026-01-10
LK-L00521,LK-C00521,240,False,SIMULATED app enrolment,2026-01-10
LK-L00522,LK-C00522,277,True,SIMULATED app enrolment,2026-01-10
LK-L00523,LK-C00523,314,True,SIMULATED app enrolment,2026-01-10
LK-L00524,LK-C00524,351,True,SIMULATED app enrolment,2026-01-10
LK-L00525,LK-C00525,388,True,SIMULATED app enrolment,2026-01-10
LK-L00526,LK-C00526,425,False,SIMULATED app enrolment,2026-01-10
LK-L00527,LK-C00527,462,True,SIMULATED app enrolment,2026-01-10
LK-L00528,LK-C00528,499,True,SIMULATED app enrolment,2026-01-10
LK-L00529,LK-C00529,36,True,SIMULATED app enrolment,2026-01-10
LK-L00530,LK-C00530,73,True,SIMULATED app enrolment,2026-01-10
LK-L00531,LK-C00531,110,False,SIMULATED app enrolment,2026-01-10
LK-L00532,LK-C00532,147,True,SIMULATED app enrolment,2026-01-10
LK-L00533,LK-C00533,184,True,SIMULATED app enrolment,2026-01-10
LK-L00534,LK-C00534,221,True,SIMULATED app enrolment,2026-01-10
LK-L00535,LK-C00535,258,True,SIMULATED app enrolment,2026-01-10
LK-L00536,LK-C00536,295,False,SIMULATED app enrolment,2026-01-10
LK-L00537,LK-C00537,332,True,SIMULATED app enrolment,2026-01-10
LK-L00538,LK-C00538,369,True,SIMULATED app enrolment,2026-01-10
LK-L00539,LK-C00539,406,True,SIMULATED app enrolment,2026-01-10
LK-L00540,LK-C00540,443,True,SIMULATED app enrolment,2026-01-10
LK-L00541,LK-C00541,480,False,SIMULATED app enrolment,2026-01-10
LK-L00542,LK-C00542,17,True,SIMULATED app enrolment,2026-01-10
LK-L00543,LK-C00543,54,True,SIMULATED app enrolment,2026-01-10
LK-L00544,LK-C00544,91,True,SIMULATED app enrolment,2026-01-10
LK-L00545,LK-C00545,128,True,SIMULATED app enrolment,2026-01-10
LK-L00546,LK-C00546,165,False,SIMULATED app enrolment,2026-01-10
LK-L00547,LK-C00547,202,True,SIMULATED app enrolment,2026-01-10
LK-L00548,LK-C00548,239,True,SIMULATED app enrolment,2026-01-10
LK-L00549,LK-C00549,276,True,SIMULATED app enrolment,2026-01-10
LK-L00550,LK-C00550,313,True,SIMULATED app enrolment,2026-01-10
LK-L00551,LK-C00551,350,False,SIMULATED app enrolment,2026-01-10
LK-L00552,LK-C00552,387,True,SIMULATED app enrolment,2026-01-10
LK-L00553,LK-C00553,424,True,SIMULATED app enrolment,2026-01-10
LK-L00554,LK-C00554,461,True,SIMULATED app enrolment,2026-01-10
LK-L00555,LK-C00555,498,True,SIMULATED app enrolment,2026-01-10
LK-L00556,LK-C00556,35,False,SIMULATED app enrolment,2026-01-10
LK-L00557,LK-C00557,72,True,SIMULATED app enrolment,2026-01-10
LK-L00558,LK-C00558,109,True,SIMULATED app enrolment,2026-01-10
LK-L00559,LK-C00559,146,True,SIMULATED app enrolment,2026-01-10
LK-L00560,LK-C00560,183,True,SIMULATED app enrolment,2026-01-10
LK-L00561,LK-C00561,220,False,SIMULATED app enrolment,2026-01-10
LK-L00562,LK-C00562,257,True,SIMULATED app enrolment,2026-01-10
LK-L00563,LK-C00563,294,True,SIMULATED app enrolment,2026-01-10
LK-L00564,LK-C00564,331,True,SIMULATED app enrolment,2026-01-10
LK-L00565,LK-C00565,368,True,SIMULATED app enrolment,2026-01-10
LK-L00566,LK-C00566,405,False,SIMULATED app enrolment,2026-01-10
LK-L00567,LK-C00567,442,True,SIMULATED app enrolment,2026-01-10
LK-L00568,LK-C00568,479,True,SIMULATED app enrolment,2026-01-10
LK-L00569,LK-C00569,16,True,SIMULATED app enrolment,2026-01-10
LK-L00570,LK-C00570,53,True,SIMULATED app enrolment,2026-01-10
LK-L00571,LK-C00571,90,False,SIMULATED app enrolment,2026-01-10
LK-L00572,LK-C00572,127,True,SIMULATED app enrolment,2026-01-10
LK-L00573,LK-C00573,164,True,SIMULATED app enrolment,2026-01-10
LK-L00574,LK-C00574,201,True,SIMULATED app enrolment,2026-01-10
LK-L00575,LK-C00575,238,True,SIMULATED app enrolment,2026-01-10
LK-L00576,LK-C00576,275,False,SIMULATED app enrolment,2026-01-10
LK-L00577,LK-C00577,312,True,SIMULATED app enrolment,2026-01-10
LK-L00578,LK-C00578,349,True,SIMULATED app enrolment,2026-01-10
LK-L00579,LK-C00579,386,True,SIMULATED app enrolment,2026-01-10
LK-L00580,LK-C00580,423,True,SIMULATED app enrolment,2026-01-10
LK-L00581,LK-C00581,460,False,SIMULATED app enrolment,2026-01-10
LK-L00582,LK-C00582,497,True,SIMULATED app enrolment,2026-01-10
LK-L00583,LK-C00583,34,True,SIMULATED app enrolment,2026-01-10
LK-L00584,LK-C00584,71,True,SIMULATED app enrolment,2026-01-10
LK-L00585,LK-C00585,108,True,SIMULATED app enrolment,2026-01-10
LK-L00586,LK-C00586,145,False,SIMULATED app enrolment,2026-01-10
LK-L00587,LK-C00587,182,True,SIMULATED app enrolment,2026-01-10
LK-L00588,LK-C00588,219,True,SIMULATED app enrolment,2026-01-10
LK-L00589,LK-C00589,256,True,SIMULATED app enrolment,2026-01-10
LK-L00590,LK-C00590,293,True,SIMULATED app enrolment,2026-01-10
LK-L00591,LK-C00591,330,False,SIMULATED app enrolment,2026-01-10
LK-L00592,LK-C00592,367,True,SIMULATED app enrolment,2026-01-10
LK-L00593,LK-C00593,404,True,SIMULATED app enrolment,2026-01-10
LK-L00594,LK-C00594,441,True,SIMULATED app enrolment,2026-01-10
LK-L00595,LK-C00595,478,True,SIMULATED app enrolment,2026-01-10
LK-L00596,LK-C00596,15,False,SIMULATED app enrolment,2026-01-10
LK-L00597,LK-C00597,52,True,SIMULATED app enrolment,2026-01-10
LK-L00598,LK-C00598,89,True,SIMULATED app enrolment,2026-01-10
LK-L00599,LK-C00599,126,True,SIMULATED app enrolment,2026-01-10
LK-L00600,LK-C00600,163,True,SIMULATED app enrolment,2026-01-10
LK-L00601,LK-C00601,200,False,SIMULATED app enrolment,2026-01-10
LK-L00602,LK-C00602,237,True,SIMULATED app enrolment,2026-01-10
LK-L00603,LK-C00603,274,True,SIMULATED app enrolment,2026-01-10
LK-L00604,LK-C00604,311,True,SIMULATED app enrolment,2026-01-10
LK-L00605,LK-C00605,348,True,SIMULATED app enrolment,2026-01-10
LK-L00606,LK-C00606,385,False,SIMULATED app enrolment,2026-01-10
LK-L00607,LK-C00607,422,True,SIMULATED app enrolment,2026-01-10
LK-L00608,LK-C00608,459,True,SIMULATED app enrolment,2026-01-10
LK-L00609,LK-C00609,496,True,SIMULATED app enrolment,2026-01-10
LK-L00610,LK-C00610,33,True,SIMULATED app enrolment,2026-01-10
LK-L00611,LK-C00611,70,False,SIMULATED app enrolment,2026-01-10
LK-L00612,LK-C00612,107,True,SIMULATED app enrolment,2026-01-10
LK-L00613,LK-C00613,144,True,SIMULATED app enrolment,2026-01-10
LK-L00614,LK-C00614,181,True,SIMULATED app enrolment,2026-01-10
LK-L00615,LK-C00615,218,True,SIMULATED app enrolment,2026-01-10
LK-L00616,LK-C00616,255,False,SIMULATED app enrolment,2026-01-10
LK-L00617,LK-C00617,292,True,SIMULATED app enrolment,2026-01-10
LK-L00618,LK-C00618,329,True,SIMULATED app enrolment,2026-01-10
LK-L00619,LK-C00619,366,True,SIMULATED app enrolment,2026-01-10
LK-L00620,LK-C00620,403,True,SIMULATED app enrolment,2026-01-10
LK-L00621,LK-C00621,440,False,SIMULATED app enrolment,2026-01-10
LK-L00622,LK-C00622,477,True,SIMULATED app enrolment,2026-01-10
LK-L00623,LK-C00623,14,True,SIMULATED app enrolment,2026-01-10
LK-L00624,LK-C00624,51,True,SIMULATED app enrolment,2026-01-10
LK-L00625,LK-C00625,88,True,SIMULATED app enrolment,2026-01-10
LK-L00626,LK-C00626,125,False,SIMULATED app enrolment,2026-01-10
LK-L00627,LK-C00627,162,True,SIMULATED app enrolment,2026-01-10
LK-L00628,LK-C00628,199,True,SIMULATED app enrolment,2026-01-10
LK-L00629,LK-C00629,236,True,SIMULATED app enrolment,2026-01-10
LK-L00630,LK-C00630,273,True,SIMULATED app enrolment,2026-01-10
LK-L00631,LK-C00631,310,False,SIMULATED app enrolment,2026-01-10
LK-L00632,LK-C00632,347,True,SIMULATED app enrolment,2026-01-10
LK-L00633,LK-C00633,384,True,SIMULATED app enrolment,2026-01-10
LK-L00634,LK-C00634,421,True,SIMULATED app enrolment,2026-01-10
LK-L00635,LK-C00635,458,True,SIMULATED app enrolment,2026-01-10
LK-L00636,LK-C00636,495,False,SIMULATED app enrolment,2026-01-10
LK-L00637,LK-C00637,32,True,SIMULATED app enrolment,2026-01-10
LK-L00638,LK-C00638,69,True,SIMULATED app enrolment,2026-01-10
LK-L00639,LK-C00639,106,True,SIMULATED app enrolment,2026-01-10
LK-L00640,LK-C00640,143,True,SIMULATED app enrolment,2026-01-10
LK-L00641,LK-C00641,180,False,SIMULATED app enrolment,2026-01-10
LK-L00642,LK-C00642,217,True,SIMULATED app enrolment,2026-01-10
LK-L00643,LK-C00643,254,True,SIMULATED app enrolment,2026-01-10
LK-L00644,LK-C00644,291,True,SIMULATED app enrolment,2026-01-10
LK-L00645,LK-C00645,328,True,SIMULATED app enrolment,2026-01-10
LK-L00646,LK-C00646,365,False,SIMULATED app enrolment,2026-01-10
LK-L00647,LK-C00647,402,True,SIMULATED app enrolment,2026-01-10
LK-L00648,LK-C00648,439,True,SIMULATED app enrolment,2026-01-10
LK-L00649,LK-C00649,476,True,SIMULATED app enrolment,2026-01-10
LK-L00650,LK-C00650,13,True,SIMULATED app enrolment,2026-01-10
LK-L00651,LK-C00651,50,False,SIMULATED app enrolment,2026-01-10
LK-L00652,LK-C00652,87,True,SIMULATED app enrolment,2026-01-10
LK-L00653,LK-C00653,124,True,SIMULATED app enrolment,2026-01-10
LK-L00654,LK-C00654,161,True,SIMULATED app enrolment,2026-01-10
LK-L00655,LK-C00655,198,True,SIMULATED app enrolment,2026-01-10
LK-L00656,LK-C00656,235,False,SIMULATED app enrolment,2026-01-10
LK-L00657,LK-C00657,272,True,SIMULATED app enrolment,2026-01-10
LK-L00658,LK-C00658,309,True,SIMULATED app enrolment,2026-01-10
LK-L00659,LK-C00659,346,True,SIMULATED app enrolment,2026-01-10
LK-L00660,LK-C00660,383,True,SIMULATED app enrolment,2026-01-10
LK-L00661,LK-C00661,420,False,SIMULATED app enrolment,2026-01-10
LK-L00662,LK-C00662,457,True,SIMULATED app enrolment,2026-01-10
LK-L00663,LK-C00663,494,True,SIMULATED app enrolment,2026-01-10
LK-L00664,LK-C00664,31,True,SIMULATED app enrolment,2026-01-10
LK-L00665,LK-C00665,68,True,SIMULATED app enrolment,2026-01-10
LK-L00666,LK-C00666,105,False,SIMULATED app enrolment,2026-01-10
LK-L00667,LK-C00667,142,True,SIMULATED app enrolment,2026-01-10
LK-L00668,LK-C00668,179,True,SIMULATED app enrolment,2026-01-10
LK-L00669,LK-C00669,216,True,SIMULATED app enrolment,2026-01-10
LK-L00670,LK-C00670,253,True,SIMULATED app enrolment,2026-01-10
LK-L00671,LK-C00671,290,False,SIMULATED app enrolment,2026-01-10
LK-L00672,LK-C00672,327,True,SIMULATED app enrolment,2026-01-10
LK-L00673,LK-C00673,364,True,SIMULATED app enrolment,2026-01-10
LK-L00674,LK-C00674,401,True,SIMULATED app enrolment,2026-01-10
LK-L00675,LK-C00675,438,True,SIMULATED app enrolment,2026-01-10
LK-L00676,LK-C00676,475,False,SIMULATED app enrolment,2026-01-10
LK-L00677,LK-C00677,12,True,SIMULATED app enrolment,2026-01-10
LK-L00678,LK-C00678,49,True,SIMULATED app enrolment,2026-01-10
LK-L00679,LK-C00679,86,True,SIMULATED app enrolment,2026-01-10
LK-L00680,LK-C00680,123,True,SIMULATED app enrolment,2026-01-10
LK-L00681,LK-C00681,160,False,SIMULATED app enrolment,2026-01-10
LK-L00682,LK-C00682,197,True,SIMULATED app enrolment,2026-01-10
LK-L00683,LK-C00683,234,True,SIMULATED app enrolment,2026-01-10
LK-L00684,LK-C00684,271,True,SIMULATED app enrolment,2026-01-10
LK-L00685,LK-C00685,308,True,SIMULATED app enrolment,2026-01-10
LK-L00686,LK-C00686,345,False,SIMULATED app enrolment,2026-01-10
LK-L00687,LK-C00687,382,True,SIMULATED app enrolment,2026-01-10
LK-L00688,LK-C00688,419,True,SIMULATED app enrolment,2026-01-10
LK-L00689,LK-C00689,456,True,SIMULATED app enrolment,2026-01-10
LK-L00690,LK-C00690,493,True,SIMULATED app enrolment,2026-01-10
LK-L00691,LK-C00691,30,False,SIMULATED app enrolment,2026-01-10
LK-L00692,LK-C00692,67,True,SIMULATED app enrolment,2026-01-10
LK-L00693,LK-C00693,104,True,SIMULATED app enrolment,2026-01-10
LK-L00694,LK-C00694,141,True,SIMULATED app enrolment,2026-01-10
LK-L00695,LK-C00695,178,True,SIMULATED app enrolment,2026-01-10
LK-L00696,LK-C00696,215,False,SIMULATED app enrolment,2026-01-10
LK-L00697,LK-C00697,252,True,SIMULATED app enrolment,2026-01-10
LK-L00698,LK-C00698,289,True,SIMULATED app enrolment,2026-01-10
LK-L00699,LK-C00699,326,True,SIMULATED app enrolment,2026-01-10
LK-L00700,LK-C00700,363,True,SIMULATED app enrolment,2026-01-10
LK-L00701,LK-C00701,400,False,SIMULATED app enrolment,2026-01-10
LK-L00702,LK-C00702,437,True,SIMULATED app enrolment,2026-01-10
LK-L00703,LK-C00703,474,True,SIMULATED app enrolment,2026-01-10
LK-L00704,LK-C00704,11,True,SIMULATED app enrolment,2026-01-10
LK-L00705,LK-C00705,48,True,SIMULATED app enrolment,2026-01-10
LK-L00706,LK-C00706,85,False,SIMULATED app enrolment,2026-01-10
LK-L00707,LK-C00707,122,True,SIMULATED app enrolment,2026-01-10
LK-L00708,LK-C00708,159,True,SIMULATED app enrolment,2026-01-10
LK-L00709,LK-C00709,196,True,SIMULATED app enrolment,2026-01-10
LK-L00710,LK-C00710,233,True,SIMULATED app enrolment,2026-01-10
LK-L00711,LK-C00711,270,False,SIMULATED app enrolment,2026-01-10
LK-L00712,LK-C00712,307,True,SIMULATED app enrolment,2026-01-10
LK-L00713,LK-C00713,344,True,SIMULATED app enrolment,2026-01-10
LK-L00714,LK-C00714,381,True,SIMULATED app enrolment,2026-01-10
LK-L00715,LK-C00715,418,True,SIMULATED app enrolment,2026-01-10
LK-L00716,LK-C00716,455,False,SIMULATED app enrolment,2026-01-10
LK-L00717,LK-C00717,492,True,SIMULATED app enrolment,2026-01-10
LK-L00718,LK-C00718,29,True,SIMULATED app enrolment,2026-01-10
LK-L00719,LK-C00719,66,True,SIMULATED app enrolment,2026-01-10
LK-L00720,LK-C00720,103,True,SIMULATED app enrolment,2026-01-10
LK-L00721,LK-C00721,140,False,SIMULATED app enrolment,2026-01-10
LK-L00722,LK-C00722,177,True,SIMULATED app enrolment,2026-01-10
LK-L00723,LK-C00723,214,True,SIMULATED app enrolment,2026-01-10
LK-L00724,LK-C00724,251,True,SIMULATED app enrolment,2026-01-10
LK-L00725,LK-C00725,288,True,SIMULATED app enrolment,2026-01-10
LK-L00726,LK-C00726,325,False,SIMULATED app enrolment,2026-01-10
LK-L00727,LK-C00727,362,True,SIMULATED app enrolment,2026-01-10
LK-L00728,LK-C00728,399,True,SIMULATED app enrolment,2026-01-10
LK-L00729,LK-C00729,436,True,SIMULATED app enrolment,2026-01-10
LK-L00730,LK-C00730,473,True,SIMULATED app enrolment,2026-01-10
LK-L00731,LK-C00731,10,False,SIMULATED app enrolment,2026-01-10
LK-L00732,LK-C00732,47,True,SIMULATED app enrolment,2026-01-10
LK-L00733,LK-C00733,84,True,SIMULATED app enrolment,2026-01-10
LK-L00734,LK-C00734,121,True,SIMULATED app enrolment,2026-01-10
LK-L00735,LK-C00735,158,True,SIMULATED app enrolment,2026-01-10
LK-L00736,LK-C00736,195,False,SIMULATED app enrolment,2026-01-10
LK-L00737,LK-C00737,232,True,SIMULATED app enrolment,2026-01-10
LK-L00738,LK-C00738,269,True,SIMULATED app enrolment,2026-01-10
LK-L00739,LK-C00739,306,True,SIMULATED app enrolment,2026-01-10
LK-L00740,LK-C00740,343,True,SIMULATED app enrolment,2026-01-10
LK-L00741,LK-C00741,380,False,SIMULATED app enrolment,2026-01-10
LK-L00742,LK-C00742,417,True,SIMULATED app enrolment,2026-01-10
LK-L00743,LK-C00743,454,True,SIMULATED app enrolment,2026-01-10
LK-L00744,LK-C00744,491,True,SIMULATED app enrolment,2026-01-10
LK-L00745,LK-C00745,28,True,SIMULATED app enrolment,2026-01-10
LK-L00746,LK-C00746,65,False,SIMULATED app enrolment,2026-01-10
LK-L00747,LK-C00747,102,True,SIMULATED app enrolment,2026-01-10
LK-L00748,LK-C00748,139,True,SIMULATED app enrolment,2026-01-10
LK-L00749,LK-C00749,176,True,SIMULATED app enrolment,2026-01-10
LK-L00750,LK-C00750,213,True,SIMULATED app enrolment,2026-01-10
LK-L00751,LK-C00751,250,False,SIMULATED app enrolment,2026-01-10
LK-L00752,LK-C00752,287,True,SIMULATED app enrolment,2026-01-10
LK-L00753,LK-C00753,324,True,SIMULATED app enrolment,2026-01-10
LK-L00754,LK-C00754,361,True,SIMULATED app enrolment,2026-01-10
LK-L00755,LK-C00755,398,True,SIMULATED app enrolment,2026-01-10
LK-L00756,LK-C00756,435,False,SIMULATED app enrolment,2026-01-10
LK-L00757,LK-C00757,472,True,SIMULATED app enrolment,2026-01-10
LK-L00758,LK-C00758,9,True,SIMULATED app enrolment,2026-01-10
LK-L00759,LK-C00759,46,True,SIMULATED app enrolment,2026-01-10
LK-L00760,LK-C00760,83,True,SIMULATED app enrolment,2026-01-10
LK-L00761,LK-C00761,120,False,SIMULATED app enrolment,2026-01-10
LK-L00762,LK-C00762,157,True,SIMULATED app enrolment,2026-01-10
LK-L00763,LK-C00763,194,True,SIMULATED app enrolment,2026-01-10
LK-L00764,LK-C00764,231,True,SIMULATED app enrolment,2026-01-10
LK-L00765,LK-C00765,268,True,SIMULATED app enrolment,2026-01-10
LK-L00766,LK-C00766,305,False,SIMULATED app enrolment,2026-01-10
LK-L00767,LK-C00767,342,True,SIMULATED app enrolment,2026-01-10
LK-L00768,LK-C00768,379,True,SIMULATED app enrolment,2026-01-10
LK-L00769,LK-C00769,416,True,SIMULATED app enrolment,2026-01-10
LK-L00770,LK-C00770,453,True,SIMULATED app enrolment,2026-01-10
LK-L00771,LK-C00771,490,False,SIMULATED app enrolment,2026-01-10
LK-L00772,LK-C00772,27,True,SIMULATED app enrolment,2026-01-10
LK-L00773,LK-C00773,64,True,SIMULATED app enrolment,2026-01-10
LK-L00774,LK-C00774,101,True,SIMULATED app enrolment,2026-01-10
LK-L00775,LK-C00775,138,True,SIMULATED app enrolment,2026-01-10
LK-L00776,LK-C00776,175,False,SIMULATED app enrolment,2026-01-10
LK-L00777,LK-C00777,212,True,SIMULATED app enrolment,2026-01-10
LK-L00778,LK-C00778,249,True,SIMULATED app enrolment,2026-01-10
LK-L00779,LK-C00779,286,True,SIMULATED app enrolment,2026-01-10
LK-L00780,LK-C00780,323,True,SIMULATED app enrolment,2026-01-10
LK-L00781,LK-C00781,360,False,SIMULATED app enrolment,2026-01-10
LK-L00782,LK-C00782,397,True,SIMULATED app enrolment,2026-01-10
LK-L00783,LK-C00783,434,True,SIMULATED app enrolment,2026-01-10
LK-L00784,LK-C00784,471,True,SIMULATED app enrolment,2026-01-10
LK-L00785,LK-C00785,8,True,SIMULATED app enrolment,2026-01-10
LK-L00786,LK-C00786,45,False,SIMULATED app enrolment,2026-01-10
LK-L00787,LK-C00787,82,True,SIMULATED app enrolment,2026-01-10
LK-L00788,LK-C00788,119,True,SIMULATED app enrolment,2026-01-10
LK-L00789,LK-C00789,156,True,SIMULATED app enrolment,2026-01-10
LK-L00790,LK-C00790,193,True,SIMULATED app enrolment,2026-01-10
LK-L00791,LK-C00791,230,False,SIMULATED app enrolment,2026-01-10
LK-L00792,LK-C00792,267,True,SIMULATED app enrolment,2026-01-10
LK-L00793,LK-C00793,304,True,SIMULATED app enrolment,2026-01-10
LK-L00794,LK-C00794,341,True,SIMULATED app enrolment,2026-01-10
LK-L00795,LK-C00795,378,True,SIMULATED app enrolment,2026-01-10
LK-L00796,LK-C00796,415,False,SIMULATED app enrolment,2026-01-10
LK-L00797,LK-C00797,452,True,SIMULATED app enrolment,2026-01-10
LK-L00798,LK-C00798,489,True,SIMULATED app enrolment,2026-01-10
LK-L00799,LK-C00799,26,True,SIMULATED app enrolment,2026-01-10
LK-L00800,LK-C00800,63,True,SIMULATED app enrolment,2026-01-10
LK-L00801,LK-C00801,100,False,SIMULATED app enrolment,2026-01-10
LK-L00802,LK-C00802,137,True,SIMULATED app enrolment,2026-01-10
LK-L00803,LK-C00803,174,True,SIMULATED app enrolment,2026-01-10
LK-L00804,LK-C00804,211,True,SIMULATED app enrolment,2026-01-10
LK-L00805,LK-C00805,248,True,SIMULATED app enrolment,2026-01-10
LK-L00806,LK-C00806,285,False,SIMULATED app enrolment,2026-01-10
LK-L00807,LK-C00807,322,True,SIMULATED app enrolment,2026-01-10
LK-L00808,LK-C00808,359,True,SIMULATED app enrolment,2026-01-10
LK-L00809,LK-C00809,396,True,SIMULATED app enrolment,2026-01-10
LK-L00810,LK-C00810,433,True,SIMULATED app enrolment,2026-01-10
LK-L00811,LK-C00811,470,False,SIMULATED app enrolment,2026-01-10
LK-L00812,LK-C00812,7,True,SIMULATED app enrolment,2026-01-10
LK-L00813,LK-C00813,44,True,SIMULATED app enrolment,2026-01-10
LK-L00814,LK-C00814,81,True,SIMULATED app enrolment,2026-01-10
LK-L00815,LK-C00815,118,True,SIMULATED app enrolment,2026-01-10
LK-L00816,LK-C00816,155,False,SIMULATED app enrolment,2026-01-10
LK-L00817,LK-C00817,192,True,SIMULATED app enrolment,2026-01-10
LK-L00818,LK-C00818,229,True,SIMULATED app enrolment,2026-01-10
LK-L00819,LK-C00819,266,True,SIMULATED app enrolment,2026-01-10
LK-L00820,LK-C00820,303,True,SIMULATED app enrolment,2026-01-10
LK-L00821,LK-C00821,340,False,SIMULATED app enrolment,2026-01-10
LK-L00822,LK-C00822,377,True,SIMULATED app enrolment,2026-01-10
LK-L00823,LK-C00823,414,True,SIMULATED app enrolment,2026-01-10
LK-L00824,LK-C00824,451,True,SIMULATED app enrolment,2026-01-10
LK-L00825,LK-C00825,488,True,SIMULATED app enrolment,2026-01-10
LK-L00826,LK-C00826,25,False,SIMULATED app enrolment,2026-01-10
LK-L00827,LK-C00827,62,True,SIMULATED app enrolment,2026-01-10
LK-L00828,LK-C00828,99,True,SIMULATED app enrolment,2026-01-10
LK-L00829,LK-C00829,136,True,SIMULATED app enrolment,2026-01-10
LK-L00830,LK-C00830,173,True,SIMULATED app enrolment,2026-01-10
LK-L00831,LK-C00831,210,False,SIMULATED app enrolment,2026-01-10
LK-L00832,LK-C00832,247,True,SIMULATED app enrolment,2026-01-10
LK-L00833,LK-C00833,284,True,SIMULATED app enrolment,2026-01-10
LK-L00834,LK-C00834,321,True,SIMULATED app enrolment,2026-01-10
LK-L00835,LK-C00835,358,True,SIMULATED app enrolment,2026-01-10
LK-L00836,LK-C00836,395,False,SIMULATED app enrolment,2026-01-10
LK-L00837,LK-C00837,432,True,SIMULATED app enrolment,2026-01-10
LK-L00838,LK-C00838,469,True,SIMULATED app enrolment,2026-01-10
LK-L00839,LK-C00839,6,True,SIMULATED app enrolment,2026-01-10
LK-L00840,LK-C00840,43,True,SIMULATED app enrolment,2026-01-10
LK-L00841,LK-C00841,80,False,SIMULATED app enrolment,2026-01-10
LK-L00842,LK-C00842,117,True,SIMULATED app enrolment,2026-01-10
LK-L00843,LK-C00843,154,True,SIMULATED app enrolment,2026-01-10
LK-L00844,LK-C00844,191,True,SIMULATED app enrolment,2026-01-10
LK-L00845,LK-C00845,228,True,SIMULATED app enrolment,2026-01-10
LK-L00846,LK-C00846,265,False,SIMULATED app enrolment,2026-01-10
LK-L00847,LK-C00847,302,True,SIMULATED app enrolment,2026-01-10
LK-L00848,LK-C00848,339,True,SIMULATED app enrolment,2026-01-10
LK-L00849,LK-C00849,376,True,SIMULATED app enrolment,2026-01-10
LK-L00850,LK-C00850,413,True,SIMULATED app enrolment,2026-01-10
LK-L00851,LK-C00851,450,False,SIMULATED app enrolment,2026-01-10
LK-L00852,LK-C00852,487,True,SIMULATED app enrolment,2026-01-10
LK-L00853,LK-C00853,24,True,SIMULATED app enrolment,2026-01-10
LK-L00854,LK-C00854,61,True,SIMULATED app enrolment,2026-01-10
LK-L00855,LK-C00855,98,True,SIMULATED app enrolment,2026-01-10
LK-L00856,LK-C00856,135,False,SIMULATED app enrolment,2026-01-10
LK-L00857,LK-C00857,172,True,SIMULATED app enrolment,2026-01-10
LK-L00858,LK-C00858,209,True,SIMULATED app enrolment,2026-01-10
LK-L00859,LK-C00859,246,True,SIMULATED app enrolment,2026-01-10
LK-L00860,LK-C00860,283,True,SIMULATED app enrolment,2026-01-10
LK-L00861,LK-C00861,320,False,SIMULATED app enrolment,2026-01-10
LK-L00862,LK-C00862,357,True,SIMULATED app enrolment,2026-01-10
LK-L00863,LK-C00863,394,True,SIMULATED app enrolment,2026-01-10
LK-L00864,LK-C00864,431,True,SIMULATED app enrolment,2026-01-10
LK-L00865,LK-C00865,468,True,SIMULATED app enrolment,2026-01-10
LK-L00866,LK-C00866,5,False,SIMULATED app enrolment,2026-01-10
LK-L00867,LK-C00867,42,True,SIMULATED app enrolment,2026-01-10
LK-L00868,LK-C00868,79,True,SIMULATED app enrolment,2026-01-10
LK-L00869,LK-C00869,116,True,SIMULATED app enrolment,2026-01-10
LK-L00870,LK-C00870,153,True,SIMULATED app enrolment,2026-01-10
LK-L00871,LK-C00871,190,False,SIMULATED app enrolment,2026-01-10
LK-L00872,LK-C00872,227,True,SIMULATED app enrolment,2026-01-10
LK-L00873,LK-C00873,264,True,SIMULATED app enrolment,2026-01-10
LK-L00874,LK-C00874,301,True,SIMULATED app enrolment,2026-01-10
LK-L00875,LK-C00875,338,True,SIMULATED app enrolment,2026-01-10
LK-L00876,LK-C00876,375,False,SIMULATED app enrolment,2026-01-10
LK-L00877,LK-C00877,412,True,SIMULATED app enrolment,2026-01-10
LK-L00878,LK-C00878,449,True,SIMULATED app enrolment,2026-01-10
LK-L00879,LK-C00879,486,True,SIMULATED app enrolment,2026-01-10
LK-L00880,LK-C00880,23,True,SIMULATED app enrolment,2026-01-10
LK-L00881,LK-C00881,60,False,SIMULATED app enrolment,2026-01-10
LK-L00882,LK-C00882,97,True,SIMULATED app enrolment,2026-01-10
LK-L00883,LK-C00883,134,True,SIMULATED app enrolment,2026-01-10
LK-L00884,LK-C00884,171,True,SIMULATED app enrolment,2026-01-10
LK-L00885,LK-C00885,208,True,SIMULATED app enrolment,2026-01-10
LK-L00886,LK-C00886,245,False,SIMULATED app enrolment,2026-01-10
LK-L00887,LK-C00887,282,True,SIMULATED app enrolment,2026-01-10
LK-L00888,LK-C00888,319,True,SIMULATED app enrolment,2026-01-10
LK-L00889,LK-C00889,356,True,SIMULATED app enrolment,2026-01-10
LK-L00890,LK-C00890,393,True,SIMULATED app enrolment,2026-01-10
LK-L00891,LK-C00891,430,False,SIMULATED app enrolment,2026-01-10
LK-L00892,LK-C00892,467,True,SIMULATED app enrolment,2026-01-10
LK-L00893,LK-C00893,4,True,SIMULATED app enrolment,2026-01-10
LK-L00894,LK-C00894,41,True,SIMULATED app enrolment,2026-01-10
LK-L00895,LK-C00895,78,True,SIMULATED app enrolment,2026-01-10
LK-L00896,LK-C00896,115,False,SIMULATED app enrolment,2026-01-10
LK-L00897,LK-C00897,152,True,SIMULATED app enrolment,2026-01-10
LK-L00898,LK-C00898,189,True,SIMULATED app enrolment,2026-01-10
LK-L00899,LK-C00899,226,True,SIMULATED app enrolment,2026-01-10
LK-L00900,LK-C00900,263,True,SIMULATED app enrolment,2026-01-10
LK-L00901,LK-C00901,300,False,SIMULATED app enrolment,2026-01-10
LK-L00902,LK-C00902,337,True,SIMULATED app enrolment,2026-01-10
LK-L00903,LK-C00903,374,True,SIMULATED app enrolment,2026-01-10
LK-L00904,LK-C00904,411,True,SIMULATED app enrolment,2026-01-10
LK-L00905,LK-C00905,448,True,SIMULATED app enrolment,2026-01-10
LK-L00906,LK-C00906,485,False,SIMULATED app enrolment,2026-01-10
LK-L00907,LK-C00907,22,True,SIMULATED app enrolment,2026-01-10
LK-L00908,LK-C00908,59,True,SIMULATED app enrolment,2026-01-10
LK-L00909,LK-C00909,96,True,SIMULATED app enrolment,2026-01-10
LK-L00910,LK-C00910,133,True,SIMULATED app enrolment,2026-01-10
LK-L00911,LK-C00911,170,False,SIMULATED app enrolment,2026-01-10
LK-L00912,LK-C00912,207,True,SIMULATED app enrolment,2026-01-10
LK-L00913,LK-C00913,244,True,SIMULATED app enrolment,2026-01-10
LK-L00914,LK-C00914,281,True,SIMULATED app enrolment,2026-01-10
LK-L00915,LK-C00915,318,True,SIMULATED app enrolment,2026-01-10
LK-L00916,LK-C00916,355,False,SIMULATED app enrolment,2026-01-10
LK-L00917,LK-C00917,392,True,SIMULATED app enrolment,2026-01-10
LK-L00918,LK-C00918,429,True,SIMULATED app enrolment,2026-01-10
LK-L00919,LK-C00919,466,True,SIMULATED app enrolment,2026-01-10
LK-L00920,LK-C00920,3,True,SIMULATED app enrolment,2026-01-10
LK-L00921,LK-C00921,40,False,SIMULATED app enrolment,2026-01-10
LK-L00922,LK-C00922,77,True,SIMULATED app enrolment,2026-01-10
LK-L00923,LK-C00923,114,True,SIMULATED app enrolment,2026-01-10
LK-L00924,LK-C00924,151,True,SIMULATED app enrolment,2026-01-10
LK-L00925,LK-C00925,188,True,SIMULATED app enrolment,2026-01-10
LK-L00926,LK-C00926,225,False,SIMULATED app enrolment,2026-01-10
LK-L00927,LK-C00927,262,True,SIMULATED app enrolment,2026-01-10
LK-L00928,LK-C00928,299,True,SIMULATED app enrolment,2026-01-10
LK-L00929,LK-C00929,336,True,SIMULATED app enrolment,2026-01-10
LK-L00930,LK-C00930,373,True,SIMULATED app enrolment,2026-01-10
LK-L00931,LK-C00931,410,False,SIMULATED app enrolment,2026-01-10
LK-L00932,LK-C00932,447,True,SIMULATED app enrolment,2026-01-10
LK-L00933,LK-C00933,484,True,SIMULATED app enrolment,2026-01-10
LK-L00934,LK-C00934,21,True,SIMULATED app enrolment,2026-01-10
LK-L00935,LK-C00935,58,True,SIMULATED app enrolment,2026-01-10
LK-L00936,LK-C00936,95,False,SIMULATED app enrolment,2026-01-10
LK-L00937,LK-C00937,132,True,SIMULATED app enrolment,2026-01-10
LK-L00938,LK-C00938,169,True,SIMULATED app enrolment,2026-01-10
LK-L00939,LK-C00939,206,True,SIMULATED app enrolment,2026-01-10
LK-L00940,LK-C00940,243,True,SIMULATED app enrolment,2026-01-10
LK-L00941,LK-C00941,280,False,SIMULATED app enrolment,2026-01-10
LK-L00942,LK-C00942,317,True,SIMULATED app enrolment,2026-01-10
LK-L00943,LK-C00943,354,True,SIMULATED app enrolment,2026-01-10
LK-L00944,LK-C00944,391,True,SIMULATED app enrolment,2026-01-10
LK-L00945,LK-C00945,428,True,SIMULATED app enrolment,2026-01-10
LK-L00946,LK-C00946,465,False,SIMULATED app enrolment,2026-01-10
LK-L00947,LK-C00947,2,True,SIMULATED app enrolment,2026-01-10
LK-L00948,LK-C00948,39,True,SIMULATED app enrolment,2026-01-10
LK-L00949,LK-C00949,76,True,SIMULATED app enrolment,2026-01-10
LK-L00950,LK-C00950,113,True,SIMULATED app enrolment,2026-01-10
LK-L00951,LK-C00951,150,False,SIMULATED app enrolment,2026-01-10
LK-L00952,LK-C00952,187,True,SIMULATED app enrolment,2026-01-10
LK-L00953,LK-C00953,224,True,SIMULATED app enrolment,2026-01-10
LK-L00954,LK-C00954,261,True,SIMULATED app enrolment,2026-01-10
LK-L00955,LK-C00955,298,True,SIMULATED app enrolment,2026-01-10
LK-L00956,LK-C00956,335,False,SIMULATED app enrolment,2026-01-10
LK-L00957,LK-C00957,372,True,SIMULATED app enrolment,2026-01-10
LK-L00958,LK-C00958,409,True,SIMULATED app enrolment,2026-01-10
LK-L00959,LK-C00959,446,True,SIMULATED app enrolment,2026-01-10
LK-L00960,LK-C00960,483,True,SIMULATED app enrolment,2026-01-10
LK-L00961,LK-C00961,20,False,SIMULATED app enrolment,2026-01-10
LK-L00962,LK-C00962,57,True,SIMULATED app enrolment,2026-01-10
LK-L00963,LK-C00963,94,True,SIMULATED app enrolment,2026-01-10
LK-L00964,LK-C00964,131,True,SIMULATED app enrolment,2026-01-10
LK-L00965,LK-C00965,168,True,SIMULATED app enrolment,2026-01-10
LK-L00966,LK-C00966,205,False,SIMULATED app enrolment,2026-01-10
LK-L00967,LK-C00967,242,True,SIMULATED app enrolment,2026-01-10
LK-L00968,LK-C00968,279,True,SIMULATED app enrolment,2026-01-10
LK-L00969,LK-C00969,316,True,SIMULATED app enrolment,2026-01-10
LK-L00970,LK-C00970,353,True,SIMULATED app enrolment,2026-01-10
LK-L00971,LK-C00971,390,False,SIMULATED app enrolment,2026-01-10
LK-L00972,LK-C00972,427,True,SIMULATED app enrolment,2026-01-10
LK-L00973,LK-C00973,464,True,SIMULATED app enrolment,2026-01-10
LK-L00974,LK-C00974,1,True,SIMULATED app enrolment,2026-01-10
LK-L00975,LK-C00975,38,True,SIMULATED app enrolment,2026-01-10
LK-L00976,LK-C00976,75,False,SIMULATED app enrolment,2026-01-10
LK-L00977,LK-C00977,112,True,SIMULATED app enrolment,2026-01-10
LK-L00978,LK-C00978,149,True,SIMULATED app enrolment,2026-01-10
LK-L00979,LK-C00979,186,True,SIMULATED app enrolment,2026-01-10
LK-L00980,LK-C00980,223,True,SIMULATED app enrolment,2026-01-10
LK-L00981,LK-C00981,260,False,SIMULATED app enrolment,2026-01-10
LK-L00982,LK-C00982,297,True,SIMULATED app enrolment,2026-01-10
LK-L00983,LK-C00983,334,True,SIMULATED app enrolment,2026-01-10
LK-L00984,LK-C00984,371,True,SIMULATED app enrolment,2026-01-10
LK-L00985,LK-C00985,408,True,SIMULATED app enrolment,2026-01-10
LK-L00986,LK-C00986,445,False,SIMULATED app enrolment,2026-01-10
LK-L00987,LK-C00987,482,True,SIMULATED app enrolment,2026-01-10
LK-L00988,LK-C00988,19,True,SIMULATED app enrolment,2026-01-10
LK-L00989,LK-C00989,56,True,SIMULATED app enrolment,2026-01-10
LK-L00990,LK-C00990,93,True,SIMULATED app enrolment,2026-01-10
LK-L00991,LK-C00991,130,False,SIMULATED app enrolment,2026-01-10
LK-L00992,LK-C00992,167,True,SIMULATED app enrolment,2026-01-10
LK-L00993,LK-C00993,204,True,SIMULATED app enrolment,2026-01-10
LK-L00994,LK-C00994,241,True,SIMULATED app enrolment,2026-01-10
LK-L00995,LK-C00995,278,True,SIMULATED app enrolment,2026-01-10
LK-L00996,LK-C00996,315,False,SIMULATED app enrolment,2026-01-10
LK-L00997,LK-C00997,352,True,SIMULATED app enrolment,2026-01-10
LK-L00998,LK-C00998,389,True,SIMULATED app enrolment,2026-01-10
LK-L00999,LK-C00999,426,True,SIMULATED app enrolment,2026-01-10
LK-L01000,LK-C01000,463,True,SIMULATED app enrolment,2026-01-10
LK-L01001,LK-C01001,0,False,SIMULATED app enrolment,2026-01-10
LK-L01002,LK-C01002,37,True,SIMULATED app enrolment,2026-01-10
LK-L01003,LK-C01003,74,True,SIMULATED app enrolment,2026-01-10
LK-L01004,LK-C01004,111,True,SIMULATED app enrolment,2026-01-10
LK-L01005,LK-C01005,148,True,SIMULATED app enrolment,2026-01-10
LK-L01006,LK-C01006,185,False,SIMULATED app enrolment,2026-01-10
LK-L01007,LK-C01007,222,True,SIMULATED app enrolment,2026-01-10
LK-L01008,LK-C01008,259,True,SIMULATED app enrolment,2026-01-10
LK-L01009,LK-C01009,296,True,SIMULATED app enrolment,2026-01-10
LK-L01010,LK-C01010,333,True,SIMULATED app enrolment,2026-01-10
LK-L01011,LK-C01011,370,False,SIMULATED app enrolment,2026-01-10
LK-L01012,LK-C01012,407,True,SIMULATED app enrolment,2026-01-10
LK-L01013,LK-C01013,444,True,SIMULATED app enrolment,2026-01-10
LK-L01014,LK-C01014,481,True,SIMULATED app enrolment,2026-01-10
LK-L01015,LK-C01015,18,True,SIMULATED app enrolment,2026-01-10
LK-L01016,LK-C01016,55,False,SIMULATED app enrolment,2026-01-10
LK-L01017,LK-C01017,92,True,SIMULATED app enrolment,2026-01-10
LK-L01018,LK-C01018,129,True,SIMULATED app enrolment,2026-01-10
LK-L01019,LK-C01019,166,True,SIMULATED app enrolment,2026-01-10
LK-L01020,LK-C01020,203,True,SIMULATED app enrolment,2026-01-10
LK-L01021,LK-C01021,240,False,SIMULATED app enrolment,2026-01-10
LK-L01022,LK-C01022,277,True,SIMULATED app enrolment,2026-01-10
LK-L01023,LK-C01023,314,True,SIMULATED app enrolment,2026-01-10
LK-L01024,LK-C01024,351,True,SIMULATED app enrolment,2026-01-10
LK-L01025,LK-C01025,388,True,SIMULATED app enrolment,2026-01-10
LK-L01026,LK-C01026,425,False,SIMULATED app enrolment,2026-01-10
LK-L01027,LK-C01027,462,True,SIMULATED app enrolment,2026-01-10
LK-L01028,LK-C01028,499,True,SIMULATED app enrolment,2026-01-10
LK-L01029,LK-C01029,36,True,SIMULATED app enrolment,2026-01-10
LK-L01030,LK-C01030,73,True,SIMULATED app enrolment,2026-01-10
LK-L01031,LK-C01031,110,False,SIMULATED app enrolment,2026-01-10
LK-L01032,LK-C01032,147,True,SIMULATED app enrolment,2026-01-10
LK-L01033,LK-C01033,184,True,SIMULATED app enrolment,2026-01-10
LK-L01034,LK-C01034,221,True,SIMULATED app enrolment,2026-01-10
LK-L01035,LK-C01035,258,True,SIMULATED app enrolment,2026-01-10
LK-L01036,LK-C01036,295,False,SIMULATED app enrolment,2026-01-10
LK-L01037,LK-C01037,332,True,SIMULATED app enrolment,2026-01-10
LK-L01038,LK-C01038,369,True,SIMULATED app enrolment,2026-01-10
LK-L01039,LK-C01039,406,True,SIMULATED app enrolment,2026-01-10
LK-L01040,LK-C01040,443,True,SIMULATED app enrolment,2026-01-10
LK-L01041,LK-C01041,480,False,SIMULATED app enrolment,2026-01-10
LK-L01042,LK-C01042,17,True,SIMULATED app enrolment,2026-01-10
LK-L01043,LK-C01043,54,True,SIMULATED app enrolment,2026-01-10
LK-L01044,LK-C01044,91,True,SIMULATED app enrolment,2026-01-10
LK-L01045,LK-C01045,128,True,SIMULATED app enrolment,2026-01-10
LK-L01046,LK-C01046,165,False,SIMULATED app enrolment,2026-01-10
LK-L01047,LK-C01047,202,True,SIMULATED app enrolment,2026-01-10
LK-L01048,LK-C01048,239,True,SIMULATED app enrolment,2026-01-10
LK-L01049,LK-C01049,276,True,SIMULATED app enrolment,2026-01-10
LK-L01050,LK-C01050,313,True,SIMULATED app enrolment,2026-01-10
LK-L01051,LK-C01051,350,False,SIMULATED app enrolment,2026-01-10
LK-L01052,LK-C01052,387,True,SIMULATED app enrolment,2026-01-10
LK-L01053,LK-C01053,424,True,SIMULATED app enrolment,2026-01-10
LK-L01054,LK-C01054,461,True,SIMULATED app enrolment,2026-01-10
LK-L01055,LK-C01055,498,True,SIMULATED app enrolment,2026-01-10
LK-L01056,LK-C01056,35,False,SIMULATED app enrolment,2026-01-10
LK-L01057,LK-C01057,72,True,SIMULATED app enrolment,2026-01-10
LK-L01058,LK-C01058,109,True,SIMULATED app enrolment,2026-01-10
LK-L01059,LK-C01059,146,True,SIMULATED app enrolment,2026-01-10
LK-L01060,LK-C01060,183,True,SIMULATED app enrolment,2026-01-10
LK-L01061,LK-C01061,220,False,SIMULATED app enrolment,2026-01-10
LK-L01062,LK-C01062,257,True,SIMULATED app enrolment,2026-01-10
LK-L01063,LK-C01063,294,True,SIMULATED app enrolment,2026-01-10
LK-L01064,LK-C01064,331,True,SIMULATED app enrolment,2026-01-10
LK-L01065,LK-C01065,368,True,SIMULATED app enrolment,2026-01-10
LK-L01066,LK-C01066,405,False,SIMULATED app enrolment,2026-01-10
LK-L01067,LK-C01067,442,True,SIMULATED app enrolment,2026-01-10
LK-L01068,LK-C01068,479,True,SIMULATED app enrolment,2026-01-10
LK-L01069,LK-C01069,16,True,SIMULATED app enrolment,2026-01-10
LK-L01070,LK-C01070,53,True,SIMULATED app enrolment,2026-01-10
LK-L01071,LK-C01071,90,False,SIMULATED app enrolment,2026-01-10
LK-L01072,LK-C01072,127,True,SIMULATED app enrolment,2026-01-10
LK-L01073,LK-C01073,164,True,SIMULATED app enrolment,2026-01-10
LK-L01074,LK-C01074,201,True,SIMULATED app enrolment,2026-01-10
LK-L01075,LK-C01075,238,True,SIMULATED app enrolment,2026-01-10
LK-L01076,LK-C01076,275,False,SIMULATED app enrolment,2026-01-10
LK-L01077,LK-C01077,312,True,SIMULATED app enrolment,2026-01-10
LK-L01078,LK-C01078,349,True,SIMULATED app enrolment,2026-01-10
LK-L01079,LK-C01079,386,True,SIMULATED app enrolment,2026-01-10
LK-L01080,LK-C01080,423,True,SIMULATED app enrolment,2026-01-10
LK-L01081,LK-C01081,460,False,SIMULATED app enrolment,2026-01-10
LK-L01082,LK-C01082,497,True,SIMULATED app enrolment,2026-01-10
LK-L01083,LK-C01083,34,True,SIMULATED app enrolment,2026-01-10
LK-L01084,LK-C01084,71,True,SIMULATED app enrolment,2026-01-10
LK-L01085,LK-C01085,108,True,SIMULATED app enrolment,2026-01-10
LK-L01086,LK-C01086,145,False,SIMULATED app enrolment,2026-01-10
LK-L01087,LK-C01087,182,True,SIMULATED app enrolment,2026-01-10
LK-L01088,LK-C01088,219,True,SIMULATED app enrolment,2026-01-10
LK-L01089,LK-C01089,256,True,SIMULATED app enrolment,2026-01-10
LK-L01090,LK-C01090,293,True,SIMULATED app enrolment,2026-01-10
LK-L01091,LK-C01091,330,False,SIMULATED app enrolment,2026-01-10
LK-L01092,LK-C01092,367,True,SIMULATED app enrolment,2026-01-10
LK-L01093,LK-C01093,404,True,SIMULATED app enrolment,2026-01-10
LK-L01094,LK-C01094,441,True,SIMULATED app enrolment,2026-01-10
LK-L01095,LK-C01095,478,True,SIMULATED app enrolment,2026-01-10
LK-L01096,LK-C01096,15,False,SIMULATED app enrolment,2026-01-10
LK-L01097,LK-C01097,52,True,SIMULATED app enrolment,2026-01-10
LK-L01098,LK-C01098,89,True,SIMULATED app enrolment,2026-01-10
LK-L01099,LK-C01099,126,True,SIMULATED app enrolment,2026-01-10
LK-L01100,LK-C01100,163,True,SIMULATED app enrolment,2026-01-10
LK-L01101,LK-C01101,200,False,SIMULATED app enrolment,2026-01-10
LK-L01102,LK-C01102,237,True,SIMULATED app enrolment,2026-01-10
LK-L01103,LK-C01103,274,True,SIMULATED app enrolment,2026-01-10
LK-L01104,LK-C01104,311,True,SIMULATED app enrolment,2026-01-10
LK-L01105,LK-C01105,348,True,SIMULATED app enrolment,2026-01-10
LK-L01106,LK-C01106,385,False,SIMULATED app enrolment,2026-01-10
LK-L01107,LK-C01107,422,True,SIMULATED app enrolment,2026-01-10
LK-L01108,LK-C01108,459,True,SIMULATED app enrolment,2026-01-10
LK-L01109,LK-C01109,496,True,SIMULATED app enrolment,2026-01-10
LK-L01110,LK-C01110,33,True,SIMULATED app enrolment,2026-01-10
LK-L01111,LK-C01111,70,False,SIMULATED app enrolment,2026-01-10
LK-L01112,LK-C01112,107,True,SIMULATED app enrolment,2026-01-10
LK-L01113,LK-C01113,144,True,SIMULATED app enrolment,2026-01-10
LK-L01114,LK-C01114,181,True,SIMULATED app enrolment,2026-01-10
LK-L01115,LK-C01115,218,True,SIMULATED app enrolment,2026-01-10
LK-L01116,LK-C01116,255,False,SIMULATED app enrolment,2026-01-10
LK-L01117,LK-C01117,292,True,SIMULATED app enrolment,2026-01-10
LK-L01118,LK-C01118,329,True,SIMULATED app enrolment,2026-01-10
LK-L01119,LK-C01119,366,True,SIMULATED app enrolment,2026-01-10
LK-L01120,LK-C01120,403,True,SIMULATED app enrolment,2026-01-10
LK-L01121,LK-C01121,440,False,SIMULATED app enrolment,2026-01-10
LK-L01122,LK-C01122,477,True,SIMULATED app enrolment,2026-01-10
LK-L01123,LK-C01123,14,True,SIMULATED app enrolment,2026-01-10
LK-L01124,LK-C01124,51,True,SIMULATED app enrolment,2026-01-10
LK-L01125,LK-C01125,88,True,SIMULATED app enrolment,2026-01-10
LK-L01126,LK-C01126,125,False,SIMULATED app enrolment,2026-01-10
LK-L01127,LK-C01127,162,True,SIMULATED app enrolment,2026-01-10
LK-L01128,LK-C01128,199,True,SIMULATED app enrolment,2026-01-10
LK-L01129,LK-C01129,236,True,SIMULATED app enrolment,2026-01-10
LK-L01130,LK-C01130,273,True,SIMULATED app enrolment,2026-01-10
LK-L01131,LK-C01131,310,False,SIMULATED app enrolment,2026-01-10
LK-L01132,LK-C01132,347,True,SIMULATED app enrolment,2026-01-10
LK-L01133,LK-C01133,384,True,SIMULATED app enrolment,2026-01-10
LK-L01134,LK-C01134,421,True,SIMULATED app enrolment,2026-01-10
LK-L01135,LK-C01135,458,True,SIMULATED app enrolment,2026-01-10
LK-L01136,LK-C01136,495,False,SIMULATED app enrolment,2026-01-10
LK-L01137,LK-C01137,32,True,SIMULATED app enrolment,2026-01-10
LK-L01138,LK-C01138,69,True,SIMULATED app enrolment,2026-01-10
LK-L01139,LK-C01139,106,True,SIMULATED app enrolment,2026-01-10
LK-L01140,LK-C01140,143,True,SIMULATED app enrolment,2026-01-10
LK-L01141,LK-C01141,180,False,SIMULATED app enrolment,2026-01-10
LK-L01142,LK-C01142,217,True,SIMULATED app enrolment,2026-01-10
LK-L01143,LK-C01143,254,True,SIMULATED app enrolment,2026-01-10
LK-L01144,LK-C01144,291,True,SIMULATED app enrolment,2026-01-10
LK-L01145,LK-C01145,328,True,SIMULATED app enrolment,2026-01-10
LK-L01146,LK-C01146,365,False,SIMULATED app enrolment,2026-01-10
LK-L01147,LK-C01147,402,True,SIMULATED app enrolment,2026-01-10
LK-L01148,LK-C01148,439,True,SIMULATED app enrolment,2026-01-10
LK-L01149,LK-C01149,476,True,SIMULATED app enrolment,2026-01-10
LK-L01150,LK-C01150,13,True,SIMULATED app enrolment,2026-01-10
LK-L01151,LK-C01151,50,False,SIMULATED app enrolment,2026-01-10
LK-L01152,LK-C01152,87,True,SIMULATED app enrolment,2026-01-10
LK-L01153,LK-C01153,124,True,SIMULATED app enrolment,2026-01-10
LK-L01154,LK-C01154,161,True,SIMULATED app enrolment,2026-01-10
LK-L01155,LK-C01155,198,True,SIMULATED app enrolment,2026-01-10
LK-L01156,LK-C01156,235,False,SIMULATED app enrolment,2026-01-10
LK-L01157,LK-C01157,272,True,SIMULATED app enrolment,2026-01-10
LK-L01158,LK-C01158,309,True,SIMULATED app enrolment,2026-01-10
LK-L01159,LK-C01159,346,True,SIMULATED app enrolment,2026-01-10
LK-L01160,LK-C01160,383,True,SIMULATED app enrolment,2026-01-10
LK-L01161,LK-C01161,420,False,SIMULATED app enrolment,2026-01-10
LK-L01162,LK-C01162,457,True,SIMULATED app enrolment,2026-01-10
LK-L01163,LK-C01163,494,True,SIMULATED app enrolment,2026-01-10
LK-L01164,LK-C01164,31,True,SIMULATED app enrolment,2026-01-10
LK-L01165,LK-C01165,68,True,SIMULATED app enrolment,2026-01-10
LK-L01166,LK-C01166,105,False,SIMULATED app enrolment,2026-01-10
LK-L01167,LK-C01167,142,True,SIMULATED app enrolment,2026-01-10
LK-L01168,LK-C01168,179,True,SIMULATED app enrolment,2026-01-10
LK-L01169,LK-C01169,216,True,SIMULATED app enrolment,2026-01-10
LK-L01170,LK-C01170,253,True,SIMULATED app enrolment,2026-01-10
LK-L01171,LK-C01171,290,False,SIMULATED app enrolment,2026-01-10
LK-L01172,LK-C01172,327,True,SIMULATED app enrolment,2026-01-10
LK-L01173,LK-C01173,364,True,SIMULATED app enrolment,2026-01-10
LK-L01174,LK-C01174,401,True,SIMULATED app enrolment,2026-01-10
LK-L01175,LK-C01175,438,True,SIMULATED app enrolment,2026-01-10
LK-L01176,LK-C01176,475,False,SIMULATED app enrolment,2026-01-10
LK-L01177,LK-C01177,12,True,SIMULATED app enrolment,2026-01-10
LK-L01178,LK-C01178,49,True,SIMULATED app enrolment,2026-01-10
LK-L01179,LK-C01179,86,True,SIMULATED app enrolment,2026-01-10
LK-L01180,LK-C01180,123,True,SIMULATED app enrolment,2026-01-10
LK-L01181,LK-C01181,160,False,SIMULATED app enrolment,2026-01-10
LK-L01182,LK-C01182,197,True,SIMULATED app enrolment,2026-01-10
LK-L01183,LK-C01183,234,True,SIMULATED app enrolment,2026-01-10
LK-L01184,LK-C01184,271,True,SIMULATED app enrolment,2026-01-10
LK-L01185,LK-C01185,308,True,SIMULATED app enrolment,2026-01-10
LK-L01186,LK-C01186,345,False,SIMULATED app enrolment,2026-01-10
LK-L01187,LK-C01187,382,True,SIMULATED app enrolment,2026-01-10
LK-L01188,LK-C01188,419,True,SIMULATED app enrolment,2026-01-10
LK-L01189,LK-C01189,456,True,SIMULATED app enrolment,2026-01-10
LK-L01190,LK-C01190,493,True,SIMULATED app enrolment,2026-01-10
LK-L01191,LK-C01191,30,False,SIMULATED app enrolment,2026-01-10
LK-L01192,LK-C01192,67,True,SIMULATED app enrolment,2026-01-10
LK-L01193,LK-C01193,104,True,SIMULATED app enrolment,2026-01-10
LK-L01194,LK-C01194,141,True,SIMULATED app enrolment,2026-01-10
LK-L01195,LK-C01195,178,True,SIMULATED app enrolment,2026-01-10
LK-L01196,LK-C01196,215,False,SIMULATED app enrolment,2026-01-10
LK-L01197,LK-C01197,252,True,SIMULATED app enrolment,2026-01-10
LK-L01198,LK-C01198,289,True,SIMULATED app enrolment,2026-01-10
LK-L01199,LK-C01199,326,True,SIMULATED app enrolment,2026-01-10
LK-L01200,LK-C01200,363,True,SIMULATED app enrolment,2026-01-10
LK-L01201,LK-C01201,400,False,SIMULATED app enrolment,2026-01-10
LK-L01202,LK-C01202,437,True,SIMULATED app enrolment,2026-01-10
LK-L01203,LK-C01203,474,True,SIMULATED app enrolment,2026-01-10
LK-L01204,LK-C01204,11,True,SIMULATED app enrolment,2026-01-10
LK-L01205,LK-C01205,48,True,SIMULATED app enrolment,2026-01-10
LK-L01206,LK-C01206,85,False,SIMULATED app enrolment,2026-01-10
LK-L01207,LK-C01207,122,True,SIMULATED app enrolment,2026-01-10
LK-L01208,LK-C01208,159,True,SIMULATED app enrolment,2026-01-10
LK-L01209,LK-C01209,196,True,SIMULATED app enrolment,2026-01-10
LK-L01210,LK-C01210,233,True,SIMULATED app enrolment,2026-01-10
LK-L01211,LK-C01211,270,False,SIMULATED app enrolment,2026-01-10
LK-L01212,LK-C01212,307,True,SIMULATED app enrolment,2026-01-10
LK-L01213,LK-C01213,344,True,SIMULATED app enrolment,2026-01-10
LK-L01214,LK-C01214,381,True,SIMULATED app enrolment,2026-01-10
LK-L01215,LK-C01215,418,True,SIMULATED app enrolment,2026-01-10
LK-L01216,LK-C01216,455,False,SIMULATED app enrolment,2026-01-10
LK-L01217,LK-C01217,492,True,SIMULATED app enrolment,2026-01-10
LK-L01218,LK-C01218,29,True,SIMULATED app enrolment,2026-01-10
LK-L01219,LK-C01219,66,True,SIMULATED app enrolment,2026-01-10
LK-L01220,LK-C01220,103,True,SIMULATED app enrolment,2026-01-10
LK-L01221,LK-C01221,140,False,SIMULATED app enrolment,2026-01-10
LK-L01222,LK-C01222,177,True,SIMULATED app enrolment,2026-01-10
LK-L01223,LK-C01223,214,True,SIMULATED app enrolment,2026-01-10
LK-L01224,LK-C01224,251,True,SIMULATED app enrolment,2026-01-10
LK-L01225,LK-C01225,288,True,SIMULATED app enrolment,2026-01-10
LK-L01226,LK-C01226,325,False,SIMULATED app enrolment,2026-01-10
LK-L01227,LK-C01227,362,True,SIMULATED app enrolment,2026-01-10
LK-L01228,LK-C01228,399,True,SIMULATED app enrolment,2026-01-10
LK-L01229,LK-C01229,436,True,SIMULATED app enrolment,2026-01-10
LK-L01230,LK-C01230,473,True,SIMULATED app enrolment,2026-01-10
LK-L01231,LK-C01231,10,False,SIMULATED app enrolment,2026-01-10
LK-L01232,LK-C01232,47,True,SIMULATED app enrolment,2026-01-10
LK-L01233,LK-C01233,84,True,SIMULATED app enrolment,2026-01-10
LK-L01234,LK-C01234,121,True,SIMULATED app enrolment,2026-01-10
LK-L01235,LK-C01235,158,True,SIMULATED app enrolment,2026-01-10
LK-L01236,LK-C01236,195,False,SIMULATED app enrolment,2026-01-10
LK-L01237,LK-C01237,232,True,SIMULATED app enrolment,2026-01-10
LK-L01238,LK-C01238,269,True,SIMULATED app enrolment,2026-01-10
LK-L01239,LK-C01239,306,True,SIMULATED app enrolment,2026-01-10
LK-L01240,LK-C01240,343,True,SIMULATED app enrolment,2026-01-10
LK-L01241,LK-C01241,380,False,SIMULATED app enrolment,2026-01-10
LK-L01242,LK-C01242,417,True,SIMULATED app enrolment,2026-01-10
LK-L01243,LK-C01243,454,True,SIMULATED app enrolment,2026-01-10
LK-L01244,LK-C01244,491,True,SIMULATED app enrolment,2026-01-10
LK-L01245,LK-C01245,28,True,SIMULATED app enrolment,2026-01-10
LK-L01246,LK-C01246,65,False,SIMULATED app enrolment,2026-01-10
LK-L01247,LK-C01247,102,True,SIMULATED app enrolment,2026-01-10
LK-L01248,LK-C01248,139,True,SIMULATED app enrolment,2026-01-10
LK-L01249,LK-C01249,176,True,SIMULATED app enrolment,2026-01-10
LK-L01250,LK-C01250,213,True,SIMULATED app enrolment,2026-01-10
LK-L01251,LK-C01251,250,False,SIMULATED app enrolment,2026-01-10
LK-L01252,LK-C01252,287,True,SIMULATED app enrolment,2026-01-10
LK-L01253,LK-C01253,324,True,SIMULATED app enrolment,2026-01-10
LK-L01254,LK-C01254,361,True,SIMULATED app enrolment,2026-01-10
LK-L01255,LK-C01255,398,True,SIMULATED app enrolment,2026-01-10
LK-L01256,LK-C01256,435,False,SIMULATED app enrolment,2026-01-10
LK-L01257,LK-C01257,472,True,SIMULATED app enrolment,2026-01-10
LK-L01258,LK-C01258,9,True,SIMULATED app enrolment,2026-01-10
LK-L01259,LK-C01259,46,True,SIMULATED app enrolment,2026-01-10
LK-L01260,LK-C01260,83,True,SIMULATED app enrolment,2026-01-10
LK-L01261,LK-C01261,120,False,SIMULATED app enrolment,2026-01-10
LK-L01262,LK-C01262,157,True,SIMULATED app enrolment,2026-01-10
LK-L01263,LK-C01263,194,True,SIMULATED app enrolment,2026-01-10
LK-L01264,LK-C01264,231,True,SIMULATED app enrolment,2026-01-10
LK-L01265,LK-C01265,268,True,SIMULATED app enrolment,2026-01-10
LK-L01266,LK-C01266,305,False,SIMULATED app enrolment,2026-01-10
LK-L01267,LK-C01267,342,True,SIMULATED app enrolment,2026-01-10
LK-L01268,LK-C01268,379,True,SIMULATED app enrolment,2026-01-10
LK-L01269,LK-C01269,416,True,SIMULATED app enrolment,2026-01-10
LK-L01270,LK-C01270,453,True,SIMULATED app enrolment,2026-01-10
LK-L01271,LK-C01271,490,False,SIMULATED app enrolment,2026-01-10
LK-L01272,LK-C01272,27,True,SIMULATED app enrolment,2026-01-10
LK-L01273,LK-C01273,64,True,SIMULATED app enrolment,2026-01-10
LK-L01274,LK-C01274,101,True,SIMULATED app enrolment,2026-01-10
LK-L01275,LK-C01275,138,True,SIMULATED app enrolment,2026-01-10
LK-L01276,LK-C01276,175,False,SIMULATED app enrolment,2026-01-10
LK-L01277,LK-C01277,212,True,SIMULATED app enrolment,2026-01-10
LK-L01278,LK-C01278,249,True,SIMULATED app enrolment,2026-01-10
LK-L01279,LK-C01279,286,True,SIMULATED app enrolment,2026-01-10
LK-L01280,LK-C01280,323,True,SIMULATED app enrolment,2026-01-10
LK-L01281,LK-C01281,360,False,SIMULATED app enrolment,2026-01-10
LK-L01282,LK-C01282,397,True,SIMULATED app enrolment,2026-01-10
LK-L01283,LK-C01283,434,True,SIMULATED app enrolment,2026-01-10
LK-L01284,LK-C01284,471,True,SIMULATED app enrolment,2026-01-10
LK-L01285,LK-C01285,8,True,SIMULATED app enrolment,2026-01-10
LK-L01286,LK-C01286,45,False,SIMULATED app enrolment,2026-01-10
LK-L01287,LK-C01287,82,True,SIMULATED app enrolment,2026-01-10
LK-L01288,LK-C01288,119,True,SIMULATED app enrolment,2026-01-10
LK-L01289,LK-C01289,156,True,SIMULATED app enrolment,2026-01-10
LK-L01290,LK-C01290,193,True,SIMULATED app enrolment,2026-01-10
LK-L01291,LK-C01291,230,False,SIMULATED app enrolment,2026-01-10
LK-L01292,LK-C01292,267,True,SIMULATED app enrolment,2026-01-10
LK-L01293,LK-C01293,304,True,SIMULATED app enrolment,2026-01-10
LK-L01294,LK-C01294,341,True,SIMULATED app enrolment,2026-01-10
LK-L01295,LK-C01295,378,True,SIMULATED app enrolment,2026-01-10
LK-L01296,LK-C01296,415,False,SIMULATED app enrolment,2026-01-10
LK-L01297,LK-C01297,452,True,SIMULATED app enrolment,2026-01-10
LK-L01298,LK-C01298,489,True,SIMULATED app enrolment,2026-01-10
LK-L01299,LK-C01299,26,True,SIMULATED app enrolment,2026-01-10
LK-L01300,LK-C01300,63,True,SIMULATED app enrolment,2026-01-10
LK-L01301,LK-C01301,100,False,SIMULATED app enrolment,2026-01-10
LK-L01302,LK-C01302,137,True,SIMULATED app enrolment,2026-01-10
LK-L01303,LK-C01303,174,True,SIMULATED app enrolment,2026-01-10
LK-L01304,LK-C01304,211,True,SIMULATED app enrolment,2026-01-10
LK-L01305,LK-C01305,248,True,SIMULATED app enrolment,2026-01-10
LK-L01306,LK-C01306,285,False,SIMULATED app enrolment,2026-01-10
LK-L01307,LK-C01307,322,True,SIMULATED app enrolment,2026-01-10
LK-L01308,LK-C01308,359,True,SIMULATED app enrolment,2026-01-10
LK-L01309,LK-C01309,396,True,SIMULATED app enrolment,2026-01-10
LK-L01310,LK-C01310,433,True,SIMULATED app enrolment,2026-01-10
LK-L01311,LK-C01311,470,False,SIMULATED app enrolment,2026-01-10
LK-L01312,LK-C01312,7,True,SIMULATED app enrolment,2026-01-10
LK-L01313,LK-C01313,44,True,SIMULATED app enrolment,2026-01-10
LK-L01314,LK-C01314,81,True,SIMULATED app enrolment,2026-01-10
LK-L01315,LK-C01315,118,True,SIMULATED app enrolment,2026-01-10
LK-L01316,LK-C01316,155,False,SIMULATED app enrolment,2026-01-10
LK-L01317,LK-C01317,192,True,SIMULATED app enrolment,2026-01-10
LK-L01318,LK-C01318,229,True,SIMULATED app enrolment,2026-01-10
LK-L01319,LK-C01319,266,True,SIMULATED app enrolment,2026-01-10
LK-L01320,LK-C01320,303,True,SIMULATED app enrolment,2026-01-10
LK-L01321,LK-C01321,340,False,SIMULATED app enrolment,2026-01-10
LK-L01322,LK-C01322,377,True,SIMULATED app enrolment,2026-01-10
LK-L01323,LK-C01323,414,True,SIMULATED app enrolment,2026-01-10
LK-L01324,LK-C01324,451,True,SIMULATED app enrolment,2026-01-10
LK-L01325,LK-C01325,488,True,SIMULATED app enrolment,2026-01-10
LK-L01326,LK-C01326,25,False,SIMULATED app enrolment,2026-01-10
LK-L01327,LK-C01327,62,True,SIMULATED app enrolment,2026-01-10
LK-L01328,LK-C01328,99,True,SIMULATED app enrolment,2026-01-10
LK-L01329,LK-C01329,136,True,SIMULATED app enrolment,2026-01-10
LK-L01330,LK-C01330,173,True,SIMULATED app enrolment,2026-01-10
LK-L01331,LK-C01331,210,False,SIMULATED app enrolment,2026-01-10
LK-L01332,LK-C01332,247,True,SIMULATED app enrolment,2026-01-10
LK-L01333,LK-C01333,284,True,SIMULATED app enrolment,2026-01-10
LK-L01334,LK-C01334,321,True,SIMULATED app enrolment,2026-01-10
LK-L01335,LK-C01335,358,True,SIMULATED app enrolment,2026-01-10
LK-L01336,LK-C01336,395,False,SIMULATED app enrolment,2026-01-10
LK-L01337,LK-C01337,432,True,SIMULATED app enrolment,2026-01-10
LK-L01338,LK-C01338,469,True,SIMULATED app enrolment,2026-01-10
LK-L01339,LK-C01339,6,True,SIMULATED app enrolment,2026-01-10
LK-L01340,LK-C01340,43,True,SIMULATED app enrolment,2026-01-10
LK-L01341,LK-C01341,80,False,SIMULATED app enrolment,2026-01-10
LK-L01342,LK-C01342,117,True,SIMULATED app enrolment,2026-01-10
LK-L01343,LK-C01343,154,True,SIMULATED app enrolment,2026-01-10
LK-L01344,LK-C01344,191,True,SIMULATED app enrolment,2026-01-10
LK-L01345,LK-C01345,228,True,SIMULATED app enrolment,2026-01-10
LK-L01346,LK-C01346,265,False,SIMULATED app enrolment,2026-01-10
LK-L01347,LK-C01347,302,True,SIMULATED app enrolment,2026-01-10
LK-L01348,LK-C01348,339,True,SIMULATED app enrolment,2026-01-10
LK-L01349,LK-C01349,376,True,SIMULATED app enrolment,2026-01-10
LK-L01350,LK-C01350,413,True,SIMULATED app enrolment,2026-01-10
LK-L01351,LK-C01351,450,False,SIMULATED app enrolment,2026-01-10
LK-L01352,LK-C01352,487,True,SIMULATED app enrolment,2026-01-10
LK-L01353,LK-C01353,24,True,SIMULATED app enrolment,2026-01-10
LK-L01354,LK-C01354,61,True,SIMULATED app enrolment,2026-01-10
LK-L01355,LK-C01355,98,True,SIMULATED app enrolment,2026-01-10
LK-L01356,LK-C01356,135,False,SIMULATED app enrolment,2026-01-10
LK-L01357,LK-C01357,172,True,SIMULATED app enrolment,2026-01-10
LK-L01358,LK-C01358,209,True,SIMULATED app enrolment,2026-01-10
LK-L01359,LK-C01359,246,True,SIMULATED app enrolment,2026-01-10
LK-L01360,LK-C01360,283,True,SIMULATED app enrolment,2026-01-10
LK-L01361,LK-C01361,320,False,SIMULATED app enrolment,2026-01-10
LK-L01362,LK-C01362,357,True,SIMULATED app enrolment,2026-01-10
LK-L01363,LK-C01363,394,True,SIMULATED app enrolment,2026-01-10
LK-L01364,LK-C01364,431,True,SIMULATED app enrolment,2026-01-10
LK-L01365,LK-C01365,468,True,SIMULATED app enrolment,2026-01-10
LK-L01366,LK-C01366,5,False,SIMULATED app enrolment,2026-01-10
LK-L01367,LK-C01367,42,True,SIMULATED app enrolment,2026-01-10
LK-L01368,LK-C01368,79,True,SIMULATED app enrolment,2026-01-10
LK-L01369,LK-C01369,116,True,SIMULATED app enrolment,2026-01-10
LK-L01370,LK-C01370,153,True,SIMULATED app enrolment,2026-01-10
LK-L01371,LK-C01371,190,False,SIMULATED app enrolment,2026-01-10
LK-L01372,LK-C01372,227,True,SIMULATED app enrolment,2026-01-10
LK-L01373,LK-C01373,264,True,SIMULATED app enrolment,2026-01-10
LK-L01374,LK-C01374,301,True,SIMULATED app enrolment,2026-01-10
LK-L01375,LK-C01375,338,True,SIMULATED app enrolment,2026-01-10
LK-L01376,LK-C01376,375,False,SIMULATED app enrolment,2026-01-10
LK-L01377,LK-C01377,412,True,SIMULATED app enrolment,2026-01-10
LK-L01378,LK-C01378,449,True,SIMULATED app enrolment,2026-01-10
LK-L01379,LK-C01379,486,True,SIMULATED app enrolment,2026-01-10
LK-L01380,LK-C01380,23,True,SIMULATED app enrolment,2026-01-10
LK-L01381,LK-C01381,60,False,SIMULATED app enrolment,2026-01-10
LK-L01382,LK-C01382,97,True,SIMULATED app enrolment,2026-01-10
LK-L01383,LK-C01383,134,True,SIMULATED app enrolment,2026-01-10
LK-L01384,LK-C01384,171,True,SIMULATED app enrolment,2026-01-10
LK-L01385,LK-C01385,208,True,SIMULATED app enrolment,2026-01-10
LK-L01386,LK-C01386,245,False,SIMULATED app enrolment,2026-01-10
LK-L01387,LK-C01387,282,True,SIMULATED app enrolment,2026-01-10
LK-L01388,LK-C01388,319,True,SIMULATED app enrolment,2026-01-10
LK-L01389,LK-C01389,356,True,SIMULATED app enrolment,2026-01-10
LK-L01390,LK-C01390,393,True,SIMULATED app enrolment,2026-01-10
LK-L01391,LK-C01391,430,False,SIMULATED app enrolment,2026-01-10
LK-L01392,LK-C01392,467,True,SIMULATED app enrolment,2026-01-10
LK-L01393,LK-C01393,4,True,SIMULATED app enrolment,2026-01-10
LK-L01394,LK-C01394,41,True,SIMULATED app enrolment,2026-01-10
LK-L01395,LK-C01395,78,True,SIMULATED app enrolment,2026-01-10
LK-L01396,LK-C01396,115,False,SIMULATED app enrolment,2026-01-10
LK-L01397,LK-C01397,152,True,SIMULATED app enrolment,2026-01-10
LK-L01398,LK-C01398,189,True,SIMULATED app enrolment,2026-01-10
LK-L01399,LK-C01399,226,True,SIMULATED app enrolment,2026-01-10
LK-L01400,LK-C01400,263,True,SIMULATED app enrolment,2026-01-10
LK-L01401,LK-C01401,300,False,SIMULATED app enrolment,2026-01-10
LK-L01402,LK-C01402,337,True,SIMULATED app enrolment,2026-01-10
LK-L01403,LK-C01403,374,True,SIMULATED app enrolment,2026-01-10
LK-L01404,LK-C01404,411,True,SIMULATED app enrolment,2026-01-10
LK-L01405,LK-C01405,448,True,SIMULATED app enrolment,2026-01-10
LK-L01406,LK-C01406,485,False,SIMULATED app enrolment,2026-01-10
LK-L01407,LK-C01407,22,True,SIMULATED app enrolment,2026-01-10
LK-L01408,LK-C01408,59,True,SIMULATED app enrolment,2026-01-10
LK-L01409,LK-C01409,96,True,SIMULATED app enrolment,2026-01-10
LK-L01410,LK-C01410,133,True,SIMULATED app enrolment,2026-01-10
LK-L01411,LK-C01411,170,False,SIMULATED app enrolment,2026-01-10
LK-L01412,LK-C01412,207,True,SIMULATED app enrolment,2026-01-10
LK-L01413,LK-C01413,244,True,SIMULATED app enrolment,2026-01-10
LK-L01414,LK-C01414,281,True,SIMULATED app enrolment,2026-01-10
LK-L01415,LK-C01415,318,True,SIMULATED app enrolment,2026-01-10
LK-L01416,LK-C01416,355,False,SIMULATED app enrolment,2026-01-10
LK-L01417,LK-C01417,392,True,SIMULATED app enrolment,2026-01-10
LK-L01418,LK-C01418,429,True,SIMULATED app enrolment,2026-01-10
LK-L01419,LK-C01419,466,True,SIMULATED app enrolment,2026-01-10
LK-L01420,LK-C01420,3,True,SIMULATED app enrolment,2026-01-10
LK-L01421,LK-C01421,40,False,SIMULATED app enrolment,2026-01-10
LK-L01422,LK-C01422,77,True,SIMULATED app enrolment,2026-01-10
LK-L01423,LK-C01423,114,True,SIMULATED app enrolment,2026-01-10
LK-L01424,LK-C01424,151,True,SIMULATED app enrolment,2026-01-10
LK-L01425,LK-C01425,188,True,SIMULATED app enrolment,2026-01-10
LK-L01426,LK-C01426,225,False,SIMULATED app enrolment,2026-01-10
LK-L01427,LK-C01427,262,True,SIMULATED app enrolment,2026-01-10
LK-L01428,LK-C01428,299,True,SIMULATED app enrolment,2026-01-10
LK-L01429,LK-C01429,336,True,SIMULATED app enrolment,2026-01-10
LK-L01430,LK-C01430,373,True,SIMULATED app enrolment,2026-01-10
LK-L01431,LK-C01431,410,False,SIMULATED app enrolment,2026-01-10
LK-L01432,LK-C01432,447,True,SIMULATED app enrolment,2026-01-10
LK-L01433,LK-C01433,484,True,SIMULATED app enrolment,2026-01-10
LK-L01434,LK-C01434,21,True,SIMULATED app enrolment,2026-01-10
LK-L01435,LK-C01435,58,True,SIMULATED app enrolment,2026-01-10
LK-L01436,LK-C01436,95,False,SIMULATED app enrolment,2026-01-10
LK-L01437,LK-C01437,132,True,SIMULATED app enrolment,2026-01-10
LK-L01438,LK-C01438,169,True,SIMULATED app enrolment,2026-01-10
LK-L01439,LK-C01439,206,True,SIMULATED app enrolment,2026-01-10
LK-L01440,LK-C01440,243,True,SIMULATED app enrolment,2026-01-10
LK-L01441,LK-C01441,280,False,SIMULATED app enrolment,2026-01-10
LK-L01442,LK-C01442,317,True,SIMULATED app enrolment,2026-01-10
LK-L01443,LK-C01443,354,True,SIMULATED app enrolment,2026-01-10
LK-L01444,LK-C01444,391,True,SIMULATED app enrolment,2026-01-10
LK-L01445,LK-C01445,428,True,SIMULATED app enrolment,2026-01-10
LK-L01446,LK-C01446,465,False,SIMULATED app enrolment,2026-01-10
LK-L01447,LK-C01447,2,True,SIMULATED app enrolment,2026-01-10
LK-L01448,LK-C01448,39,True,SIMULATED app enrolment,2026-01-10
LK-L01449,LK-C01449,76,True,SIMULATED app enrolment,2026-01-10
LK-L01450,LK-C01450,113,True,SIMULATED app enrolment,2026-01-10
LK-L01451,LK-C01451,150,False,SIMULATED app enrolment,2026-01-10
LK-L01452,LK-C01452,187,True,SIMULATED app enrolment,2026-01-10
LK-L01453,LK-C01453,224,True,SIMULATED app enrolment,2026-01-10
LK-L01454,LK-C01454,261,True,SIMULATED app enrolment,2026-01-10
LK-L01455,LK-C01455,298,True,SIMULATED app enrolment,2026-01-10
LK-L01456,LK-C01456,335,False,SIMULATED app enrolment,2026-01-10
LK-L01457,LK-C01457,372,True,SIMULATED app enrolment,2026-01-10
LK-L01458,LK-C01458,409,True,SIMULATED app enrolment,2026-01-10
LK-L01459,LK-C01459,446,True,SIMULATED app enrolment,2026-01-10
LK-L01460,LK-C01460,483,True,SIMULATED app enrolment,2026-01-10
LK-L01461,LK-C01461,20,False,SIMULATED app enrolment,2026-01-10
LK-L01462,LK-C01462,57,True,SIMULATED app enrolment,2026-01-10
LK-L01463,LK-C01463,94,True,SIMULATED app enrolment,2026-01-10
LK-L01464,LK-C01464,131,True,SIMULATED app enrolment,2026-01-10
LK-L01465,LK-C01465,168,True,SIMULATED app enrolment,2026-01-10
LK-L01466,LK-C01466,205,False,SIMULATED app enrolment,2026-01-10
LK-L01467,LK-C01467,242,True,SIMULATED app enrolment,2026-01-10
LK-L01468,LK-C01468,279,True,SIMULATED app enrolment,2026-01-10
LK-L01469,LK-C01469,316,True,SIMULATED app enrolment,2026-01-10
LK-L01470,LK-C01470,353,True,SIMULATED app enrolment,2026-01-10
LK-L01471,LK-C01471,390,False,SIMULATED app enrolment,2026-01-10
LK-L01472,LK-C01472,427,True,SIMULATED app enrolment,2026-01-10
LK-L01473,LK-C01473,464,True,SIMULATED app enrolment,2026-01-10
LK-L01474,LK-C01474,1,True,SIMULATED app enrolment,2026-01-10
LK-L01475,LK-C01475,38,True,SIMULATED app enrolment,2026-01-10
LK-L01476,LK-C01476,75,False,SIMULATED app enrolment,2026-01-10
LK-L01477,LK-C01477,112,True,SIMULATED app enrolment,2026-01-10
LK-L01478,LK-C01478,149,True,SIMULATED app enrolment,2026-01-10
LK-L01479,LK-C01479,186,True,SIMULATED app enrolment,2026-01-10
LK-L01480,LK-C01480,223,True,SIMULATED app enrolment,2026-01-10
LK-L01481,LK-C01481,260,False,SIMULATED app enrolment,2026-01-10
LK-L01482,LK-C01482,297,True,SIMULATED app enrolment,2026-01-10
LK-L01483,LK-C01483,334,True,SIMULATED app enrolment,2026-01-10
LK-L01484,LK-C01484,371,True,SIMULATED app enrolment,2026-01-10
LK-L01485,LK-C01485,408,True,SIMULATED app enrolment,2026-01-10
LK-L01486,LK-C01486,445,False,SIMULATED app enrolment,2026-01-10
LK-L01487,LK-C01487,482,True,SIMULATED app enrolment,2026-01-10
LK-L01488,LK-C01488,19,True,SIMULATED app enrolment,2026-01-10
LK-L01489,LK-C01489,56,True,SIMULATED app enrolment,2026-01-10
LK-L01490,LK-C01490,93,True,SIMULATED app enrolment,2026-01-10
LK-L01491,LK-C01491,130,False,SIMULATED app enrolment,2026-01-10
LK-L01492,LK-C01492,167,True,SIMULATED app enrolment,2026-01-10
LK-L01493,LK-C01493,204,True,SIMULATED app enrolment,2026-01-10
LK-L01494,LK-C01494,241,True,SIMULATED app enrolment,2026-01-10
LK-L01495,LK-C01495,278,True,SIMULATED app enrolment,2026-01-10
LK-L01496,LK-C01496,315,False,SIMULATED app enrolment,2026-01-10
LK-L01497,LK-C01497,352,True,SIMULATED app enrolment,2026-01-10
LK-L01498,LK-C01498,389,True,SIMULATED app enrolment,2026-01-10
LK-L01499,LK-C01499,426,True,SIMULATED app enrolment,2026-01-10
LK-L01500,LK-C01500,463,True,SIMULATED app enrolment,2026-01-10
LK-L01501,LK-C01501,0,False,SIMULATED app enrolment,2026-01-10
LK-L01502,LK-C01502,37,True,SIMULATED app enrolment,2026-01-10
LK-L01503,LK-C01503,74,True,SIMULATED app enrolment,2026-01-10
LK-L01504,LK-C01504,111,True,SIMULATED app enrolment,2026-01-10
LK-L01505,LK-C01505,148,True,SIMULATED app enrolment,2026-01-10
LK-L01506,LK-C01506,185,False,SIMULATED app enrolment,2026-01-10
LK-L01507,LK-C01507,222,True,SIMULATED app enrolment,2026-01-10
LK-L01508,LK-C01508,259,True,SIMULATED app enrolment,2026-01-10
LK-L01509,LK-C01509,296,True,SIMULATED app enrolment,2026-01-10
LK-L01510,LK-C01510,333,True,SIMULATED app enrolment,2026-01-10
LK-L01511,LK-C01511,370,False,SIMULATED app enrolment,2026-01-10
LK-L01512,LK-C01512,407,True,SIMULATED app enrolment,2026-01-10
LK-L01513,LK-C01513,444,True,SIMULATED app enrolment,2026-01-10
LK-L01514,LK-C01514,481,True,SIMULATED app enrolment,2026-01-10
LK-L01515,LK-C01515,18,True,SIMULATED app enrolment,2026-01-10
LK-L01516,LK-C01516,55,False,SIMULATED app enrolment,2026-01-10
LK-L01517,LK-C01517,92,True,SIMULATED app enrolment,2026-01-10
LK-L01518,LK-C01518,129,True,SIMULATED app enrolment,2026-01-10
LK-L01519,LK-C01519,166,True,SIMULATED app enrolment,2026-01-10
LK-L01520,LK-C01520,203,True,SIMULATED app enrolment,2026-01-10
LK-L01521,LK-C01521,240,False,SIMULATED app enrolment,2026-01-10
LK-L01522,LK-C01522,277,True,SIMULATED app enrolment,2026-01-10
LK-L01523,LK-C01523,314,True,SIMULATED app enrolment,2026-01-10
LK-L01524,LK-C01524,351,True,SIMULATED app enrolment,2026-01-10
LK-L01525,LK-C01525,388,True,SIMULATED app enrolment,2026-01-10
LK-L01526,LK-C01526,425,False,SIMULATED app enrolment,2026-01-10
LK-L01527,LK-C01527,462,True,SIMULATED app enrolment,2026-01-10
LK-L01528,LK-C01528,499,True,SIMULATED app enrolment,2026-01-10
LK-L01529,LK-C01529,36,True,SIMULATED app enrolment,2026-01-10
LK-L01530,LK-C01530,73,True,SIMULATED app enrolment,2026-01-10
LK-L01531,LK-C01531,110,False,SIMULATED app enrolment,2026-01-10
LK-L01532,LK-C01532,147,True,SIMULATED app enrolment,2026-01-10
LK-L01533,LK-C01533,184,True,SIMULATED app enrolment,2026-01-10
LK-L01534,LK-C01534,221,True,SIMULATED app enrolment,2026-01-10
LK-L01535,LK-C01535,258,True,SIMULATED app enrolment,2026-01-10
LK-L01536,LK-C01536,295,False,SIMULATED app enrolment,2026-01-10
LK-L01537,LK-C01537,332,True,SIMULATED app enrolment,2026-01-10
LK-L01538,LK-C01538,369,True,SIMULATED app enrolment,2026-01-10
LK-L01539,LK-C01539,406,True,SIMULATED app enrolment,2026-01-10
LK-L01540,LK-C01540,443,True,SIMULATED app enrolment,2026-01-10
LK-L01541,LK-C01541,480,False,SIMULATED app enrolment,2026-01-10
LK-L01542,LK-C01542,17,True,SIMULATED app enrolment,2026-01-10
LK-L01543,LK-C01543,54,True,SIMULATED app enrolment,2026-01-10
LK-L01544,LK-C01544,91,True,SIMULATED app enrolment,2026-01-10
LK-L01545,LK-C01545,128,True,SIMULATED app enrolment,2026-01-10
LK-L01546,LK-C01546,165,False,SIMULATED app enrolment,2026-01-10
LK-L01547,LK-C01547,202,True,SIMULATED app enrolment,2026-01-10
LK-L01548,LK-C01548,239,True,SIMULATED app enrolment,2026-01-10
LK-L01549,LK-C01549,276,True,SIMULATED app enrolment,2026-01-10
LK-L01550,LK-C01550,313,True,SIMULATED app enrolment,2026-01-10
LK-L01551,LK-C01551,350,False,SIMULATED app enrolment,2026-01-10
LK-L01552,LK-C01552,387,True,SIMULATED app enrolment,2026-01-10
LK-L01553,LK-C01553,424,True,SIMULATED app enrolment,2026-01-10
LK-L01554,LK-C01554,461,True,SIMULATED app enrolment,2026-01-10
LK-L01555,LK-C01555,498,True,SIMULATED app enrolment,2026-01-10
LK-L01556,LK-C01556,35,False,SIMULATED app enrolment,2026-01-10
LK-L01557,LK-C01557,72,True,SIMULATED app enrolment,2026-01-10
LK-L01558,LK-C01558,109,True,SIMULATED app enrolment,2026-01-10
LK-L01559,LK-C01559,146,True,SIMULATED app enrolment,2026-01-10
LK-L01560,LK-C01560,183,True,SIMULATED app enrolment,2026-01-10
LK-L01561,LK-C01561,220,False,SIMULATED app enrolment,2026-01-10
LK-L01562,LK-C01562,257,True,SIMULATED app enrolment,2026-01-10
LK-L01563,LK-C01563,294,True,SIMULATED app enrolment,2026-01-10
LK-L01564,LK-C01564,331,True,SIMULATED app enrolment,2026-01-10
LK-L01565,LK-C01565,368,True,SIMULATED app enrolment,2026-01-10
LK-L01566,LK-C01566,405,False,SIMULATED app enrolment,2026-01-10
LK-L01567,LK-C01567,442,True,SIMULATED app enrolment,2026-01-10
LK-L01568,LK-C01568,479,True,SIMULATED app enrolment,2026-01-10
LK-L01569,LK-C01569,16,True,SIMULATED app enrolment,2026-01-10
LK-L01570,LK-C01570,53,True,SIMULATED app enrolment,2026-01-10
LK-L01571,LK-C01571,90,False,SIMULATED app enrolment,2026-01-10
LK-L01572,LK-C01572,127,True,SIMULATED app enrolment,2026-01-10
LK-L01573,LK-C01573,164,True,SIMULATED app enrolment,2026-01-10
LK-L01574,LK-C01574,201,True,SIMULATED app enrolment,2026-01-10
LK-L01575,LK-C01575,238,True,SIMULATED app enrolment,2026-01-10
LK-L01576,LK-C01576,275,False,SIMULATED app enrolment,2026-01-10
LK-L01577,LK-C01577,312,True,SIMULATED app enrolment,2026-01-10
LK-L01578,LK-C01578,349,True,SIMULATED app enrolment,2026-01-10
LK-L01579,LK-C01579,386,True,SIMULATED app enrolment,2026-01-10
LK-L01580,LK-C01580,423,True,SIMULATED app enrolment,2026-01-10
LK-L01581,LK-C01581,460,False,SIMULATED app enrolment,2026-01-10
LK-L01582,LK-C01582,497,True,SIMULATED app enrolment,2026-01-10
LK-L01583,LK-C01583,34,True,SIMULATED app enrolment,2026-01-10
LK-L01584,LK-C01584,71,True,SIMULATED app enrolment,2026-01-10
LK-L01585,LK-C01585,108,True,SIMULATED app enrolment,2026-01-10
LK-L01586,LK-C01586,145,False,SIMULATED app enrolment,2026-01-10
LK-L01587,LK-C01587,182,True,SIMULATED app enrolment,2026-01-10
LK-L01588,LK-C01588,219,True,SIMULATED app enrolment,2026-01-10
LK-L01589,LK-C01589,256,True,SIMULATED app enrolment,2026-01-10
LK-L01590,LK-C01590,293,True,SIMULATED app enrolment,2026-01-10
LK-L01591,LK-C01591,330,False,SIMULATED app enrolment,2026-01-10
LK-L01592,LK-C01592,367,True,SIMULATED app enrolment,2026-01-10
LK-L01593,LK-C01593,404,True,SIMULATED app enrolment,2026-01-10
LK-L01594,LK-C01594,441,True,SIMULATED app enrolment,2026-01-10
LK-L01595,LK-C01595,478,True,SIMULATED app enrolment,2026-01-10
LK-L01596,LK-C01596,15,False,SIMULATED app enrolment,2026-01-10
LK-L01597,LK-C01597,52,True,SIMULATED app enrolment,2026-01-10
LK-L01598,LK-C01598,89,True,SIMULATED app enrolment,2026-01-10
LK-L01599,LK-C01599,126,True,SIMULATED app enrolment,2026-01-10
LK-L01600,LK-C01600,163,True,SIMULATED app enrolment,2026-01-10
LK-L01601,LK-C01601,200,False,SIMULATED app enrolment,2026-01-10
LK-L01602,LK-C01602,237,True,SIMULATED app enrolment,2026-01-10
LK-L01603,LK-C01603,274,True,SIMULATED app enrolment,2026-01-10
LK-L01604,LK-C01604,311,True,SIMULATED app enrolment,2026-01-10
LK-L01605,LK-C01605,348,True,SIMULATED app enrolment,2026-01-10
LK-L01606,LK-C01606,385,False,SIMULATED app enrolment,2026-01-10
LK-L01607,LK-C01607,422,True,SIMULATED app enrolment,2026-01-10
LK-L01608,LK-C01608,459,True,SIMULATED app enrolment,2026-01-10
LK-L01609,LK-C01609,496,True,SIMULATED app enrolment,2026-01-10
LK-L01610,LK-C01610,33,True,SIMULATED app enrolment,2026-01-10
LK-L01611,LK-C01611,70,False,SIMULATED app enrolment,2026-01-10
LK-L01612,LK-C01612,107,True,SIMULATED app enrolment,2026-01-10
LK-L01613,LK-C01613,144,True,SIMULATED app enrolment,2026-01-10
LK-L01614,LK-C01614,181,True,SIMULATED app enrolment,2026-01-10
LK-L01615,LK-C01615,218,True,SIMULATED app enrolment,2026-01-10
LK-L01616,LK-C01616,255,False,SIMULATED app enrolment,2026-01-10
LK-L01617,LK-C01617,292,True,SIMULATED app enrolment,2026-01-10
LK-L01618,LK-C01618,329,True,SIMULATED app enrolment,2026-01-10
LK-L01619,LK-C01619,366,True,SIMULATED app enrolment,2026-01-10
LK-L01620,LK-C01620,403,True,SIMULATED app enrolment,2026-01-10
LK-L01621,LK-C01621,440,False,SIMULATED app enrolment,2026-01-10
LK-L01622,LK-C01622,477,True,SIMULATED app enrolment,2026-01-10
LK-L01623,LK-C01623,14,True,SIMULATED app enrolment,2026-01-10
LK-L01624,LK-C01624,51,True,SIMULATED app enrolment,2026-01-10
LK-L01625,LK-C01625,88,True,SIMULATED app enrolment,2026-01-10
LK-L01626,LK-C01626,125,False,SIMULATED app enrolment,2026-01-10
LK-L01627,LK-C01627,162,True,SIMULATED app enrolment,2026-01-10
LK-L01628,LK-C01628,199,True,SIMULATED app enrolment,2026-01-10
LK-L01629,LK-C01629,236,True,SIMULATED app enrolment,2026-01-10
LK-L01630,LK-C01630,273,True,SIMULATED app enrolment,2026-01-10
LK-L01631,LK-C01631,310,False,SIMULATED app enrolment,2026-01-10
LK-L01632,LK-C01632,347,True,SIMULATED app enrolment,2026-01-10
LK-L01633,LK-C01633,384,True,SIMULATED app enrolment,2026-01-10
LK-L01634,LK-C01634,421,True,SIMULATED app enrolment,2026-01-10
LK-L01635,LK-C01635,458,True,SIMULATED app enrolment,2026-01-10
LK-L01636,LK-C01636,495,False,SIMULATED app enrolment,2026-01-10
LK-L01637,LK-C01637,32,True,SIMULATED app enrolment,2026-01-10
LK-L01638,LK-C01638,69,True,SIMULATED app enrolment,2026-01-10
LK-L01639,LK-C01639,106,True,SIMULATED app enrolment,2026-01-10
LK-L01640,LK-C01640,143,True,SIMULATED app enrolment,2026-01-10
LK-L01641,LK-C01641,180,False,SIMULATED app enrolment,2026-01-10
LK-L01642,LK-C01642,217,True,SIMULATED app enrolment,2026-01-10
LK-L01643,LK-C01643,254,True,SIMULATED app enrolment,2026-01-10
LK-L01644,LK-C01644,291,True,SIMULATED app enrolment,2026-01-10
LK-L01645,LK-C01645,328,True,SIMULATED app enrolment,2026-01-10
LK-L01646,LK-C01646,365,False,SIMULATED app enrolment,2026-01-10
LK-L01647,LK-C01647,402,True,SIMULATED app enrolment,2026-01-10
LK-L01648,LK-C01648,439,True,SIMULATED app enrolment,2026-01-10
LK-L01649,LK-C01649,476,True,SIMULATED app enrolment,2026-01-10
LK-L01650,LK-C01650,13,True,SIMULATED app enrolment,2026-01-10
LK-L01651,LK-C01651,50,False,SIMULATED app enrolment,2026-01-10
LK-L01652,LK-C01652,87,True,SIMULATED app enrolment,2026-01-10
LK-L01653,LK-C01653,124,True,SIMULATED app enrolment,2026-01-10
LK-L01654,LK-C01654,161,True,SIMULATED app enrolment,2026-01-10
LK-L01655,LK-C01655,198,True,SIMULATED app enrolment,2026-01-10
LK-L01656,LK-C01656,235,False,SIMULATED app enrolment,2026-01-10
LK-L01657,LK-C01657,272,True,SIMULATED app enrolment,2026-01-10
LK-L01658,LK-C01658,309,True,SIMULATED app enrolment,2026-01-10
LK-L01659,LK-C01659,346,True,SIMULATED app enrolment,2026-01-10
LK-L01660,LK-C01660,383,True,SIMULATED app enrolment,2026-01-10
LK-L01661,LK-C01661,420,False,SIMULATED app enrolment,2026-01-10
LK-L01662,LK-C01662,457,True,SIMULATED app enrolment,2026-01-10
LK-L01663,LK-C01663,494,True,SIMULATED app enrolment,2026-01-10
LK-L01664,LK-C01664,31,True,SIMULATED app enrolment,2026-01-10
LK-L01665,LK-C01665,68,True,SIMULATED app enrolment,2026-01-10
LK-L01666,LK-C01666,105,False,SIMULATED app enrolment,2026-01-10
LK-L01667,LK-C01667,142,True,SIMULATED app enrolment,2026-01-10
LK-L01668,LK-C01668,179,True,SIMULATED app enrolment,2026-01-10
LK-L01669,LK-C01669,216,True,SIMULATED app enrolment,2026-01-10
LK-L01670,LK-C01670,253,True,SIMULATED app enrolment,2026-01-10
LK-L01671,LK-C01671,290,False,SIMULATED app enrolment,2026-01-10
LK-L01672,LK-C01672,327,True,SIMULATED app enrolment,2026-01-10
LK-L01673,LK-C01673,364,True,SIMULATED app enrolment,2026-01-10
LK-L01674,LK-C01674,401,True,SIMULATED app enrolment,2026-01-10
LK-L01675,LK-C01675,438,True,SIMULATED app enrolment,2026-01-10
LK-L01676,LK-C01676,475,False,SIMULATED app enrolment,2026-01-10
LK-L01677,LK-C01677,12,True,SIMULATED app enrolment,2026-01-10
LK-L01678,LK-C01678,49,True,SIMULATED app enrolment,2026-01-10
LK-L01679,LK-C01679,86,True,SIMULATED app enrolment,2026-01-10
LK-L01680,LK-C01680,123,True,SIMULATED app enrolment,2026-01-10
LK-L01681,LK-C01681,160,False,SIMULATED app enrolment,2026-01-10
LK-L01682,LK-C01682,197,True,SIMULATED app enrolment,2026-01-10
LK-L01683,LK-C01683,234,True,SIMULATED app enrolment,2026-01-10
LK-L01684,LK-C01684,271,True,SIMULATED app enrolment,2026-01-10
LK-L01685,LK-C01685,308,True,SIMULATED app enrolment,2026-01-10
LK-L01686,LK-C01686,345,False,SIMULATED app enrolment,2026-01-10
LK-L01687,LK-C01687,382,True,SIMULATED app enrolment,2026-01-10
LK-L01688,LK-C01688,419,True,SIMULATED app enrolment,2026-01-10
LK-L01689,LK-C01689,456,True,SIMULATED app enrolment,2026-01-10
LK-L01690,LK-C01690,493,True,SIMULATED app enrolment,2026-01-10
LK-L01691,LK-C01691,30,False,SIMULATED app enrolment,2026-01-10
LK-L01692,LK-C01692,67,True,SIMULATED app enrolment,2026-01-10
LK-L01693,LK-C01693,104,True,SIMULATED app enrolment,2026-01-10
LK-L01694,LK-C01694,141,True,SIMULATED app enrolment,2026-01-10
LK-L01695,LK-C01695,178,True,SIMULATED app enrolment,2026-01-10
LK-L01696,LK-C01696,215,False,SIMULATED app enrolment,2026-01-10
LK-L01697,LK-C01697,252,True,SIMULATED app enrolment,2026-01-10
LK-L01698,LK-C01698,289,True,SIMULATED app enrolment,2026-01-10
LK-L01699,LK-C01699,326,True,SIMULATED app enrolment,2026-01-10
LK-L01700,LK-C01700,363,True,SIMULATED app enrolment,2026-01-10
LK-L01701,LK-C01701,400,False,SIMULATED app enrolment,2026-01-10
LK-L01702,LK-C01702,437,True,SIMULATED app enrolment,2026-01-10
LK-L01703,LK-C01703,474,True,SIMULATED app enrolment,2026-01-10
LK-L01704,LK-C01704,11,True,SIMULATED app enrolment,2026-01-10
LK-L01705,LK-C01705,48,True,SIMULATED app enrolment,2026-01-10
LK-L01706,LK-C01706,85,False,SIMULATED app enrolment,2026-01-10
LK-L01707,LK-C01707,122,True,SIMULATED app enrolment,2026-01-10
LK-L01708,LK-C01708,159,True,SIMULATED app enrolment,2026-01-10
LK-L01709,LK-C01709,196,True,SIMULATED app enrolment,2026-01-10
LK-L01710,LK-C01710,233,True,SIMULATED app enrolment,2026-01-10
LK-L01711,LK-C01711,270,False,SIMULATED app enrolment,2026-01-10
LK-L01712,LK-C01712,307,True,SIMULATED app enrolment,2026-01-10
LK-L01713,LK-C01713,344,True,SIMULATED app enrolment,2026-01-10
LK-L01714,LK-C01714,381,True,SIMULATED app enrolment,2026-01-10
LK-L01715,LK-C01715,418,True,SIMULATED app enrolment,2026-01-10
LK-L01716,LK-C01716,455,False,SIMULATED app enrolment,2026-01-10
LK-L01717,LK-C01717,492,True,SIMULATED app enrolment,2026-01-10
LK-L01718,LK-C01718,29,True,SIMULATED app enrolment,2026-01-10
LK-L01719,LK-C01719,66,True,SIMULATED app enrolment,2026-01-10
LK-L01720,LK-C01720,103,True,SIMULATED app enrolment,2026-01-10
LK-L01721,LK-C01721,140,False,SIMULATED app enrolment,2026-01-10
LK-L01722,LK-C01722,177,True,SIMULATED app enrolment,2026-01-10
LK-L01723,LK-C01723,214,True,SIMULATED app enrolment,2026-01-10
LK-L01724,LK-C01724,251,True,SIMULATED app enrolment,2026-01-10
LK-L01725,LK-C01725,288,True,SIMULATED app enrolment,2026-01-10
LK-L01726,LK-C01726,325,False,SIMULATED app enrolment,2026-01-10
LK-L01727,LK-C01727,362,True,SIMULATED app enrolment,2026-01-10
LK-L01728,LK-C01728,399,True,SIMULATED app enrolment,2026-01-10
LK-L01729,LK-C01729,436,True,SIMULATED app enrolment,2026-01-10
LK-L01730,LK-C01730,473,True,SIMULATED app enrolment,2026-01-10
LK-L01731,LK-C01731,10,False,SIMULATED app enrolment,2026-01-10
LK-L01732,LK-C01732,47,True,SIMULATED app enrolment,2026-01-10
LK-L01733,LK-C01733,84,True,SIMULATED app enrolment,2026-01-10
LK-L01734,LK-C01734,121,True,SIMULATED app enrolment,2026-01-10
LK-L01735,LK-C01735,158,True,SIMULATED app enrolment,2026-01-10
LK-L01736,LK-C01736,195,False,SIMULATED app enrolment,2026-01-10
LK-L01737,LK-C01737,232,True,SIMULATED app enrolment,2026-01-10
LK-L01738,LK-C01738,269,True,SIMULATED app enrolment,2026-01-10
LK-L01739,LK-C01739,306,True,SIMULATED app enrolment,2026-01-10
LK-L01740,LK-C01740,343,True,SIMULATED app enrolment,2026-01-10
LK-L01741,LK-C01741,380,False,SIMULATED app enrolment,2026-01-10
LK-L01742,LK-C01742,417,True,SIMULATED app enrolment,2026-01-10
LK-L01743,LK-C01743,454,True,SIMULATED app enrolment,2026-01-10
LK-L01744,LK-C01744,491,True,SIMULATED app enrolment,2026-01-10
LK-L01745,LK-C01745,28,True,SIMULATED app enrolment,2026-01-10
LK-L01746,LK-C01746,65,False,SIMULATED app enrolment,2026-01-10
LK-L01747,LK-C01747,102,True,SIMULATED app enrolment,2026-01-10
LK-L01748,LK-C01748,139,True,SIMULATED app enrolment,2026-01-10
LK-L01749,LK-C01749,176,True,SIMULATED app enrolment,2026-01-10
LK-L01750,LK-C01750,213,True,SIMULATED app enrolment,2026-01-10
LK-L01751,LK-C01751,250,False,SIMULATED app enrolment,2026-01-10
LK-L01752,LK-C01752,287,True,SIMULATED app enrolment,2026-01-10
LK-L01753,LK-C01753,324,True,SIMULATED app enrolment,2026-01-10
LK-L01754,LK-C01754,361,True,SIMULATED app enrolment,2026-01-10
LK-L01755,LK-C01755,398,True,SIMULATED app enrolment,2026-01-10
LK-L01756,LK-C01756,435,False,SIMULATED app enrolment,2026-01-10
LK-L01757,LK-C01757,472,True,SIMULATED app enrolment,2026-01-10
LK-L01758,LK-C01758,9,True,SIMULATED app enrolment,2026-01-10
LK-L01759,LK-C01759,46,True,SIMULATED app enrolment,2026-01-10
LK-L01760,LK-C01760,83,True,SIMULATED app enrolment,2026-01-10
LK-L01761,LK-C01761,120,False,SIMULATED app enrolment,2026-01-10
LK-L01762,LK-C01762,157,True,SIMULATED app enrolment,2026-01-10
LK-L01763,LK-C01763,194,True,SIMULATED app enrolment,2026-01-10
LK-L01764,LK-C01764,231,True,SIMULATED app enrolment,2026-01-10
LK-L01765,LK-C01765,268,True,SIMULATED app enrolment,2026-01-10
LK-L01766,LK-C01766,305,False,SIMULATED app enrolment,2026-01-10
LK-L01767,LK-C01767,342,True,SIMULATED app enrolment,2026-01-10
LK-L01768,LK-C01768,379,True,SIMULATED app enrolment,2026-01-10
LK-L01769,LK-C01769,416,True,SIMULATED app enrolment,2026-01-10
LK-L01770,LK-C01770,453,True,SIMULATED app enrolment,2026-01-10
LK-L01771,LK-C01771,490,False,SIMULATED app enrolment,2026-01-10
LK-L01772,LK-C01772,27,True,SIMULATED app enrolment,2026-01-10
LK-L01773,LK-C01773,64,True,SIMULATED app enrolment,2026-01-10
LK-L01774,LK-C01774,101,True,SIMULATED app enrolment,2026-01-10
LK-L01775,LK-C01775,138,True,SIMULATED app enrolment,2026-01-10
LK-L01776,LK-C01776,175,False,SIMULATED app enrolment,2026-01-10
LK-L01777,LK-C01777,212,True,SIMULATED app enrolment,2026-01-10
LK-L01778,LK-C01778,249,True,SIMULATED app enrolment,2026-01-10
LK-L01779,LK-C01779,286,True,SIMULATED app enrolment,2026-01-10
LK-L01780,LK-C01780,323,True,SIMULATED app enrolment,2026-01-10
LK-L01781,LK-C01781,360,False,SIMULATED app enrolment,2026-01-10
LK-L01782,LK-C01782,397,True,SIMULATED app enrolment,2026-01-10
LK-L01783,LK-C01783,434,True,SIMULATED app enrolment,2026-01-10
LK-L01784,LK-C01784,471,True,SIMULATED app enrolment,2026-01-10
LK-L01785,LK-C01785,8,True,SIMULATED app enrolment,2026-01-10
LK-L01786,LK-C01786,45,False,SIMULATED app enrolment,2026-01-10
LK-L01787,LK-C01787,82,True,SIMULATED app enrolment,2026-01-10
LK-L01788,LK-C01788,119,True,SIMULATED app enrolment,2026-01-10
LK-L01789,LK-C01789,156,True,SIMULATED app enrolment,2026-01-10
LK-L01790,LK-C01790,193,True,SIMULATED app enrolment,2026-01-10
LK-L01791,LK-C01791,230,False,SIMULATED app enrolment,2026-01-10
LK-L01792,LK-C01792,267,True,SIMULATED app enrolment,2026-01-10
LK-L01793,LK-C01793,304,True,SIMULATED app enrolment,2026-01-10
LK-L01794,LK-C01794,341,True,SIMULATED app enrolment,2026-01-10
LK-L01795,LK-C01795,378,True,SIMULATED app enrolment,2026-01-10
LK-L01796,LK-C01796,415,False,SIMULATED app enrolment,2026-01-10
LK-L01797,LK-C01797,452,True,SIMULATED app enrolment,2026-01-10
LK-L01798,LK-C01798,489,True,SIMULATED app enrolment,2026-01-10
LK-L01799,LK-C01799,26,True,SIMULATED app enrolment,2026-01-10
LK-L01800,LK-C01800,63,True,SIMULATED app enrolment,2026-01-10
LK-L01801,LK-C01801,100,False,SIMULATED app enrolment,2026-01-10
LK-L01802,LK-C01802,137,True,SIMULATED app enrolment,2026-01-10
LK-L01803,LK-C01803,174,True,SIMULATED app enrolment,2026-01-10
LK-L01804,LK-C01804,211,True,SIMULATED app enrolment,2026-01-10
LK-L01805,LK-C01805,248,True,SIMULATED app enrolment,2026-01-10
LK-L01806,LK-C01806,285,False,SIMULATED app enrolment,2026-01-10
LK-L01807,LK-C01807,322,True,SIMULATED app enrolment,2026-01-10
LK-L01808,LK-C01808,359,True,SIMULATED app enrolment,2026-01-10
LK-L01809,LK-C01809,396,True,SIMULATED app enrolment,2026-01-10
LK-L01810,LK-C01810,433,True,SIMULATED app enrolment,2026-01-10
LK-L01811,LK-C01811,470,False,SIMULATED app enrolment,2026-01-10
LK-L01812,LK-C01812,7,True,SIMULATED app enrolment,2026-01-10
LK-L01813,LK-C01813,44,True,SIMULATED app enrolment,2026-01-10
LK-L01814,LK-C01814,81,True,SIMULATED app enrolment,2026-01-10
LK-L01815,LK-C01815,118,True,SIMULATED app enrolment,2026-01-10
LK-L01816,LK-C01816,155,False,SIMULATED app enrolment,2026-01-10
LK-L01817,LK-C01817,192,True,SIMULATED app enrolment,2026-01-10
LK-L01818,LK-C01818,229,True,SIMULATED app enrolment,2026-01-10
LK-L01819,LK-C01819,266,True,SIMULATED app enrolment,2026-01-10
LK-L01820,LK-C01820,303,True,SIMULATED app enrolment,2026-01-10
LK-L01821,LK-C01821,340,False,SIMULATED app enrolment,2026-01-10
LK-L01822,LK-C01822,377,True,SIMULATED app enrolment,2026-01-10
LK-L01823,LK-C01823,414,True,SIMULATED app enrolment,2026-01-10
LK-L01824,LK-C01824,451,True,SIMULATED app enrolment,2026-01-10
LK-L01825,LK-C01825,488,True,SIMULATED app enrolment,2026-01-10
LK-L01826,LK-C01826,25,False,SIMULATED app enrolment,2026-01-10
LK-L01827,LK-C01827,62,True,SIMULATED app enrolment,2026-01-10
LK-L01828,LK-C01828,99,True,SIMULATED app enrolment,2026-01-10
LK-L01829,LK-C01829,136,True,SIMULATED app enrolment,2026-01-10
LK-L01830,LK-C01830,173,True,SIMULATED app enrolment,2026-01-10
LK-L01831,LK-C01831,210,False,SIMULATED app enrolment,2026-01-10
LK-L01832,LK-C01832,247,True,SIMULATED app enrolment,2026-01-10
LK-L01833,LK-C01833,284,True,SIMULATED app enrolment,2026-01-10
LK-L01834,LK-C01834,321,True,SIMULATED app enrolment,2026-01-10
LK-L01835,LK-C01835,358,True,SIMULATED app enrolment,2026-01-10
LK-L01836,LK-C01836,395,False,SIMULATED app enrolment,2026-01-10
LK-L01837,LK-C01837,432,True,SIMULATED app enrolment,2026-01-10
LK-L01838,LK-C01838,469,True,SIMULATED app enrolment,2026-01-10
LK-L01839,LK-C01839,6,True,SIMULATED app enrolment,2026-01-10
LK-L01840,LK-C01840,43,True,SIMULATED app enrolment,2026-01-10
LK-L01841,LK-C01841,80,False,SIMULATED app enrolment,2026-01-10
LK-L01842,LK-C01842,117,True,SIMULATED app enrolment,2026-01-10
LK-L01843,LK-C01843,154,True,SIMULATED app enrolment,2026-01-10
LK-L01844,LK-C01844,191,True,SIMULATED app enrolment,2026-01-10
LK-L01845,LK-C01845,228,True,SIMULATED app enrolment,2026-01-10
LK-L01846,LK-C01846,265,False,SIMULATED app enrolment,2026-01-10
LK-L01847,LK-C01847,302,True,SIMULATED app enrolment,2026-01-10
LK-L01848,LK-C01848,339,True,SIMULATED app enrolment,2026-01-10
LK-L01849,LK-C01849,376,True,SIMULATED app enrolment,2026-01-10
LK-L01850,LK-C01850,413,True,SIMULATED app enrolment,2026-01-10
LK-L01851,LK-C01851,450,False,SIMULATED app enrolment,2026-01-10
LK-L01852,LK-C01852,487,True,SIMULATED app enrolment,2026-01-10
LK-L01853,LK-C01853,24,True,SIMULATED app enrolment,2026-01-10
LK-L01854,LK-C01854,61,True,SIMULATED app enrolment,2026-01-10
LK-L01855,LK-C01855,98,True,SIMULATED app enrolment,2026-01-10
LK-L01856,LK-C01856,135,False,SIMULATED app enrolment,2026-01-10
LK-L01857,LK-C01857,172,True,SIMULATED app enrolment,2026-01-10
LK-L01858,LK-C01858,209,True,SIMULATED app enrolment,2026-01-10
LK-L01859,LK-C01859,246,True,SIMULATED app enrolment,2026-01-10
LK-L01860,LK-C01860,283,True,SIMULATED app enrolment,2026-01-10
LK-L01861,LK-C01861,320,False,SIMULATED app enrolment,2026-01-10
LK-L01862,LK-C01862,357,True,SIMULATED app enrolment,2026-01-10
LK-L01863,LK-C01863,394,True,SIMULATED app enrolment,2026-01-10
LK-L01864,LK-C01864,431,True,SIMULATED app enrolment,2026-01-10
LK-L01865,LK-C01865,468,True,SIMULATED app enrolment,2026-01-10
LK-L01866,LK-C01866,5,False,SIMULATED app enrolment,2026-01-10
LK-L01867,LK-C01867,42,True,SIMULATED app enrolment,2026-01-10
LK-L01868,LK-C01868,79,True,SIMULATED app enrolment,2026-01-10
LK-L01869,LK-C01869,116,True,SIMULATED app enrolment,2026-01-10
LK-L01870,LK-C01870,153,True,SIMULATED app enrolment,2026-01-10
LK-L01871,LK-C01871,190,False,SIMULATED app enrolment,2026-01-10
LK-L01872,LK-C01872,227,True,SIMULATED app enrolment,2026-01-10
LK-L01873,LK-C01873,264,True,SIMULATED app enrolment,2026-01-10
LK-L01874,LK-C01874,301,True,SIMULATED app enrolment,2026-01-10
LK-L01875,LK-C01875,338,True,SIMULATED app enrolment,2026-01-10
LK-L01876,LK-C01876,375,False,SIMULATED app enrolment,2026-01-10
LK-L01877,LK-C01877,412,True,SIMULATED app enrolment,2026-01-10
LK-L01878,LK-C01878,449,True,SIMULATED app enrolment,2026-01-10
LK-L01879,LK-C01879,486,True,SIMULATED app enrolment,2026-01-10
LK-L01880,LK-C01880,23,True,SIMULATED app enrolment,2026-01-10
LK-L01881,LK-C01881,60,False,SIMULATED app enrolment,2026-01-10
LK-L01882,LK-C01882,97,True,SIMULATED app enrolment,2026-01-10
LK-L01883,LK-C01883,134,True,SIMULATED app enrolment,2026-01-10
LK-L01884,LK-C01884,171,True,SIMULATED app enrolment,2026-01-10
LK-L01885,LK-C01885,208,True,SIMULATED app enrolment,2026-01-10
LK-L01886,LK-C01886,245,False,SIMULATED app enrolment,2026-01-10
LK-L01887,LK-C01887,282,True,SIMULATED app enrolment,2026-01-10
LK-L01888,LK-C01888,319,True,SIMULATED app enrolment,2026-01-10
LK-L01889,LK-C01889,356,True,SIMULATED app enrolment,2026-01-10
LK-L01890,LK-C01890,393,True,SIMULATED app enrolment,2026-01-10
LK-L01891,LK-C01891,430,False,SIMULATED app enrolment,2026-01-10
LK-L01892,LK-C01892,467,True,SIMULATED app enrolment,2026-01-10
LK-L01893,LK-C01893,4,True,SIMULATED app enrolment,2026-01-10
LK-L01894,LK-C01894,41,True,SIMULATED app enrolment,2026-01-10
LK-L01895,LK-C01895,78,True,SIMULATED app enrolment,2026-01-10
LK-L01896,LK-C01896,115,False,SIMULATED app enrolment,2026-01-10
LK-L01897,LK-C01897,152,True,SIMULATED app enrolment,2026-01-10
LK-L01898,LK-C01898,189,True,SIMULATED app enrolment,2026-01-10
LK-L01899,LK-C01899,226,True,SIMULATED app enrolment,2026-01-10
LK-L01900,LK-C01900,263,True,SIMULATED app enrolment,2026-01-10
LK-L01901,LK-C01901,300,False,SIMULATED app enrolment,2026-01-10
LK-L01902,LK-C01902,337,True,SIMULATED app enrolment,2026-01-10
LK-L01903,LK-C01903,374,True,SIMULATED app enrolment,2026-01-10
LK-L01904,LK-C01904,411,True,SIMULATED app enrolment,2026-01-10
LK-L01905,LK-C01905,448,True,SIMULATED app enrolment,2026-01-10
LK-L01906,LK-C01906,485,False,SIMULATED app enrolment,2026-01-10
LK-L01907,LK-C01907,22,True,SIMULATED app enrolment,2026-01-10
LK-L01908,LK-C01908,59,True,SIMULATED app enrolment,2026-01-10
LK-L01909,LK-C01909,96,True,SIMULATED app enrolment,2026-01-10
LK-L01910,LK-C01910,133,True,SIMULATED app enrolment,2026-01-10
LK-L01911,LK-C01911,170,False,SIMULATED app enrolment,2026-01-10
LK-L01912,LK-C01912,207,True,SIMULATED app enrolment,2026-01-10
LK-L01913,LK-C01913,244,True,SIMULATED app enrolment,2026-01-10
LK-L01914,LK-C01914,281,True,SIMULATED app enrolment,2026-01-10
LK-L01915,LK-C01915,318,True,SIMULATED app enrolment,2026-01-10
LK-L01916,LK-C01916,355,False,SIMULATED app enrolment,2026-01-10
LK-L01917,LK-C01917,392,True,SIMULATED app enrolment,2026-01-10
LK-L01918,LK-C01918,429,True,SIMULATED app enrolment,2026-01-10
LK-L01919,LK-C01919,466,True,SIMULATED app enrolment,2026-01-10
LK-L01920,LK-C01920,3,True,SIMULATED app enrolment,2026-01-10
LK-L01921,LK-C01921,40,False,SIMULATED app enrolment,2026-01-10
LK-L01922,LK-C01922,77,True,SIMULATED app enrolment,2026-01-10
LK-L01923,LK-C01923,114,True,SIMULATED app enrolment,2026-01-10
LK-L01924,LK-C01924,151,True,SIMULATED app enrolment,2026-01-10
LK-L01925,LK-C01925,188,True,SIMULATED app enrolment,2026-01-10
LK-L01926,LK-C01926,225,False,SIMULATED app enrolment,2026-01-10
LK-L01927,LK-C01927,262,True,SIMULATED app enrolment,2026-01-10
LK-L01928,LK-C01928,299,True,SIMULATED app enrolment,2026-01-10
LK-L01929,LK-C01929,336,True,SIMULATED app enrolment,2026-01-10
LK-L01930,LK-C01930,373,True,SIMULATED app enrolment,2026-01-10
LK-L01931,LK-C01931,410,False,SIMULATED app enrolment,2026-01-10
LK-L01932,LK-C01932,447,True,SIMULATED app enrolment,2026-01-10
LK-L01933,LK-C01933,484,True,SIMULATED app enrolment,2026-01-10
LK-L01934,LK-C01934,21,True,SIMULATED app enrolment,2026-01-10
LK-L01935,LK-C01935,58,True,SIMULATED app enrolment,2026-01-10
LK-L01936,LK-C01936,95,False,SIMULATED app enrolment,2026-01-10
LK-L01937,LK-C01937,132,True,SIMULATED app enrolment,2026-01-10
LK-L01938,LK-C01938,169,True,SIMULATED app enrolment,2026-01-10
LK-L01939,LK-C01939,206,True,SIMULATED app enrolment,2026-01-10
LK-L01940,LK-C01940,243,True,SIMULATED app enrolment,2026-01-10
LK-L01941,LK-C01941,280,False,SIMULATED app enrolment,2026-01-10
LK-L01942,LK-C01942,317,True,SIMULATED app enrolment,2026-01-10
LK-L01943,LK-C01943,354,True,SIMULATED app enrolment,2026-01-10
LK-L01944,LK-C01944,391,True,SIMULATED app enrolment,2026-01-10
LK-L01945,LK-C01945,428,True,SIMULATED app enrolment,2026-01-10
LK-L01946,LK-C01946,465,False,SIMULATED app enrolment,2026-01-10
LK-L01947,LK-C01947,2,True,SIMULATED app enrolment,2026-01-10
LK-L01948,LK-C01948,39,True,SIMULATED app enrolment,2026-01-10
LK-L01949,LK-C01949,76,True,SIMULATED app enrolment,2026-01-10
LK-L01950,LK-C01950,113,True,SIMULATED app enrolment,2026-01-10
LK-L01951,LK-C01951,150,False,SIMULATED app enrolment,2026-01-10
LK-L01952,LK-C01952,187,True,SIMULATED app enrolment,2026-01-10
LK-L01953,LK-C01953,224,True,SIMULATED app enrolment,2026-01-10
LK-L01954,LK-C01954,261,True,SIMULATED app enrolment,2026-01-10
LK-L01955,LK-C01955,298,True,SIMULATED app enrolment,2026-01-10
LK-L01956,LK-C01956,335,False,SIMULATED app enrolment,2026-01-10
LK-L01957,LK-C01957,372,True,SIMULATED app enrolment,2026-01-10
LK-L01958,LK-C01958,409,True,SIMULATED app enrolment,2026-01-10
LK-L01959,LK-C01959,446,True,SIMULATED app enrolment,2026-01-10
LK-L01960,LK-C01960,483,True,SIMULATED app enrolment,2026-01-10
LK-L01961,LK-C01961,20,False,SIMULATED app enrolment,2026-01-10
LK-L01962,LK-C01962,57,True,SIMULATED app enrolment,2026-01-10
LK-L01963,LK-C01963,94,True,SIMULATED app enrolment,2026-01-10
LK-L01964,LK-C01964,131,True,SIMULATED app enrolment,2026-01-10
LK-L01965,LK-C01965,168,True,SIMULATED app enrolment,2026-01-10
LK-L01966,LK-C01966,205,False,SIMULATED app enrolment,2026-01-10
LK-L01967,LK-C01967,242,True,SIMULATED app enrolment,2026-01-10
LK-L01968,LK-C01968,279,True,SIMULATED app enrolment,2026-01-10
LK-L01969,LK-C01969,316,True,SIMULATED app enrolment,2026-01-10
LK-L01970,LK-C01970,353,True,SIMULATED app enrolment,2026-01-10
LK-L01971,LK-C01971,390,False,SIMULATED app enrolment,2026-01-10
LK-L01972,LK-C01972,427,True,SIMULATED app enrolment,2026-01-10
LK-L01973,LK-C01973,464,True,SIMULATED app enrolment,2026-01-10
LK-L01974,LK-C01974,1,True,SIMULATED app enrolment,2026-01-10
LK-L01975,LK-C01975,38,True,SIMULATED app enrolment,2026-01-10
LK-L01976,LK-C01976,75,False,SIMULATED app enrolment,2026-01-10
LK-L01977,LK-C01977,112,True,SIMULATED app enrolment,2026-01-10
LK-L01978,LK-C01978,149,True,SIMULATED app enrolment,2026-01-10
LK-L01979,LK-C01979,186,True,SIMULATED app enrolment,2026-01-10
LK-L01980,LK-C01980,223,True,SIMULATED app enrolment,2026-01-10
LK-L01981,LK-C01981,260,False,SIMULATED app enrolment,2026-01-10
LK-L01982,LK-C01982,297,True,SIMULATED app enrolment,2026-01-10
LK-L01983,LK-C01983,334,True,SIMULATED app enrolment,2026-01-10
LK-L01984,LK-C01984,371,True,SIMULATED app enrolment,2026-01-10
LK-L01985,LK-C01985,408,True,SIMULATED app enrolment,2026-01-10
LK-L01986,LK-C01986,445,False,SIMULATED app enrolment,2026-01-10
LK-L01987,LK-C01987,482,True,SIMULATED app enrolment,2026-01-10
LK-L01988,LK-C01988,19,True,SIMULATED app enrolment,2026-01-10
LK-L01989,LK-C01989,56,True,SIMULATED app enrolment,2026-01-10
LK-L01990,LK-C01990,93,True,SIMULATED app enrolment,2026-01-10
LK-L01991,LK-C01991,130,False,SIMULATED app enrolment,2026-01-10
LK-L01992,LK-C01992,167,True,SIMULATED app enrolment,2026-01-10
LK-L01993,LK-C01993,204,True,SIMULATED app enrolment,2026-01-10
LK-L01994,LK-C01994,241,True,SIMULATED app enrolment,2026-01-10
LK-L01995,LK-C01995,278,True,SIMULATED app enrolment,2026-01-10
LK-L01996,LK-C01996,315,False,SIMULATED app enrolment,2026-01-10
LK-L01997,LK-C01997,352,True,SIMULATED app enrolment,2026-01-10
LK-L01998,LK-C01998,389,True,SIMULATED app enrolment,2026-01-10
LK-L01999,LK-C01999,426,True,SIMULATED app enrolment,2026-01-10
LK-L02000,LK-C02000,463,True,SIMULATED app enrolment,2026-01-10
LK-L02001,LK-C02001,0,False,SIMULATED app enrolment,2026-01-10
LK-L02002,LK-C02002,37,True,SIMULATED app enrolment,2026-01-10
LK-L02003,LK-C02003,74,True,SIMULATED app enrolment,2026-01-10
LK-L02004,LK-C02004,111,True,SIMULATED app enrolment,2026-01-10
LK-L02005,LK-C02005,148,True,SIMULATED app enrolment,2026-01-10
LK-L02006,LK-C02006,185,False,SIMULATED app enrolment,2026-01-10
LK-L02007,LK-C02007,222,True,SIMULATED app enrolment,2026-01-10
LK-L02008,LK-C02008,259,True,SIMULATED app enrolment,2026-01-10
LK-L02009,LK-C02009,296,True,SIMULATED app enrolment,2026-01-10
LK-L02010,LK-C02010,333,True,SIMULATED app enrolment,2026-01-10
LK-L02011,LK-C02011,370,False,SIMULATED app enrolment,2026-01-10
LK-L02012,LK-C02012,407,True,SIMULATED app enrolment,2026-01-10
LK-L02013,LK-C02013,444,True,SIMULATED app enrolment,2026-01-10
LK-L02014,LK-C02014,481,True,SIMULATED app enrolment,2026-01-10
LK-L02015,LK-C02015,18,True,SIMULATED app enrolment,2026-01-10
LK-L02016,LK-C02016,55,False,SIMULATED app enrolment,2026-01-10
LK-L02017,LK-C02017,92,True,SIMULATED app enrolment,2026-01-10
LK-L02018,LK-C02018,129,True,SIMULATED app enrolment,2026-01-10
LK-L02019,LK-C02019,166,True,SIMULATED app enrolment,2026-01-10
LK-L02020,LK-C02020,203,True,SIMULATED app enrolment,2026-01-10
LK-L02021,LK-C02021,240,False,SIMULATED app enrolment,2026-01-10
LK-L02022,LK-C02022,277,True,SIMULATED app enrolment,2026-01-10
LK-L02023,LK-C02023,314,True,SIMULATED app enrolment,2026-01-10
LK-L02024,LK-C02024,351,True,SIMULATED app enrolment,2026-01-10
LK-L02025,LK-C02025,388,True,SIMULATED app enrolment,2026-01-10
LK-L02026,LK-C02026,425,False,SIMULATED app enrolment,2026-01-10
LK-L02027,LK-C02027,462,True,SIMULATED app enrolment,2026-01-10
LK-L02028,LK-C02028,499,True,SIMULATED app enrolment,2026-01-10
LK-L02029,LK-C02029,36,True,SIMULATED app enrolment,2026-01-10
LK-L02030,LK-C02030,73,True,SIMULATED app enrolment,2026-01-10
LK-L02031,LK-C02031,110,False,SIMULATED app enrolment,2026-01-10
LK-L02032,LK-C02032,147,True,SIMULATED app enrolment,2026-01-10
LK-L02033,LK-C02033,184,True,SIMULATED app enrolment,2026-01-10
LK-L02034,LK-C02034,221,True,SIMULATED app enrolment,2026-01-10
LK-L02035,LK-C02035,258,True,SIMULATED app enrolment,2026-01-10
LK-L02036,LK-C02036,295,False,SIMULATED app enrolment,2026-01-10
LK-L02037,LK-C02037,332,True,SIMULATED app enrolment,2026-01-10
LK-L02038,LK-C02038,369,True,SIMULATED app enrolment,2026-01-10
LK-L02039,LK-C02039,406,True,SIMULATED app enrolment,2026-01-10
LK-L02040,LK-C02040,443,True,SIMULATED app enrolment,2026-01-10
LK-L02041,LK-C02041,480,False,SIMULATED app enrolment,2026-01-10
LK-L02042,LK-C02042,17,True,SIMULATED app enrolment,2026-01-10
LK-L02043,LK-C02043,54,True,SIMULATED app enrolment,2026-01-10
LK-L02044,LK-C02044,91,True,SIMULATED app enrolment,2026-01-10
LK-L02045,LK-C02045,128,True,SIMULATED app enrolment,2026-01-10
LK-L02046,LK-C02046,165,False,SIMULATED app enrolment,2026-01-10
LK-L02047,LK-C02047,202,True,SIMULATED app enrolment,2026-01-10
LK-L02048,LK-C02048,239,True,SIMULATED app enrolment,2026-01-10
LK-L02049,LK-C02049,276,True,SIMULATED app enrolment,2026-01-10
LK-L02050,LK-C02050,313,True,SIMULATED app enrolment,2026-01-10
LK-L02051,LK-C02051,350,False,SIMULATED app enrolment,2026-01-10
LK-L02052,LK-C02052,387,True,SIMULATED app enrolment,2026-01-10
LK-L02053,LK-C02053,424,True,SIMULATED app enrolment,2026-01-10
LK-L02054,LK-C02054,461,True,SIMULATED app enrolment,2026-01-10
LK-L02055,LK-C02055,498,True,SIMULATED app enrolment,2026-01-10
LK-L02056,LK-C02056,35,False,SIMULATED app enrolment,2026-01-10
LK-L02057,LK-C02057,72,True,SIMULATED app enrolment,2026-01-10
LK-L02058,LK-C02058,109,True,SIMULATED app enrolment,2026-01-10
LK-L02059,LK-C02059,146,True,SIMULATED app enrolment,2026-01-10
LK-L02060,LK-C02060,183,True,SIMULATED app enrolment,2026-01-10
LK-L02061,LK-C02061,220,False,SIMULATED app enrolment,2026-01-10
LK-L02062,LK-C02062,257,True,SIMULATED app enrolment,2026-01-10
LK-L02063,LK-C02063,294,True,SIMULATED app enrolment,2026-01-10
LK-L02064,LK-C02064,331,True,SIMULATED app enrolment,2026-01-10
LK-L02065,LK-C02065,368,True,SIMULATED app enrolment,2026-01-10
LK-L02066,LK-C02066,405,False,SIMULATED app enrolment,2026-01-10
LK-L02067,LK-C02067,442,True,SIMULATED app enrolment,2026-01-10
LK-L02068,LK-C02068,479,True,SIMULATED app enrolment,2026-01-10
LK-L02069,LK-C02069,16,True,SIMULATED app enrolment,2026-01-10
LK-L02070,LK-C02070,53,True,SIMULATED app enrolment,2026-01-10
LK-L02071,LK-C02071,90,False,SIMULATED app enrolment,2026-01-10
LK-L02072,LK-C02072,127,True,SIMULATED app enrolment,2026-01-10
LK-L02073,LK-C02073,164,True,SIMULATED app enrolment,2026-01-10
LK-L02074,LK-C02074,201,True,SIMULATED app enrolment,2026-01-10
LK-L02075,LK-C02075,238,True,SIMULATED app enrolment,2026-01-10
LK-L02076,LK-C02076,275,False,SIMULATED app enrolment,2026-01-10
LK-L02077,LK-C02077,312,True,SIMULATED app enrolment,2026-01-10
LK-L02078,LK-C02078,349,True,SIMULATED app enrolment,2026-01-10
LK-L02079,LK-C02079,386,True,SIMULATED app enrolment,2026-01-10
LK-L02080,LK-C02080,423,True,SIMULATED app enrolment,2026-01-10
LK-L02081,LK-C02081,460,False,SIMULATED app enrolment,2026-01-10
LK-L02082,LK-C02082,497,True,SIMULATED app enrolment,2026-01-10
LK-L02083,LK-C02083,34,True,SIMULATED app enrolment,2026-01-10
LK-L02084,LK-C02084,71,True,SIMULATED app enrolment,2026-01-10
LK-L02085,LK-C02085,108,True,SIMULATED app enrolment,2026-01-10
LK-L02086,LK-C02086,145,False,SIMULATED app enrolment,2026-01-10
LK-L02087,LK-C02087,182,True,SIMULATED app enrolment,2026-01-10
LK-L02088,LK-C02088,219,True,SIMULATED app enrolment,2026-01-10
LK-L02089,LK-C02089,256,True,SIMULATED app enrolment,2026-01-10
LK-L02090,LK-C02090,293,True,SIMULATED app enrolment,2026-01-10
LK-L02091,LK-C02091,330,False,SIMULATED app enrolment,2026-01-10
LK-L02092,LK-C02092,367,True,SIMULATED app enrolment,2026-01-10
LK-L02093,LK-C02093,404,True,SIMULATED app enrolment,2026-01-10
LK-L02094,LK-C02094,441,True,SIMULATED app enrolment,2026-01-10
LK-L02095,LK-C02095,478,True,SIMULATED app enrolment,2026-01-10
LK-L02096,LK-C02096,15,False,SIMULATED app enrolment,2026-01-10
LK-L02097,LK-C02097,52,True,SIMULATED app enrolment,2026-01-10
LK-L02098,LK-C02098,89,True,SIMULATED app enrolment,2026-01-10
LK-L02099,LK-C02099,126,True,SIMULATED app enrolment,2026-01-10
LK-L02100,LK-C02100,163,True,SIMULATED app enrolment,2026-01-10
LK-L02101,LK-C02101,200,False,SIMULATED app enrolment,2026-01-10
LK-L02102,LK-C02102,237,True,SIMULATED app enrolment,2026-01-10
LK-L02103,LK-C02103,274,True,SIMULATED app enrolment,2026-01-10
LK-L02104,LK-C02104,311,True,SIMULATED app enrolment,2026-01-10
LK-L02105,LK-C02105,348,True,SIMULATED app enrolment,2026-01-10
LK-L02106,LK-C02106,385,False,SIMULATED app enrolment,2026-01-10
LK-L02107,LK-C02107,422,True,SIMULATED app enrolment,2026-01-10
LK-L02108,LK-C02108,459,True,SIMULATED app enrolment,2026-01-10
LK-L02109,LK-C02109,496,True,SIMULATED app enrolment,2026-01-10
LK-L02110,LK-C02110,33,True,SIMULATED app enrolment,2026-01-10
LK-L02111,LK-C02111,70,False,SIMULATED app enrolment,2026-01-10
LK-L02112,LK-C02112,107,True,SIMULATED app enrolment,2026-01-10
LK-L02113,LK-C02113,144,True,SIMULATED app enrolment,2026-01-10
LK-L02114,LK-C02114,181,True,SIMULATED app enrolment,2026-01-10
LK-L02115,LK-C02115,218,True,SIMULATED app enrolment,2026-01-10
LK-L02116,LK-C02116,255,False,SIMULATED app enrolment,2026-01-10
LK-L02117,LK-C02117,292,True,SIMULATED app enrolment,2026-01-10
LK-L02118,LK-C02118,329,True,SIMULATED app enrolment,2026-01-10
LK-L02119,LK-C02119,366,True,SIMULATED app enrolment,2026-01-10
LK-L02120,LK-C02120,403,True,SIMULATED app enrolment,2026-01-10
LK-L02121,LK-C02121,440,False,SIMULATED app enrolment,2026-01-10
LK-L02122,LK-C02122,477,True,SIMULATED app enrolment,2026-01-10
LK-L02123,LK-C02123,14,True,SIMULATED app enrolment,2026-01-10
LK-L02124,LK-C02124,51,True,SIMULATED app enrolment,2026-01-10
LK-L02125,LK-C02125,88,True,SIMULATED app enrolment,2026-01-10
LK-L02126,LK-C02126,125,False,SIMULATED app enrolment,2026-01-10
LK-L02127,LK-C02127,162,True,SIMULATED app enrolment,2026-01-10
LK-L02128,LK-C02128,199,True,SIMULATED app enrolment,2026-01-10
LK-L02129,LK-C02129,236,True,SIMULATED app enrolment,2026-01-10
LK-L02130,LK-C02130,273,True,SIMULATED app enrolment,2026-01-10
LK-L02131,LK-C02131,310,False,SIMULATED app enrolment,2026-01-10
LK-L02132,LK-C02132,347,True,SIMULATED app enrolment,2026-01-10
LK-L02133,LK-C02133,384,True,SIMULATED app enrolment,2026-01-10
LK-L02134,LK-C02134,421,True,SIMULATED app enrolment,2026-01-10
LK-L02135,LK-C02135,458,True,SIMULATED app enrolment,2026-01-10
LK-L02136,LK-C02136,495,False,SIMULATED app enrolment,2026-01-10
LK-L02137,LK-C02137,32,True,SIMULATED app enrolment,2026-01-10
LK-L02138,LK-C02138,69,True,SIMULATED app enrolment,2026-01-10
LK-L02139,LK-C02139,106,True,SIMULATED app enrolment,2026-01-10
LK-L02140,LK-C02140,143,True,SIMULATED app enrolment,2026-01-10
LK-L02141,LK-C02141,180,False,SIMULATED app enrolment,2026-01-10
LK-L02142,LK-C02142,217,True,SIMULATED app enrolment,2026-01-10
LK-L02143,LK-C02143,254,True,SIMULATED app enrolment,2026-01-10
LK-L02144,LK-C02144,291,True,SIMULATED app enrolment,2026-01-10
LK-L02145,LK-C02145,328,True,SIMULATED app enrolment,2026-01-10
LK-L02146,LK-C02146,365,False,SIMULATED app enrolment,2026-01-10
LK-L02147,LK-C02147,402,True,SIMULATED app enrolment,2026-01-10
LK-L02148,LK-C02148,439,True,SIMULATED app enrolment,2026-01-10
LK-L02149,LK-C02149,476,True,SIMULATED app enrolment,2026-01-10
LK-L02150,LK-C02150,13,True,SIMULATED app enrolment,2026-01-10
LK-L02151,LK-C02151,50,False,SIMULATED app enrolment,2026-01-10
LK-L02152,LK-C02152,87,True,SIMULATED app enrolment,2026-01-10
LK-L02153,LK-C02153,124,True,SIMULATED app enrolment,2026-01-10
LK-L02154,LK-C02154,161,True,SIMULATED app enrolment,2026-01-10
LK-L02155,LK-C02155,198,True,SIMULATED app enrolment,2026-01-10
LK-L02156,LK-C02156,235,False,SIMULATED app enrolment,2026-01-10
LK-L02157,LK-C02157,272,True,SIMULATED app enrolment,2026-01-10
LK-L02158,LK-C02158,309,True,SIMULATED app enrolment,2026-01-10
LK-L02159,LK-C02159,346,True,SIMULATED app enrolment,2026-01-10
LK-L02160,LK-C02160,383,True,SIMULATED app enrolment,2026-01-10
LK-L02161,LK-C02161,420,False,SIMULATED app enrolment,2026-01-10
LK-L02162,LK-C02162,457,True,SIMULATED app enrolment,2026-01-10
LK-L02163,LK-C02163,494,True,SIMULATED app enrolment,2026-01-10
LK-L02164,LK-C02164,31,True,SIMULATED app enrolment,2026-01-10
LK-L02165,LK-C02165,68,True,SIMULATED app enrolment,2026-01-10
LK-L02166,LK-C02166,105,False,SIMULATED app enrolment,2026-01-10
LK-L02167,LK-C02167,142,True,SIMULATED app enrolment,2026-01-10
LK-L02168,LK-C02168,179,True,SIMULATED app enrolment,2026-01-10
LK-L02169,LK-C02169,216,True,SIMULATED app enrolment,2026-01-10
LK-L02170,LK-C02170,253,True,SIMULATED app enrolment,2026-01-10
LK-L02171,LK-C02171,290,False,SIMULATED app enrolment,2026-01-10
LK-L02172,LK-C02172,327,True,SIMULATED app enrolment,2026-01-10
LK-L02173,LK-C02173,364,True,SIMULATED app enrolment,2026-01-10
LK-L02174,LK-C02174,401,True,SIMULATED app enrolment,2026-01-10
LK-L02175,LK-C02175,438,True,SIMULATED app enrolment,2026-01-10
LK-L02176,LK-C02176,475,False,SIMULATED app enrolment,2026-01-10
LK-L02177,LK-C02177,12,True,SIMULATED app enrolment,2026-01-10
LK-L02178,LK-C02178,49,True,SIMULATED app enrolment,2026-01-10
LK-L02179,LK-C02179,86,True,SIMULATED app enrolment,2026-01-10
LK-L02180,LK-C02180,123,True,SIMULATED app enrolment,2026-01-10
LK-L02181,LK-C02181,160,False,SIMULATED app enrolment,2026-01-10
LK-L02182,LK-C02182,197,True,SIMULATED app enrolment,2026-01-10
LK-L02183,LK-C02183,234,True,SIMULATED app enrolment,2026-01-10
LK-L02184,LK-C02184,271,True,SIMULATED app enrolment,2026-01-10
LK-L02185,LK-C02185,308,True,SIMULATED app enrolment,2026-01-10
LK-L02186,LK-C02186,345,False,SIMULATED app enrolment,2026-01-10
LK-L02187,LK-C02187,382,True,SIMULATED app enrolment,2026-01-10
LK-L02188,LK-C02188,419,True,SIMULATED app enrolment,2026-01-10
LK-L02189,LK-C02189,456,True,SIMULATED app enrolment,2026-01-10
LK-L02190,LK-C02190,493,True,SIMULATED app enrolment,2026-01-10
LK-L02191,LK-C02191,30,False,SIMULATED app enrolment,2026-01-10
LK-L02192,LK-C02192,67,True,SIMULATED app enrolment,2026-01-10
LK-L02193,LK-C02193,104,True,SIMULATED app enrolment,2026-01-10
LK-L02194,LK-C02194,141,True,SIMULATED app enrolment,2026-01-10
LK-L02195,LK-C02195,178,True,SIMULATED app enrolment,2026-01-10
LK-L02196,LK-C02196,215,False,SIMULATED app enrolment,2026-01-10
LK-L02197,LK-C02197,252,True,SIMULATED app enrolment,2026-01-10
LK-L02198,LK-C02198,289,True,SIMULATED app enrolment,2026-01-10
LK-L02199,LK-C02199,326,True,SIMULATED app enrolment,2026-01-10
LK-L02200,LK-C02200,363,True,SIMULATED app enrolment,2026-01-10
LK-L02201,LK-C02201,400,False,SIMULATED app enrolment,2026-01-10
LK-L02202,LK-C02202,437,True,SIMULATED app enrolment,2026-01-10
LK-L02203,LK-C02203,474,True,SIMULATED app enrolment,2026-01-10
LK-L02204,LK-C02204,11,True,SIMULATED app enrolment,2026-01-10
LK-L02205,LK-C02205,48,True,SIMULATED app enrolment,2026-01-10
LK-L02206,LK-C02206,85,False,SIMULATED app enrolment,2026-01-10
LK-L02207,LK-C02207,122,True,SIMULATED app enrolment,2026-01-10
LK-L02208,LK-C02208,159,True,SIMULATED app enrolment,2026-01-10
LK-L02209,LK-C02209,196,True,SIMULATED app enrolment,2026-01-10
LK-L02210,LK-C02210,233,True,SIMULATED app enrolment,2026-01-10
LK-L02211,LK-C02211,270,False,SIMULATED app enrolment,2026-01-10
LK-L02212,LK-C02212,307,True,SIMULATED app enrolment,2026-01-10
LK-L02213,LK-C02213,344,True,SIMULATED app enrolment,2026-01-10
LK-L02214,LK-C02214,381,True,SIMULATED app enrolment,2026-01-10
LK-L02215,LK-C02215,418,True,SIMULATED app enrolment,2026-01-10
LK-L02216,LK-C02216,455,False,SIMULATED app enrolment,2026-01-10
LK-L02217,LK-C02217,492,True,SIMULATED app enrolment,2026-01-10
LK-L02218,LK-C02218,29,True,SIMULATED app enrolment,2026-01-10
LK-L02219,LK-C02219,66,True,SIMULATED app enrolment,2026-01-10
LK-L02220,LK-C02220,103,True,SIMULATED app enrolment,2026-01-10
LK-L02221,LK-C02221,140,False,SIMULATED app enrolment,2026-01-10
LK-L02222,LK-C02222,177,True,SIMULATED app enrolment,2026-01-10
LK-L02223,LK-C02223,214,True,SIMULATED app enrolment,2026-01-10
LK-L02224,LK-C02224,251,True,SIMULATED app enrolment,2026-01-10
LK-L02225,LK-C02225,288,True,SIMULATED app enrolment,2026-01-10
LK-L02226,LK-C02226,325,False,SIMULATED app enrolment,2026-01-10
LK-L02227,LK-C02227,362,True,SIMULATED app enrolment,2026-01-10
LK-L02228,LK-C02228,399,True,SIMULATED app enrolment,2026-01-10
LK-L02229,LK-C02229,436,True,SIMULATED app enrolment,2026-01-10
LK-L02230,LK-C02230,473,True,SIMULATED app enrolment,2026-01-10
LK-L02231,LK-C02231,10,False,SIMULATED app enrolment,2026-01-10
LK-L02232,LK-C02232,47,True,SIMULATED app enrolment,2026-01-10
LK-L02233,LK-C02233,84,True,SIMULATED app enrolment,2026-01-10
LK-L02234,LK-C02234,121,True,SIMULATED app enrolment,2026-01-10
LK-L02235,LK-C02235,158,True,SIMULATED app enrolment,2026-01-10
LK-L02236,LK-C02236,195,False,SIMULATED app enrolment,2026-01-10
LK-L02237,LK-C02237,232,True,SIMULATED app enrolment,2026-01-10
LK-L02238,LK-C02238,269,True,SIMULATED app enrolment,2026-01-10
LK-L02239,LK-C02239,306,True,SIMULATED app enrolment,2026-01-10
LK-L02240,LK-C02240,343,True,SIMULATED app enrolment,2026-01-10
LK-L02241,LK-C02241,380,False,SIMULATED app enrolment,2026-01-10
LK-L02242,LK-C02242,417,True,SIMULATED app enrolment,2026-01-10
LK-L02243,LK-C02243,454,True,SIMULATED app enrolment,2026-01-10
LK-L02244,LK-C02244,491,True,SIMULATED app enrolment,2026-01-10
LK-L02245,LK-C02245,28,True,SIMULATED app enrolment,2026-01-10
LK-L02246,LK-C02246,65,False,SIMULATED app enrolment,2026-01-10
LK-L02247,LK-C02247,102,True,SIMULATED app enrolment,2026-01-10
LK-L02248,LK-C02248,139,True,SIMULATED app enrolment,2026-01-10
LK-L02249,LK-C02249,176,True,SIMULATED app enrolment,2026-01-10
LK-L02250,LK-C02250,213,True,SIMULATED app enrolment,2026-01-10
LK-L02251,LK-C02251,250,False,SIMULATED app enrolment,2026-01-10
LK-L02252,LK-C02252,287,True,SIMULATED app enrolment,2026-01-10
LK-L02253,LK-C02253,324,True,SIMULATED app enrolment,2026-01-10
LK-L02254,LK-C02254,361,True,SIMULATED app enrolment,2026-01-10
LK-L02255,LK-C02255,398,True,SIMULATED app enrolment,2026-01-10
LK-L02256,LK-C02256,435,False,SIMULATED app enrolment,2026-01-10
LK-L02257,LK-C02257,472,True,SIMULATED app enrolment,2026-01-10
LK-L02258,LK-C02258,9,True,SIMULATED app enrolment,2026-01-10
LK-L02259,LK-C02259,46,True,SIMULATED app enrolment,2026-01-10
LK-L02260,LK-C02260,83,True,SIMULATED app enrolment,2026-01-10
LK-L02261,LK-C02261,120,False,SIMULATED app enrolment,2026-01-10
LK-L02262,LK-C02262,157,True,SIMULATED app enrolment,2026-01-10
LK-L02263,LK-C02263,194,True,SIMULATED app enrolment,2026-01-10
LK-L02264,LK-C02264,231,True,SIMULATED app enrolment,2026-01-10
LK-L02265,LK-C02265,268,True,SIMULATED app enrolment,2026-01-10
LK-L02266,LK-C02266,305,False,SIMULATED app enrolment,2026-01-10
LK-L02267,LK-C02267,342,True,SIMULATED app enrolment,2026-01-10
LK-L02268,LK-C02268,379,True,SIMULATED app enrolment,2026-01-10
LK-L02269,LK-C02269,416,True,SIMULATED app enrolment,2026-01-10
LK-L02270,LK-C02270,453,True,SIMULATED app enrolment,2026-01-10
LK-L02271,LK-C02271,490,False,SIMULATED app enrolment,2026-01-10
LK-L02272,LK-C02272,27,True,SIMULATED app enrolment,2026-01-10
LK-L02273,LK-C02273,64,True,SIMULATED app enrolment,2026-01-10
LK-L02274,LK-C02274,101,True,SIMULATED app enrolment,2026-01-10
LK-L02275,LK-C02275,138,True,SIMULATED app enrolment,2026-01-10
LK-L02276,LK-C02276,175,False,SIMULATED app enrolment,2026-01-10
LK-L02277,LK-C02277,212,True,SIMULATED app enrolment,2026-01-10
LK-L02278,LK-C02278,249,True,SIMULATED app enrolment,2026-01-10
LK-L02279,LK-C02279,286,True,SIMULATED app enrolment,2026-01-10
LK-L02280,LK-C02280,323,True,SIMULATED app enrolment,2026-01-10
LK-L02281,LK-C02281,360,False,SIMULATED app enrolment,2026-01-10
LK-L02282,LK-C02282,397,True,SIMULATED app enrolment,2026-01-10
LK-L02283,LK-C02283,434,True,SIMULATED app enrolment,2026-01-10
LK-L02284,LK-C02284,471,True,SIMULATED app enrolment,2026-01-10
LK-L02285,LK-C02285,8,True,SIMULATED app enrolment,2026-01-10
LK-L02286,LK-C02286,45,False,SIMULATED app enrolment,2026-01-10
LK-L02287,LK-C02287,82,True,SIMULATED app enrolment,2026-01-10
LK-L02288,LK-C02288,119,True,SIMULATED app enrolment,2026-01-10
LK-L02289,LK-C02289,156,True,SIMULATED app enrolment,2026-01-10
LK-L02290,LK-C02290,193,True,SIMULATED app enrolment,2026-01-10
LK-L02291,LK-C02291,230,False,SIMULATED app enrolment,2026-01-10
LK-L02292,LK-C02292,267,True,SIMULATED app enrolment,2026-01-10
LK-L02293,LK-C02293,304,True,SIMULATED app enrolment,2026-01-10
LK-L02294,LK-C02294,341,True,SIMULATED app enrolment,2026-01-10
LK-L02295,LK-C02295,378,True,SIMULATED app enrolment,2026-01-10
LK-L02296,LK-C02296,415,False,SIMULATED app enrolment,2026-01-10
LK-L02297,LK-C02297,452,True,SIMULATED app enrolment,2026-01-10
LK-L02298,LK-C02298,489,True,SIMULATED app enrolment,2026-01-10
LK-L02299,LK-C02299,26,True,SIMULATED app enrolment,2026-01-10
LK-L02300,LK-C02300,63,True,SIMULATED app enrolment,2026-01-10
LK-L02301,LK-C02301,100,False,SIMULATED app enrolment,2026-01-10
LK-L02302,LK-C02302,137,True,SIMULATED app enrolment,2026-01-10
LK-L02303,LK-C02303,174,True,SIMULATED app enrolment,2026-01-10
LK-L02304,LK-C02304,211,True,SIMULATED app enrolment,2026-01-10
LK-L02305,LK-C02305,248,True,SIMULATED app enrolment,2026-01-10
LK-L02306,LK-C02306,285,False,SIMULATED app enrolment,2026-01-10
LK-L02307,LK-C02307,322,True,SIMULATED app enrolment,2026-01-10
LK-L02308,LK-C02308,359,True,SIMULATED app enrolment,2026-01-10
LK-L02309,LK-C02309,396,True,SIMULATED app enrolment,2026-01-10
LK-L02310,LK-C02310,433,True,SIMULATED app enrolment,2026-01-10
LK-L02311,LK-C02311,470,False,SIMULATED app enrolment,2026-01-10
LK-L02312,LK-C02312,7,True,SIMULATED app enrolment,2026-01-10
LK-L02313,LK-C02313,44,True,SIMULATED app enrolment,2026-01-10
LK-L02314,LK-C02314,81,True,SIMULATED app enrolment,2026-01-10
LK-L02315,LK-C02315,118,True,SIMULATED app enrolment,2026-01-10
LK-L02316,LK-C02316,155,False,SIMULATED app enrolment,2026-01-10
LK-L02317,LK-C02317,192,True,SIMULATED app enrolment,2026-01-10
LK-L02318,LK-C02318,229,True,SIMULATED app enrolment,2026-01-10
LK-L02319,LK-C02319,266,True,SIMULATED app enrolment,2026-01-10
LK-L02320,LK-C02320,303,True,SIMULATED app enrolment,2026-01-10
LK-L02321,LK-C02321,340,False,SIMULATED app enrolment,2026-01-10
LK-L02322,LK-C02322,377,True,SIMULATED app enrolment,2026-01-10
LK-L02323,LK-C02323,414,True,SIMULATED app enrolment,2026-01-10
LK-L02324,LK-C02324,451,True,SIMULATED app enrolment,2026-01-10
LK-L02325,LK-C02325,488,True,SIMULATED app enrolment,2026-01-10
LK-L02326,LK-C02326,25,False,SIMULATED app enrolment,2026-01-10
LK-L02327,LK-C02327,62,True,SIMULATED app enrolment,2026-01-10
LK-L02328,LK-C02328,99,True,SIMULATED app enrolment,2026-01-10
LK-L02329,LK-C02329,136,True,SIMULATED app enrolment,2026-01-10
LK-L02330,LK-C02330,173,True,SIMULATED app enrolment,2026-01-10
LK-L02331,LK-C02331,210,False,SIMULATED app enrolment,2026-01-10
LK-L02332,LK-C02332,247,True,SIMULATED app enrolment,2026-01-10
LK-L02333,LK-C02333,284,True,SIMULATED app enrolment,2026-01-10
LK-L02334,LK-C02334,321,True,SIMULATED app enrolment,2026-01-10
LK-L02335,LK-C02335,358,True,SIMULATED app enrolment,2026-01-10
LK-L02336,LK-C02336,395,False,SIMULATED app enrolment,2026-01-10
LK-L02337,LK-C02337,432,True,SIMULATED app enrolment,2026-01-10
LK-L02338,LK-C02338,469,True,SIMULATED app enrolment,2026-01-10
LK-L02339,LK-C02339,6,True,SIMULATED app enrolment,2026-01-10
LK-L02340,LK-C02340,43,True,SIMULATED app enrolment,2026-01-10
LK-L02341,LK-C02341,80,False,SIMULATED app enrolment,2026-01-10
LK-L02342,LK-C02342,117,True,SIMULATED app enrolment,2026-01-10
LK-L02343,LK-C02343,154,True,SIMULATED app enrolment,2026-01-10
LK-L02344,LK-C02344,191,True,SIMULATED app enrolment,2026-01-10
LK-L02345,LK-C02345,228,True,SIMULATED app enrolment,2026-01-10
LK-L02346,LK-C02346,265,False,SIMULATED app enrolment,2026-01-10
LK-L02347,LK-C02347,302,True,SIMULATED app enrolment,2026-01-10
LK-L02348,LK-C02348,339,True,SIMULATED app enrolment,2026-01-10
LK-L02349,LK-C02349,376,True,SIMULATED app enrolment,2026-01-10
LK-L02350,LK-C02350,413,True,SIMULATED app enrolment,2026-01-10
LK-L02351,LK-C02351,450,False,SIMULATED app enrolment,2026-01-10
LK-L02352,LK-C02352,487,True,SIMULATED app enrolment,2026-01-10
LK-L02353,LK-C02353,24,True,SIMULATED app enrolment,2026-01-10
LK-L02354,LK-C02354,61,True,SIMULATED app enrolment,2026-01-10
LK-L02355,LK-C02355,98,True,SIMULATED app enrolment,2026-01-10
LK-L02356,LK-C02356,135,False,SIMULATED app enrolment,2026-01-10
LK-L02357,LK-C02357,172,True,SIMULATED app enrolment,2026-01-10
LK-L02358,LK-C02358,209,True,SIMULATED app enrolment,2026-01-10
LK-L02359,LK-C02359,246,True,SIMULATED app enrolment,2026-01-10
LK-L02360,LK-C02360,283,True,SIMULATED app enrolment,2026-01-10
LK-L02361,LK-C02361,320,False,SIMULATED app enrolment,2026-01-10
LK-L02362,LK-C02362,357,True,SIMULATED app enrolment,2026-01-10
LK-L02363,LK-C02363,394,True,SIMULATED app enrolment,2026-01-10
LK-L02364,LK-C02364,431,True,SIMULATED app enrolment,2026-01-10
LK-L02365,LK-C02365,468,True,SIMULATED app enrolment,2026-01-10
LK-L02366,LK-C02366,5,False,SIMULATED app enrolment,2026-01-10
LK-L02367,LK-C02367,42,True,SIMULATED app enrolment,2026-01-10
LK-L02368,LK-C02368,79,True,SIMULATED app enrolment,2026-01-10
LK-L02369,LK-C02369,116,True,SIMULATED app enrolment,2026-01-10
LK-L02370,LK-C02370,153,True,SIMULATED app enrolment,2026-01-10
LK-L02371,LK-C02371,190,False,SIMULATED app enrolment,2026-01-10
LK-L02372,LK-C02372,227,True,SIMULATED app enrolment,2026-01-10
LK-L02373,LK-C02373,264,True,SIMULATED app enrolment,2026-01-10
LK-L02374,LK-C02374,301,True,SIMULATED app enrolment,2026-01-10
LK-L02375,LK-C02375,338,True,SIMULATED app enrolment,2026-01-10
LK-L02376,LK-C02376,375,False,SIMULATED app enrolment,2026-01-10
LK-L02377,LK-C02377,412,True,SIMULATED app enrolment,2026-01-10
LK-L02378,LK-C02378,449,True,SIMULATED app enrolment,2026-01-10
LK-L02379,LK-C02379,486,True,SIMULATED app enrolment,2026-01-10
LK-L02380,LK-C02380,23,True,SIMULATED app enrolment,2026-01-10
LK-L02381,LK-C02381,60,False,SIMULATED app enrolment,2026-01-10
LK-L02382,LK-C02382,97,True,SIMULATED app enrolment,2026-01-10
LK-L02383,LK-C02383,134,True,SIMULATED app enrolment,2026-01-10
LK-L02384,LK-C02384,171,True,SIMULATED app enrolment,2026-01-10
LK-L02385,LK-C02385,208,True,SIMULATED app enrolment,2026-01-10
LK-L02386,LK-C02386,245,False,SIMULATED app enrolment,2026-01-10
LK-L02387,LK-C02387,282,True,SIMULATED app enrolment,2026-01-10
LK-L02388,LK-C02388,319,True,SIMULATED app enrolment,2026-01-10
LK-L02389,LK-C02389,356,True,SIMULATED app enrolment,2026-01-10
LK-L02390,LK-C02390,393,True,SIMULATED app enrolment,2026-01-10
LK-L02391,LK-C02391,430,False,SIMULATED app enrolment,2026-01-10
LK-L02392,LK-C02392,467,True,SIMULATED app enrolment,2026-01-10
LK-L02393,LK-C02393,4,True,SIMULATED app enrolment,2026-01-10
LK-L02394,LK-C02394,41,True,SIMULATED app enrolment,2026-01-10
LK-L02395,LK-C02395,78,True,SIMULATED app enrolment,2026-01-10
LK-L02396,LK-C02396,115,False,SIMULATED app enrolment,2026-01-10
LK-L02397,LK-C02397,152,True,SIMULATED app enrolment,2026-01-10
LK-L02398,LK-C02398,189,True,SIMULATED app enrolment,2026-01-10
LK-L02399,LK-C02399,226,True,SIMULATED app enrolment,2026-01-10
LK-L02400,LK-C02400,263,True,SIMULATED app enrolment,2026-01-10
LK-L02401,LK-C02401,300,False,SIMULATED app enrolment,2026-01-10
LK-L02402,LK-C02402,337,True,SIMULATED app enrolment,2026-01-10
LK-L02403,LK-C02403,374,True,SIMULATED app enrolment,2026-01-10
LK-L02404,LK-C02404,411,True,SIMULATED app enrolment,2026-01-10
LK-L02405,LK-C02405,448,True,SIMULATED app enrolment,2026-01-10
LK-L02406,LK-C02406,485,False,SIMULATED app enrolment,2026-01-10
LK-L02407,LK-C02407,22,True,SIMULATED app enrolment,2026-01-10
LK-L02408,LK-C02408,59,True,SIMULATED app enrolment,2026-01-10
LK-L02409,LK-C02409,96,True,SIMULATED app enrolment,2026-01-10
LK-L02410,LK-C02410,133,True,SIMULATED app enrolment,2026-01-10
LK-L02411,LK-C02411,170,False,SIMULATED app enrolment,2026-01-10
LK-L02412,LK-C02412,207,True,SIMULATED app enrolment,2026-01-10
LK-L02413,LK-C02413,244,True,SIMULATED app enrolment,2026-01-10
LK-L02414,LK-C02414,281,True,SIMULATED app enrolment,2026-01-10
LK-L02415,LK-C02415,318,True,SIMULATED app enrolment,2026-01-10
LK-L02416,LK-C02416,355,False,SIMULATED app enrolment,2026-01-10
LK-L02417,LK-C02417,392,True,SIMULATED app enrolment,2026-01-10
LK-L02418,LK-C02418,429,True,SIMULATED app enrolment,2026-01-10
LK-L02419,LK-C02419,466,True,SIMULATED app enrolment,2026-01-10
LK-L02420,LK-C02420,3,True,SIMULATED app enrolment,2026-01-10
LK-L02421,LK-C02421,40,False,SIMULATED app enrolment,2026-01-10
LK-L02422,LK-C02422,77,True,SIMULATED app enrolment,2026-01-10
LK-L02423,LK-C02423,114,True,SIMULATED app enrolment,2026-01-10
LK-L02424,LK-C02424,151,True,SIMULATED app enrolment,2026-01-10
LK-L02425,LK-C02425,188,True,SIMULATED app enrolment,2026-01-10
LK-L02426,LK-C02426,225,False,SIMULATED app enrolment,2026-01-10
LK-L02427,LK-C02427,262,True,SIMULATED app enrolment,2026-01-10
LK-L02428,LK-C02428,299,True,SIMULATED app enrolment,2026-01-10
LK-L02429,LK-C02429,336,True,SIMULATED app enrolment,2026-01-10
LK-L02430,LK-C02430,373,True,SIMULATED app enrolment,2026-01-10
LK-L02431,LK-C02431,410,False,SIMULATED app enrolment,2026-01-10
LK-L02432,LK-C02432,447,True,SIMULATED app enrolment,2026-01-10
LK-L02433,LK-C02433,484,True,SIMULATED app enrolment,2026-01-10
LK-L02434,LK-C02434,21,True,SIMULATED app enrolment,2026-01-10
LK-L02435,LK-C02435,58,True,SIMULATED app enrolment,2026-01-10
LK-L02436,LK-C02436,95,False,SIMULATED app enrolment,2026-01-10
LK-L02437,LK-C02437,132,True,SIMULATED app enrolment,2026-01-10
LK-L02438,LK-C02438,169,True,SIMULATED app enrolment,2026-01-10
LK-L02439,LK-C02439,206,True,SIMULATED app enrolment,2026-01-10
LK-L02440,LK-C02440,243,True,SIMULATED app enrolment,2026-01-10
LK-L02441,LK-C02441,280,False,SIMULATED app enrolment,2026-01-10
LK-L02442,LK-C02442,317,True,SIMULATED app enrolment,2026-01-10
LK-L02443,LK-C02443,354,True,SIMULATED app enrolment,2026-01-10
LK-L02444,LK-C02444,391,True,SIMULATED app enrolment,2026-01-10
LK-L02445,LK-C02445,428,True,SIMULATED app enrolment,2026-01-10
LK-L02446,LK-C02446,465,False,SIMULATED app enrolment,2026-01-10
LK-L02447,LK-C02447,2,True,SIMULATED app enrolment,2026-01-10
LK-L02448,LK-C02448,39,True,SIMULATED app enrolment,2026-01-10
LK-L02449,LK-C02449,76,True,SIMULATED app enrolment,2026-01-10
LK-L02450,LK-C02450,113,True,SIMULATED app enrolment,2026-01-10
LK-L02451,LK-C02451,150,False,SIMULATED app enrolment,2026-01-10
LK-L02452,LK-C02452,187,True,SIMULATED app enrolment,2026-01-10
LK-L02453,LK-C02453,224,True,SIMULATED app enrolment,2026-01-10
LK-L02454,LK-C02454,261,True,SIMULATED app enrolment,2026-01-10
LK-L02455,LK-C02455,298,True,SIMULATED app enrolment,2026-01-10
LK-L02456,LK-C02456,335,False,SIMULATED app enrolment,2026-01-10
LK-L02457,LK-C02457,372,True,SIMULATED app enrolment,2026-01-10
LK-L02458,LK-C02458,409,True,SIMULATED app enrolment,2026-01-10
LK-L02459,LK-C02459,446,True,SIMULATED app enrolment,2026-01-10
LK-L02460,LK-C02460,483,True,SIMULATED app enrolment,2026-01-10
LK-L02461,LK-C02461,20,False,SIMULATED app enrolment,2026-01-10
LK-L02462,LK-C02462,57,True,SIMULATED app enrolment,2026-01-10
LK-L02463,LK-C02463,94,True,SIMULATED app enrolment,2026-01-10
LK-L02464,LK-C02464,131,True,SIMULATED app enrolment,2026-01-10
LK-L02465,LK-C02465,168,True,SIMULATED app enrolment,2026-01-10
LK-L02466,LK-C02466,205,False,SIMULATED app enrolment,2026-01-10
LK-L02467,LK-C02467,242,True,SIMULATED app enrolment,2026-01-10
LK-L02468,LK-C02468,279,True,SIMULATED app enrolment,2026-01-10
LK-L02469,LK-C02469,316,True,SIMULATED app enrolment,2026-01-10
LK-L02470,LK-C02470,353,True,SIMULATED app enrolment,2026-01-10
LK-L02471,LK-C02471,390,False,SIMULATED app enrolment,2026-01-10
LK-L02472,LK-C02472,427,True,SIMULATED app enrolment,2026-01-10
LK-L02473,LK-C02473,464,True,SIMULATED app enrolment,2026-01-10
LK-L02474,LK-C02474,1,True,SIMULATED app enrolment,2026-01-10
LK-L02475,LK-C02475,38,True,SIMULATED app enrolment,2026-01-10
LK-L02476,LK-C02476,75,False,SIMULATED app enrolment,2026-01-10
LK-L02477,LK-C02477,112,True,SIMULATED app enrolment,2026-01-10
LK-L02478,LK-C02478,149,True,SIMULATED app enrolment,2026-01-10
LK-L02479,LK-C02479,186,True,SIMULATED app enrolment,2026-01-10
LK-L02480,LK-C02480,223,True,SIMULATED app enrolment,2026-01-10
LK-L02481,LK-C02481,260,False,SIMULATED app enrolment,2026-01-10
LK-L02482,LK-C02482,297,True,SIMULATED app enrolment,2026-01-10
LK-L02483,LK-C02483,334,True,SIMULATED app enrolment,2026-01-10
LK-L02484,LK-C02484,371,True,SIMULATED app enrolment,2026-01-10
LK-L02485,LK-C02485,408,True,SIMULATED app enrolment,2026-01-10
LK-L02486,LK-C02486,445,False,SIMULATED app enrolment,2026-01-10
LK-L02487,LK-C02487,482,True,SIMULATED app enrolment,2026-01-10
LK-L02488,LK-C02488,19,True,SIMULATED app enrolment,2026-01-10
LK-L02489,LK-C02489,56,True,SIMULATED app enrolment,2026-01-10
LK-L02490,LK-C02490,93,True,SIMULATED app enrolment,2026-01-10
LK-L02491,LK-C02491,130,False,SIMULATED app enrolment,2026-01-10
LK-L02492,LK-C02492,167,True,SIMULATED app enrolment,2026-01-10
LK-L02493,LK-C02493,204,True,SIMULATED app enrolment,2026-01-10
LK-L02494,LK-C02494,241,True,SIMULATED app enrolment,2026-01-10
LK-L02495,LK-C02495,278,True,SIMULATED app enrolment,2026-01-10
LK-L02496,LK-C02496,315,False,SIMULATED app enrolment,2026-01-10
LK-L02497,LK-C02497,352,True,SIMULATED app enrolment,2026-01-10
LK-L02498,LK-C02498,389,True,SIMULATED app enrolment,2026-01-10
LK-L02499,LK-C02499,426,True,SIMULATED app enrolment,2026-01-10
LK-L02500,LK-C02500,463,True,SIMULATED app enrolment,2026-01-10
LK-L02501,LK-C02501,0,False,SIMULATED app enrolment,2026-01-10
LK-L02502,LK-C02502,37,True,SIMULATED app enrolment,2026-01-10
LK-L02503,LK-C02503,74,True,SIMULATED app enrolment,2026-01-10
LK-L02504,LK-C02504,111,True,SIMULATED app enrolment,2026-01-10
LK-L02505,LK-C02505,148,True,SIMULATED app enrolment,2026-01-10
LK-L02506,LK-C02506,185,False,SIMULATED app enrolment,2026-01-10
LK-L02507,LK-C02507,222,True,SIMULATED app enrolment,2026-01-10
LK-L02508,LK-C02508,259,True,SIMULATED app enrolment,2026-01-10
LK-L02509,LK-C02509,296,True,SIMULATED app enrolment,2026-01-10
LK-L02510,LK-C02510,333,True,SIMULATED app enrolment,2026-01-10
LK-L02511,LK-C02511,370,False,SIMULATED app enrolment,2026-01-10
LK-L02512,LK-C02512,407,True,SIMULATED app enrolment,2026-01-10
LK-L02513,LK-C02513,444,True,SIMULATED app enrolment,2026-01-10
LK-L02514,LK-C02514,481,True,SIMULATED app enrolment,2026-01-10
LK-L02515,LK-C02515,18,True,SIMULATED app enrolment,2026-01-10
LK-L02516,LK-C02516,55,False,SIMULATED app enrolment,2026-01-10
LK-L02517,LK-C02517,92,True,SIMULATED app enrolment,2026-01-10
LK-L02518,LK-C02518,129,True,SIMULATED app enrolment,2026-01-10
LK-L02519,LK-C02519,166,True,SIMULATED app enrolment,2026-01-10
LK-L02520,LK-C02520,203,True,SIMULATED app enrolment,2026-01-10
LK-L02521,LK-C02521,240,False,SIMULATED app enrolment,2026-01-10
LK-L02522,LK-C02522,277,True,SIMULATED app enrolment,2026-01-10
LK-L02523,LK-C02523,314,True,SIMULATED app enrolment,2026-01-10
LK-L02524,LK-C02524,351,True,SIMULATED app enrolment,2026-01-10
LK-L02525,LK-C02525,388,True,SIMULATED app enrolment,2026-01-10
LK-L02526,LK-C02526,425,False,SIMULATED app enrolment,2026-01-10
LK-L02527,LK-C02527,462,True,SIMULATED app enrolment,2026-01-10
LK-L02528,LK-C02528,499,True,SIMULATED app enrolment,2026-01-10
LK-L02529,LK-C02529,36,True,SIMULATED app enrolment,2026-01-10
LK-L02530,LK-C02530,73,True,SIMULATED app enrolment,2026-01-10
LK-L02531,LK-C02531,110,False,SIMULATED app enrolment,2026-01-10
LK-L02532,LK-C02532,147,True,SIMULATED app enrolment,2026-01-10
LK-L02533,LK-C02533,184,True,SIMULATED app enrolment,2026-01-10
LK-L02534,LK-C02534,221,True,SIMULATED app enrolment,2026-01-10
LK-L02535,LK-C02535,258,True,SIMULATED app enrolment,2026-01-10
LK-L02536,LK-C02536,295,False,SIMULATED app enrolment,2026-01-10
LK-L02537,LK-C02537,332,True,SIMULATED app enrolment,2026-01-10
LK-L02538,LK-C02538,369,True,SIMULATED app enrolment,2026-01-10
LK-L02539,LK-C02539,406,True,SIMULATED app enrolment,2026-01-10
LK-L02540,LK-C02540,443,True,SIMULATED app enrolment,2026-01-10
LK-L02541,LK-C02541,480,False,SIMULATED app enrolment,2026-01-10
LK-L02542,LK-C02542,17,True,SIMULATED app enrolment,2026-01-10
LK-L02543,LK-C02543,54,True,SIMULATED app enrolment,2026-01-10
LK-L02544,LK-C02544,91,True,SIMULATED app enrolment,2026-01-10
LK-L02545,LK-C02545,128,True,SIMULATED app enrolment,2026-01-10
LK-L02546,LK-C02546,165,False,SIMULATED app enrolment,2026-01-10
LK-L02547,LK-C02547,202,True,SIMULATED app enrolment,2026-01-10
LK-L02548,LK-C02548,239,True,SIMULATED app enrolment,2026-01-10
LK-L02549,LK-C02549,276,True,SIMULATED app enrolment,2026-01-10
LK-L02550,LK-C02550,313,True,SIMULATED app enrolment,2026-01-10
LK-L02551,LK-C02551,350,False,SIMULATED app enrolment,2026-01-10
LK-L02552,LK-C02552,387,True,SIMULATED app enrolment,2026-01-10
LK-L02553,LK-C02553,424,True,SIMULATED app enrolment,2026-01-10
LK-L02554,LK-C02554,461,True,SIMULATED app enrolment,2026-01-10
LK-L02555,LK-C02555,498,True,SIMULATED app enrolment,2026-01-10
LK-L02556,LK-C02556,35,False,SIMULATED app enrolment,2026-01-10
LK-L02557,LK-C02557,72,True,SIMULATED app enrolment,2026-01-10
LK-L02558,LK-C02558,109,True,SIMULATED app enrolment,2026-01-10
LK-L02559,LK-C02559,146,True,SIMULATED app enrolment,2026-01-10
LK-L02560,LK-C02560,183,True,SIMULATED app enrolment,2026-01-10
LK-L02561,LK-C02561,220,False,SIMULATED app enrolment,2026-01-10
LK-L02562,LK-C02562,257,True,SIMULATED app enrolment,2026-01-10
LK-L02563,LK-C02563,294,True,SIMULATED app enrolment,2026-01-10
LK-L02564,LK-C02564,331,True,SIMULATED app enrolment,2026-01-10
LK-L02565,LK-C02565,368,True,SIMULATED app enrolment,2026-01-10
LK-L02566,LK-C02566,405,False,SIMULATED app enrolment,2026-01-10
LK-L02567,LK-C02567,442,True,SIMULATED app enrolment,2026-01-10
LK-L02568,LK-C02568,479,True,SIMULATED app enrolment,2026-01-10
LK-L02569,LK-C02569,16,True,SIMULATED app enrolment,2026-01-10
LK-L02570,LK-C02570,53,True,SIMULATED app enrolment,2026-01-10
LK-L02571,LK-C02571,90,False,SIMULATED app enrolment,2026-01-10
LK-L02572,LK-C02572,127,True,SIMULATED app enrolment,2026-01-10
LK-L02573,LK-C02573,164,True,SIMULATED app enrolment,2026-01-10
LK-L02574,LK-C02574,201,True,SIMULATED app enrolment,2026-01-10
LK-L02575,LK-C02575,238,True,SIMULATED app enrolment,2026-01-10
LK-L02576,LK-C02576,275,False,SIMULATED app enrolment,2026-01-10
LK-L02577,LK-C02577,312,True,SIMULATED app enrolment,2026-01-10
LK-L02578,LK-C02578,349,True,SIMULATED app enrolment,2026-01-10
LK-L02579,LK-C02579,386,True,SIMULATED app enrolment,2026-01-10
LK-L02580,LK-C02580,423,True,SIMULATED app enrolment,2026-01-10
LK-L02581,LK-C02581,460,False,SIMULATED app enrolment,2026-01-10
LK-L02582,LK-C02582,497,True,SIMULATED app enrolment,2026-01-10
LK-L02583,LK-C02583,34,True,SIMULATED app enrolment,2026-01-10
LK-L02584,LK-C02584,71,True,SIMULATED app enrolment,2026-01-10
LK-L02585,LK-C02585,108,True,SIMULATED app enrolment,2026-01-10
LK-L02586,LK-C02586,145,False,SIMULATED app enrolment,2026-01-10
LK-L02587,LK-C02587,182,True,SIMULATED app enrolment,2026-01-10
LK-L02588,LK-C02588,219,True,SIMULATED app enrolment,2026-01-10
LK-L02589,LK-C02589,256,True,SIMULATED app enrolment,2026-01-10
LK-L02590,LK-C02590,293,True,SIMULATED app enrolment,2026-01-10
LK-L02591,LK-C02591,330,False,SIMULATED app enrolment,2026-01-10
LK-L02592,LK-C02592,367,True,SIMULATED app enrolment,2026-01-10
LK-L02593,LK-C02593,404,True,SIMULATED app enrolment,2026-01-10
LK-L02594,LK-C02594,441,True,SIMULATED app enrolment,2026-01-10
LK-L02595,LK-C02595,478,True,SIMULATED app enrolment,2026-01-10
LK-L02596,LK-C02596,15,False,SIMULATED app enrolment,2026-01-10
LK-L02597,LK-C02597,52,True,SIMULATED app enrolment,2026-01-10
LK-L02598,LK-C02598,89,True,SIMULATED app enrolment,2026-01-10
LK-L02599,LK-C02599,126,True,SIMULATED app enrolment,2026-01-10
LK-L02600,LK-C02600,163,True,SIMULATED app enrolment,2026-01-10
LK-L02601,LK-C02601,200,False,SIMULATED app enrolment,2026-01-10
LK-L02602,LK-C02602,237,True,SIMULATED app enrolment,2026-01-10
LK-L02603,LK-C02603,274,True,SIMULATED app enrolment,2026-01-10
LK-L02604,LK-C02604,311,True,SIMULATED app enrolment,2026-01-10
LK-L02605,LK-C02605,348,True,SIMULATED app enrolment,2026-01-10
LK-L02606,LK-C02606,385,False,SIMULATED app enrolment,2026-01-10
LK-L02607,LK-C02607,422,True,SIMULATED app enrolment,2026-01-10
LK-L02608,LK-C02608,459,True,SIMULATED app enrolment,2026-01-10
LK-L02609,LK-C02609,496,True,SIMULATED app enrolment,2026-01-10
LK-L02610,LK-C02610,33,True,SIMULATED app enrolment,2026-01-10
LK-L02611,LK-C02611,70,False,SIMULATED app enrolment,2026-01-10
LK-L02612,LK-C02612,107,True,SIMULATED app enrolment,2026-01-10
LK-L02613,LK-C02613,144,True,SIMULATED app enrolment,2026-01-10
LK-L02614,LK-C02614,181,True,SIMULATED app enrolment,2026-01-10
LK-L02615,LK-C02615,218,True,SIMULATED app enrolment,2026-01-10
LK-L02616,LK-C02616,255,False,SIMULATED app enrolment,2026-01-10
LK-L02617,LK-C02617,292,True,SIMULATED app enrolment,2026-01-10
LK-L02618,LK-C02618,329,True,SIMULATED app enrolment,2026-01-10
LK-L02619,LK-C02619,366,True,SIMULATED app enrolment,2026-01-10
LK-L02620,LK-C02620,403,True,SIMULATED app enrolment,2026-01-10
LK-L02621,LK-C02621,440,False,SIMULATED app enrolment,2026-01-10
LK-L02622,LK-C02622,477,True,SIMULATED app enrolment,2026-01-10
LK-L02623,LK-C02623,14,True,SIMULATED app enrolment,2026-01-10
LK-L02624,LK-C02624,51,True,SIMULATED app enrolment,2026-01-10
LK-L02625,LK-C02625,88,True,SIMULATED app enrolment,2026-01-10
LK-L02626,LK-C02626,125,False,SIMULATED app enrolment,2026-01-10
LK-L02627,LK-C02627,162,True,SIMULATED app enrolment,2026-01-10
LK-L02628,LK-C02628,199,True,SIMULATED app enrolment,2026-01-10
LK-L02629,LK-C02629,236,True,SIMULATED app enrolment,2026-01-10
LK-L02630,LK-C02630,273,True,SIMULATED app enrolment,2026-01-10
LK-L02631,LK-C02631,310,False,SIMULATED app enrolment,2026-01-10
LK-L02632,LK-C02632,347,True,SIMULATED app enrolment,2026-01-10
LK-L02633,LK-C02633,384,True,SIMULATED app enrolment,2026-01-10
LK-L02634,LK-C02634,421,True,SIMULATED app enrolment,2026-01-10
LK-L02635,LK-C02635,458,True,SIMULATED app enrolment,2026-01-10
LK-L02636,LK-C02636,495,False,SIMULATED app enrolment,2026-01-10
LK-L02637,LK-C02637,32,True,SIMULATED app enrolment,2026-01-10
LK-L02638,LK-C02638,69,True,SIMULATED app enrolment,2026-01-10
LK-L02639,LK-C02639,106,True,SIMULATED app enrolment,2026-01-10
LK-L02640,LK-C02640,143,True,SIMULATED app enrolment,2026-01-10
LK-L02641,LK-C02641,180,False,SIMULATED app enrolment,2026-01-10
LK-L02642,LK-C02642,217,True,SIMULATED app enrolment,2026-01-10
LK-L02643,LK-C02643,254,True,SIMULATED app enrolment,2026-01-10
LK-L02644,LK-C02644,291,True,SIMULATED app enrolment,2026-01-10
LK-L02645,LK-C02645,328,True,SIMULATED app enrolment,2026-01-10
LK-L02646,LK-C02646,365,False,SIMULATED app enrolment,2026-01-10
LK-L02647,LK-C02647,402,True,SIMULATED app enrolment,2026-01-10
LK-L02648,LK-C02648,439,True,SIMULATED app enrolment,2026-01-10
LK-L02649,LK-C02649,476,True,SIMULATED app enrolment,2026-01-10
LK-L02650,LK-C02650,13,True,SIMULATED app enrolment,2026-01-10
LK-L02651,LK-C02651,50,False,SIMULATED app enrolment,2026-01-10
LK-L02652,LK-C02652,87,True,SIMULATED app enrolment,2026-01-10
LK-L02653,LK-C02653,124,True,SIMULATED app enrolment,2026-01-10
LK-L02654,LK-C02654,161,True,SIMULATED app enrolment,2026-01-10
LK-L02655,LK-C02655,198,True,SIMULATED app enrolment,2026-01-10
LK-L02656,LK-C02656,235,False,SIMULATED app enrolment,2026-01-10
LK-L02657,LK-C02657,272,True,SIMULATED app enrolment,2026-01-10
LK-L02658,LK-C02658,309,True,SIMULATED app enrolment,2026-01-10
LK-L02659,LK-C02659,346,True,SIMULATED app enrolment,2026-01-10
LK-L02660,LK-C02660,383,True,SIMULATED app enrolment,2026-01-10
LK-L02661,LK-C02661,420,False,SIMULATED app enrolment,2026-01-10
LK-L02662,LK-C02662,457,True,SIMULATED app enrolment,2026-01-10
LK-L02663,LK-C02663,494,True,SIMULATED app enrolment,2026-01-10
LK-L02664,LK-C02664,31,True,SIMULATED app enrolment,2026-01-10
LK-L02665,LK-C02665,68,True,SIMULATED app enrolment,2026-01-10
LK-L02666,LK-C02666,105,False,SIMULATED app enrolment,2026-01-10
LK-L02667,LK-C02667,142,True,SIMULATED app enrolment,2026-01-10
LK-L02668,LK-C02668,179,True,SIMULATED app enrolment,2026-01-10
LK-L02669,LK-C02669,216,True,SIMULATED app enrolment,2026-01-10
LK-L02670,LK-C02670,253,True,SIMULATED app enrolment,2026-01-10
LK-L02671,LK-C02671,290,False,SIMULATED app enrolment,2026-01-10
LK-L02672,LK-C02672,327,True,SIMULATED app enrolment,2026-01-10
LK-L02673,LK-C02673,364,True,SIMULATED app enrolment,2026-01-10
LK-L02674,LK-C02674,401,True,SIMULATED app enrolment,2026-01-10
LK-L02675,LK-C02675,438,True,SIMULATED app enrolment,2026-01-10
LK-L02676,LK-C02676,475,False,SIMULATED app enrolment,2026-01-10
LK-L02677,LK-C02677,12,True,SIMULATED app enrolment,2026-01-10
LK-L02678,LK-C02678,49,True,SIMULATED app enrolment,2026-01-10
LK-L02679,LK-C02679,86,True,SIMULATED app enrolment,2026-01-10
LK-L02680,LK-C02680,123,True,SIMULATED app enrolment,2026-01-10
LK-L02681,LK-C02681,160,False,SIMULATED app enrolment,2026-01-10
LK-L02682,LK-C02682,197,True,SIMULATED app enrolment,2026-01-10
LK-L02683,LK-C02683,234,True,SIMULATED app enrolment,2026-01-10
LK-L02684,LK-C02684,271,True,SIMULATED app enrolment,2026-01-10
LK-L02685,LK-C02685,308,True,SIMULATED app enrolment,2026-01-10
LK-L02686,LK-C02686,345,False,SIMULATED app enrolment,2026-01-10
LK-L02687,LK-C02687,382,True,SIMULATED app enrolment,2026-01-10
LK-L02688,LK-C02688,419,True,SIMULATED app enrolment,2026-01-10
LK-L02689,LK-C02689,456,True,SIMULATED app enrolment,2026-01-10
LK-L02690,LK-C02690,493,True,SIMULATED app enrolment,2026-01-10
LK-L02691,LK-C02691,30,False,SIMULATED app enrolment,2026-01-10
LK-L02692,LK-C02692,67,True,SIMULATED app enrolment,2026-01-10
LK-L02693,LK-C02693,104,True,SIMULATED app enrolment,2026-01-10
LK-L02694,LK-C02694,141,True,SIMULATED app enrolment,2026-01-10
LK-L02695,LK-C02695,178,True,SIMULATED app enrolment,2026-01-10
LK-L02696,LK-C02696,215,False,SIMULATED app enrolment,2026-01-10
LK-L02697,LK-C02697,252,True,SIMULATED app enrolment,2026-01-10
LK-L02698,LK-C02698,289,True,SIMULATED app enrolment,2026-01-10
LK-L02699,LK-C02699,326,True,SIMULATED app enrolment,2026-01-10
LK-L02700,LK-C02700,363,True,SIMULATED app enrolment,2026-01-10
LK-L02701,LK-C02701,400,False,SIMULATED app enrolment,2026-01-10
LK-L02702,LK-C02702,437,True,SIMULATED app enrolment,2026-01-10
LK-L02703,LK-C02703,474,True,SIMULATED app enrolment,2026-01-10
LK-L02704,LK-C02704,11,True,SIMULATED app enrolment,2026-01-10
LK-L02705,LK-C02705,48,True,SIMULATED app enrolment,2026-01-10
LK-L02706,LK-C02706,85,False,SIMULATED app enrolment,2026-01-10
LK-L02707,LK-C02707,122,True,SIMULATED app enrolment,2026-01-10
LK-L02708,LK-C02708,159,True,SIMULATED app enrolment,2026-01-10
LK-L02709,LK-C02709,196,True,SIMULATED app enrolment,2026-01-10
LK-L02710,LK-C02710,233,True,SIMULATED app enrolment,2026-01-10
LK-L02711,LK-C02711,270,False,SIMULATED app enrolment,2026-01-10
LK-L02712,LK-C02712,307,True,SIMULATED app enrolment,2026-01-10
LK-L02713,LK-C02713,344,True,SIMULATED app enrolment,2026-01-10
LK-L02714,LK-C02714,381,True,SIMULATED app enrolment,2026-01-10
LK-L02715,LK-C02715,418,True,SIMULATED app enrolment,2026-01-10
LK-L02716,LK-C02716,455,False,SIMULATED app enrolment,2026-01-10
LK-L02717,LK-C02717,492,True,SIMULATED app enrolment,2026-01-10
LK-L02718,LK-C02718,29,True,SIMULATED app enrolment,2026-01-10
LK-L02719,LK-C02719,66,True,SIMULATED app enrolment,2026-01-10
LK-L02720,LK-C02720,103,True,SIMULATED app enrolment,2026-01-10
LK-L02721,LK-C02721,140,False,SIMULATED app enrolment,2026-01-10
LK-L02722,LK-C02722,177,True,SIMULATED app enrolment,2026-01-10
LK-L02723,LK-C02723,214,True,SIMULATED app enrolment,2026-01-10
LK-L02724,LK-C02724,251,True,SIMULATED app enrolment,2026-01-10
LK-L02725,LK-C02725,288,True,SIMULATED app enrolment,2026-01-10
LK-L02726,LK-C02726,325,False,SIMULATED app enrolment,2026-01-10
LK-L02727,LK-C02727,362,True,SIMULATED app enrolment,2026-01-10
LK-L02728,LK-C02728,399,True,SIMULATED app enrolment,2026-01-10
LK-L02729,LK-C02729,436,True,SIMULATED app enrolment,2026-01-10
LK-L02730,LK-C02730,473,True,SIMULATED app enrolment,2026-01-10
LK-L02731,LK-C02731,10,False,SIMULATED app enrolment,2026-01-10
LK-L02732,LK-C02732,47,True,SIMULATED app enrolment,2026-01-10
LK-L02733,LK-C02733,84,True,SIMULATED app enrolment,2026-01-10
LK-L02734,LK-C02734,121,True,SIMULATED app enrolment,2026-01-10
LK-L02735,LK-C02735,158,True,SIMULATED app enrolment,2026-01-10
LK-L02736,LK-C02736,195,False,SIMULATED app enrolment,2026-01-10
LK-L02737,LK-C02737,232,True,SIMULATED app enrolment,2026-01-10
LK-L02738,LK-C02738,269,True,SIMULATED app enrolment,2026-01-10
LK-L02739,LK-C02739,306,True,SIMULATED app enrolment,2026-01-10
LK-L02740,LK-C02740,343,True,SIMULATED app enrolment,2026-01-10
LK-L02741,LK-C02741,380,False,SIMULATED app enrolment,2026-01-10
LK-L02742,LK-C02742,417,True,SIMULATED app enrolment,2026-01-10
LK-L02743,LK-C02743,454,True,SIMULATED app enrolment,2026-01-10
LK-L02744,LK-C02744,491,True,SIMULATED app enrolment,2026-01-10
LK-L02745,LK-C02745,28,True,SIMULATED app enrolment,2026-01-10
LK-L02746,LK-C02746,65,False,SIMULATED app enrolment,2026-01-10
LK-L02747,LK-C02747,102,True,SIMULATED app enrolment,2026-01-10
LK-L02748,LK-C02748,139,True,SIMULATED app enrolment,2026-01-10
LK-L02749,LK-C02749,176,True,SIMULATED app enrolment,2026-01-10
LK-L02750,LK-C02750,213,True,SIMULATED app enrolment,2026-01-10
LK-L02751,LK-C02751,250,False,SIMULATED app enrolment,2026-01-10
LK-L02752,LK-C02752,287,True,SIMULATED app enrolment,2026-01-10
LK-L02753,LK-C02753,324,True,SIMULATED app enrolment,2026-01-10
LK-L02754,LK-C02754,361,True,SIMULATED app enrolment,2026-01-10
LK-L02755,LK-C02755,398,True,SIMULATED app enrolment,2026-01-10
LK-L02756,LK-C02756,435,False,SIMULATED app enrolment,2026-01-10
LK-L02757,LK-C02757,472,True,SIMULATED app enrolment,2026-01-10
LK-L02758,LK-C02758,9,True,SIMULATED app enrolment,2026-01-10
LK-L02759,LK-C02759,46,True,SIMULATED app enrolment,2026-01-10
LK-L02760,LK-C02760,83,True,SIMULATED app enrolment,2026-01-10
LK-L02761,LK-C02761,120,False,SIMULATED app enrolment,2026-01-10
LK-L02762,LK-C02762,157,True,SIMULATED app enrolment,2026-01-10
LK-L02763,LK-C02763,194,True,SIMULATED app enrolment,2026-01-10
LK-L02764,LK-C02764,231,True,SIMULATED app enrolment,2026-01-10
LK-L02765,LK-C02765,268,True,SIMULATED app enrolment,2026-01-10
LK-L02766,LK-C02766,305,False,SIMULATED app enrolment,2026-01-10
LK-L02767,LK-C02767,342,True,SIMULATED app enrolment,2026-01-10
LK-L02768,LK-C02768,379,True,SIMULATED app enrolment,2026-01-10
LK-L02769,LK-C02769,416,True,SIMULATED app enrolment,2026-01-10
LK-L02770,LK-C02770,453,True,SIMULATED app enrolment,2026-01-10
LK-L02771,LK-C02771,490,False,SIMULATED app enrolment,2026-01-10
LK-L02772,LK-C02772,27,True,SIMULATED app enrolment,2026-01-10
LK-L02773,LK-C02773,64,True,SIMULATED app enrolment,2026-01-10
LK-L02774,LK-C02774,101,True,SIMULATED app enrolment,2026-01-10
LK-L02775,LK-C02775,138,True,SIMULATED app enrolment,2026-01-10
LK-L02776,LK-C02776,175,False,SIMULATED app enrolment,2026-01-10
LK-L02777,LK-C02777,212,True,SIMULATED app enrolment,2026-01-10
LK-L02778,LK-C02778,249,True,SIMULATED app enrolment,2026-01-10
LK-L02779,LK-C02779,286,True,SIMULATED app enrolment,2026-01-10
LK-L02780,LK-C02780,323,True,SIMULATED app enrolment,2026-01-10
LK-L02781,LK-C02781,360,False,SIMULATED app enrolment,2026-01-10
LK-L02782,LK-C02782,397,True,SIMULATED app enrolment,2026-01-10
LK-L02783,LK-C02783,434,True,SIMULATED app enrolment,2026-01-10
LK-L02784,LK-C02784,471,True,SIMULATED app enrolment,2026-01-10
LK-L02785,LK-C02785,8,True,SIMULATED app enrolment,2026-01-10
LK-L02786,LK-C02786,45,False,SIMULATED app enrolment,2026-01-10
LK-L02787,LK-C02787,82,True,SIMULATED app enrolment,2026-01-10
LK-L02788,LK-C02788,119,True,SIMULATED app enrolment,2026-01-10
LK-L02789,LK-C02789,156,True,SIMULATED app enrolment,2026-01-10
LK-L02790,LK-C02790,193,True,SIMULATED app enrolment,2026-01-10
LK-L02791,LK-C02791,230,False,SIMULATED app enrolment,2026-01-10
LK-L02792,LK-C02792,267,True,SIMULATED app enrolment,2026-01-10
LK-L02793,LK-C02793,304,True,SIMULATED app enrolment,2026-01-10
LK-L02794,LK-C02794,341,True,SIMULATED app enrolment,2026-01-10
LK-L02795,LK-C02795,378,True,SIMULATED app enrolment,2026-01-10
LK-L02796,LK-C02796,415,False,SIMULATED app enrolment,2026-01-10
LK-L02797,LK-C02797,452,True,SIMULATED app enrolment,2026-01-10
LK-L02798,LK-C02798,489,True,SIMULATED app enrolment,2026-01-10
LK-L02799,LK-C02799,26,True,SIMULATED app enrolment,2026-01-10
LK-L02800,LK-C02800,63,True,SIMULATED app enrolment,2026-01-10
LK-L02801,LK-C02801,100,False,SIMULATED app enrolment,2026-01-10
LK-L02802,LK-C02802,137,True,SIMULATED app enrolment,2026-01-10
LK-L02803,LK-C02803,174,True,SIMULATED app enrolment,2026-01-10
LK-L02804,LK-C02804,211,True,SIMULATED app enrolment,2026-01-10
LK-L02805,LK-C02805,248,True,SIMULATED app enrolment,2026-01-10
LK-L02806,LK-C02806,285,False,SIMULATED app enrolment,2026-01-10
LK-L02807,LK-C02807,322,True,SIMULATED app enrolment,2026-01-10
LK-L02808,LK-C02808,359,True,SIMULATED app enrolment,2026-01-10
LK-L02809,LK-C02809,396,True,SIMULATED app enrolment,2026-01-10
LK-L02810,LK-C02810,433,True,SIMULATED app enrolment,2026-01-10
LK-L02811,LK-C02811,470,False,SIMULATED app enrolment,2026-01-10
LK-L02812,LK-C02812,7,True,SIMULATED app enrolment,2026-01-10
LK-L02813,LK-C02813,44,True,SIMULATED app enrolment,2026-01-10
LK-L02814,LK-C02814,81,True,SIMULATED app enrolment,2026-01-10
LK-L02815,LK-C02815,118,True,SIMULATED app enrolment,2026-01-10
LK-L02816,LK-C02816,155,False,SIMULATED app enrolment,2026-01-10
LK-L02817,LK-C02817,192,True,SIMULATED app enrolment,2026-01-10
LK-L02818,LK-C02818,229,True,SIMULATED app enrolment,2026-01-10
LK-L02819,LK-C02819,266,True,SIMULATED app enrolment,2026-01-10
LK-L02820,LK-C02820,303,True,SIMULATED app enrolment,2026-01-10
LK-L02821,LK-C02821,340,False,SIMULATED app enrolment,2026-01-10
LK-L02822,LK-C02822,377,True,SIMULATED app enrolment,2026-01-10
LK-L02823,LK-C02823,414,True,SIMULATED app enrolment,2026-01-10
LK-L02824,LK-C02824,451,True,SIMULATED app enrolment,2026-01-10
LK-L02825,LK-C02825,488,True,SIMULATED app enrolment,2026-01-10
LK-L02826,LK-C02826,25,False,SIMULATED app enrolment,2026-01-10
LK-L02827,LK-C02827,62,True,SIMULATED app enrolment,2026-01-10
LK-L02828,LK-C02828,99,True,SIMULATED app enrolment,2026-01-10
LK-L02829,LK-C02829,136,True,SIMULATED app enrolment,2026-01-10
LK-L02830,LK-C02830,173,True,SIMULATED app enrolment,2026-01-10
LK-L02831,LK-C02831,210,False,SIMULATED app enrolment,2026-01-10
LK-L02832,LK-C02832,247,True,SIMULATED app enrolment,2026-01-10
LK-L02833,LK-C02833,284,True,SIMULATED app enrolment,2026-01-10
LK-L02834,LK-C02834,321,True,SIMULATED app enrolment,2026-01-10
LK-L02835,LK-C02835,358,True,SIMULATED app enrolment,2026-01-10
LK-L02836,LK-C02836,395,False,SIMULATED app enrolment,2026-01-10
LK-L02837,LK-C02837,432,True,SIMULATED app enrolment,2026-01-10
LK-L02838,LK-C02838,469,True,SIMULATED app enrolment,2026-01-10
LK-L02839,LK-C02839,6,True,SIMULATED app enrolment,2026-01-10
LK-L02840,LK-C02840,43,True,SIMULATED app enrolment,2026-01-10
LK-L02841,LK-C02841,80,False,SIMULATED app enrolment,2026-01-10
LK-L02842,LK-C02842,117,True,SIMULATED app enrolment,2026-01-10
LK-L02843,LK-C02843,154,True,SIMULATED app enrolment,2026-01-10
LK-L02844,LK-C02844,191,True,SIMULATED app enrolment,2026-01-10
LK-L02845,LK-C02845,228,True,SIMULATED app enrolment,2026-01-10
LK-L02846,LK-C02846,265,False,SIMULATED app enrolment,2026-01-10
LK-L02847,LK-C02847,302,True,SIMULATED app enrolment,2026-01-10
LK-L02848,LK-C02848,339,True,SIMULATED app enrolment,2026-01-10
LK-L02849,LK-C02849,376,True,SIMULATED app enrolment,2026-01-10
LK-L02850,LK-C02850,413,True,SIMULATED app enrolment,2026-01-10
LK-L02851,LK-C02851,450,False,SIMULATED app enrolment,2026-01-10
LK-L02852,LK-C02852,487,True,SIMULATED app enrolment,2026-01-10
LK-L02853,LK-C02853,24,True,SIMULATED app enrolment,2026-01-10
LK-L02854,LK-C02854,61,True,SIMULATED app enrolment,2026-01-10
LK-L02855,LK-C02855,98,True,SIMULATED app enrolment,2026-01-10
LK-L02856,LK-C02856,135,False,SIMULATED app enrolment,2026-01-10
LK-L02857,LK-C02857,172,True,SIMULATED app enrolment,2026-01-10
LK-L02858,LK-C02858,209,True,SIMULATED app enrolment,2026-01-10
LK-L02859,LK-C02859,246,True,SIMULATED app enrolment,2026-01-10
LK-L02860,LK-C02860,283,True,SIMULATED app enrolment,2026-01-10
LK-L02861,LK-C02861,320,False,SIMULATED app enrolment,2026-01-10
LK-L02862,LK-C02862,357,True,SIMULATED app enrolment,2026-01-10
LK-L02863,LK-C02863,394,True,SIMULATED app enrolment,2026-01-10
LK-L02864,LK-C02864,431,True,SIMULATED app enrolment,2026-01-10
LK-L02865,LK-C02865,468,True,SIMULATED app enrolment,2026-01-10
LK-L02866,LK-C02866,5,False,SIMULATED app enrolment,2026-01-10
LK-L02867,LK-C02867,42,True,SIMULATED app enrolment,2026-01-10
LK-L02868,LK-C02868,79,True,SIMULATED app enrolment,2026-01-10
LK-L02869,LK-C02869,116,True,SIMULATED app enrolment,2026-01-10
LK-L02870,LK-C02870,153,True,SIMULATED app enrolment,2026-01-10
LK-L02871,LK-C02871,190,False,SIMULATED app enrolment,2026-01-10
LK-L02872,LK-C02872,227,True,SIMULATED app enrolment,2026-01-10
LK-L02873,LK-C02873,264,True,SIMULATED app enrolment,2026-01-10
LK-L02874,LK-C02874,301,True,SIMULATED app enrolment,2026-01-10
LK-L02875,LK-C02875,338,True,SIMULATED app enrolment,2026-01-10
LK-L02876,LK-C02876,375,False,SIMULATED app enrolment,2026-01-10
LK-L02877,LK-C02877,412,True,SIMULATED app enrolment,2026-01-10
LK-L02878,LK-C02878,449,True,SIMULATED app enrolment,2026-01-10
LK-L02879,LK-C02879,486,True,SIMULATED app enrolment,2026-01-10
LK-L02880,LK-C02880,23,True,SIMULATED app enrolment,2026-01-10
LK-L02881,LK-C02881,60,False,SIMULATED app enrolment,2026-01-10
LK-L02882,LK-C02882,97,True,SIMULATED app enrolment,2026-01-10
LK-L02883,LK-C02883,134,True,SIMULATED app enrolment,2026-01-10
LK-L02884,LK-C02884,171,True,SIMULATED app enrolment,2026-01-10
LK-L02885,LK-C02885,208,True,SIMULATED app enrolment,2026-01-10
LK-L02886,LK-C02886,245,False,SIMULATED app enrolment,2026-01-10
LK-L02887,LK-C02887,282,True,SIMULATED app enrolment,2026-01-10
LK-L02888,LK-C02888,319,True,SIMULATED app enrolment,2026-01-10
LK-L02889,LK-C02889,356,True,SIMULATED app enrolment,2026-01-10
LK-L02890,LK-C02890,393,True,SIMULATED app enrolment,2026-01-10
LK-L02891,LK-C02891,430,False,SIMULATED app enrolment,2026-01-10
LK-L02892,LK-C02892,467,True,SIMULATED app enrolment,2026-01-10
LK-L02893,LK-C02893,4,True,SIMULATED app enrolment,2026-01-10
LK-L02894,LK-C02894,41,True,SIMULATED app enrolment,2026-01-10
LK-L02895,LK-C02895,78,True,SIMULATED app enrolment,2026-01-10
LK-L02896,LK-C02896,115,False,SIMULATED app enrolment,2026-01-10
LK-L02897,LK-C02897,152,True,SIMULATED app enrolment,2026-01-10
LK-L02898,LK-C02898,189,True,SIMULATED app enrolment,2026-01-10
LK-L02899,LK-C02899,226,True,SIMULATED app enrolment,2026-01-10
LK-L02900,LK-C02900,263,True,SIMULATED app enrolment,2026-01-10
LK-L02901,LK-C02901,300,False,SIMULATED app enrolment,2026-01-10
LK-L02902,LK-C02902,337,True,SIMULATED app enrolment,2026-01-10
LK-L02903,LK-C02903,374,True,SIMULATED app enrolment,2026-01-10
LK-L02904,LK-C02904,411,True,SIMULATED app enrolment,2026-01-10
LK-L02905,LK-C02905,448,True,SIMULATED app enrolment,2026-01-10
LK-L02906,LK-C02906,485,False,SIMULATED app enrolment,2026-01-10
LK-L02907,LK-C02907,22,True,SIMULATED app enrolment,2026-01-10
LK-L02908,LK-C02908,59,True,SIMULATED app enrolment,2026-01-10
LK-L02909,LK-C02909,96,True,SIMULATED app enrolment,2026-01-10
LK-L02910,LK-C02910,133,True,SIMULATED app enrolment,2026-01-10
LK-L02911,LK-C02911,170,False,SIMULATED app enrolment,2026-01-10
LK-L02912,LK-C02912,207,True,SIMULATED app enrolment,2026-01-10
LK-L02913,LK-C02913,244,True,SIMULATED app enrolment,2026-01-10
LK-L02914,LK-C02914,281,True,SIMULATED app enrolment,2026-01-10
LK-L02915,LK-C02915,318,True,SIMULATED app enrolment,2026-01-10
LK-L02916,LK-C02916,355,False,SIMULATED app enrolment,2026-01-10
LK-L02917,LK-C02917,392,True,SIMULATED app enrolment,2026-01-10
LK-L02918,LK-C02918,429,True,SIMULATED app enrolment,2026-01-10
LK-L02919,LK-C02919,466,True,SIMULATED app enrolment,2026-01-10
LK-L02920,LK-C02920,3,True,SIMULATED app enrolment,2026-01-10
LK-L02921,LK-C02921,40,False,SIMULATED app enrolment,2026-01-10
LK-L02922,LK-C02922,77,True,SIMULATED app enrolment,2026-01-10
LK-L02923,LK-C02923,114,True,SIMULATED app enrolment,2026-01-10
LK-L02924,LK-C02924,151,True,SIMULATED app enrolment,2026-01-10
LK-L02925,LK-C02925,188,True,SIMULATED app enrolment,2026-01-10
LK-L02926,LK-C02926,225,False,SIMULATED app enrolment,2026-01-10
LK-L02927,LK-C02927,262,True,SIMULATED app enrolment,2026-01-10
LK-L02928,LK-C02928,299,True,SIMULATED app enrolment,2026-01-10
LK-L02929,LK-C02929,336,True,SIMULATED app enrolment,2026-01-10
LK-L02930,LK-C02930,373,True,SIMULATED app enrolment,2026-01-10
LK-L02931,LK-C02931,410,False,SIMULATED app enrolment,2026-01-10
LK-L02932,LK-C02932,447,True,SIMULATED app enrolment,2026-01-10
LK-L02933,LK-C02933,484,True,SIMULATED app enrolment,2026-01-10
LK-L02934,LK-C02934,21,True,SIMULATED app enrolment,2026-01-10
LK-L02935,LK-C02935,58,True,SIMULATED app enrolment,2026-01-10
LK-L02936,LK-C02936,95,False,SIMULATED app enrolment,2026-01-10
LK-L02937,LK-C02937,132,True,SIMULATED app enrolment,2026-01-10
LK-L02938,LK-C02938,169,True,SIMULATED app enrolment,2026-01-10
LK-L02939,LK-C02939,206,True,SIMULATED app enrolment,2026-01-10
LK-L02940,LK-C02940,243,True,SIMULATED app enrolment,2026-01-10
LK-L02941,LK-C02941,280,False,SIMULATED app enrolment,2026-01-10
LK-L02942,LK-C02942,317,True,SIMULATED app enrolment,2026-01-10
LK-L02943,LK-C02943,354,True,SIMULATED app enrolment,2026-01-10
LK-L02944,LK-C02944,391,True,SIMULATED app enrolment,2026-01-10
LK-L02945,LK-C02945,428,True,SIMULATED app enrolment,2026-01-10
LK-L02946,LK-C02946,465,False,SIMULATED app enrolment,2026-01-10
LK-L02947,LK-C02947,2,True,SIMULATED app enrolment,2026-01-10
LK-L02948,LK-C02948,39,True,SIMULATED app enrolment,2026-01-10
LK-L02949,LK-C02949,76,True,SIMULATED app enrolment,2026-01-10
LK-L02950,LK-C02950,113,True,SIMULATED app enrolment,2026-01-10
LK-L02951,LK-C02951,150,False,SIMULATED app enrolment,2026-01-10
LK-L02952,LK-C02952,187,True,SIMULATED app enrolment,2026-01-10
LK-L02953,LK-C02953,224,True,SIMULATED app enrolment,2026-01-10
LK-L02954,LK-C02954,261,True,SIMULATED app enrolment,2026-01-10
LK-L02955,LK-C02955,298,True,SIMULATED app enrolment,2026-01-10
LK-L02956,LK-C02956,335,False,SIMULATED app enrolment,2026-01-10
LK-L02957,LK-C02957,372,True,SIMULATED app enrolment,2026-01-10
LK-L02958,LK-C02958,409,True,SIMULATED app enrolment,2026-01-10
LK-L02959,LK-C02959,446,True,SIMULATED app enrolment,2026-01-10
LK-L02960,LK-C02960,483,True,SIMULATED app enrolment,2026-01-10
LK-L02961,LK-C02961,20,False,SIMULATED app enrolment,2026-01-10
LK-L02962,LK-C02962,57,True,SIMULATED app enrolment,2026-01-10
LK-L02963,LK-C02963,94,True,SIMULATED app enrolment,2026-01-10
LK-L02964,LK-C02964,131,True,SIMULATED app enrolment,2026-01-10
LK-L02965,LK-C02965,168,True,SIMULATED app enrolment,2026-01-10
LK-L02966,LK-C02966,205,False,SIMULATED app enrolment,2026-01-10
LK-L02967,LK-C02967,242,True,SIMULATED app enrolment,2026-01-10
LK-L02968,LK-C02968,279,True,SIMULATED app enrolment,2026-01-10
LK-L02969,LK-C02969,316,True,SIMULATED app enrolment,2026-01-10
LK-L02970,LK-C02970,353,True,SIMULATED app enrolment,2026-01-10
LK-L02971,LK-C02971,390,False,SIMULATED app enrolment,2026-01-10
LK-L02972,LK-C02972,427,True,SIMULATED app enrolment,2026-01-10
LK-L02973,LK-C02973,464,True,SIMULATED app enrolment,2026-01-10
LK-L02974,LK-C02974,1,True,SIMULATED app enrolment,2026-01-10
LK-L02975,LK-C02975,38,True,SIMULATED app enrolment,2026-01-10
LK-L02976,LK-C02976,75,False,SIMULATED app enrolment,2026-01-10
LK-L02977,LK-C02977,112,True,SIMULATED app enrolment,2026-01-10
LK-L02978,LK-C02978,149,True,SIMULATED app enrolment,2026-01-10
LK-L02979,LK-C02979,186,True,SIMULATED app enrolment,2026-01-10
LK-L02980,LK-C02980,223,True,SIMULATED app enrolment,2026-01-10
LK-L02981,LK-C02981,260,False,SIMULATED app enrolment,2026-01-10
LK-L02982,LK-C02982,297,True,SIMULATED app enrolment,2026-01-10
LK-L02983,LK-C02983,334,True,SIMULATED app enrolment,2026-01-10
LK-L02984,LK-C02984,371,True,SIMULATED app enrolment,2026-01-10
LK-L02985,LK-C02985,408,True,SIMULATED app enrolment,2026-01-10
LK-L02986,LK-C02986,445,False,SIMULATED app enrolment,2026-01-10
LK-L02987,LK-C02987,482,True,SIMULATED app enrolment,2026-01-10
LK-L02988,LK-C02988,19,True,SIMULATED app enrolment,2026-01-10
LK-L02989,LK-C02989,56,True,SIMULATED app enrolment,2026-01-10
LK-L02990,LK-C02990,93,True,SIMULATED app enrolment,2026-01-10
LK-L02991,LK-C02991,130,False,SIMULATED app enrolment,2026-01-10
LK-L02992,LK-C02992,167,True,SIMULATED app enrolment,2026-01-10
LK-L02993,LK-C02993,204,True,SIMULATED app enrolment,2026-01-10
LK-L02994,LK-C02994,241,True,SIMULATED app enrolment,2026-01-10
LK-L02995,LK-C02995,278,True,SIMULATED app enrolment,2026-01-10
LK-L02996,LK-C02996,315,False,SIMULATED app enrolment,2026-01-10
LK-L02997,LK-C02997,352,True,SIMULATED app enrolment,2026-01-10
LK-L02998,LK-C02998,389,True,SIMULATED app enrolment,2026-01-10
LK-L02999,LK-C02999,426,True,SIMULATED app enrolment,2026-01-10
LK-L03000,LK-C03000,463,True,SIMULATED app enrolment,2026-01-10
LK-L03001,LK-C03001,0,False,SIMULATED app enrolment,2026-01-10
LK-L03002,LK-C03002,37,True,SIMULATED app enrolment,2026-01-10
LK-L03003,LK-C03003,74,True,SIMULATED app enrolment,2026-01-10
LK-L03004,LK-C03004,111,True,SIMULATED app enrolment,2026-01-10
LK-L03005,LK-C03005,148,True,SIMULATED app enrolment,2026-01-10
LK-L03006,LK-C03006,185,False,SIMULATED app enrolment,2026-01-10
LK-L03007,LK-C03007,222,True,SIMULATED app enrolment,2026-01-10
LK-L03008,LK-C03008,259,True,SIMULATED app enrolment,2026-01-10
LK-L03009,LK-C03009,296,True,SIMULATED app enrolment,2026-01-10
LK-L03010,LK-C03010,333,True,SIMULATED app enrolment,2026-01-10
LK-L03011,LK-C03011,370,False,SIMULATED app enrolment,2026-01-10
LK-L03012,LK-C03012,407,True,SIMULATED app enrolment,2026-01-10
LK-L03013,LK-C03013,444,True,SIMULATED app enrolment,2026-01-10
LK-L03014,LK-C03014,481,True,SIMULATED app enrolment,2026-01-10
LK-L03015,LK-C03015,18,True,SIMULATED app enrolment,2026-01-10
LK-L03016,LK-C03016,55,False,SIMULATED app enrolment,2026-01-10
LK-L03017,LK-C03017,92,True,SIMULATED app enrolment,2026-01-10
LK-L03018,LK-C03018,129,True,SIMULATED app enrolment,2026-01-10
LK-L03019,LK-C03019,166,True,SIMULATED app enrolment,2026-01-10
LK-L03020,LK-C03020,203,True,SIMULATED app enrolment,2026-01-10
LK-L03021,LK-C03021,240,False,SIMULATED app enrolment,2026-01-10
LK-L03022,LK-C03022,277,True,SIMULATED app enrolment,2026-01-10
LK-L03023,LK-C03023,314,True,SIMULATED app enrolment,2026-01-10
LK-L03024,LK-C03024,351,True,SIMULATED app enrolment,2026-01-10
LK-L03025,LK-C03025,388,True,SIMULATED app enrolment,2026-01-10
LK-L03026,LK-C03026,425,False,SIMULATED app enrolment,2026-01-10
LK-L03027,LK-C03027,462,True,SIMULATED app enrolment,2026-01-10
LK-L03028,LK-C03028,499,True,SIMULATED app enrolment,2026-01-10
LK-L03029,LK-C03029,36,True,SIMULATED app enrolment,2026-01-10
LK-L03030,LK-C03030,73,True,SIMULATED app enrolment,2026-01-10
LK-L03031,LK-C03031,110,False,SIMULATED app enrolment,2026-01-10
LK-L03032,LK-C03032,147,True,SIMULATED app enrolment,2026-01-10
LK-L03033,LK-C03033,184,True,SIMULATED app enrolment,2026-01-10
LK-L03034,LK-C03034,221,True,SIMULATED app enrolment,2026-01-10
LK-L03035,LK-C03035,258,True,SIMULATED app enrolment,2026-01-10
LK-L03036,LK-C03036,295,False,SIMULATED app enrolment,2026-01-10
LK-L03037,LK-C03037,332,True,SIMULATED app enrolment,2026-01-10
LK-L03038,LK-C03038,369,True,SIMULATED app enrolment,2026-01-10
LK-L03039,LK-C03039,406,True,SIMULATED app enrolment,2026-01-10
LK-L03040,LK-C03040,443,True,SIMULATED app enrolment,2026-01-10
LK-L03041,LK-C03041,480,False,SIMULATED app enrolment,2026-01-10
LK-L03042,LK-C03042,17,True,SIMULATED app enrolment,2026-01-10
LK-L03043,LK-C03043,54,True,SIMULATED app enrolment,2026-01-10
LK-L03044,LK-C03044,91,True,SIMULATED app enrolment,2026-01-10
LK-L03045,LK-C03045,128,True,SIMULATED app enrolment,2026-01-10
LK-L03046,LK-C03046,165,False,SIMULATED app enrolment,2026-01-10
LK-L03047,LK-C03047,202,True,SIMULATED app enrolment,2026-01-10
LK-L03048,LK-C03048,239,True,SIMULATED app enrolment,2026-01-10
LK-L03049,LK-C03049,276,True,SIMULATED app enrolment,2026-01-10
LK-L03050,LK-C03050,313,True,SIMULATED app enrolment,2026-01-10
LK-L03051,LK-C03051,350,False,SIMULATED app enrolment,2026-01-10
LK-L03052,LK-C03052,387,True,SIMULATED app enrolment,2026-01-10
LK-L03053,LK-C03053,424,True,SIMULATED app enrolment,2026-01-10
LK-L03054,LK-C03054,461,True,SIMULATED app enrolment,2026-01-10
LK-L03055,LK-C03055,498,True,SIMULATED app enrolment,2026-01-10
LK-L03056,LK-C03056,35,False,SIMULATED app enrolment,2026-01-10
LK-L03057,LK-C03057,72,True,SIMULATED app enrolment,2026-01-10
LK-L03058,LK-C03058,109,True,SIMULATED app enrolment,2026-01-10
LK-L03059,LK-C03059,146,True,SIMULATED app enrolment,2026-01-10
LK-L03060,LK-C03060,183,True,SIMULATED app enrolment,2026-01-10
LK-L03061,LK-C03061,220,False,SIMULATED app enrolment,2026-01-10
LK-L03062,LK-C03062,257,True,SIMULATED app enrolment,2026-01-10
LK-L03063,LK-C03063,294,True,SIMULATED app enrolment,2026-01-10
LK-L03064,LK-C03064,331,True,SIMULATED app enrolment,2026-01-10
LK-L03065,LK-C03065,368,True,SIMULATED app enrolment,2026-01-10
LK-L03066,LK-C03066,405,False,SIMULATED app enrolment,2026-01-10
LK-L03067,LK-C03067,442,True,SIMULATED app enrolment,2026-01-10
LK-L03068,LK-C03068,479,True,SIMULATED app enrolment,2026-01-10
LK-L03069,LK-C03069,16,True,SIMULATED app enrolment,2026-01-10
LK-L03070,LK-C03070,53,True,SIMULATED app enrolment,2026-01-10
LK-L03071,LK-C03071,90,False,SIMULATED app enrolment,2026-01-10
LK-L03072,LK-C03072,127,True,SIMULATED app enrolment,2026-01-10
LK-L03073,LK-C03073,164,True,SIMULATED app enrolment,2026-01-10
LK-L03074,LK-C03074,201,True,SIMULATED app enrolment,2026-01-10
LK-L03075,LK-C03075,238,True,SIMULATED app enrolment,2026-01-10
LK-L03076,LK-C03076,275,False,SIMULATED app enrolment,2026-01-10
LK-L03077,LK-C03077,312,True,SIMULATED app enrolment,2026-01-10
LK-L03078,LK-C03078,349,True,SIMULATED app enrolment,2026-01-10
LK-L03079,LK-C03079,386,True,SIMULATED app enrolment,2026-01-10
LK-L03080,LK-C03080,423,True,SIMULATED app enrolment,2026-01-10
LK-L03081,LK-C03081,460,False,SIMULATED app enrolment,2026-01-10
LK-L03082,LK-C03082,497,True,SIMULATED app enrolment,2026-01-10
LK-L03083,LK-C03083,34,True,SIMULATED app enrolment,2026-01-10
LK-L03084,LK-C03084,71,True,SIMULATED app enrolment,2026-01-10
LK-L03085,LK-C03085,108,True,SIMULATED app enrolment,2026-01-10
LK-L03086,LK-C03086,145,False,SIMULATED app enrolment,2026-01-10
LK-L03087,LK-C03087,182,True,SIMULATED app enrolment,2026-01-10
LK-L03088,LK-C03088,219,True,SIMULATED app enrolment,2026-01-10
LK-L03089,LK-C03089,256,True,SIMULATED app enrolment,2026-01-10
LK-L03090,LK-C03090,293,True,SIMULATED app enrolment,2026-01-10
LK-L03091,LK-C03091,330,False,SIMULATED app enrolment,2026-01-10
LK-L03092,LK-C03092,367,True,SIMULATED app enrolment,2026-01-10
LK-L03093,LK-C03093,404,True,SIMULATED app enrolment,2026-01-10
LK-L03094,LK-C03094,441,True,SIMULATED app enrolment,2026-01-10
LK-L03095,LK-C03095,478,True,SIMULATED app enrolment,2026-01-10
LK-L03096,LK-C03096,15,False,SIMULATED app enrolment,2026-01-10
LK-L03097,LK-C03097,52,True,SIMULATED app enrolment,2026-01-10
LK-L03098,LK-C03098,89,True,SIMULATED app enrolment,2026-01-10
LK-L03099,LK-C03099,126,True,SIMULATED app enrolment,2026-01-10
LK-L03100,LK-C03100,163,True,SIMULATED app enrolment,2026-01-10
LK-L03101,LK-C03101,200,False,SIMULATED app enrolment,2026-01-10
LK-L03102,LK-C03102,237,True,SIMULATED app enrolment,2026-01-10
LK-L03103,LK-C03103,274,True,SIMULATED app enrolment,2026-01-10
LK-L03104,LK-C03104,311,True,SIMULATED app enrolment,2026-01-10
LK-L03105,LK-C03105,348,True,SIMULATED app enrolment,2026-01-10
LK-L03106,LK-C03106,385,False,SIMULATED app enrolment,2026-01-10
LK-L03107,LK-C03107,422,True,SIMULATED app enrolment,2026-01-10
LK-L03108,LK-C03108,459,True,SIMULATED app enrolment,2026-01-10
LK-L03109,LK-C03109,496,True,SIMULATED app enrolment,2026-01-10
LK-L03110,LK-C03110,33,True,SIMULATED app enrolment,2026-01-10
LK-L03111,LK-C03111,70,False,SIMULATED app enrolment,2026-01-10
LK-L03112,LK-C03112,107,True,SIMULATED app enrolment,2026-01-10
LK-L03113,LK-C03113,144,True,SIMULATED app enrolment,2026-01-10
LK-L03114,LK-C03114,181,True,SIMULATED app enrolment,2026-01-10
LK-L03115,LK-C03115,218,True,SIMULATED app enrolment,2026-01-10
LK-L03116,LK-C03116,255,False,SIMULATED app enrolment,2026-01-10
LK-L03117,LK-C03117,292,True,SIMULATED app enrolment,2026-01-10
LK-L03118,LK-C03118,329,True,SIMULATED app enrolment,2026-01-10
LK-L03119,LK-C03119,366,True,SIMULATED app enrolment,2026-01-10
LK-L03120,LK-C03120,403,True,SIMULATED app enrolment,2026-01-10
LK-L03121,LK-C03121,440,False,SIMULATED app enrolment,2026-01-10
LK-L03122,LK-C03122,477,True,SIMULATED app enrolment,2026-01-10
LK-L03123,LK-C03123,14,True,SIMULATED app enrolment,2026-01-10
LK-L03124,LK-C03124,51,True,SIMULATED app enrolment,2026-01-10
LK-L03125,LK-C03125,88,True,SIMULATED app enrolment,2026-01-10
LK-L03126,LK-C03126,125,False,SIMULATED app enrolment,2026-01-10
LK-L03127,LK-C03127,162,True,SIMULATED app enrolment,2026-01-10
LK-L03128,LK-C03128,199,True,SIMULATED app enrolment,2026-01-10
LK-L03129,LK-C03129,236,True,SIMULATED app enrolment,2026-01-10
LK-L03130,LK-C03130,273,True,SIMULATED app enrolment,2026-01-10
LK-L03131,LK-C03131,310,False,SIMULATED app enrolment,2026-01-10
LK-L03132,LK-C03132,347,True,SIMULATED app enrolment,2026-01-10
LK-L03133,LK-C03133,384,True,SIMULATED app enrolment,2026-01-10
LK-L03134,LK-C03134,421,True,SIMULATED app enrolment,2026-01-10
LK-L03135,LK-C03135,458,True,SIMULATED app enrolment,2026-01-10
LK-L03136,LK-C03136,495,False,SIMULATED app enrolment,2026-01-10
LK-L03137,LK-C03137,32,True,SIMULATED app enrolment,2026-01-10
LK-L03138,LK-C03138,69,True,SIMULATED app enrolment,2026-01-10
LK-L03139,LK-C03139,106,True,SIMULATED app enrolment,2026-01-10
LK-L03140,LK-C03140,143,True,SIMULATED app enrolment,2026-01-10
LK-L03141,LK-C03141,180,False,SIMULATED app enrolment,2026-01-10
LK-L03142,LK-C03142,217,True,SIMULATED app enrolment,2026-01-10
LK-L03143,LK-C03143,254,True,SIMULATED app enrolment,2026-01-10
LK-L03144,LK-C03144,291,True,SIMULATED app enrolment,2026-01-10
LK-L03145,LK-C03145,328,True,SIMULATED app enrolment,2026-01-10
LK-L03146,LK-C03146,365,False,SIMULATED app enrolment,2026-01-10
LK-L03147,LK-C03147,402,True,SIMULATED app enrolment,2026-01-10
LK-L03148,LK-C03148,439,True,SIMULATED app enrolment,2026-01-10
LK-L03149,LK-C03149,476,True,SIMULATED app enrolment,2026-01-10
LK-L03150,LK-C03150,13,True,SIMULATED app enrolment,2026-01-10
LK-L03151,LK-C03151,50,False,SIMULATED app enrolment,2026-01-10
LK-L03152,LK-C03152,87,True,SIMULATED app enrolment,2026-01-10
LK-L03153,LK-C03153,124,True,SIMULATED app enrolment,2026-01-10
LK-L03154,LK-C03154,161,True,SIMULATED app enrolment,2026-01-10
LK-L03155,LK-C03155,198,True,SIMULATED app enrolment,2026-01-10
LK-L03156,LK-C03156,235,False,SIMULATED app enrolment,2026-01-10
LK-L03157,LK-C03157,272,True,SIMULATED app enrolment,2026-01-10
LK-L03158,LK-C03158,309,True,SIMULATED app enrolment,2026-01-10
LK-L03159,LK-C03159,346,True,SIMULATED app enrolment,2026-01-10
LK-L03160,LK-C03160,383,True,SIMULATED app enrolment,2026-01-10
LK-L03161,LK-C03161,420,False,SIMULATED app enrolment,2026-01-10
LK-L03162,LK-C03162,457,True,SIMULATED app enrolment,2026-01-10
LK-L03163,LK-C03163,494,True,SIMULATED app enrolment,2026-01-10
LK-L03164,LK-C03164,31,True,SIMULATED app enrolment,2026-01-10
LK-L03165,LK-C03165,68,True,SIMULATED app enrolment,2026-01-10
LK-L03166,LK-C03166,105,False,SIMULATED app enrolment,2026-01-10
LK-L03167,LK-C03167,142,True,SIMULATED app enrolment,2026-01-10
LK-L03168,LK-C03168,179,True,SIMULATED app enrolment,2026-01-10
LK-L03169,LK-C03169,216,True,SIMULATED app enrolment,2026-01-10
LK-L03170,LK-C03170,253,True,SIMULATED app enrolment,2026-01-10
LK-L03171,LK-C03171,290,False,SIMULATED app enrolment,2026-01-10
LK-L03172,LK-C03172,327,True,SIMULATED app enrolment,2026-01-10
LK-L03173,LK-C03173,364,True,SIMULATED app enrolment,2026-01-10
LK-L03174,LK-C03174,401,True,SIMULATED app enrolment,2026-01-10
LK-L03175,LK-C03175,438,True,SIMULATED app enrolment,2026-01-10
LK-L03176,LK-C03176,475,False,SIMULATED app enrolment,2026-01-10
LK-L03177,LK-C03177,12,True,SIMULATED app enrolment,2026-01-10
LK-L03178,LK-C03178,49,True,SIMULATED app enrolment,2026-01-10
LK-L03179,LK-C03179,86,True,SIMULATED app enrolment,2026-01-10
LK-L03180,LK-C03180,123,True,SIMULATED app enrolment,2026-01-10
LK-L03181,LK-C03181,160,False,SIMULATED app enrolment,2026-01-10
LK-L03182,LK-C03182,197,True,SIMULATED app enrolment,2026-01-10
LK-L03183,LK-C03183,234,True,SIMULATED app enrolment,2026-01-10
LK-L03184,LK-C03184,271,True,SIMULATED app enrolment,2026-01-10
LK-L03185,LK-C03185,308,True,SIMULATED app enrolment,2026-01-10
LK-L03186,LK-C03186,345,False,SIMULATED app enrolment,2026-01-10
LK-L03187,LK-C03187,382,True,SIMULATED app enrolment,2026-01-10
LK-L03188,LK-C03188,419,True,SIMULATED app enrolment,2026-01-10
LK-L03189,LK-C03189,456,True,SIMULATED app enrolment,2026-01-10
LK-L03190,LK-C03190,493,True,SIMULATED app enrolment,2026-01-10
LK-L03191,LK-C03191,30,False,SIMULATED app enrolment,2026-01-10
LK-L03192,LK-C03192,67,True,SIMULATED app enrolment,2026-01-10
LK-L03193,LK-C03193,104,True,SIMULATED app enrolment,2026-01-10
LK-L03194,LK-C03194,141,True,SIMULATED app enrolment,2026-01-10
LK-L03195,LK-C03195,178,True,SIMULATED app enrolment,2026-01-10
LK-L03196,LK-C03196,215,False,SIMULATED app enrolment,2026-01-10
LK-L03197,LK-C03197,252,True,SIMULATED app enrolment,2026-01-10
LK-L03198,LK-C03198,289,True,SIMULATED app enrolment,2026-01-10
LK-L03199,LK-C03199,326,True,SIMULATED app enrolment,2026-01-10
LK-L03200,LK-C03200,363,True,SIMULATED app enrolment,2026-01-10
LK-L03201,LK-C03201,400,False,SIMULATED app enrolment,2026-01-10
LK-L03202,LK-C03202,437,True,SIMULATED app enrolment,2026-01-10
LK-L03203,LK-C03203,474,True,SIMULATED app enrolment,2026-01-10
LK-L03204,LK-C03204,11,True,SIMULATED app enrolment,2026-01-10
LK-L03205,LK-C03205,48,True,SIMULATED app enrolment,2026-01-10
LK-L03206,LK-C03206,85,False,SIMULATED app enrolment,2026-01-10
LK-L03207,LK-C03207,122,True,SIMULATED app enrolment,2026-01-10
LK-L03208,LK-C03208,159,True,SIMULATED app enrolment,2026-01-10
LK-L03209,LK-C03209,196,True,SIMULATED app enrolment,2026-01-10
LK-L03210,LK-C03210,233,True,SIMULATED app enrolment,2026-01-10
LK-L03211,LK-C03211,270,False,SIMULATED app enrolment,2026-01-10
LK-L03212,LK-C03212,307,True,SIMULATED app enrolment,2026-01-10
LK-L03213,LK-C03213,344,True,SIMULATED app enrolment,2026-01-10
LK-L03214,LK-C03214,381,True,SIMULATED app enrolment,2026-01-10
LK-L03215,LK-C03215,418,True,SIMULATED app enrolment,2026-01-10
LK-L03216,LK-C03216,455,False,SIMULATED app enrolment,2026-01-10
LK-L03217,LK-C03217,492,True,SIMULATED app enrolment,2026-01-10
LK-L03218,LK-C03218,29,True,SIMULATED app enrolment,2026-01-10
LK-L03219,LK-C03219,66,True,SIMULATED app enrolment,2026-01-10
LK-L03220,LK-C03220,103,True,SIMULATED app enrolment,2026-01-10
LK-L03221,LK-C03221,140,False,SIMULATED app enrolment,2026-01-10
LK-L03222,LK-C03222,177,True,SIMULATED app enrolment,2026-01-10
LK-L03223,LK-C03223,214,True,SIMULATED app enrolment,2026-01-10
LK-L03224,LK-C03224,251,True,SIMULATED app enrolment,2026-01-10
LK-L03225,LK-C03225,288,True,SIMULATED app enrolment,2026-01-10
LK-L03226,LK-C03226,325,False,SIMULATED app enrolment,2026-01-10
LK-L03227,LK-C03227,362,True,SIMULATED app enrolment,2026-01-10
LK-L03228,LK-C03228,399,True,SIMULATED app enrolment,2026-01-10
LK-L03229,LK-C03229,436,True,SIMULATED app enrolment,2026-01-10
LK-L03230,LK-C03230,473,True,SIMULATED app enrolment,2026-01-10
LK-L03231,LK-C03231,10,False,SIMULATED app enrolment,2026-01-10
LK-L03232,LK-C03232,47,True,SIMULATED app enrolment,2026-01-10
LK-L03233,LK-C03233,84,True,SIMULATED app enrolment,2026-01-10
LK-L03234,LK-C03234,121,True,SIMULATED app enrolment,2026-01-10
LK-L03235,LK-C03235,158,True,SIMULATED app enrolment,2026-01-10
LK-L03236,LK-C03236,195,False,SIMULATED app enrolment,2026-01-10
LK-L03237,LK-C03237,232,True,SIMULATED app enrolment,2026-01-10
LK-L03238,LK-C03238,269,True,SIMULATED app enrolment,2026-01-10
LK-L03239,LK-C03239,306,True,SIMULATED app enrolment,2026-01-10
LK-L03240,LK-C03240,343,True,SIMULATED app enrolment,2026-01-10
LK-L03241,LK-C03241,380,False,SIMULATED app enrolment,2026-01-10
LK-L03242,LK-C03242,417,True,SIMULATED app enrolment,2026-01-10
LK-L03243,LK-C03243,454,True,SIMULATED app enrolment,2026-01-10
LK-L03244,LK-C03244,491,True,SIMULATED app enrolment,2026-01-10
LK-L03245,LK-C03245,28,True,SIMULATED app enrolment,2026-01-10
LK-L03246,LK-C03246,65,False,SIMULATED app enrolment,2026-01-10
LK-L03247,LK-C03247,102,True,SIMULATED app enrolment,2026-01-10
LK-L03248,LK-C03248,139,True,SIMULATED app enrolment,2026-01-10
LK-L03249,LK-C03249,176,True,SIMULATED app enrolment,2026-01-10
LK-L03250,LK-C03250,213,True,SIMULATED app enrolment,2026-01-10
LK-L03251,LK-C03251,250,False,SIMULATED app enrolment,2026-01-10
LK-L03252,LK-C03252,287,True,SIMULATED app enrolment,2026-01-10
LK-L03253,LK-C03253,324,True,SIMULATED app enrolment,2026-01-10
LK-L03254,LK-C03254,361,True,SIMULATED app enrolment,2026-01-10
LK-L03255,LK-C03255,398,True,SIMULATED app enrolment,2026-01-10
LK-L03256,LK-C03256,435,False,SIMULATED app enrolment,2026-01-10
LK-L03257,LK-C03257,472,True,SIMULATED app enrolment,2026-01-10
LK-L03258,LK-C03258,9,True,SIMULATED app enrolment,2026-01-10
LK-L03259,LK-C03259,46,True,SIMULATED app enrolment,2026-01-10
LK-L03260,LK-C03260,83,True,SIMULATED app enrolment,2026-01-10
LK-L03261,LK-C03261,120,False,SIMULATED app enrolment,2026-01-10
LK-L03262,LK-C03262,157,True,SIMULATED app enrolment,2026-01-10
LK-L03263,LK-C03263,194,True,SIMULATED app enrolment,2026-01-10
LK-L03264,LK-C03264,231,True,SIMULATED app enrolment,2026-01-10
LK-L03265,LK-C03265,268,True,SIMULATED app enrolment,2026-01-10
LK-L03266,LK-C03266,305,False,SIMULATED app enrolment,2026-01-10
LK-L03267,LK-C03267,342,True,SIMULATED app enrolment,2026-01-10
LK-L03268,LK-C03268,379,True,SIMULATED app enrolment,2026-01-10
LK-L03269,LK-C03269,416,True,SIMULATED app enrolment,2026-01-10
LK-L03270,LK-C03270,453,True,SIMULATED app enrolment,2026-01-10
LK-L03271,LK-C03271,490,False,SIMULATED app enrolment,2026-01-10
LK-L03272,LK-C03272,27,True,SIMULATED app enrolment,2026-01-10
LK-L03273,LK-C03273,64,True,SIMULATED app enrolment,2026-01-10
LK-L03274,LK-C03274,101,True,SIMULATED app enrolment,2026-01-10
LK-L03275,LK-C03275,138,True,SIMULATED app enrolment,2026-01-10
LK-L03276,LK-C03276,175,False,SIMULATED app enrolment,2026-01-10
LK-L03277,LK-C03277,212,True,SIMULATED app enrolment,2026-01-10
LK-L03278,LK-C03278,249,True,SIMULATED app enrolment,2026-01-10
LK-L03279,LK-C03279,286,True,SIMULATED app enrolment,2026-01-10
LK-L03280,LK-C03280,323,True,SIMULATED app enrolment,2026-01-10
LK-L03281,LK-C03281,360,False,SIMULATED app enrolment,2026-01-10
LK-L03282,LK-C03282,397,True,SIMULATED app enrolment,2026-01-10
LK-L03283,LK-C03283,434,True,SIMULATED app enrolment,2026-01-10
LK-L03284,LK-C03284,471,True,SIMULATED app enrolment,2026-01-10
LK-L03285,LK-C03285,8,True,SIMULATED app enrolment,2026-01-10
LK-L03286,LK-C03286,45,False,SIMULATED app enrolment,2026-01-10
LK-L03287,LK-C03287,82,True,SIMULATED app enrolment,2026-01-10
LK-L03288,LK-C03288,119,True,SIMULATED app enrolment,2026-01-10
LK-L03289,LK-C03289,156,True,SIMULATED app enrolment,2026-01-10
LK-L03290,LK-C03290,193,True,SIMULATED app enrolment,2026-01-10
LK-L03291,LK-C03291,230,False,SIMULATED app enrolment,2026-01-10
LK-L03292,LK-C03292,267,True,SIMULATED app enrolment,2026-01-10
LK-L03293,LK-C03293,304,True,SIMULATED app enrolment,2026-01-10
LK-L03294,LK-C03294,341,True,SIMULATED app enrolment,2026-01-10
LK-L03295,LK-C03295,378,True,SIMULATED app enrolment,2026-01-10
LK-L03296,LK-C03296,415,False,SIMULATED app enrolment,2026-01-10
LK-L03297,LK-C03297,452,True,SIMULATED app enrolment,2026-01-10
LK-L03298,LK-C03298,489,True,SIMULATED app enrolment,2026-01-10
LK-L03299,LK-C03299,26,True,SIMULATED app enrolment,2026-01-10
LK-L03300,LK-C03300,63,True,SIMULATED app enrolment,2026-01-10
LK-L03301,LK-C03301,100,False,SIMULATED app enrolment,2026-01-10
LK-L03302,LK-C03302,137,True,SIMULATED app enrolment,2026-01-10
LK-L03303,LK-C03303,174,True,SIMULATED app enrolment,2026-01-10
LK-L03304,LK-C03304,211,True,SIMULATED app enrolment,2026-01-10
LK-L03305,LK-C03305,248,True,SIMULATED app enrolment,2026-01-10
LK-L03306,LK-C03306,285,False,SIMULATED app enrolment,2026-01-10
LK-L03307,LK-C03307,322,True,SIMULATED app enrolment,2026-01-10
LK-L03308,LK-C03308,359,True,SIMULATED app enrolment,2026-01-10
LK-L03309,LK-C03309,396,True,SIMULATED app enrolment,2026-01-10
LK-L03310,LK-C03310,433,True,SIMULATED app enrolment,2026-01-10
LK-L03311,LK-C03311,470,False,SIMULATED app enrolment,2026-01-10
LK-L03312,LK-C03312,7,True,SIMULATED app enrolment,2026-01-10
LK-L03313,LK-C03313,44,True,SIMULATED app enrolment,2026-01-10
LK-L03314,LK-C03314,81,True,SIMULATED app enrolment,2026-01-10
LK-L03315,LK-C03315,118,True,SIMULATED app enrolment,2026-01-10
LK-L03316,LK-C03316,155,False,SIMULATED app enrolment,2026-01-10
LK-L03317,LK-C03317,192,True,SIMULATED app enrolment,2026-01-10
LK-L03318,LK-C03318,229,True,SIMULATED app enrolment,2026-01-10
LK-L03319,LK-C03319,266,True,SIMULATED app enrolment,2026-01-10
LK-L03320,LK-C03320,303,True,SIMULATED app enrolment,2026-01-10
LK-L03321,LK-C03321,340,False,SIMULATED app enrolment,2026-01-10
LK-L03322,LK-C03322,377,True,SIMULATED app enrolment,2026-01-10
LK-L03323,LK-C03323,414,True,SIMULATED app enrolment,2026-01-10
LK-L03324,LK-C03324,451,True,SIMULATED app enrolment,2026-01-10
LK-L03325,LK-C03325,488,True,SIMULATED app enrolment,2026-01-10
LK-L03326,LK-C03326,25,False,SIMULATED app enrolment,2026-01-10
LK-L03327,LK-C03327,62,True,SIMULATED app enrolment,2026-01-10
LK-L03328,LK-C03328,99,True,SIMULATED app enrolment,2026-01-10
LK-L03329,LK-C03329,136,True,SIMULATED app enrolment,2026-01-10
LK-L03330,LK-C03330,173,True,SIMULATED app enrolment,2026-01-10
LK-L03331,LK-C03331,210,False,SIMULATED app enrolment,2026-01-10
LK-L03332,LK-C03332,247,True,SIMULATED app enrolment,2026-01-10
LK-L03333,LK-C03333,284,True,SIMULATED app enrolment,2026-01-10
LK-L03334,LK-C03334,321,True,SIMULATED app enrolment,2026-01-10
LK-L03335,LK-C03335,358,True,SIMULATED app enrolment,2026-01-10
LK-L03336,LK-C03336,395,False,SIMULATED app enrolment,2026-01-10
LK-L03337,LK-C03337,432,True,SIMULATED app enrolment,2026-01-10
LK-L03338,LK-C03338,469,True,SIMULATED app enrolment,2026-01-10
LK-L03339,LK-C03339,6,True,SIMULATED app enrolment,2026-01-10
LK-L03340,LK-C03340,43,True,SIMULATED app enrolment,2026-01-10
LK-L03341,LK-C03341,80,False,SIMULATED app enrolment,2026-01-10
LK-L03342,LK-C03342,117,True,SIMULATED app enrolment,2026-01-10
LK-L03343,LK-C03343,154,True,SIMULATED app enrolment,2026-01-10
LK-L03344,LK-C03344,191,True,SIMULATED app enrolment,2026-01-10
LK-L03345,LK-C03345,228,True,SIMULATED app enrolment,2026-01-10
LK-L03346,LK-C03346,265,False,SIMULATED app enrolment,2026-01-10
LK-L03347,LK-C03347,302,True,SIMULATED app enrolment,2026-01-10
LK-L03348,LK-C03348,339,True,SIMULATED app enrolment,2026-01-10
LK-L03349,LK-C03349,376,True,SIMULATED app enrolment,2026-01-10
LK-L03350,LK-C03350,413,True,SIMULATED app enrolment,2026-01-10
LK-L03351,LK-C03351,450,False,SIMULATED app enrolment,2026-01-10
LK-L03352,LK-C03352,487,True,SIMULATED app enrolment,2026-01-10
LK-L03353,LK-C03353,24,True,SIMULATED app enrolment,2026-01-10
LK-L03354,LK-C03354,61,True,SIMULATED app enrolment,2026-01-10
LK-L03355,LK-C03355,98,True,SIMULATED app enrolment,2026-01-10
LK-L03356,LK-C03356,135,False,SIMULATED app enrolment,2026-01-10
LK-L03357,LK-C03357,172,True,SIMULATED app enrolment,2026-01-10
LK-L03358,LK-C03358,209,True,SIMULATED app enrolment,2026-01-10
LK-L03359,LK-C03359,246,True,SIMULATED app enrolment,2026-01-10
LK-L03360,LK-C03360,283,True,SIMULATED app enrolment,2026-01-10
LK-L03361,LK-C03361,320,False,SIMULATED app enrolment,2026-01-10
LK-L03362,LK-C03362,357,True,SIMULATED app enrolment,2026-01-10
LK-L03363,LK-C03363,394,True,SIMULATED app enrolment,2026-01-10
LK-L03364,LK-C03364,431,True,SIMULATED app enrolment,2026-01-10
LK-L03365,LK-C03365,468,True,SIMULATED app enrolment,2026-01-10
LK-L03366,LK-C03366,5,False,SIMULATED app enrolment,2026-01-10
LK-L03367,LK-C03367,42,True,SIMULATED app enrolment,2026-01-10
LK-L03368,LK-C03368,79,True,SIMULATED app enrolment,2026-01-10
LK-L03369,LK-C03369,116,True,SIMULATED app enrolment,2026-01-10
LK-L03370,LK-C03370,153,True,SIMULATED app enrolment,2026-01-10
LK-L03371,LK-C03371,190,False,SIMULATED app enrolment,2026-01-10
LK-L03372,LK-C03372,227,True,SIMULATED app enrolment,2026-01-10
LK-L03373,LK-C03373,264,True,SIMULATED app enrolment,2026-01-10
LK-L03374,LK-C03374,301,True,SIMULATED app enrolment,2026-01-10
LK-L03375,LK-C03375,338,True,SIMULATED app enrolment,2026-01-10
LK-L03376,LK-C03376,375,False,SIMULATED app enrolment,2026-01-10
LK-L03377,LK-C03377,412,True,SIMULATED app enrolment,2026-01-10
LK-L03378,LK-C03378,449,True,SIMULATED app enrolment,2026-01-10
LK-L03379,LK-C03379,486,True,SIMULATED app enrolment,2026-01-10
LK-L03380,LK-C03380,23,True,SIMULATED app enrolment,2026-01-10
LK-L03381,LK-C03381,60,False,SIMULATED app enrolment,2026-01-10
LK-L03382,LK-C03382,97,True,SIMULATED app enrolment,2026-01-10
LK-L03383,LK-C03383,134,True,SIMULATED app enrolment,2026-01-10
LK-L03384,LK-C03384,171,True,SIMULATED app enrolment,2026-01-10
LK-L03385,LK-C03385,208,True,SIMULATED app enrolment,2026-01-10
LK-L03386,LK-C03386,245,False,SIMULATED app enrolment,2026-01-10
LK-L03387,LK-C03387,282,True,SIMULATED app enrolment,2026-01-10
LK-L03388,LK-C03388,319,True,SIMULATED app enrolment,2026-01-10
LK-L03389,LK-C03389,356,True,SIMULATED app enrolment,2026-01-10
LK-L03390,LK-C03390,393,True,SIMULATED app enrolment,2026-01-10
LK-L03391,LK-C03391,430,False,SIMULATED app enrolment,2026-01-10
LK-L03392,LK-C03392,467,True,SIMULATED app enrolment,2026-01-10
LK-L03393,LK-C03393,4,True,SIMULATED app enrolment,2026-01-10
LK-L03394,LK-C03394,41,True,SIMULATED app enrolment,2026-01-10
LK-L03395,LK-C03395,78,True,SIMULATED app enrolment,2026-01-10
LK-L03396,LK-C03396,115,False,SIMULATED app enrolment,2026-01-10
LK-L03397,LK-C03397,152,True,SIMULATED app enrolment,2026-01-10
LK-L03398,LK-C03398,189,True,SIMULATED app enrolment,2026-01-10
LK-L03399,LK-C03399,226,True,SIMULATED app enrolment,2026-01-10
LK-L03400,LK-C03400,263,True,SIMULATED app enrolment,2026-01-10
LK-L03401,LK-C03401,300,False,SIMULATED app enrolment,2026-01-10
LK-L03402,LK-C03402,337,True,SIMULATED app enrolment,2026-01-10
LK-L03403,LK-C03403,374,True,SIMULATED app enrolment,2026-01-10
LK-L03404,LK-C03404,411,True,SIMULATED app enrolment,2026-01-10
LK-L03405,LK-C03405,448,True,SIMULATED app enrolment,2026-01-10
LK-L03406,LK-C03406,485,False,SIMULATED app enrolment,2026-01-10
LK-L03407,LK-C03407,22,True,SIMULATED app enrolment,2026-01-10
LK-L03408,LK-C03408,59,True,SIMULATED app enrolment,2026-01-10
LK-L03409,LK-C03409,96,True,SIMULATED app enrolment,2026-01-10
LK-L03410,LK-C03410,133,True,SIMULATED app enrolment,2026-01-10
LK-L03411,LK-C03411,170,False,SIMULATED app enrolment,2026-01-10
LK-L03412,LK-C03412,207,True,SIMULATED app enrolment,2026-01-10
LK-L03413,LK-C03413,244,True,SIMULATED app enrolment,2026-01-10
LK-L03414,LK-C03414,281,True,SIMULATED app enrolment,2026-01-10
LK-L03415,LK-C03415,318,True,SIMULATED app enrolment,2026-01-10
LK-L03416,LK-C03416,355,False,SIMULATED app enrolment,2026-01-10
LK-L03417,LK-C03417,392,True,SIMULATED app enrolment,2026-01-10
LK-L03418,LK-C03418,429,True,SIMULATED app enrolment,2026-01-10
LK-L03419,LK-C03419,466,True,SIMULATED app enrolment,2026-01-10
LK-L03420,LK-C03420,3,True,SIMULATED app enrolment,2026-01-10
LK-L03421,LK-C03421,40,False,SIMULATED app enrolment,2026-01-10
LK-L03422,LK-C03422,77,True,SIMULATED app enrolment,2026-01-10
LK-L03423,LK-C03423,114,True,SIMULATED app enrolment,2026-01-10
LK-L03424,LK-C03424,151,True,SIMULATED app enrolment,2026-01-10
LK-L03425,LK-C03425,188,True,SIMULATED app enrolment,2026-01-10
LK-L03426,LK-C03426,225,False,SIMULATED app enrolment,2026-01-10
LK-L03427,LK-C03427,262,True,SIMULATED app enrolment,2026-01-10
LK-L03428,LK-C03428,299,True,SIMULATED app enrolment,2026-01-10
LK-L03429,LK-C03429,336,True,SIMULATED app enrolment,2026-01-10
LK-L03430,LK-C03430,373,True,SIMULATED app enrolment,2026-01-10
LK-L03431,LK-C03431,410,False,SIMULATED app enrolment,2026-01-10
LK-L03432,LK-C03432,447,True,SIMULATED app enrolment,2026-01-10
LK-L03433,LK-C03433,484,True,SIMULATED app enrolment,2026-01-10
LK-L03434,LK-C03434,21,True,SIMULATED app enrolment,2026-01-10
LK-L03435,LK-C03435,58,True,SIMULATED app enrolment,2026-01-10
LK-L03436,LK-C03436,95,False,SIMULATED app enrolment,2026-01-10
LK-L03437,LK-C03437,132,True,SIMULATED app enrolment,2026-01-10
LK-L03438,LK-C03438,169,True,SIMULATED app enrolment,2026-01-10
LK-L03439,LK-C03439,206,True,SIMULATED app enrolment,2026-01-10
LK-L03440,LK-C03440,243,True,SIMULATED app enrolment,2026-01-10
LK-L03441,LK-C03441,280,False,SIMULATED app enrolment,2026-01-10
LK-L03442,LK-C03442,317,True,SIMULATED app enrolment,2026-01-10
LK-L03443,LK-C03443,354,True,SIMULATED app enrolment,2026-01-10
LK-L03444,LK-C03444,391,True,SIMULATED app enrolment,2026-01-10
LK-L03445,LK-C03445,428,True,SIMULATED app enrolment,2026-01-10
LK-L03446,LK-C03446,465,False,SIMULATED app enrolment,2026-01-10
LK-L03447,LK-C03447,2,True,SIMULATED app enrolment,2026-01-10
LK-L03448,LK-C03448,39,True,SIMULATED app enrolment,2026-01-10
LK-L03449,LK-C03449,76,True,SIMULATED app enrolment,2026-01-10
LK-L03450,LK-C03450,113,True,SIMULATED app enrolment,2026-01-10
LK-L03451,LK-C03451,150,False,SIMULATED app enrolment,2026-01-10
LK-L03452,LK-C03452,187,True,SIMULATED app enrolment,2026-01-10
LK-L03453,LK-C03453,224,True,SIMULATED app enrolment,2026-01-10
LK-L03454,LK-C03454,261,True,SIMULATED app enrolment,2026-01-10
LK-L03455,LK-C03455,298,True,SIMULATED app enrolment,2026-01-10
LK-L03456,LK-C03456,335,False,SIMULATED app enrolment,2026-01-10
LK-L03457,LK-C03457,372,True,SIMULATED app enrolment,2026-01-10
LK-L03458,LK-C03458,409,True,SIMULATED app enrolment,2026-01-10
LK-L03459,LK-C03459,446,True,SIMULATED app enrolment,2026-01-10
LK-L03460,LK-C03460,483,True,SIMULATED app enrolment,2026-01-10
LK-L03461,LK-C03461,20,False,SIMULATED app enrolment,2026-01-10
LK-L03462,LK-C03462,57,True,SIMULATED app enrolment,2026-01-10
LK-L03463,LK-C03463,94,True,SIMULATED app enrolment,2026-01-10
LK-L03464,LK-C03464,131,True,SIMULATED app enrolment,2026-01-10
LK-L03465,LK-C03465,168,True,SIMULATED app enrolment,2026-01-10
LK-L03466,LK-C03466,205,False,SIMULATED app enrolment,2026-01-10
LK-L03467,LK-C03467,242,True,SIMULATED app enrolment,2026-01-10
LK-L03468,LK-C03468,279,True,SIMULATED app enrolment,2026-01-10
LK-L03469,LK-C03469,316,True,SIMULATED app enrolment,2026-01-10
LK-L03470,LK-C03470,353,True,SIMULATED app enrolment,2026-01-10
LK-L03471,LK-C03471,390,False,SIMULATED app enrolment,2026-01-10
LK-L03472,LK-C03472,427,True,SIMULATED app enrolment,2026-01-10
LK-L03473,LK-C03473,464,True,SIMULATED app enrolment,2026-01-10
LK-L03474,LK-C03474,1,True,SIMULATED app enrolment,2026-01-10
LK-L03475,LK-C03475,38,True,SIMULATED app enrolment,2026-01-10
LK-L03476,LK-C03476,75,False,SIMULATED app enrolment,2026-01-10
LK-L03477,LK-C03477,112,True,SIMULATED app enrolment,2026-01-10
LK-L03478,LK-C03478,149,True,SIMULATED app enrolment,2026-01-10
LK-L03479,LK-C03479,186,True,SIMULATED app enrolment,2026-01-10
LK-L03480,LK-C03480,223,True,SIMULATED app enrolment,2026-01-10
LK-L03481,LK-C03481,260,False,SIMULATED app enrolment,2026-01-10
LK-L03482,LK-C03482,297,True,SIMULATED app enrolment,2026-01-10
LK-L03483,LK-C03483,334,True,SIMULATED app enrolment,2026-01-10
LK-L03484,LK-C03484,371,True,SIMULATED app enrolment,2026-01-10
LK-L03485,LK-C03485,408,True,SIMULATED app enrolment,2026-01-10
LK-L03486,LK-C03486,445,False,SIMULATED app enrolment,2026-01-10
LK-L03487,LK-C03487,482,True,SIMULATED app enrolment,2026-01-10
LK-L03488,LK-C03488,19,True,SIMULATED app enrolment,2026-01-10
LK-L03489,LK-C03489,56,True,SIMULATED app enrolment,2026-01-10
LK-L03490,LK-C03490,93,True,SIMULATED app enrolment,2026-01-10
LK-L03491,LK-C03491,130,False,SIMULATED app enrolment,2026-01-10
LK-L03492,LK-C03492,167,True,SIMULATED app enrolment,2026-01-10
LK-L03493,LK-C03493,204,True,SIMULATED app enrolment,2026-01-10
LK-L03494,LK-C03494,241,True,SIMULATED app enrolment,2026-01-10
LK-L03495,LK-C03495,278,True,SIMULATED app enrolment,2026-01-10
LK-L03496,LK-C03496,315,False,SIMULATED app enrolment,2026-01-10
LK-L03497,LK-C03497,352,True,SIMULATED app enrolment,2026-01-10
LK-L03498,LK-C03498,389,True,SIMULATED app enrolment,2026-01-10
LK-L03499,LK-C03499,426,True,SIMULATED app enrolment,2026-01-10
LK-L03500,LK-C03500,463,True,SIMULATED app enrolment,2026-01-10
LK-L03501,LK-C03501,0,False,SIMULATED app enrolment,2026-01-10
LK-L03502,LK-C03502,37,True,SIMULATED app enrolment,2026-01-10
LK-L03503,LK-C03503,74,True,SIMULATED app enrolment,2026-01-10
LK-L03504,LK-C03504,111,True,SIMULATED app enrolment,2026-01-10
LK-L03505,LK-C03505,148,True,SIMULATED app enrolment,2026-01-10
LK-L03506,LK-C03506,185,False,SIMULATED app enrolment,2026-01-10
LK-L03507,LK-C03507,222,True,SIMULATED app enrolment,2026-01-10
LK-L03508,LK-C03508,259,True,SIMULATED app enrolment,2026-01-10
LK-L03509,LK-C03509,296,True,SIMULATED app enrolment,2026-01-10
LK-L03510,LK-C03510,333,True,SIMULATED app enrolment,2026-01-10
LK-L03511,LK-C03511,370,False,SIMULATED app enrolment,2026-01-10
LK-L03512,LK-C03512,407,True,SIMULATED app enrolment,2026-01-10
LK-L03513,LK-C03513,444,True,SIMULATED app enrolment,2026-01-10
LK-L03514,LK-C03514,481,True,SIMULATED app enrolment,2026-01-10
LK-L03515,LK-C03515,18,True,SIMULATED app enrolment,2026-01-10
LK-L03516,LK-C03516,55,False,SIMULATED app enrolment,2026-01-10
LK-L03517,LK-C03517,92,True,SIMULATED app enrolment,2026-01-10
LK-L03518,LK-C03518,129,True,SIMULATED app enrolment,2026-01-10
LK-L03519,LK-C03519,166,True,SIMULATED app enrolment,2026-01-10
LK-L03520,LK-C03520,203,True,SIMULATED app enrolment,2026-01-10
LK-L03521,LK-C03521,240,False,SIMULATED app enrolment,2026-01-10
LK-L03522,LK-C03522,277,True,SIMULATED app enrolment,2026-01-10
LK-L03523,LK-C03523,314,True,SIMULATED app enrolment,2026-01-10
LK-L03524,LK-C03524,351,True,SIMULATED app enrolment,2026-01-10
LK-L03525,LK-C03525,388,True,SIMULATED app enrolment,2026-01-10
LK-L03526,LK-C03526,425,False,SIMULATED app enrolment,2026-01-10
LK-L03527,LK-C03527,462,True,SIMULATED app enrolment,2026-01-10
LK-L03528,LK-C03528,499,True,SIMULATED app enrolment,2026-01-10
LK-L03529,LK-C03529,36,True,SIMULATED app enrolment,2026-01-10
LK-L03530,LK-C03530,73,True,SIMULATED app enrolment,2026-01-10
LK-L03531,LK-C03531,110,False,SIMULATED app enrolment,2026-01-10
LK-L03532,LK-C03532,147,True,SIMULATED app enrolment,2026-01-10
LK-L03533,LK-C03533,184,True,SIMULATED app enrolment,2026-01-10
LK-L03534,LK-C03534,221,True,SIMULATED app enrolment,2026-01-10
LK-L03535,LK-C03535,258,True,SIMULATED app enrolment,2026-01-10
LK-L03536,LK-C03536,295,False,SIMULATED app enrolment,2026-01-10
LK-L03537,LK-C03537,332,True,SIMULATED app enrolment,2026-01-10
LK-L03538,LK-C03538,369,True,SIMULATED app enrolment,2026-01-10
LK-L03539,LK-C03539,406,True,SIMULATED app enrolment,2026-01-10
LK-L03540,LK-C03540,443,True,SIMULATED app enrolment,2026-01-10
LK-L03541,LK-C03541,480,False,SIMULATED app enrolment,2026-01-10
LK-L03542,LK-C03542,17,True,SIMULATED app enrolment,2026-01-10
LK-L03543,LK-C03543,54,True,SIMULATED app enrolment,2026-01-10
LK-L03544,LK-C03544,91,True,SIMULATED app enrolment,2026-01-10
LK-L03545,LK-C03545,128,True,SIMULATED app enrolment,2026-01-10
LK-L03546,LK-C03546,165,False,SIMULATED app enrolment,2026-01-10
LK-L03547,LK-C03547,202,True,SIMULATED app enrolment,2026-01-10
LK-L03548,LK-C03548,239,True,SIMULATED app enrolment,2026-01-10
LK-L03549,LK-C03549,276,True,SIMULATED app enrolment,2026-01-10
LK-L03550,LK-C03550,313,True,SIMULATED app enrolment,2026-01-10
LK-L03551,LK-C03551,350,False,SIMULATED app enrolment,2026-01-10
LK-L03552,LK-C03552,387,True,SIMULATED app enrolment,2026-01-10
LK-L03553,LK-C03553,424,True,SIMULATED app enrolment,2026-01-10
LK-L03554,LK-C03554,461,True,SIMULATED app enrolment,2026-01-10
LK-L03555,LK-C03555,498,True,SIMULATED app enrolment,2026-01-10
LK-L03556,LK-C03556,35,False,SIMULATED app enrolment,2026-01-10
LK-L03557,LK-C03557,72,True,SIMULATED app enrolment,2026-01-10
LK-L03558,LK-C03558,109,True,SIMULATED app enrolment,2026-01-10
LK-L03559,LK-C03559,146,True,SIMULATED app enrolment,2026-01-10
LK-L03560,LK-C03560,183,True,SIMULATED app enrolment,2026-01-10
LK-L03561,LK-C03561,220,False,SIMULATED app enrolment,2026-01-10
LK-L03562,LK-C03562,257,True,SIMULATED app enrolment,2026-01-10
LK-L03563,LK-C03563,294,True,SIMULATED app enrolment,2026-01-10
LK-L03564,LK-C03564,331,True,SIMULATED app enrolment,2026-01-10
LK-L03565,LK-C03565,368,True,SIMULATED app enrolment,2026-01-10
LK-L03566,LK-C03566,405,False,SIMULATED app enrolment,2026-01-10
LK-L03567,LK-C03567,442,True,SIMULATED app enrolment,2026-01-10
LK-L03568,LK-C03568,479,True,SIMULATED app enrolment,2026-01-10
LK-L03569,LK-C03569,16,True,SIMULATED app enrolment,2026-01-10
LK-L03570,LK-C03570,53,True,SIMULATED app enrolment,2026-01-10
LK-L03571,LK-C03571,90,False,SIMULATED app enrolment,2026-01-10
LK-L03572,LK-C03572,127,True,SIMULATED app enrolment,2026-01-10
LK-L03573,LK-C03573,164,True,SIMULATED app enrolment,2026-01-10
LK-L03574,LK-C03574,201,True,SIMULATED app enrolment,2026-01-10
LK-L03575,LK-C03575,238,True,SIMULATED app enrolment,2026-01-10
LK-L03576,LK-C03576,275,False,SIMULATED app enrolment,2026-01-10
LK-L03577,LK-C03577,312,True,SIMULATED app enrolment,2026-01-10
LK-L03578,LK-C03578,349,True,SIMULATED app enrolment,2026-01-10
LK-L03579,LK-C03579,386,True,SIMULATED app enrolment,2026-01-10
LK-L03580,LK-C03580,423,True,SIMULATED app enrolment,2026-01-10
LK-L03581,LK-C03581,460,False,SIMULATED app enrolment,2026-01-10
LK-L03582,LK-C03582,497,True,SIMULATED app enrolment,2026-01-10
LK-L03583,LK-C03583,34,True,SIMULATED app enrolment,2026-01-10
LK-L03584,LK-C03584,71,True,SIMULATED app enrolment,2026-01-10
LK-L03585,LK-C03585,108,True,SIMULATED app enrolment,2026-01-10
LK-L03586,LK-C03586,145,False,SIMULATED app enrolment,2026-01-10
LK-L03587,LK-C03587,182,True,SIMULATED app enrolment,2026-01-10
LK-L03588,LK-C03588,219,True,SIMULATED app enrolment,2026-01-10
LK-L03589,LK-C03589,256,True,SIMULATED app enrolment,2026-01-10
LK-L03590,LK-C03590,293,True,SIMULATED app enrolment,2026-01-10
LK-L03591,LK-C03591,330,False,SIMULATED app enrolment,2026-01-10
LK-L03592,LK-C03592,367,True,SIMULATED app enrolment,2026-01-10
LK-L03593,LK-C03593,404,True,SIMULATED app enrolment,2026-01-10
LK-L03594,LK-C03594,441,True,SIMULATED app enrolment,2026-01-10
LK-L03595,LK-C03595,478,True,SIMULATED app enrolment,2026-01-10
LK-L03596,LK-C03596,15,False,SIMULATED app enrolment,2026-01-10
LK-L03597,LK-C03597,52,True,SIMULATED app enrolment,2026-01-10
LK-L03598,LK-C03598,89,True,SIMULATED app enrolment,2026-01-10
LK-L03599,LK-C03599,126,True,SIMULATED app enrolment,2026-01-10
LK-L03600,LK-C03600,163,True,SIMULATED app enrolment,2026-01-10
LK-L03601,LK-C03601,200,False,SIMULATED app enrolment,2026-01-10
LK-L03602,LK-C03602,237,True,SIMULATED app enrolment,2026-01-10
LK-L03603,LK-C03603,274,True,SIMULATED app enrolment,2026-01-10
LK-L03604,LK-C03604,311,True,SIMULATED app enrolment,2026-01-10
LK-L03605,LK-C03605,348,True,SIMULATED app enrolment,2026-01-10
LK-L03606,LK-C03606,385,False,SIMULATED app enrolment,2026-01-10
LK-L03607,LK-C03607,422,True,SIMULATED app enrolment,2026-01-10
LK-L03608,LK-C03608,459,True,SIMULATED app enrolment,2026-01-10
LK-L03609,LK-C03609,496,True,SIMULATED app enrolment,2026-01-10
LK-L03610,LK-C03610,33,True,SIMULATED app enrolment,2026-01-10
LK-L03611,LK-C03611,70,False,SIMULATED app enrolment,2026-01-10
LK-L03612,LK-C03612,107,True,SIMULATED app enrolment,2026-01-10
LK-L03613,LK-C03613,144,True,SIMULATED app enrolment,2026-01-10
LK-L03614,LK-C03614,181,True,SIMULATED app enrolment,2026-01-10
LK-L03615,LK-C03615,218,True,SIMULATED app enrolment,2026-01-10
LK-L03616,LK-C03616,255,False,SIMULATED app enrolment,2026-01-10
LK-L03617,LK-C03617,292,True,SIMULATED app enrolment,2026-01-10
LK-L03618,LK-C03618,329,True,SIMULATED app enrolment,2026-01-10
LK-L03619,LK-C03619,366,True,SIMULATED app enrolment,2026-01-10
LK-L03620,LK-C03620,403,True,SIMULATED app enrolment,2026-01-10
LK-L03621,LK-C03621,440,False,SIMULATED app enrolment,2026-01-10
LK-L03622,LK-C03622,477,True,SIMULATED app enrolment,2026-01-10
LK-L03623,LK-C03623,14,True,SIMULATED app enrolment,2026-01-10
LK-L03624,LK-C03624,51,True,SIMULATED app enrolment,2026-01-10
LK-L03625,LK-C03625,88,True,SIMULATED app enrolment,2026-01-10
LK-L03626,LK-C03626,125,False,SIMULATED app enrolment,2026-01-10
LK-L03627,LK-C03627,162,True,SIMULATED app enrolment,2026-01-10
LK-L03628,LK-C03628,199,True,SIMULATED app enrolment,2026-01-10
LK-L03629,LK-C03629,236,True,SIMULATED app enrolment,2026-01-10
LK-L03630,LK-C03630,273,True,SIMULATED app enrolment,2026-01-10
LK-L03631,LK-C03631,310,False,SIMULATED app enrolment,2026-01-10
LK-L03632,LK-C03632,347,True,SIMULATED app enrolment,2026-01-10
LK-L03633,LK-C03633,384,True,SIMULATED app enrolment,2026-01-10
LK-L03634,LK-C03634,421,True,SIMULATED app enrolment,2026-01-10
LK-L03635,LK-C03635,458,True,SIMULATED app enrolment,2026-01-10
LK-L03636,LK-C03636,495,False,SIMULATED app enrolment,2026-01-10
LK-L03637,LK-C03637,32,True,SIMULATED app enrolment,2026-01-10
LK-L03638,LK-C03638,69,True,SIMULATED app enrolment,2026-01-10
LK-L03639,LK-C03639,106,True,SIMULATED app enrolment,2026-01-10
LK-L03640,LK-C03640,143,True,SIMULATED app enrolment,2026-01-10
LK-L03641,LK-C03641,180,False,SIMULATED app enrolment,2026-01-10
LK-L03642,LK-C03642,217,True,SIMULATED app enrolment,2026-01-10
LK-L03643,LK-C03643,254,True,SIMULATED app enrolment,2026-01-10
LK-L03644,LK-C03644,291,True,SIMULATED app enrolment,2026-01-10
LK-L03645,LK-C03645,328,True,SIMULATED app enrolment,2026-01-10
LK-L03646,LK-C03646,365,False,SIMULATED app enrolment,2026-01-10
LK-L03647,LK-C03647,402,True,SIMULATED app enrolment,2026-01-10
LK-L03648,LK-C03648,439,True,SIMULATED app enrolment,2026-01-10
LK-L03649,LK-C03649,476,True,SIMULATED app enrolment,2026-01-10
LK-L03650,LK-C03650,13,True,SIMULATED app enrolment,2026-01-10
LK-L03651,LK-C03651,50,False,SIMULATED app enrolment,2026-01-10
LK-L03652,LK-C03652,87,True,SIMULATED app enrolment,2026-01-10
LK-L03653,LK-C03653,124,True,SIMULATED app enrolment,2026-01-10
LK-L03654,LK-C03654,161,True,SIMULATED app enrolment,2026-01-10
LK-L03655,LK-C03655,198,True,SIMULATED app enrolment,2026-01-10
LK-L03656,LK-C03656,235,False,SIMULATED app enrolment,2026-01-10
LK-L03657,LK-C03657,272,True,SIMULATED app enrolment,2026-01-10
LK-L03658,LK-C03658,309,True,SIMULATED app enrolment,2026-01-10
LK-L03659,LK-C03659,346,True,SIMULATED app enrolment,2026-01-10
LK-L03660,LK-C03660,383,True,SIMULATED app enrolment,2026-01-10
LK-L03661,LK-C03661,420,False,SIMULATED app enrolment,2026-01-10
LK-L03662,LK-C03662,457,True,SIMULATED app enrolment,2026-01-10
LK-L03663,LK-C03663,494,True,SIMULATED app enrolment,2026-01-10
LK-L03664,LK-C03664,31,True,SIMULATED app enrolment,2026-01-10
LK-L03665,LK-C03665,68,True,SIMULATED app enrolment,2026-01-10
LK-L03666,LK-C03666,105,False,SIMULATED app enrolment,2026-01-10
LK-L03667,LK-C03667,142,True,SIMULATED app enrolment,2026-01-10
LK-L03668,LK-C03668,179,True,SIMULATED app enrolment,2026-01-10
LK-L03669,LK-C03669,216,True,SIMULATED app enrolment,2026-01-10
LK-L03670,LK-C03670,253,True,SIMULATED app enrolment,2026-01-10
LK-L03671,LK-C03671,290,False,SIMULATED app enrolment,2026-01-10
LK-L03672,LK-C03672,327,True,SIMULATED app enrolment,2026-01-10
LK-L03673,LK-C03673,364,True,SIMULATED app enrolment,2026-01-10
LK-L03674,LK-C03674,401,True,SIMULATED app enrolment,2026-01-10
LK-L03675,LK-C03675,438,True,SIMULATED app enrolment,2026-01-10
LK-L03676,LK-C03676,475,False,SIMULATED app enrolment,2026-01-10
LK-L03677,LK-C03677,12,True,SIMULATED app enrolment,2026-01-10
LK-L03678,LK-C03678,49,True,SIMULATED app enrolment,2026-01-10
LK-L03679,LK-C03679,86,True,SIMULATED app enrolment,2026-01-10
LK-L03680,LK-C03680,123,True,SIMULATED app enrolment,2026-01-10
LK-L03681,LK-C03681,160,False,SIMULATED app enrolment,2026-01-10
LK-L03682,LK-C03682,197,True,SIMULATED app enrolment,2026-01-10
LK-L03683,LK-C03683,234,True,SIMULATED app enrolment,2026-01-10
LK-L03684,LK-C03684,271,True,SIMULATED app enrolment,2026-01-10
LK-L03685,LK-C03685,308,True,SIMULATED app enrolment,2026-01-10
LK-L03686,LK-C03686,345,False,SIMULATED app enrolment,2026-01-10
LK-L03687,LK-C03687,382,True,SIMULATED app enrolment,2026-01-10
LK-L03688,LK-C03688,419,True,SIMULATED app enrolment,2026-01-10
LK-L03689,LK-C03689,456,True,SIMULATED app enrolment,2026-01-10
LK-L03690,LK-C03690,493,True,SIMULATED app enrolment,2026-01-10
LK-L03691,LK-C03691,30,False,SIMULATED app enrolment,2026-01-10
LK-L03692,LK-C03692,67,True,SIMULATED app enrolment,2026-01-10
LK-L03693,LK-C03693,104,True,SIMULATED app enrolment,2026-01-10
LK-L03694,LK-C03694,141,True,SIMULATED app enrolment,2026-01-10
LK-L03695,LK-C03695,178,True,SIMULATED app enrolment,2026-01-10
LK-L03696,LK-C03696,215,False,SIMULATED app enrolment,2026-01-10
LK-L03697,LK-C03697,252,True,SIMULATED app enrolment,2026-01-10
LK-L03698,LK-C03698,289,True,SIMULATED app enrolment,2026-01-10
LK-L03699,LK-C03699,326,True,SIMULATED app enrolment,2026-01-10
LK-L03700,LK-C03700,363,True,SIMULATED app enrolment,2026-01-10
LK-L03701,LK-C03701,400,False,SIMULATED app enrolment,2026-01-10
LK-L03702,LK-C03702,437,True,SIMULATED app enrolment,2026-01-10
LK-L03703,LK-C03703,474,True,SIMULATED app enrolment,2026-01-10
LK-L03704,LK-C03704,11,True,SIMULATED app enrolment,2026-01-10
LK-L03705,LK-C03705,48,True,SIMULATED app enrolment,2026-01-10
LK-L03706,LK-C03706,85,False,SIMULATED app enrolment,2026-01-10
LK-L03707,LK-C03707,122,True,SIMULATED app enrolment,2026-01-10
LK-L03708,LK-C03708,159,True,SIMULATED app enrolment,2026-01-10
LK-L03709,LK-C03709,196,True,SIMULATED app enrolment,2026-01-10
LK-L03710,LK-C03710,233,True,SIMULATED app enrolment,2026-01-10
LK-L03711,LK-C03711,270,False,SIMULATED app enrolment,2026-01-10
LK-L03712,LK-C03712,307,True,SIMULATED app enrolment,2026-01-10
LK-L03713,LK-C03713,344,True,SIMULATED app enrolment,2026-01-10
LK-L03714,LK-C03714,381,True,SIMULATED app enrolment,2026-01-10
LK-L03715,LK-C03715,418,True,SIMULATED app enrolment,2026-01-10
LK-L03716,LK-C03716,455,False,SIMULATED app enrolment,2026-01-10
LK-L03717,LK-C03717,492,True,SIMULATED app enrolment,2026-01-10
LK-L03718,LK-C03718,29,True,SIMULATED app enrolment,2026-01-10
LK-L03719,LK-C03719,66,True,SIMULATED app enrolment,2026-01-10
LK-L03720,LK-C03720,103,True,SIMULATED app enrolment,2026-01-10
LK-L03721,LK-C03721,140,False,SIMULATED app enrolment,2026-01-10
LK-L03722,LK-C03722,177,True,SIMULATED app enrolment,2026-01-10
LK-L03723,LK-C03723,214,True,SIMULATED app enrolment,2026-01-10
LK-L03724,LK-C03724,251,True,SIMULATED app enrolment,2026-01-10
LK-L03725,LK-C03725,288,True,SIMULATED app enrolment,2026-01-10
LK-L03726,LK-C03726,325,False,SIMULATED app enrolment,2026-01-10
LK-L03727,LK-C03727,362,True,SIMULATED app enrolment,2026-01-10
LK-L03728,LK-C03728,399,True,SIMULATED app enrolment,2026-01-10
LK-L03729,LK-C03729,436,True,SIMULATED app enrolment,2026-01-10
LK-L03730,LK-C03730,473,True,SIMULATED app enrolment,2026-01-10
LK-L03731,LK-C03731,10,False,SIMULATED app enrolment,2026-01-10
LK-L03732,LK-C03732,47,True,SIMULATED app enrolment,2026-01-10
LK-L03733,LK-C03733,84,True,SIMULATED app enrolment,2026-01-10
LK-L03734,LK-C03734,121,True,SIMULATED app enrolment,2026-01-10
LK-L03735,LK-C03735,158,True,SIMULATED app enrolment,2026-01-10
LK-L03736,LK-C03736,195,False,SIMULATED app enrolment,2026-01-10
LK-L03737,LK-C03737,232,True,SIMULATED app enrolment,2026-01-10
LK-L03738,LK-C03738,269,True,SIMULATED app enrolment,2026-01-10
LK-L03739,LK-C03739,306,True,SIMULATED app enrolment,2026-01-10
LK-L03740,LK-C03740,343,True,SIMULATED app enrolment,2026-01-10
LK-L03741,LK-C03741,380,False,SIMULATED app enrolment,2026-01-10
LK-L03742,LK-C03742,417,True,SIMULATED app enrolment,2026-01-10
LK-L03743,LK-C03743,454,True,SIMULATED app enrolment,2026-01-10
LK-L03744,LK-C03744,491,True,SIMULATED app enrolment,2026-01-10
LK-L03745,LK-C03745,28,True,SIMULATED app enrolment,2026-01-10
LK-L03746,LK-C03746,65,False,SIMULATED app enrolment,2026-01-10
LK-L03747,LK-C03747,102,True,SIMULATED app enrolment,2026-01-10
LK-L03748,LK-C03748,139,True,SIMULATED app enrolment,2026-01-10
LK-L03749,LK-C03749,176,True,SIMULATED app enrolment,2026-01-10
LK-L03750,LK-C03750,213,True,SIMULATED app enrolment,2026-01-10
LK-L03751,LK-C03751,250,False,SIMULATED app enrolment,2026-01-10
LK-L03752,LK-C03752,287,True,SIMULATED app enrolment,2026-01-10
LK-L03753,LK-C03753,324,True,SIMULATED app enrolment,2026-01-10
LK-L03754,LK-C03754,361,True,SIMULATED app enrolment,2026-01-10
LK-L03755,LK-C03755,398,True,SIMULATED app enrolment,2026-01-10
LK-L03756,LK-C03756,435,False,SIMULATED app enrolment,2026-01-10
LK-L03757,LK-C03757,472,True,SIMULATED app enrolment,2026-01-10
LK-L03758,LK-C03758,9,True,SIMULATED app enrolment,2026-01-10
LK-L03759,LK-C03759,46,True,SIMULATED app enrolment,2026-01-10
LK-L03760,LK-C03760,83,True,SIMULATED app enrolment,2026-01-10
LK-L03761,LK-C03761,120,False,SIMULATED app enrolment,2026-01-10
LK-L03762,LK-C03762,157,True,SIMULATED app enrolment,2026-01-10
LK-L03763,LK-C03763,194,True,SIMULATED app enrolment,2026-01-10
LK-L03764,LK-C03764,231,True,SIMULATED app enrolment,2026-01-10
LK-L03765,LK-C03765,268,True,SIMULATED app enrolment,2026-01-10
LK-L03766,LK-C03766,305,False,SIMULATED app enrolment,2026-01-10
LK-L03767,LK-C03767,342,True,SIMULATED app enrolment,2026-01-10
LK-L03768,LK-C03768,379,True,SIMULATED app enrolment,2026-01-10
LK-L03769,LK-C03769,416,True,SIMULATED app enrolment,2026-01-10
LK-L03770,LK-C03770,453,True,SIMULATED app enrolment,2026-01-10
LK-L03771,LK-C03771,490,False,SIMULATED app enrolment,2026-01-10
LK-L03772,LK-C03772,27,True,SIMULATED app enrolment,2026-01-10
LK-L03773,LK-C03773,64,True,SIMULATED app enrolment,2026-01-10
LK-L03774,LK-C03774,101,True,SIMULATED app enrolment,2026-01-10
LK-L03775,LK-C03775,138,True,SIMULATED app enrolment,2026-01-10
LK-L03776,LK-C03776,175,False,SIMULATED app enrolment,2026-01-10
LK-L03777,LK-C03777,212,True,SIMULATED app enrolment,2026-01-10
LK-L03778,LK-C03778,249,True,SIMULATED app enrolment,2026-01-10
LK-L03779,LK-C03779,286,True,SIMULATED app enrolment,2026-01-10
LK-L03780,LK-C03780,323,True,SIMULATED app enrolment,2026-01-10
LK-L03781,LK-C03781,360,False,SIMULATED app enrolment,2026-01-10
LK-L03782,LK-C03782,397,True,SIMULATED app enrolment,2026-01-10
LK-L03783,LK-C03783,434,True,SIMULATED app enrolment,2026-01-10
LK-L03784,LK-C03784,471,True,SIMULATED app enrolment,2026-01-10
LK-L03785,LK-C03785,8,True,SIMULATED app enrolment,2026-01-10
LK-L03786,LK-C03786,45,False,SIMULATED app enrolment,2026-01-10
LK-L03787,LK-C03787,82,True,SIMULATED app enrolment,2026-01-10
LK-L03788,LK-C03788,119,True,SIMULATED app enrolment,2026-01-10
LK-L03789,LK-C03789,156,True,SIMULATED app enrolment,2026-01-10
LK-L03790,LK-C03790,193,True,SIMULATED app enrolment,2026-01-10
LK-L03791,LK-C03791,230,False,SIMULATED app enrolment,2026-01-10
LK-L03792,LK-C03792,267,True,SIMULATED app enrolment,2026-01-10
LK-L03793,LK-C03793,304,True,SIMULATED app enrolment,2026-01-10
LK-L03794,LK-C03794,341,True,SIMULATED app enrolment,2026-01-10
LK-L03795,LK-C03795,378,True,SIMULATED app enrolment,2026-01-10
LK-L03796,LK-C03796,415,False,SIMULATED app enrolment,2026-01-10
LK-L03797,LK-C03797,452,True,SIMULATED app enrolment,2026-01-10
LK-L03798,LK-C03798,489,True,SIMULATED app enrolment,2026-01-10
LK-L03799,LK-C03799,26,True,SIMULATED app enrolment,2026-01-10
LK-L03800,LK-C03800,63,True,SIMULATED app enrolment,2026-01-10
LK-L03801,LK-C03801,100,False,SIMULATED app enrolment,2026-01-10
LK-L03802,LK-C03802,137,True,SIMULATED app enrolment,2026-01-10
LK-L03803,LK-C03803,174,True,SIMULATED app enrolment,2026-01-10
LK-L03804,LK-C03804,211,True,SIMULATED app enrolment,2026-01-10
LK-L03805,LK-C03805,248,True,SIMULATED app enrolment,2026-01-10
LK-L03806,LK-C03806,285,False,SIMULATED app enrolment,2026-01-10
LK-L03807,LK-C03807,322,True,SIMULATED app enrolment,2026-01-10
LK-L03808,LK-C03808,359,True,SIMULATED app enrolment,2026-01-10
LK-L03809,LK-C03809,396,True,SIMULATED app enrolment,2026-01-10
LK-L03810,LK-C03810,433,True,SIMULATED app enrolment,2026-01-10
LK-L03811,LK-C03811,470,False,SIMULATED app enrolment,2026-01-10
LK-L03812,LK-C03812,7,True,SIMULATED app enrolment,2026-01-10
LK-L03813,LK-C03813,44,True,SIMULATED app enrolment,2026-01-10
LK-L03814,LK-C03814,81,True,SIMULATED app enrolment,2026-01-10
LK-L03815,LK-C03815,118,True,SIMULATED app enrolment,2026-01-10
LK-L03816,LK-C03816,155,False,SIMULATED app enrolment,2026-01-10
LK-L03817,LK-C03817,192,True,SIMULATED app enrolment,2026-01-10
LK-L03818,LK-C03818,229,True,SIMULATED app enrolment,2026-01-10
LK-L03819,LK-C03819,266,True,SIMULATED app enrolment,2026-01-10
LK-L03820,LK-C03820,303,True,SIMULATED app enrolment,2026-01-10
LK-L03821,LK-C03821,340,False,SIMULATED app enrolment,2026-01-10
LK-L03822,LK-C03822,377,True,SIMULATED app enrolment,2026-01-10
LK-L03823,LK-C03823,414,True,SIMULATED app enrolment,2026-01-10
LK-L03824,LK-C03824,451,True,SIMULATED app enrolment,2026-01-10
LK-L03825,LK-C03825,488,True,SIMULATED app enrolment,2026-01-10
LK-L03826,LK-C03826,25,False,SIMULATED app enrolment,2026-01-10
LK-L03827,LK-C03827,62,True,SIMULATED app enrolment,2026-01-10
LK-L03828,LK-C03828,99,True,SIMULATED app enrolment,2026-01-10
LK-L03829,LK-C03829,136,True,SIMULATED app enrolment,2026-01-10
LK-L03830,LK-C03830,173,True,SIMULATED app enrolment,2026-01-10
LK-L03831,LK-C03831,210,False,SIMULATED app enrolment,2026-01-10
LK-L03832,LK-C03832,247,True,SIMULATED app enrolment,2026-01-10
LK-L03833,LK-C03833,284,True,SIMULATED app enrolment,2026-01-10
LK-L03834,LK-C03834,321,True,SIMULATED app enrolment,2026-01-10
LK-L03835,LK-C03835,358,True,SIMULATED app enrolment,2026-01-10
LK-L03836,LK-C03836,395,False,SIMULATED app enrolment,2026-01-10
LK-L03837,LK-C03837,432,True,SIMULATED app enrolment,2026-01-10
LK-L03838,LK-C03838,469,True,SIMULATED app enrolment,2026-01-10
LK-L03839,LK-C03839,6,True,SIMULATED app enrolment,2026-01-10
LK-L03840,LK-C03840,43,True,SIMULATED app enrolment,2026-01-10
LK-L03841,LK-C03841,80,False,SIMULATED app enrolment,2026-01-10
LK-L03842,LK-C03842,117,True,SIMULATED app enrolment,2026-01-10
LK-L03843,LK-C03843,154,True,SIMULATED app enrolment,2026-01-10
LK-L03844,LK-C03844,191,True,SIMULATED app enrolment,2026-01-10
LK-L03845,LK-C03845,228,True,SIMULATED app enrolment,2026-01-10
LK-L03846,LK-C03846,265,False,SIMULATED app enrolment,2026-01-10
LK-L03847,LK-C03847,302,True,SIMULATED app enrolment,2026-01-10
LK-L03848,LK-C03848,339,True,SIMULATED app enrolment,2026-01-10
LK-L03849,LK-C03849,376,True,SIMULATED app enrolment,2026-01-10
LK-L03850,LK-C03850,413,True,SIMULATED app enrolment,2026-01-10
LK-L03851,LK-C03851,450,False,SIMULATED app enrolment,2026-01-10
LK-L03852,LK-C03852,487,True,SIMULATED app enrolment,2026-01-10
LK-L03853,LK-C03853,24,True,SIMULATED app enrolment,2026-01-10
LK-L03854,LK-C03854,61,True,SIMULATED app enrolment,2026-01-10
LK-L03855,LK-C03855,98,True,SIMULATED app enrolment,2026-01-10
LK-L03856,LK-C03856,135,False,SIMULATED app enrolment,2026-01-10
LK-L03857,LK-C03857,172,True,SIMULATED app enrolment,2026-01-10
LK-L03858,LK-C03858,209,True,SIMULATED app enrolment,2026-01-10
LK-L03859,LK-C03859,246,True,SIMULATED app enrolment,2026-01-10
LK-L03860,LK-C03860,283,True,SIMULATED app enrolment,2026-01-10
LK-L03861,LK-C03861,320,False,SIMULATED app enrolment,2026-01-10
LK-L03862,LK-C03862,357,True,SIMULATED app enrolment,2026-01-10
LK-L03863,LK-C03863,394,True,SIMULATED app enrolment,2026-01-10
LK-L03864,LK-C03864,431,True,SIMULATED app enrolment,2026-01-10
LK-L03865,LK-C03865,468,True,SIMULATED app enrolment,2026-01-10
LK-L03866,LK-C03866,5,False,SIMULATED app enrolment,2026-01-10
LK-L03867,LK-C03867,42,True,SIMULATED app enrolment,2026-01-10
LK-L03868,LK-C03868,79,True,SIMULATED app enrolment,2026-01-10
LK-L03869,LK-C03869,116,True,SIMULATED app enrolment,2026-01-10
LK-L03870,LK-C03870,153,True,SIMULATED app enrolment,2026-01-10
LK-L03871,LK-C03871,190,False,SIMULATED app enrolment,2026-01-10
LK-L03872,LK-C03872,227,True,SIMULATED app enrolment,2026-01-10
LK-L03873,LK-C03873,264,True,SIMULATED app enrolment,2026-01-10
LK-L03874,LK-C03874,301,True,SIMULATED app enrolment,2026-01-10
LK-L03875,LK-C03875,338,True,SIMULATED app enrolment,2026-01-10
LK-L03876,LK-C03876,375,False,SIMULATED app enrolment,2026-01-10
LK-L03877,LK-C03877,412,True,SIMULATED app enrolment,2026-01-10
LK-L03878,LK-C03878,449,True,SIMULATED app enrolment,2026-01-10
LK-L03879,LK-C03879,486,True,SIMULATED app enrolment,2026-01-10
LK-L03880,LK-C03880,23,True,SIMULATED app enrolment,2026-01-10
LK-L03881,LK-C03881,60,False,SIMULATED app enrolment,2026-01-10
LK-L03882,LK-C03882,97,True,SIMULATED app enrolment,2026-01-10
LK-L03883,LK-C03883,134,True,SIMULATED app enrolment,2026-01-10
LK-L03884,LK-C03884,171,True,SIMULATED app enrolment,2026-01-10
LK-L03885,LK-C03885,208,True,SIMULATED app enrolment,2026-01-10
LK-L03886,LK-C03886,245,False,SIMULATED app enrolment,2026-01-10
LK-L03887,LK-C03887,282,True,SIMULATED app enrolment,2026-01-10
LK-L03888,LK-C03888,319,True,SIMULATED app enrolment,2026-01-10
LK-L03889,LK-C03889,356,True,SIMULATED app enrolment,2026-01-10
LK-L03890,LK-C03890,393,True,SIMULATED app enrolment,2026-01-10
LK-L03891,LK-C03891,430,False,SIMULATED app enrolment,2026-01-10
LK-L03892,LK-C03892,467,True,SIMULATED app enrolment,2026-01-10
LK-L03893,LK-C03893,4,True,SIMULATED app enrolment,2026-01-10
LK-L03894,LK-C03894,41,True,SIMULATED app enrolment,2026-01-10
LK-L03895,LK-C03895,78,True,SIMULATED app enrolment,2026-01-10
LK-L03896,LK-C03896,115,False,SIMULATED app enrolment,2026-01-10
LK-L03897,LK-C03897,152,True,SIMULATED app enrolment,2026-01-10
LK-L03898,LK-C03898,189,True,SIMULATED app enrolment,2026-01-10
LK-L03899,LK-C03899,226,True,SIMULATED app enrolment,2026-01-10
LK-L03900,LK-C03900,263,True,SIMULATED app enrolment,2026-01-10
LK-L03901,LK-C03901,300,False,SIMULATED app enrolment,2026-01-10
LK-L03902,LK-C03902,337,True,SIMULATED app enrolment,2026-01-10
LK-L03903,LK-C03903,374,True,SIMULATED app enrolment,2026-01-10
LK-L03904,LK-C03904,411,True,SIMULATED app enrolment,2026-01-10
LK-L03905,LK-C03905,448,True,SIMULATED app enrolment,2026-01-10
LK-L03906,LK-C03906,485,False,SIMULATED app enrolment,2026-01-10
LK-L03907,LK-C03907,22,True,SIMULATED app enrolment,2026-01-10
LK-L03908,LK-C03908,59,True,SIMULATED app enrolment,2026-01-10
LK-L03909,LK-C03909,96,True,SIMULATED app enrolment,2026-01-10
LK-L03910,LK-C03910,133,True,SIMULATED app enrolment,2026-01-10
LK-L03911,LK-C03911,170,False,SIMULATED app enrolment,2026-01-10
LK-L03912,LK-C03912,207,True,SIMULATED app enrolment,2026-01-10
LK-L03913,LK-C03913,244,True,SIMULATED app enrolment,2026-01-10
LK-L03914,LK-C03914,281,True,SIMULATED app enrolment,2026-01-10
LK-L03915,LK-C03915,318,True,SIMULATED app enrolment,2026-01-10
LK-L03916,LK-C03916,355,False,SIMULATED app enrolment,2026-01-10
LK-L03917,LK-C03917,392,True,SIMULATED app enrolment,2026-01-10
LK-L03918,LK-C03918,429,True,SIMULATED app enrolment,2026-01-10
LK-L03919,LK-C03919,466,True,SIMULATED app enrolment,2026-01-10
LK-L03920,LK-C03920,3,True,SIMULATED app enrolment,2026-01-10
LK-L03921,LK-C03921,40,False,SIMULATED app enrolment,2026-01-10
LK-L03922,LK-C03922,77,True,SIMULATED app enrolment,2026-01-10
LK-L03923,LK-C03923,114,True,SIMULATED app enrolment,2026-01-10
LK-L03924,LK-C03924,151,True,SIMULATED app enrolment,2026-01-10
LK-L03925,LK-C03925,188,True,SIMULATED app enrolment,2026-01-10
LK-L03926,LK-C03926,225,False,SIMULATED app enrolment,2026-01-10
LK-L03927,LK-C03927,262,True,SIMULATED app enrolment,2026-01-10
LK-L03928,LK-C03928,299,True,SIMULATED app enrolment,2026-01-10
LK-L03929,LK-C03929,336,True,SIMULATED app enrolment,2026-01-10
LK-L03930,LK-C03930,373,True,SIMULATED app enrolment,2026-01-10
LK-L03931,LK-C03931,410,False,SIMULATED app enrolment,2026-01-10
LK-L03932,LK-C03932,447,True,SIMULATED app enrolment,2026-01-10
LK-L03933,LK-C03933,484,True,SIMULATED app enrolment,2026-01-10
LK-L03934,LK-C03934,21,True,SIMULATED app enrolment,2026-01-10
LK-L03935,LK-C03935,58,True,SIMULATED app enrolment,2026-01-10
LK-L03936,LK-C03936,95,False,SIMULATED app enrolment,2026-01-10
LK-L03937,LK-C03937,132,True,SIMULATED app enrolment,2026-01-10
LK-L03938,LK-C03938,169,True,SIMULATED app enrolment,2026-01-10
LK-L03939,LK-C03939,206,True,SIMULATED app enrolment,2026-01-10
LK-L03940,LK-C03940,243,True,SIMULATED app enrolment,2026-01-10
LK-L03941,LK-C03941,280,False,SIMULATED app enrolment,2026-01-10
LK-L03942,LK-C03942,317,True,SIMULATED app enrolment,2026-01-10
LK-L03943,LK-C03943,354,True,SIMULATED app enrolment,2026-01-10
LK-L03944,LK-C03944,391,True,SIMULATED app enrolment,2026-01-10
LK-L03945,LK-C03945,428,True,SIMULATED app enrolment,2026-01-10
LK-L03946,LK-C03946,465,False,SIMULATED app enrolment,2026-01-10
LK-L03947,LK-C03947,2,True,SIMULATED app enrolment,2026-01-10
LK-L03948,LK-C03948,39,True,SIMULATED app enrolment,2026-01-10
LK-L03949,LK-C03949,76,True,SIMULATED app enrolment,2026-01-10
LK-L03950,LK-C03950,113,True,SIMULATED app enrolment,2026-01-10
LK-L03951,LK-C03951,150,False,SIMULATED app enrolment,2026-01-10
LK-L03952,LK-C03952,187,True,SIMULATED app enrolment,2026-01-10
LK-L03953,LK-C03953,224,True,SIMULATED app enrolment,2026-01-10
LK-L03954,LK-C03954,261,True,SIMULATED app enrolment,2026-01-10
LK-L03955,LK-C03955,298,True,SIMULATED app enrolment,2026-01-10
LK-L03956,LK-C03956,335,False,SIMULATED app enrolment,2026-01-10
LK-L03957,LK-C03957,372,True,SIMULATED app enrolment,2026-01-10
LK-L03958,LK-C03958,409,True,SIMULATED app enrolment,2026-01-10
LK-L03959,LK-C03959,446,True,SIMULATED app enrolment,2026-01-10
LK-L03960,LK-C03960,483,True,SIMULATED app enrolment,2026-01-10
LK-L03961,LK-C03961,20,False,SIMULATED app enrolment,2026-01-10
LK-L03962,LK-C03962,57,True,SIMULATED app enrolment,2026-01-10
LK-L03963,LK-C03963,94,True,SIMULATED app enrolment,2026-01-10
LK-L03964,LK-C03964,131,True,SIMULATED app enrolment,2026-01-10
LK-L03965,LK-C03965,168,True,SIMULATED app enrolment,2026-01-10
LK-L03966,LK-C03966,205,False,SIMULATED app enrolment,2026-01-10
LK-L03967,LK-C03967,242,True,SIMULATED app enrolment,2026-01-10
LK-L03968,LK-C03968,279,True,SIMULATED app enrolment,2026-01-10
LK-L03969,LK-C03969,316,True,SIMULATED app enrolment,2026-01-10
LK-L03970,LK-C03970,353,True,SIMULATED app enrolment,2026-01-10
LK-L03971,LK-C03971,390,False,SIMULATED app enrolment,2026-01-10
LK-L03972,LK-C03972,427,True,SIMULATED app enrolment,2026-01-10
LK-L03973,LK-C03973,464,True,SIMULATED app enrolment,2026-01-10
LK-L03974,LK-C03974,1,True,SIMULATED app enrolment,2026-01-10
LK-L03975,LK-C03975,38,True,SIMULATED app enrolment,2026-01-10
LK-L03976,LK-C03976,75,False,SIMULATED app enrolment,2026-01-10
LK-L03977,LK-C03977,112,True,SIMULATED app enrolment,2026-01-10
LK-L03978,LK-C03978,149,True,SIMULATED app enrolment,2026-01-10
LK-L03979,LK-C03979,186,True,SIMULATED app enrolment,2026-01-10
LK-L03980,LK-C03980,223,True,SIMULATED app enrolment,2026-01-10
LK-L03981,LK-C03981,260,False,SIMULATED app enrolment,2026-01-10
LK-L03982,LK-C03982,297,True,SIMULATED app enrolment,2026-01-10
LK-L03983,LK-C03983,334,True,SIMULATED app enrolment,2026-01-10
LK-L03984,LK-C03984,371,True,SIMULATED app enrolment,2026-01-10
LK-L03985,LK-C03985,408,True,SIMULATED app enrolment,2026-01-10
LK-L03986,LK-C03986,445,False,SIMULATED app enrolment,2026-01-10
LK-L03987,LK-C03987,482,True,SIMULATED app enrolment,2026-01-10
LK-L03988,LK-C03988,19,True,SIMULATED app enrolment,2026-01-10
LK-L03989,LK-C03989,56,True,SIMULATED app enrolment,2026-01-10
LK-L03990,LK-C03990,93,True,SIMULATED app enrolment,2026-01-10
LK-L03991,LK-C03991,130,False,SIMULATED app enrolment,2026-01-10
LK-L03992,LK-C03992,167,True,SIMULATED app enrolment,2026-01-10
LK-L03993,LK-C03993,204,True,SIMULATED app enrolment,2026-01-10
LK-L03994,LK-C03994,241,True,SIMULATED app enrolment,2026-01-10
LK-L03995,LK-C03995,278,True,SIMULATED app enrolment,2026-01-10
LK-L03996,LK-C03996,315,False,SIMULATED app enrolment,2026-01-10
LK-L03997,LK-C03997,352,True,SIMULATED app enrolment,2026-01-10
LK-L03998,LK-C03998,389,True,SIMULATED app enrolment,2026-01-10
LK-L03999,LK-C03999,426,True,SIMULATED app enrolment,2026-01-10
LK-L04000,LK-C04000,463,True,SIMULATED app enrolment,2026-01-10
LK-L04001,LK-C04001,0,False,SIMULATED app enrolment,2026-01-10
LK-L04002,LK-C04002,37,True,SIMULATED app enrolment,2026-01-10
LK-L04003,LK-C04003,74,True,SIMULATED app enrolment,2026-01-10
LK-L04004,LK-C04004,111,True,SIMULATED app enrolment,2026-01-10
LK-L04005,LK-C04005,148,True,SIMULATED app enrolment,2026-01-10
LK-L04006,LK-C04006,185,False,SIMULATED app enrolment,2026-01-10
LK-L04007,LK-C04007,222,True,SIMULATED app enrolment,2026-01-10
LK-L04008,LK-C04008,259,True,SIMULATED app enrolment,2026-01-10
LK-L04009,LK-C04009,296,True,SIMULATED app enrolment,2026-01-10
LK-L04010,LK-C04010,333,True,SIMULATED app enrolment,2026-01-10
LK-L04011,LK-C04011,370,False,SIMULATED app enrolment,2026-01-10
LK-L04012,LK-C04012,407,True,SIMULATED app enrolment,2026-01-10
LK-L04013,LK-C04013,444,True,SIMULATED app enrolment,2026-01-10
LK-L04014,LK-C04014,481,True,SIMULATED app enrolment,2026-01-10
LK-L04015,LK-C04015,18,True,SIMULATED app enrolment,2026-01-10
LK-L04016,LK-C04016,55,False,SIMULATED app enrolment,2026-01-10
LK-L04017,LK-C04017,92,True,SIMULATED app enrolment,2026-01-10
LK-L04018,LK-C04018,129,True,SIMULATED app enrolment,2026-01-10
LK-L04019,LK-C04019,166,True,SIMULATED app enrolment,2026-01-10
LK-L04020,LK-C04020,203,True,SIMULATED app enrolment,2026-01-10
LK-L04021,LK-C04021,240,False,SIMULATED app enrolment,2026-01-10
LK-L04022,LK-C04022,277,True,SIMULATED app enrolment,2026-01-10
LK-L04023,LK-C04023,314,True,SIMULATED app enrolment,2026-01-10
LK-L04024,LK-C04024,351,True,SIMULATED app enrolment,2026-01-10
LK-L04025,LK-C04025,388,True,SIMULATED app enrolment,2026-01-10
LK-L04026,LK-C04026,425,False,SIMULATED app enrolment,2026-01-10
LK-L04027,LK-C04027,462,True,SIMULATED app enrolment,2026-01-10
LK-L04028,LK-C04028,499,True,SIMULATED app enrolment,2026-01-10
LK-L04029,LK-C04029,36,True,SIMULATED app enrolment,2026-01-10
LK-L04030,LK-C04030,73,True,SIMULATED app enrolment,2026-01-10
LK-L04031,LK-C04031,110,False,SIMULATED app enrolment,2026-01-10
LK-L04032,LK-C04032,147,True,SIMULATED app enrolment,2026-01-10
LK-L04033,LK-C04033,184,True,SIMULATED app enrolment,2026-01-10
LK-L04034,LK-C04034,221,True,SIMULATED app enrolment,2026-01-10
LK-L04035,LK-C04035,258,True,SIMULATED app enrolment,2026-01-10
LK-L04036,LK-C04036,295,False,SIMULATED app enrolment,2026-01-10
LK-L04037,LK-C04037,332,True,SIMULATED app enrolment,2026-01-10
LK-L04038,LK-C04038,369,True,SIMULATED app enrolment,2026-01-10
LK-L04039,LK-C04039,406,True,SIMULATED app enrolment,2026-01-10
LK-L04040,LK-C04040,443,True,SIMULATED app enrolment,2026-01-10
LK-L04041,LK-C04041,480,False,SIMULATED app enrolment,2026-01-10
LK-L04042,LK-C04042,17,True,SIMULATED app enrolment,2026-01-10
LK-L04043,LK-C04043,54,True,SIMULATED app enrolment,2026-01-10
LK-L04044,LK-C04044,91,True,SIMULATED app enrolment,2026-01-10
LK-L04045,LK-C04045,128,True,SIMULATED app enrolment,2026-01-10
LK-L04046,LK-C04046,165,False,SIMULATED app enrolment,2026-01-10
LK-L04047,LK-C04047,202,True,SIMULATED app enrolment,2026-01-10
LK-L04048,LK-C04048,239,True,SIMULATED app enrolment,2026-01-10
LK-L04049,LK-C04049,276,True,SIMULATED app enrolment,2026-01-10
LK-L04050,LK-C04050,313,True,SIMULATED app enrolment,2026-01-10
LK-L04051,LK-C04051,350,False,SIMULATED app enrolment,2026-01-10
LK-L04052,LK-C04052,387,True,SIMULATED app enrolment,2026-01-10
LK-L04053,LK-C04053,424,True,SIMULATED app enrolment,2026-01-10
LK-L04054,LK-C04054,461,True,SIMULATED app enrolment,2026-01-10
LK-L04055,LK-C04055,498,True,SIMULATED app enrolment,2026-01-10
LK-L04056,LK-C04056,35,False,SIMULATED app enrolment,2026-01-10
LK-L04057,LK-C04057,72,True,SIMULATED app enrolment,2026-01-10
LK-L04058,LK-C04058,109,True,SIMULATED app enrolment,2026-01-10
LK-L04059,LK-C04059,146,True,SIMULATED app enrolment,2026-01-10
LK-L04060,LK-C04060,183,True,SIMULATED app enrolment,2026-01-10
