customer_id,name,phone,email,district,dob,gender,updated_at,verified_at,provenance
LK-C00001,Test Shopper 00001,+256700000031,shopper.lk1@example.invalid,Kampala,1965-01-01,female,2025-12-20,2026-07-28,SIMULATED call-centre confirmation
LK-C00014,Test Shopper 00014,+256700102978,shopper.lk14@example.invalid,Gulu,1978-02-14,female,2026-07-15,2026-07-28,SIMULATED call-centre confirmation
LK-C00027,Test Shopper 00027,+256700205925,shopper.lk27@example.invalid,Jinja,1991-03-27,male,2026-07-15,2026-07-28,SIMULATED call-centre confirmation
LK-C00030,Test Shopper 00030,+256700229682,shopper.lk30@example.invalid,Gulu,1994-06-03,male,2026-07-15,2026-07-28,SIMULATED call-centre confirmation
LK-C00032,Test Shopper 00032,+256700245520,shopper.lk32@example.invalid,Mbarara,1996-08-05,male,2026-07-15,2026-07-28,SIMULATED call-centre confirmation
LK-C00038,Test Shopper 00038,+256700293034,shopper.lk38@example.invalid,Gulu,2002-02-11,not_stated,2026-07-15,2026-07-28,SIMULATED call-centre confirmation
LK-C00040,Test Shopper 00040,+256700308872,shopper.lk40@example.invalid,Mbarara,2004-04-13,male,2026-07-15,2026-07-28,SIMULATED call-centre confirmation
LK-C00042,Test Shopper 00042,+256700324710,shopper.lk42@example.invalid,Kampala,1965-06-15,male,2026-07-15,2026-07-28,SIMULATED call-centre confirmation
LK-C00044,Test Shopper 00044,+256700340548,shopper.lk44@example.invalid,Mbarara,1967-08-17,female,2026-07-15,2026-07-28,SIMULATED call-centre confirmation
LK-C00053,Test Shopper 00053,+256700411819,shopper.lk53@example.invalid,Kampala,1976-05-26,not_stated,2026-07-15,2026-07-28,SIMULATED call-centre confirmation
LK-C00059,Test Shopper 00059,+256700459333,shopper.lk59@example.invalid,Jinja,1982-11-05,female,2026-07-15,2026-07-28,SIMULATED call-centre confirmation
LK-C00063,Test Shopper 00063,+256700491009,shopper.lk63@example.invalid,Jinja,1986-03-09,not_stated,2026-07-15,2026-07-28,SIMULATED call-centre confirmation
LK-C00066,Test Shopper 00066,+256700514766,shopper.lk66@example.invalid,Kampala,1989-06-12,female,2026-07-15,2026-07-28,SIMULATED call-centre confirmation
LK-C00075,Test Shopper 00075,+256700586037,shopper.lk75@example.invalid,Jinja,1998-03-21,male,2026-07-15,2026-07-28,SIMULATED call-centre confirmation
LK-C00079,Test Shopper 00079,+256700617713,shopper.lk79@example.invalid,Jinja,2002-07-25,female,2025-12-20,2026-07-28,SIMULATED call-centre confirmation
LK-C00083,Test Shopper 00083,+256700649389,shopper.lk83@example.invalid,Jinja,1965-11-02,not_stated,2026-07-15,2026-07-28,SIMULATED call-centre confirmation
LK-C00087,Test Shopper 00087,+256700681065,shopper.lk87@example.invalid,Jinja,1969-03-06,male,2026-07-15,2026-07-28,SIMULATED call-centre confirmation
LK-C00088,Test Shopper 00088,+256700688984,shopper.lk88@example.invalid,Mbarara,1970-04-07,not_stated,2026-07-15,2026-07-28,SIMULATED call-centre confirmation
LK-C00092,Test Shopper 00092,+256700720660,shopper.lk92@example.invalid,Mbarara,1974-08-11,male,2026-07-15,2026-07-28,SIMULATED call-centre confirmation
LK-C00094,Test Shopper 00094,+256700736498,shopper.lk94@example.invalid,Gulu,1976-10-13,female,2026-07-15,2026-07-28,SIMULATED call-centre confirmation
LK-C00105,Test Shopper 00105,+256700823607,shopper.lk105@example.invalid,Kampala,1987-09-24,male,2026-07-15,2026-07-28,SIMULATED call-centre confirmation
LK-C00112,Test Shopper 00112,+256700879040,shopper.lk112@example.invalid,Mbarara,1994-04-04,male,2026-07-15,2026-07-28,SIMULATED call-centre confirmation
LK-C00117,Test Shopper 00117,+256700918635,shopper.lk117@example.invalid,Kampala,1999-09-09,male,2026-07-15,2026-07-28,SIMULATED call-centre confirmation
LK-C00118,Test Shopper 00118,+256700926554,shopper.lk118@example.invalid,Gulu,2000-10-10,not_stated,2026-07-15,2026-07-28,SIMULATED call-centre confirmation
LK-C00124,Test Shopper 00124,+256700974068,shopper.lk124@example.invalid,Mbarara,1965-04-16,female,2026-07-15,2026-07-28,SIMULATED call-centre confirmation
LK-C00125,Test Shopper 00125,+256700981987,shopper.lk125@example.invalid,Kampala,1966-05-17,male,2026-07-15,2026-07-28,SIMULATED call-centre confirmation
LK-C00130,Test Shopper 00130,+256701021582,shopper.lk130@example.invalid,Kampala,1971-10-22,male,2026-07-15,2026-07-28,SIMULATED call-centre confirmation
LK-C00131,Test Shopper 00131,+256701029501,shopper.lk131@example.invalid,Jinja,1972-11-23,female,2026-07-15,2026-07-28,SIMULATED call-centre confirmation
LK-C00144,Test Shopper 00144,+256701132448,shopper.lk144@example.invalid,Mbarara,1985-12-09,female,2026-07-15,2026-07-28,SIMULATED call-centre confirmation
LK-C00146,Test Shopper 00146,+256701148286,shopper.lk146@example.invalid,Kampala,1987-02-11,female,2026-07-15,2026-07-28,SIMULATED call-centre confirmation
LK-C00149,Test Shopper 00149,+256701172043,shopper.lk149@example.invalid,Kampala,1990-05-14,female,2026-07-15,2026-07-28,SIMULATED call-centre confirmation
LK-C00156,Test Shopper 00156,+256701227476,shopper.lk156@example.invalid,Mbarara,1997-12-21,female,2026-07-15,2026-07-28,SIMULATED call-centre confirmation
LK-C00157,Test Shopper 00157,+256701235395,shopper.lk157@example.invalid,Kampala,1998-01-22,male,2025-12-20,2026-07-28,SIMULATED call-centre confirmation
LK-C00165,Test Shopper 00165,+256701298747,shopper.lk165@example.invalid,Kampala,1965-09-03,male,2026-07-15,2026-07-28,SIMULATED call-centre confirmation
LK-C00170,Test Shopper 00170,+256701338342,shopper.lk170@example.invalid,Kampala,1970-02-08,male,2026-07-15,2026-07-28,SIMULATED call-centre confirmation
LK-C00173,Test Shopper 00173,+256701362099,shopper.lk173@example.invalid,Kampala,1973-05-11,not_stated,2026-07-15,2026-07-28,SIMULATED call-centre confirmation
LK-C00175,Test Shopper 00175,+256701377937,shopper.lk175@example.invalid,Jinja,1975-07-13,male,2025-12-20,2026-07-28,SIMULATED call-centre confirmation
LK-C00183,Test Shopper 00183,+256701441289,shopper.lk183@example.invalid,Jinja,1983-03-21,not_stated,2026-07-15,2026-07-28,SIMULATED call-centre confirmation
LK-C00186,Test Shopper 00186,+256701465046,shopper.lk186@example.invalid,Kampala,1986-06-24,female,2026-07-15,2026-07-28,SIMULATED call-centre confirmation
LK-C00187,Test Shopper 00187,+256701472965,shopper.lk187@example.invalid,Jinja,1987-07-25,male,2025-12-20,2026-07-28,SIMULATED call-centre confirmation
LK-C00196,Test Shopper 00196,+256701544236,shopper.lk196@example.invalid,Mbarara,1996-04-07,female,2026-07-15,2026-07-28,SIMULATED call-centre confirmation
LK-C00204,Test Shopper 00204,+256701607588,shopper.lk204@example.invalid,Mbarara,2004-12-15,female,2026-07-15,2026-07-28,SIMULATED call-centre confirmation
LK-C00206,Test Shopper 00206,+256701623426,shopper.lk206@example.invalid,Gulu,1965-02-17,female,2026-07-15,2026-07-28,SIMULATED call-centre confirmation
LK-C00209,Test Shopper 00209,+256701647183,shopper.lk209@example.invalid,Kampala,1968-05-20,female,2026-07-15,2026-07-28,SIMULATED call-centre confirmation
LK-C00216,Test Shopper 00216,+256701702616,shopper.lk216@example.invalid,Mbarara,1975-12-27,female,2026-07-15,2026-07-28,SIMULATED call-centre confirmation
LK-C00218,Test Shopper 00218,+256701718454,shopper.lk218@example.invalid,Kampala,1977-02-02,not_stated,2026-07-15,2026-07-28,SIMULATED call-centre confirmation
LK-C00222,Test Shopper 00222,+256701750130,shopper.lk222@example.invalid,Gulu,1981-06-06,male,2026-07-15,2026-07-28,SIMULATED call-centre confirmation
LK-C00223,Test Shopper 00223,+256701758049,shopper.lk223@example.invalid,Jinja,1982-07-07,not_stated,2025-12-20,2026-07-28,SIMULATED call-centre confirmation
LK-C00233,Test Shopper 00233,+256701837239,shopper.lk233@example.invalid,Kampala,1992-05-17,not_stated,2026-07-15,2026-07-28,SIMULATED call-centre confirmation
LK-C00235,Test Shopper 00235,+256701853077,shopper.lk235@example.invalid,Jinja,1994-07-19,male,2025-12-20,2026-07-28,SIMULATED call-centre confirmation
LK-C00247,Test Shopper 00247,+256701948105,shopper.lk247@example.invalid,Jinja,1965-07-04,male,2025-12-20,2026-07-28,SIMULATED call-centre confirmation
LK-C00248,Test Shopper 00248,+256701956024,shopper.lk248@example.invalid,Mbarara,1966-08-05,not_stated,2026-07-15,2026-07-28,SIMULATED call-centre confirmation
LK-C00249,Test Shopper 00249,+256701963943,shopper.lk249@example.invalid,Kampala,1967-09-06,female,2026-07-15,2026-07-28,SIMULATED call-centre confirmation
LK-C00259,Test Shopper 00259,+256702043133,shopper.lk259@example.invalid,Jinja,1977-07-16,female,2025-12-20,2026-07-28,SIMULATED call-centre confirmation
LK-C00260,Test Shopper 00260,+256702051052,shopper.lk260@example.invalid,Mbarara,1978-08-17,male,2026-07-15,2026-07-28,SIMULATED call-centre confirmation
LK-C00261,Test Shopper 00261,+256702058971,shopper.lk261@example.invalid,Kampala,1979-09-18,female,2026-07-15,2026-07-28,SIMULATED call-centre confirmation
LK-C00262,Test Shopper 00262,+256702066890,shopper.lk262@example.invalid,Gulu,1980-10-19,male,2026-07-15,2026-07-28,SIMULATED call-centre confirmation
LK-C00274,Test Shopper 00274,+256702161918,shopper.lk274@example.invalid,Kampala,1992-10-04,female,2026-07-15,2026-07-28,SIMULATED call-centre confirmation
LK-C00280,Test Shopper 00280,+256702209432,shopper.lk280@example.invalid,Mbarara,1998-04-10,male,2026-07-15,2026-07-28,SIMULATED call-centre confirmation
LK-C00287,Test Shopper 00287,+256702264865,shopper.lk287@example.invalid,Jinja,2005-11-17,male,2026-07-15,2026-07-28,SIMULATED call-centre confirmation
LK-C00288,Test Shopper 00288,+256702272784,shopper.lk288@example.invalid,Mbarara,1965-12-18,not_stated,2026-07-15,2026-07-28,SIMULATED call-centre confirmation
LK-C00291,Test Shopper 00291,+256702296541,shopper.lk291@example.invalid,Jinja,1968-03-21,female,2026-07-15,2026-07-28,SIMULATED call-centre confirmation
LK-C00297,Test Shopper 00297,+256702344055,shopper.lk297@example.invalid,Kampala,1974-09-27,male,2026-07-15,2026-07-28,SIMULATED call-centre confirmation
LK-C00300,Test Shopper 00300,+256702367812,shopper.lk300@example.invalid,Mbarara,1977-12-03,male,2026-07-15,2026-07-28,SIMULATED call-centre confirmation
LK-C00302,Test Shopper 00302,+256702383650,shopper.lk302@example.invalid,Gulu,1979-02-05,male,2026-07-15,2026-07-28,SIMULATED call-centre confirmation
LK-C00311,Test Shopper 00311,+256702454921,shopper.lk311@example.invalid,Jinja,1988-11-14,female,2026-07-15,2026-07-28,SIMULATED call-centre confirmation
LK-C00313,Test Shopper 00313,+256702470759,shopper.lk313@example.invalid,Kampala,1990-01-16,not_stated,2025-12-20,2026-07-28,SIMULATED call-centre confirmation
LK-C00320,Test Shopper 00320,+256702526192,shopper.lk320@example.invalid,Mbarara,1997-08-23,male,2026-07-15,2026-07-28,SIMULATED call-centre confirmation
LK-C00326,Test Shopper 00326,+256702573706,shopper.lk326@example.invalid,Gulu,2003-02-02,female,2026-07-15,2026-07-28,SIMULATED call-centre confirmation
LK-C00329,Test Shopper 00329,+256702597463,shopper.lk329@example.invalid,Kampala,1965-05-05,female,2026-07-15,2026-07-28,SIMULATED call-centre confirmation
LK-C00334,Test Shopper 00334,+256702637058,shopper.lk334@example.invalid,Gulu,1970-10-10,female,2026-07-15,2026-07-28,SIMULATED call-centre confirmation
LK-C00339,Test Shopper 00339,+256702676653,shopper.lk339@example.invalid,Jinja,1975-03-15,female,2026-07-15,2026-07-28,SIMULATED call-centre confirmation
LK-C00342,Test Shopper 00342,+256702700410,shopper.lk342@example.invalid,Gulu,1978-06-18,male,2026-07-15,2026-07-28,SIMULATED call-centre confirmation
LK-C00345,Test Shopper 00345,+256702724167,shopper.lk345@example.invalid,Kampala,1981-09-21,male,2026-07-15,2026-07-28,SIMULATED call-centre confirmation
LK-C00349,Test Shopper 00349,+256702755843,shopper.lk349@example.invalid,Kampala,1985-01-25,female,2025-12-20,2026-07-28,SIMULATED call-centre confirmation
LK-C00352,Test Shopper 00352,+256702779600,shopper.lk352@example.invalid,Mbarara,1988-04-01,male,2026-07-15,2026-07-28,SIMULATED call-centre confirmation
LK-C00365,Test Shopper 00365,+256702882547,shopper.lk365@example.invalid,Kampala,2001-05-14,male,2026-07-15,2026-07-28,SIMULATED call-centre confirmation
LK-C00370,Test Shopper 00370,+256702922142,shopper.lk370@example.invalid,Kampala,1965-10-19,male,2026-07-15,2026-07-28,SIMULATED call-centre confirmation
LK-C00371,Test Shopper 00371,+256702930061,shopper.lk371@example.invalid,Jinja,1966-11-20,female,2026-07-15,2026-07-28,SIMULATED call-centre confirmation
LK-C00373,Test Shopper 00373,+256702945899,shopper.lk373@example.invalid,Kampala,1968-01-22,not_stated,2025-12-20,2026-07-28,SIMULATED call-centre confirmation
LK-C00378,Test Shopper 00378,+256702985494,shopper.lk378@example.invalid,Kampala,1973-06-27,not_stated,2026-07-15,2026-07-28,SIMULATED call-centre confirmation
LK-C00388,Test Shopper 00388,+256703064684,shopper.lk388@example.invalid,Mbarara,1983-04-10,not_stated,2026-07-15,2026-07-28,SIMULATED call-centre confirmation
LK-C00391,Test Shopper 00391,+256703088441,shopper.lk391@example.invalid,Jinja,1986-07-13,female,2025-12-20,2026-07-28,SIMULATED call-centre confirmation
LK-C00404,Test Shopper 00404,+256703191388,shopper.lk404@example.invalid,Mbarara,1999-08-26,female,2026-07-15,2026-07-28,SIMULATED call-centre confirmation
LK-C00407,Test Shopper 00407,+256703215145,shopper.lk407@example.invalid,Jinja,2002-11-02,male,2026-07-15,2026-07-28,SIMULATED call-centre confirmation
LK-C00408,Test Shopper 00408,+256703223064,shopper.lk408@example.invalid,Mbarara,2003-12-03,not_stated,2026-07-15,2026-07-28,SIMULATED call-centre confirmation
LK-C00411,Test Shopper 00411,+256703246821,shopper.lk411@example.invalid,Jinja,1965-03-06,female,2026-07-15,2026-07-28,SIMULATED call-centre confirmation
LK-C00417,Test Shopper 00417,+256703294335,shopper.lk417@example.invalid,Kampala,1971-09-12,male,2026-07-15,2026-07-28,SIMULATED call-centre confirmation
LK-C00430,Test Shopper 00430,+256703397282,shopper.lk430@example.invalid,Gulu,1984-10-25,male,2026-07-15,2026-07-28,SIMULATED call-centre confirmation
LK-C00431,Test Shopper 00431,+256703405201,shopper.lk431@example.invalid,Jinja,1985-11-26,female,2026-07-15,2026-07-28,SIMULATED call-centre confirmation
LK-C00435,Test Shopper 00435,+256703436877,shopper.lk435@example.invalid,Jinja,1989-03-03,male,2026-07-15,2026-07-28,SIMULATED call-centre confirmation
LK-C00436,Test Shopper 00436,+256703444796,shopper.lk436@example.invalid,Mbarara,1990-04-04,female,2026-07-15,2026-07-28,SIMULATED call-centre confirmation
LK-C00443,Test Shopper 00443,+256703500229,shopper.lk443@example.invalid,Jinja,1997-11-11,not_stated,2026-07-15,2026-07-28,SIMULATED call-centre confirmation
LK-C00445,Test Shopper 00445,+256703516067,shopper.lk445@example.invalid,Kampala,1999-01-13,male,2025-12-20,2026-07-28,SIMULATED call-centre confirmation
LK-C00452,Test Shopper 00452,+256703571500,shopper.lk452@example.invalid,Mbarara,1965-08-20,male,2026-07-15,2026-07-28,SIMULATED call-centre confirmation
LK-C00456,Test Shopper 00456,+256703603176,shopper.lk456@example.invalid,Mbarara,1969-12-24,female,2026-07-15,2026-07-28,SIMULATED call-centre confirmation
LK-C00465,Test Shopper 00465,+256703674447,shopper.lk465@example.invalid,Kampala,1978-09-06,male,2026-07-15,2026-07-28,SIMULATED call-centre confirmation
LK-C00466,Test Shopper 00466,+256703682366,shopper.lk466@example.invalid,Kampala,1979-10-07,female,2026-07-15,2026-07-28,SIMULATED call-centre confirmation
LK-C00469,Test Shopper 00469,+256703706123,shopper.lk469@example.invalid,Kampala,1982-01-10,female,2025-12-20,2026-07-28,SIMULATED call-centre confirmation
LK-C00474,Test Shopper 00474,+256703745718,shopper.lk474@example.invalid,Kampala,1987-06-15,female,2026-07-15,2026-07-28,SIMULATED call-centre confirmation
LK-C00482,Test Shopper 00482,+256703809070,shopper.lk482@example.invalid,Kampala,1995-02-23,male,2026-07-15,2026-07-28,SIMULATED call-centre confirmation
LK-C00493,Test Shopper 00493,+256703896179,shopper.lk493@example.invalid,Kampala,1965-01-07,not_stated,2025-12-20,2026-07-28,SIMULATED call-centre confirmation
LK-C00494,Test Shopper 00494,+256703904098,shopper.lk494@example.invalid,Gulu,1966-02-08,female,2026-07-15,2026-07-28,SIMULATED call-centre confirmation
LK-C00495,Test Shopper 00495,+256703912017,shopper.lk495@example.invalid,Jinja,1967-03-09,male,2026-07-15,2026-07-28,SIMULATED call-centre confirmation
LK-C00497,Test Shopper 00497,+256703927855,shopper.lk497@example.invalid,Kampala,1969-05-11,male,2026-07-15,2026-07-28,SIMULATED call-centre confirmation
LK-C00508,Test Shopper 00508,+256704014964,shopper.lk508@example.invalid,Mbarara,1980-04-22,not_stated,2026-07-15,2026-07-28,SIMULATED call-centre confirmation
LK-C00517,Test Shopper 00517,+256704086235,shopper.lk517@example.invalid,Kampala,1989-01-04,male,2025-12-20,2026-07-28,SIMULATED call-centre confirmation
LK-C00519,Test Shopper 00519,+256704102073,shopper.lk519@example.invalid,Jinja,1991-03-06,female,2026-07-15,2026-07-28,SIMULATED call-centre confirmation
LK-C00521,Test Shopper 00521,+256704117911,shopper.lk521@example.invalid,Kampala,1993-05-08,female,2026-07-15,2026-07-28,SIMULATED call-centre confirmation
LK-C00523,Test Shopper 00523,+256704133749,shopper.lk523@example.invalid,Jinja,1995-07-10,not_stated,2025-12-20,2026-07-28,SIMULATED call-centre confirmation
LK-C00528,Test Shopper 00528,+256704173344,shopper.lk528@example.invalid,Mbarara,2000-12-15,not_stated,2026-07-15,2026-07-28,SIMULATED call-centre confirmation
LK-C00534,Test Shopper 00534,+256704220858,shopper.lk534@example.invalid,Gulu,1965-06-21,female,2026-07-15,2026-07-28,SIMULATED call-centre confirmation
LK-C00547,Test Shopper 00547,+256704323805,shopper.lk547@example.invalid,Jinja,1978-07-07,male,2025-12-20,2026-07-28,SIMULATED call-centre confirmation
LK-C00552,Test Shopper 00552,+256704363400,shopper.lk552@example.invalid,Mbarara,1983-12-12,male,2026-07-15,2026-07-28,SIMULATED call-centre confirmation
LK-C00556,Test Shopper 00556,+256704395076,shopper.lk556@example.invalid,Mbarara,1987-04-16,female,2026-07-15,2026-07-28,SIMULATED call-centre confirmation
LK-C00559,Test Shopper 00559,+256704418833,shopper.lk559@example.invalid,Jinja,1990-07-19,female,2025-12-20,2026-07-28,SIMULATED call-centre confirmation
LK-C00560,Test Shopper 00560,+256704426752,shopper.lk560@example.invalid,Mbarara,1991-08-20,male,2026-07-15,2026-07-28,SIMULATED call-centre confirmation
LK-C00573,Test Shopper 00573,+256704529699,shopper.lk573@example.invalid,Kampala,2004-09-06,not_stated,2026-07-15,2026-07-28,SIMULATED call-centre confirmation
LK-C00575,Test Shopper 00575,+256704545537,shopper.lk575@example.invalid,Jinja,1965-11-08,male,2026-07-15,2026-07-28,SIMULATED call-centre confirmation
LK-C00581,Test Shopper 00581,+256704593051,shopper.lk581@example.invalid,Kampala,1971-05-14,female,2026-07-15,2026-07-28,SIMULATED call-centre confirmation
LK-C00586,Test Shopper 00586,+256704632646,shopper.lk586@example.invalid,Kampala,1976-10-19,female,2026-07-15,2026-07-28,SIMULATED call-centre confirmation
LK-C00590,Test Shopper 00590,+256704664322,shopper.lk590@example.invalid,Gulu,1980-02-23,male,2026-07-15,2026-07-28,SIMULATED call-centre confirmation
LK-C00593,Test Shopper 00593,+256704688079,shopper.lk593@example.invalid,Kampala,1983-05-26,not_stated,2026-07-15,2026-07-28,SIMULATED call-centre confirmation
LK-C00599,Test Shopper 00599,+256704735593,shopper.lk599@example.invalid,Jinja,1989-11-05,female,2026-07-15,2026-07-28,SIMULATED call-centre confirmation
LK-C00603,Test Shopper 00603,+256704767269,shopper.lk603@example.invalid,Jinja,1993-03-09,not_stated,2026-07-15,2026-07-28,SIMULATED call-centre confirmation
LK-C00610,Test Shopper 00610,+256704822702,shopper.lk610@example.invalid,Kampala,2000-10-16,male,2026-07-15,2026-07-28,SIMULATED call-centre confirmation
LK-C00612,Test Shopper 00612,+256704838540,shopper.lk612@example.invalid,Mbarara,2002-12-18,male,2026-07-15,2026-07-28,SIMULATED call-centre confirmation
LK-C00616,Test Shopper 00616,+256704870216,shopper.lk616@example.invalid,Mbarara,1965-04-22,female,2026-07-15,2026-07-28,SIMULATED call-centre confirmation
LK-C00621,Test Shopper 00621,+256704909811,shopper.lk621@example.invalid,Kampala,1970-09-27,female,2026-07-15,2026-07-28,SIMULATED call-centre confirmation
LK-C00625,Test Shopper 00625,+256704941487,shopper.lk625@example.invalid,Kampala,1974-01-04,male,2025-12-20,2026-07-28,SIMULATED call-centre confirmation
LK-C00630,Test Shopper 00630,+256704981082,shopper.lk630@example.invalid,Gulu,1979-06-09,male,2026-07-15,2026-07-28,SIMULATED call-centre confirmation
LK-C00638,Test Shopper 00638,+256705044434,shopper.lk638@example.invalid,Gulu,1987-02-17,not_stated,2026-07-15,2026-07-28,SIMULATED call-centre confirmation
LK-C00639,Test Shopper 00639,+256705052353,shopper.lk639@example.invalid,Jinja,1988-03-18,female,2026-07-15,2026-07-28,SIMULATED call-centre confirmation
LK-C00646,Test Shopper 00646,+256705107786,shopper.lk646@example.invalid,Gulu,1995-10-25,female,2026-07-15,2026-07-28,SIMULATED call-centre confirmation
LK-C00651,Test Shopper 00651,+256705147381,shopper.lk651@example.invalid,Jinja,2000-03-03,female,2026-07-15,2026-07-28,SIMULATED call-centre confirmation
LK-C00652,Test Shopper 00652,+256705155300,shopper.lk652@example.invalid,Mbarara,2001-04-04,male,2026-07-15,2026-07-28,SIMULATED call-centre confirmation
LK-C00657,Test Shopper 00657,+256705194895,shopper.lk657@example.invalid,Kampala,1965-09-09,male,2026-07-15,2026-07-28,SIMULATED call-centre confirmation
LK-C00664,Test Shopper 00664,+256705250328,shopper.lk664@example.invalid,Mbarara,1972-04-16,female,2026-07-15,2026-07-28,SIMULATED call-centre confirmation
LK-C00667,Test Shopper 00667,+256705274085,shopper.lk667@example.invalid,Jinja,1975-07-19,male,2025-12-20,2026-07-28,SIMULATED call-centre confirmation
LK-C00668,Test Shopper 00668,+256705282004,shopper.lk668@example.invalid,Mbarara,1976-08-20,not_stated,2026-07-15,2026-07-28,SIMULATED call-centre confirmation
LK-C00677,Test Shopper 00677,+256705353275,shopper.lk677@example.invalid,Kampala,1985-05-02,male,2026-07-15,2026-07-28,SIMULATED call-centre confirmation
LK-C00683,Test Shopper 00683,+256705400789,shopper.lk683@example.invalid,Jinja,1991-11-08,not_stated,2026-07-15,2026-07-28,SIMULATED call-centre confirmation
LK-C00689,Test Shopper 00689,+256705448303,shopper.lk689@example.invalid,Kampala,1997-05-14,female,2026-07-15,2026-07-28,SIMULATED call-centre confirmation
LK-C00690,Test Shopper 00690,+256705456222,shopper.lk690@example.invalid,Kampala,1998-06-15,male,2026-07-15,2026-07-28,SIMULATED call-centre confirmation
LK-C00697,Test Shopper 00697,+256705511655,shopper.lk697@example.invalid,Kampala,2005-01-22,male,2025-12-20,2026-07-28,SIMULATED call-centre confirmation
LK-C00698,Test Shopper 00698,+256705519574,shopper.lk698@example.invalid,Kampala,1965-02-23,not_stated,2026-07-15,2026-07-28,SIMULATED call-centre confirmation
LK-C00703,Test Shopper 00703,+256705559169,shopper.lk703@example.invalid,Jinja,1970-07-01,not_stated,2025-12-20,2026-07-28,SIMULATED call-centre confirmation
LK-C00704,Test Shopper 00704,+256705567088,shopper.lk704@example.invalid,Mbarara,1971-08-02,female,2026-07-15,2026-07-28,SIMULATED call-centre confirmation
LK-C00714,Test Shopper 00714,+256705646278,shopper.lk714@example.invalid,Kampala,1981-06-12,female,2026-07-15,2026-07-28,SIMULATED call-centre confirmation
LK-C00716,Test Shopper 00716,+256705662116,shopper.lk716@example.invalid,Mbarara,1983-08-14,female,2026-07-15,2026-07-28,SIMULATED call-centre confirmation
LK-C00726,Test Shopper 00726,+256705741306,shopper.lk726@example.invalid,Gulu,1993-06-24,female,2026-07-15,2026-07-28,SIMULATED call-centre confirmation
LK-C00729,Test Shopper 00729,+256705765063,shopper.lk729@example.invalid,Kampala,1996-09-27,female,2026-07-15,2026-07-28,SIMULATED call-centre confirmation
LK-C00732,Test Shopper 00732,+256705788820,shopper.lk732@example.invalid,Mbarara,1999-12-03,male,2026-07-15,2026-07-28,SIMULATED call-centre confirmation
LK-C00739,Test Shopper 00739,+256705844253,shopper.lk739@example.invalid,Jinja,1965-07-10,female,2025-12-20,2026-07-28,SIMULATED call-centre confirmation
LK-C00741,Test Shopper 00741,+256705860091,shopper.lk741@example.invalid,Kampala,1967-09-12,female,2026-07-15,2026-07-28,SIMULATED call-centre confirmation
LK-C00742,Test Shopper 00742,+256705868010,shopper.lk742@example.invalid,Gulu,1968-10-13,male,2026-07-15,2026-07-28,SIMULATED call-centre confirmation
LK-C00745,Test Shopper 00745,+256705891767,shopper.lk745@example.invalid,Kampala,1971-01-16,male,2025-12-20,2026-07-28,SIMULATED call-centre confirmation
LK-C00755,Test Shopper 00755,+256705970957,shopper.lk755@example.invalid,Jinja,1981-11-26,male,2026-07-15,2026-07-28,SIMULATED call-centre confirmation
LK-C00768,Test Shopper 00768,+256706073904,shopper.lk768@example.invalid,Mbarara,1994-12-12,not_stated,2026-07-15,2026-07-28,SIMULATED call-centre confirmation
LK-C00775,Test Shopper 00775,+256706129337,shopper.lk775@example.invalid,Jinja,2001-07-19,male,2025-12-20,2026-07-28,SIMULATED call-centre confirmation
LK-C00776,Test Shopper 00776,+256706137256,shopper.lk776@example.invalid,Mbarara,2002-08-20,female,2026-07-15,2026-07-28,SIMULATED call-centre confirmation
LK-C00778,Test Shopper 00778,+256706153094,shopper.lk778@example.invalid,Kampala,2004-10-22,not_stated,2026-07-15,2026-07-28,SIMULATED call-centre confirmation
LK-C00780,Test Shopper 00780,+256706168932,shopper.lk780@example.invalid,Mbarara,1965-12-24,male,2026-07-15,2026-07-28,SIMULATED call-centre confirmation
LK-C00781,Test Shopper 00781,+256706176851,shopper.lk781@example.invalid,Kampala,1966-01-25,female,2025-12-20,2026-07-28,SIMULATED call-centre confirmation
LK-C00784,Test Shopper 00784,+256706200608,shopper.lk784@example.invalid,Mbarara,1969-04-01,female,2026-07-15,2026-07-28,SIMULATED call-centre confirmation
LK-C00794,Test Shopper 00794,+256706279798,shopper.lk794@example.invalid,Kampala,1979-02-11,female,2026-07-15,2026-07-28,SIMULATED call-centre confirmation
LK-C00807,Test Shopper 00807,+256706382745,shopper.lk807@example.invalid,Jinja,1992-03-24,male,2026-07-15,2026-07-28,SIMULATED call-centre confirmation
LK-C00813,Test Shopper 00813,+256706430259,shopper.lk813@example.invalid,Kampala,1998-09-03,not_stated,2026-07-15,2026-07-28,SIMULATED call-centre confirmation
LK-C00815,Test Shopper 00815,+256706446097,shopper.lk815@example.invalid,Jinja,2000-11-05,male,2026-07-15,2026-07-28,SIMULATED call-centre confirmation
LK-C00818,Test Shopper 00818,+256706469854,shopper.lk818@example.invalid,Kampala,2003-02-08,not_stated,2026-07-15,2026-07-28,SIMULATED call-centre confirmation
LK-C00820,Test Shopper 00820,+256706485692,shopper.lk820@example.invalid,Mbarara,2005-04-10,male,2026-07-15,2026-07-28,SIMULATED call-centre confirmation
LK-C00821,Test Shopper 00821,+256706493611,shopper.lk821@example.invalid,Kampala,1965-05-11,female,2026-07-15,2026-07-28,SIMULATED call-centre confirmation
LK-C00833,Test Shopper 00833,+256706588639,shopper.lk833@example.invalid,Kampala,1977-05-23,not_stated,2026-07-15,2026-07-28,SIMULATED call-centre confirmation
LK-C00838,Test Shopper 00838,+256706628234,shopper.lk838@example.invalid,Gulu,1982-10-01,not_stated,2026-07-15,2026-07-28,SIMULATED call-centre confirmation
LK-C00842,Test Shopper 00842,+256706659910,shopper.lk842@example.invalid,Kampala,1986-02-05,male,2026-07-15,2026-07-28,SIMULATED call-centre confirmation
LK-C00846,Test Shopper 00846,+256706691586,shopper.lk846@example.invalid,Gulu,1990-06-09,female,2026-07-15,2026-07-28,SIMULATED call-centre confirmation
LK-C00852,Test Shopper 00852,+256706739100,shopper.lk852@example.invalid,Mbarara,1996-12-15,male,2026-07-15,2026-07-28,SIMULATED call-centre confirmation
LK-C00859,Test Shopper 00859,+256706794533,shopper.lk859@example.invalid,Jinja,2003-07-22,female,2025-12-20,2026-07-28,SIMULATED call-centre confirmation
LK-C00861,Test Shopper 00861,+256706810371,shopper.lk861@example.invalid,Kampala,2005-09-24,female,2026-07-15,2026-07-28,SIMULATED call-centre confirmation
LK-C00862,Test Shopper 00862,+256706818290,shopper.lk862@example.invalid,Gulu,1965-10-25,male,2026-07-15,2026-07-28,SIMULATED call-centre confirmation
LK-C00869,Test Shopper 00869,+256706873723,shopper.lk869@example.invalid,Kampala,1972-05-05,female,2026-07-15,2026-07-28,SIMULATED call-centre confirmation
LK-C00871,Test Shopper 00871,+256706889561,shopper.lk871@example.invalid,Jinja,1974-07-07,female,2025-12-20,2026-07-28,SIMULATED call-centre confirmation
LK-C00872,Test Shopper 00872,+256706897480,shopper.lk872@example.invalid,Mbarara,1975-08-08,male,2026-07-15,2026-07-28,SIMULATED call-centre confirmation
LK-C00885,Test Shopper 00885,+256707000427,shopper.lk885@example.invalid,Kampala,1988-09-21,male,2026-07-15,2026-07-28,SIMULATED call-centre confirmation
LK-C00889,Test Shopper 00889,+256707032103,shopper.lk889@example.invalid,Kampala,1992-01-25,female,2025-12-20,2026-07-28,SIMULATED call-centre confirmation
LK-C00898,Test Shopper 00898,+256707103374,shopper.lk898@example.invalid,Kampala,2001-10-07,not_stated,2026-07-15,2026-07-28,SIMULATED call-centre confirmation
LK-C00900,Test Shopper 00900,+256707119212,shopper.lk900@example.invalid,Mbarara,2003-12-09,male,2026-07-15,2026-07-28,SIMULATED call-centre confirmation
LK-C00903,Test Shopper 00903,+256707142969,shopper.lk903@example.invalid,Jinja,1965-03-12,not_stated,2026-07-15,2026-07-28,SIMULATED call-centre confirmation
LK-C00904,Test Shopper 00904,+256707150888,shopper.lk904@example.invalid,Mbarara,1966-04-13,female,2026-07-15,2026-07-28,SIMULATED call-centre confirmation
LK-C00911,Test Shopper 00911,+256707206321,shopper.lk911@example.invalid,Jinja,1973-11-20,female,2026-07-15,2026-07-28,SIMULATED call-centre confirmation
LK-C00924,Test Shopper 00924,+256707309268,shopper.lk924@example.invalid,Mbarara,1986-12-06,female,2026-07-15,2026-07-28,SIMULATED call-centre confirmation
LK-C00926,Test Shopper 00926,+256707325106,shopper.lk926@example.invalid,Gulu,1988-02-08,female,2026-07-15,2026-07-28,SIMULATED call-centre confirmation
LK-C00929,Test Shopper 00929,+256707348863,shopper.lk929@example.invalid,Kampala,1991-05-11,female,2026-07-15,2026-07-28,SIMULATED call-centre confirmation
LK-C00931,Test Shopper 00931,+256707364701,shopper.lk931@example.invalid,Jinja,1993-07-13,female,2025-12-20,2026-07-28,SIMULATED call-centre confirmation
LK-C00937,Test Shopper 00937,+256707412215,shopper.lk937@example.invalid,Kampala,1999-01-19,male,2025-12-20,2026-07-28,SIMULATED call-centre confirmation
LK-C00944,Test Shopper 00944,+256707467648,shopper.lk944@example.invalid,Mbarara,1965-08-26,female,2026-07-15,2026-07-28,SIMULATED call-centre confirmation
LK-C00947,Test Shopper 00947,+256707491405,shopper.lk947@example.invalid,Jinja,1968-11-02,male,2026-07-15,2026-07-28,SIMULATED call-centre confirmation
LK-C00950,Test Shopper 00950,+256707515162,shopper.lk950@example.invalid,Gulu,1971-02-05,male,2026-07-15,2026-07-28,SIMULATED call-centre confirmation
LK-C00958,Test Shopper 00958,+256707578514,shopper.lk958@example.invalid,Gulu,1979-10-13,not_stated,2026-07-15,2026-07-28,SIMULATED call-centre confirmation
LK-C00962,Test Shopper 00962,+256707610190,shopper.lk962@example.invalid,Kampala,1983-02-17,male,2026-07-15,2026-07-28,SIMULATED call-centre confirmation
LK-C00963,Test Shopper 00963,+256707618109,shopper.lk963@example.invalid,Jinja,1984-03-18,not_stated,2026-07-15,2026-07-28,SIMULATED call-centre confirmation
LK-C00976,Test Shopper 00976,+256707721056,shopper.lk976@example.invalid,Mbarara,1997-04-04,female,2026-07-15,2026-07-28,SIMULATED call-centre confirmation
LK-C00985,Test Shopper 00985,+256707792327,shopper.lk985@example.invalid,Kampala,1965-01-13,male,2025-12-20,2026-07-28,SIMULATED call-centre confirmation
LK-C00987,Test Shopper 00987,+256707808165,shopper.lk987@example.invalid,Jinja,1967-03-15,male,2026-07-15,2026-07-28,SIMULATED call-centre confirmation
LK-C00989,Test Shopper 00989,+256707824003,shopper.lk989@example.invalid,Kampala,1969-05-17,female,2026-07-15,2026-07-28,SIMULATED call-centre confirmation
LK-C00990,Test Shopper 00990,+256707831922,shopper.lk990@example.invalid,Gulu,1970-06-18,male,2026-07-15,2026-07-28,SIMULATED call-centre confirmation
LK-C00993,Test Shopper 00993,+256707855679,shopper.lk993@example.invalid,Kampala,1973-09-21,not_stated,2026-07-15,2026-07-28,SIMULATED call-centre confirmation
LK-C01000,Test Shopper 01000,+256707911112,shopper.lk1000@example.invalid,Mbarara,1980-04-01,male,2026-07-15,2026-07-28,SIMULATED call-centre confirmation
LK-C01002,Test Shopper 01002,+256707926950,shopper.lk1002@example.invalid,Kampala,1982-06-03,male,2026-07-15,2026-07-28,SIMULATED call-centre confirmation
LK-C01015,Test Shopper 01015,+256708029897,shopper.lk1015@example.invalid,Jinja,1995-07-16,male,2025-12-20,2026-07-28,SIMULATED call-centre confirmation
LK-C01016,Test Shopper 01016,+256708037816,shopper.lk1016@example.invalid,Mbarara,1996-08-17,female,2026-07-15,2026-07-28,SIMULATED call-centre confirmation
LK-C01024,Test Shopper 01024,+256708101168,shopper.lk1024@example.invalid,Mbarara,2004-04-25,female,2026-07-15,2026-07-28,SIMULATED call-centre confirmation
LK-C01026,Test Shopper 01026,+256708117006,shopper.lk1026@example.invalid,Kampala,1965-06-27,female,2026-07-15,2026-07-28,SIMULATED call-centre confirmation
LK-C01028,Test Shopper 01028,+256708132844,shopper.lk1028@example.invalid,Mbarara,1967-08-02,not_stated,2026-07-15,2026-07-28,SIMULATED call-centre confirmation
LK-C01033,Test Shopper 01033,+256708172439,shopper.lk1033@example.invalid,Kampala,1972-01-07,not_stated,2025-12-20,2026-07-28,SIMULATED call-centre confirmation
LK-C01037,Test Shopper 01037,+256708204115,shopper.lk1037@example.invalid,Kampala,1976-05-11,male,2026-07-15,2026-07-28,SIMULATED call-centre confirmation
LK-C01041,Test Shopper 01041,+256708235791,shopper.lk1041@example.invalid,Kampala,1980-09-15,female,2026-07-15,2026-07-28,SIMULATED call-centre confirmation
LK-C01045,Test Shopper 01045,+256708267467,shopper.lk1045@example.invalid,Kampala,1984-01-19,male,2025-12-20,2026-07-28,SIMULATED call-centre confirmation
LK-C01054,Test Shopper 01054,+256708338738,shopper.lk1054@example.invalid,Gulu,1993-10-01,female,2026-07-15,2026-07-28,SIMULATED call-centre confirmation
LK-C01055,Test Shopper 01055,+256708346657,shopper.lk1055@example.invalid,Jinja,1994-11-02,male,2026-07-15,2026-07-28,SIMULATED call-centre confirmation
LK-C01067,Test Shopper 01067,+256708441685,shopper.lk1067@example.invalid,Jinja,1965-11-14,male,2026-07-15,2026-07-28,SIMULATED call-centre confirmation
LK-C01074,Test Shopper 01074,+256708497118,shopper.lk1074@example.invalid,Kampala,1972-06-21,female,2026-07-15,2026-07-28,SIMULATED call-centre confirmation
LK-C01076,Test Shopper 01076,+256708512956,shopper.lk1076@example.invalid,Mbarara,1974-08-23,female,2026-07-15,2026-07-28,SIMULATED call-centre confirmation
LK-C01080,Test Shopper 01080,+256708544632,shopper.lk1080@example.invalid,Mbarara,1978-12-27,male,2026-07-15,2026-07-28,SIMULATED call-centre confirmation
LK-C01086,Test Shopper 01086,+256708592146,shopper.lk1086@example.invalid,Gulu,1984-06-06,female,2026-07-15,2026-07-28,SIMULATED call-centre confirmation
LK-C01093,Test Shopper 01093,+256708647579,shopper.lk1093@example.invalid,Kampala,1991-01-13,not_stated,2025-12-20,2026-07-28,SIMULATED call-centre confirmation
LK-C01103,Test Shopper 01103,+256708726769,shopper.lk1103@example.invalid,Jinja,2001-11-23,not_stated,2026-07-15,2026-07-28,SIMULATED call-centre confirmation
LK-C01106,Test Shopper 01106,+256708750526,shopper.lk1106@example.invalid,Kampala,2004-02-26,female,2026-07-15,2026-07-28,SIMULATED call-centre confirmation
LK-C01108,Test Shopper 01108,+256708766364,shopper.lk1108@example.invalid,Mbarara,1965-04-01,not_stated,2026-07-15,2026-07-28,SIMULATED call-centre confirmation
LK-C01111,Test Shopper 01111,+256708790121,shopper.lk1111@example.invalid,Jinja,1968-07-04,female,2025-12-20,2026-07-28,SIMULATED call-centre confirmation
LK-C01117,Test Shopper 01117,+256708837635,shopper.lk1117@example.invalid,Kampala,1974-01-10,male,2025-12-20,2026-07-28,SIMULATED call-centre confirmation
LK-C01119,Test Shopper 01119,+256708853473,shopper.lk1119@example.invalid,Jinja,1976-03-12,female,2026-07-15,2026-07-28,SIMULATED call-centre confirmation
LK-C01132,Test Shopper 01132,+256708956420,shopper.lk1132@example.invalid,Mbarara,1989-04-25,male,2026-07-15,2026-07-28,SIMULATED call-centre confirmation
LK-C01145,Test Shopper 01145,+256709059367,shopper.lk1145@example.invalid,Kampala,2002-05-11,male,2026-07-15,2026-07-28,SIMULATED call-centre confirmation
LK-C01148,Test Shopper 01148,+256709083124,shopper.lk1148@example.invalid,Mbarara,2005-08-14,not_stated,2026-07-15,2026-07-28,SIMULATED call-centre confirmation
LK-C01149,Test Shopper 01149,+256709091043,shopper.lk1149@example.invalid,Kampala,1965-09-15,female,2026-07-15,2026-07-28,SIMULATED call-centre confirmation
LK-C01158,Test Shopper 01158,+256709162314,shopper.lk1158@example.invalid,Gulu,1974-06-24,not_stated,2026-07-15,2026-07-28,SIMULATED call-centre confirmation
LK-C01161,Test Shopper 01161,+256709186071,shopper.lk1161@example.invalid,Kampala,1977-09-27,female,2026-07-15,2026-07-28,SIMULATED call-centre confirmation
LK-C01162,Test Shopper 01162,+256709193990,shopper.lk1162@example.invalid,Kampala,1978-10-01,male,2026-07-15,2026-07-28,SIMULATED call-centre confirmation
LK-C01171,Test Shopper 01171,+256709265261,shopper.lk1171@example.invalid,Jinja,1987-07-10,female,2025-12-20,2026-07-28,SIMULATED call-centre confirmation
LK-C01179,Test Shopper 01179,+256709328613,shopper.lk1179@example.invalid,Jinja,1995-03-18,female,2026-07-15,2026-07-28,SIMULATED call-centre confirmation
LK-C01184,Test Shopper 01184,+256709368208,shopper.lk1184@example.invalid,Mbarara,2000-08-23,female,2026-07-15,2026-07-28,SIMULATED call-centre confirmation
LK-C01185,Test Shopper 01185,+256709376127,shopper.lk1185@example.invalid,Kampala,2001-09-24,male,2026-07-15,2026-07-28,SIMULATED call-centre confirmation
LK-C01190,Test Shopper 01190,+256709415722,shopper.lk1190@example.invalid,Gulu,1965-02-02,male,2026-07-15,2026-07-28,SIMULATED call-centre confirmation
LK-C01197,Test Shopper 01197,+256709471155,shopper.lk1197@example.invalid,Kampala,1972-09-09,male,2026-07-15,2026-07-28,SIMULATED call-centre confirmation
LK-C01205,Test Shopper 01205,+256709534507,shopper.lk1205@example.invalid,Kampala,1980-05-17,male,2026-07-15,2026-07-28,SIMULATED call-centre confirmation
LK-C01210,Test Shopper 01210,+256709574102,shopper.lk1210@example.invalid,Kampala,1985-10-22,male,2026-07-15,2026-07-28,SIMULATED call-centre confirmation
LK-C01219,Test Shopper 01219,+256709645373,shopper.lk1219@example.invalid,Jinja,1994-07-04,female,2025-12-20,2026-07-28,SIMULATED call-centre confirmation
LK-C01222,Test Shopper 01222,+256709669130,shopper.lk1222@example.invalid,Gulu,1997-10-07,male,2026-07-15,2026-07-28,SIMULATED call-centre confirmation
LK-C01223,Test Shopper 01223,+256709677049,shopper.lk1223@example.invalid,Jinja,1998-11-08,not_stated,2026-07-15,2026-07-28,SIMULATED call-centre confirmation
LK-C01231,Test Shopper 01231,+256709740401,shopper.lk1231@example.invalid,Jinja,1965-07-16,female,2025-12-20,2026-07-28,SIMULATED call-centre confirmation
LK-C01236,Test Shopper 01236,+256709779996,shopper.lk1236@example.invalid,Mbarara,1970-12-21,female,2026-07-15,2026-07-28,SIMULATED call-centre confirmation
LK-C01241,Test Shopper 01241,+256709819591,shopper.lk1241@example.invalid,Kampala,1975-05-26,female,2026-07-15,2026-07-28,SIMULATED call-centre confirmation
LK-C01248,Test Shopper 01248,+256709875024,shopper.lk1248@example.invalid,Mbarara,1982-12-06,not_stated,2026-07-15,2026-07-28,SIMULATED call-centre confirmation
LK-C01249,Test Shopper 01249,+256709882943,shopper.lk1249@example.invalid,Kampala,1983-01-07,female,2025-12-20,2026-07-28,SIMULATED call-centre confirmation
LK-C01259,Test Shopper 01259,+256709962133,shopper.lk1259@example.invalid,Jinja,1993-11-17,female,2026-07-15,2026-07-28,SIMULATED call-centre confirmation
LK-C01262,Test Shopper 01262,+256709985890,shopper.lk1262@example.invalid,Gulu,1996-02-20,male,2026-07-15,2026-07-28,SIMULATED call-centre confirmation
LK-C01272,Test Shopper 01272,+256710065080,shopper.lk1272@example.invalid,Mbarara,1965-12-03,male,2026-07-15,2026-07-28,SIMULATED call-centre confirmation
LK-C01275,Test Shopper 01275,+256710088837,shopper.lk1275@example.invalid,Jinja,1968-03-06,male,2026-07-15,2026-07-28,SIMULATED call-centre confirmation
LK-C01277,Test Shopper 01277,+256710104675,shopper.lk1277@example.invalid,Kampala,1970-05-08,male,2026-07-15,2026-07-28,SIMULATED call-centre confirmation
LK-C01288,Test Shopper 01288,+256710191784,shopper.lk1288@example.invalid,Mbarara,1981-04-19,not_stated,2026-07-15,2026-07-28,SIMULATED call-centre confirmation
LK-C01291,Test Shopper 01291,+256710215541,shopper.lk1291@example.invalid,Jinja,1984-07-22,female,2025-12-20,2026-07-28,SIMULATED call-centre confirmation
LK-C01296,Test Shopper 01296,+256710255136,shopper.lk1296@example.invalid,Mbarara,1989-12-27,female,2026-07-15,2026-07-28,SIMULATED call-centre confirmation
LK-C01301,Test Shopper 01301,+256710294731,shopper.lk1301@example.invalid,Kampala,1994-05-05,female,2026-07-15,2026-07-28,SIMULATED call-centre confirmation
LK-C01303,Test Shopper 01303,+256710310569,shopper.lk1303@example.invalid,Jinja,1996-07-07,not_stated,2025-12-20,2026-07-28,SIMULATED call-centre confirmation
LK-C01306,Test Shopper 01306,+256710334326,shopper.lk1306@example.invalid,Kampala,1999-10-10,female,2026-07-15,2026-07-28,SIMULATED call-centre confirmation
LK-C01313,Test Shopper 01313,+256710389759,shopper.lk1313@example.invalid,Kampala,1965-05-17,not_stated,2026-07-15,2026-07-28,SIMULATED call-centre confirmation
LK-C01314,Test Shopper 01314,+256710397678,shopper.lk1314@example.invalid,Kampala,1966-06-18,female,2026-07-15,2026-07-28,SIMULATED call-centre confirmation
LK-C01327,Test Shopper 01327,+256710500625,shopper.lk1327@example.invalid,Jinja,1979-07-04,male,2025-12-20,2026-07-28,SIMULATED call-centre confirmation
LK-C01333,Test Shopper 01333,+256710548139,shopper.lk1333@example.invalid,Kampala,1985-01-10,not_stated,2025-12-20,2026-07-28,SIMULATED call-centre confirmation
LK-C01334,Test Shopper 01334,+256710556058,shopper.lk1334@example.invalid,Gulu,1986-02-11,female,2026-07-15,2026-07-28,SIMULATED call-centre confirmation
LK-C01335,Test Shopper 01335,+256710563977,shopper.lk1335@example.invalid,Jinja,1987-03-12,male,2026-07-15,2026-07-28,SIMULATED call-centre confirmation
LK-C01340,Test Shopper 01340,+256710603572,shopper.lk1340@example.invalid,Mbarara,1992-08-17,male,2026-07-15,2026-07-28,SIMULATED call-centre confirmation
LK-C01353,Test Shopper 01353,+256710706519,shopper.lk1353@example.invalid,Kampala,2005-09-03,not_stated,2026-07-15,2026-07-28,SIMULATED call-centre confirmation
LK-C01354,Test Shopper 01354,+256710714438,shopper.lk1354@example.invalid,Kampala,1965-10-04,female,2026-07-15,2026-07-28,SIMULATED call-centre confirmation
LK-C01364,Test Shopper 01364,+256710793628,shopper.lk1364@example.invalid,Mbarara,1975-08-14,female,2026-07-15,2026-07-28,SIMULATED call-centre confirmation
LK-C01365,Test Shopper 01365,+256710801547,shopper.lk1365@example.invalid,Kampala,1976-09-15,male,2026-07-15,2026-07-28,SIMULATED call-centre confirmation
LK-C01366,Test Shopper 01366,+256710809466,shopper.lk1366@example.invalid,Gulu,1977-10-16,female,2026-07-15,2026-07-28,SIMULATED call-centre confirmation
LK-C01370,Test Shopper 01370,+256710841142,shopper.lk1370@example.invalid,Kampala,1981-02-20,male,2026-07-15,2026-07-28,SIMULATED call-centre confirmation
LK-C01377,Test Shopper 01377,+256710896575,shopper.lk1377@example.invalid,Kampala,1988-09-27,male,2026-07-15,2026-07-28,SIMULATED call-centre confirmation
LK-C01379,Test Shopper 01379,+256710912413,shopper.lk1379@example.invalid,Jinja,1990-11-02,female,2026-07-15,2026-07-28,SIMULATED call-centre confirmation
LK-C01392,Test Shopper 01392,+256711015360,shopper.lk1392@example.invalid,Mbarara,2003-12-15,male,2026-07-15,2026-07-28,SIMULATED call-centre confirmation
LK-C01393,Test Shopper 01393,+256711023279,shopper.lk1393@example.invalid,Kampala,2004-01-16,not_stated,2025-12-20,2026-07-28,SIMULATED call-centre confirmation
LK-C01395,Test Shopper 01395,+256711039117,shopper.lk1395@example.invalid,Jinja,1965-03-18,male,2026-07-15,2026-07-28,SIMULATED call-centre confirmation
LK-C01396,Test Shopper 01396,+256711047036,shopper.lk1396@example.invalid,Mbarara,1966-04-19,female,2026-07-15,2026-07-28,SIMULATED call-centre confirmation
LK-C01405,Test Shopper 01405,+256711118307,shopper.lk1405@example.invalid,Kampala,1975-01-01,male,2025-12-20,2026-07-28,SIMULATED call-centre confirmation
LK-C01407,Test Shopper 01407,+256711134145,shopper.lk1407@example.invalid,Jinja,1977-03-03,male,2026-07-15,2026-07-28,SIMULATED call-centre confirmation
LK-C01418,Test Shopper 01418,+256711221254,shopper.lk1418@example.invalid,Kampala,1988-02-14,not_stated,2026-07-15,2026-07-28,SIMULATED call-centre confirmation
LK-C01420,Test Shopper 01420,+256711237092,shopper.lk1420@example.invalid,Mbarara,1990-04-16,male,2026-07-15,2026-07-28,SIMULATED call-centre confirmation
LK-C01422,Test Shopper 01422,+256711252930,shopper.lk1422@example.invalid,Gulu,1992-06-18,male,2026-07-15,2026-07-28,SIMULATED call-centre confirmation
LK-C01427,Test Shopper 01427,+256711292525,shopper.lk1427@example.invalid,Jinja,1997-11-23,male,2026-07-15,2026-07-28,SIMULATED call-centre confirmation
LK-C01431,Test Shopper 01431,+256711324201,shopper.lk1431@example.invalid,Jinja,2001-03-27,female,2026-07-15,2026-07-28,SIMULATED call-centre confirmation
LK-C01436,Test Shopper 01436,+256711363796,shopper.lk1436@example.invalid,Mbarara,1965-08-05,female,2026-07-15,2026-07-28,SIMULATED call-centre confirmation
LK-C01444,Test Shopper 01444,+256711427148,shopper.lk1444@example.invalid,Mbarara,1973-04-13,female,2026-07-15,2026-07-28,SIMULATED call-centre confirmation
LK-C01451,Test Shopper 01451,+256711482581,shopper.lk1451@example.invalid,Jinja,1980-11-20,female,2026-07-15,2026-07-28,SIMULATED call-centre confirmation
LK-C01457,Test Shopper 01457,+256711530095,shopper.lk1457@example.invalid,Kampala,1986-05-26,male,2026-07-15,2026-07-28,SIMULATED call-centre confirmation
LK-C01458,Test Shopper 01458,+256711538014,shopper.lk1458@example.invalid,Kampala,1987-06-27,not_stated,2026-07-15,2026-07-28,SIMULATED call-centre confirmation
LK-C01463,Test Shopper 01463,+256711577609,shopper.lk1463@example.invalid,Jinja,1992-11-05,not_stated,2026-07-15,2026-07-28,SIMULATED call-centre confirmation
LK-C01470,Test Shopper 01470,+256711633042,shopper.lk1470@example.invalid,Gulu,1999-06-12,male,2026-07-15,2026-07-28,SIMULATED call-centre confirmation
LK-C01477,Test Shopper 01477,+256711688475,shopper.lk1477@example.invalid,Kampala,1965-01-19,male,2025-12-20,2026-07-28,SIMULATED call-centre confirmation
LK-C01480,Test Shopper 01480,+256711712232,shopper.lk1480@example.invalid,Mbarara,1968-04-22,male,2026-07-15,2026-07-28,SIMULATED call-centre confirmation
LK-C01481,Test Shopper 01481,+256711720151,shopper.lk1481@example.invalid,Kampala,1969-05-23,female,2026-07-15,2026-07-28,SIMULATED call-centre confirmation
LK-C01483,Test Shopper 01483,+256711735989,shopper.lk1483@example.invalid,Jinja,1971-07-25,not_stated,2025-12-20,2026-07-28,SIMULATED call-centre confirmation
LK-C01489,Test Shopper 01489,+256711783503,shopper.lk1489@example.invalid,Kampala,1977-01-04,female,2025-12-20,2026-07-28,SIMULATED call-centre confirmation
LK-C01496,Test Shopper 01496,+256711838936,shopper.lk1496@example.invalid,Mbarara,1984-08-11,female,2026-07-15,2026-07-28,SIMULATED call-centre confirmation
LK-C01506,Test Shopper 01506,+256711918126,shopper.lk1506@example.invalid,Kampala,1994-06-21,female,2026-07-15,2026-07-28,SIMULATED call-centre confirmation
LK-C01509,Test Shopper 01509,+256711941883,shopper.lk1509@example.invalid,Kampala,1997-09-24,female,2026-07-15,2026-07-28,SIMULATED call-centre confirmation
LK-C01518,Test Shopper 01518,+256712013154,shopper.lk1518@example.invalid,Gulu,1965-06-06,not_stated,2026-07-15,2026-07-28,SIMULATED call-centre confirmation
LK-C01520,Test Shopper 01520,+256712028992,shopper.lk1520@example.invalid,Mbarara,1967-08-08,male,2026-07-15,2026-07-28,SIMULATED call-centre confirmation
LK-C01522,Test Shopper 01522,+256712044830,shopper.lk1522@example.invalid,Kampala,1969-10-10,male,2026-07-15,2026-07-28,SIMULATED call-centre confirmation
LK-C01535,Test Shopper 01535,+256712147777,shopper.lk1535@example.invalid,Jinja,1982-11-23,male,2026-07-15,2026-07-28,SIMULATED call-centre confirmation
LK-C01538,Test Shopper 01538,+256712171534,shopper.lk1538@example.invalid,Kampala,1985-02-26,not_stated,2026-07-15,2026-07-28,SIMULATED call-centre confirmation
LK-C01548,Test Shopper 01548,+256712250724,shopper.lk1548@example.invalid,Mbarara,1995-12-09,not_stated,2026-07-15,2026-07-28,SIMULATED call-centre confirmation
LK-C01549,Test Shopper 01549,+256712258643,shopper.lk1549@example.invalid,Kampala,1996-01-10,female,2025-12-20,2026-07-28,SIMULATED call-centre confirmation
LK-C01551,Test Shopper 01551,+256712274481,shopper.lk1551@example.invalid,Jinja,1998-03-12,female,2026-07-15,2026-07-28,SIMULATED call-centre confirmation
LK-C01555,Test Shopper 01555,+256712306157,shopper.lk1555@example.invalid,Jinja,2002-07-16,male,2025-12-20,2026-07-28,SIMULATED call-centre confirmation
LK-C01559,Test Shopper 01559,+256712337833,shopper.lk1559@example.invalid,Jinja,1965-11-20,female,2026-07-15,2026-07-28,SIMULATED call-centre confirmation
LK-C01561,Test Shopper 01561,+256712353671,shopper.lk1561@example.invalid,Kampala,1967-01-22,female,2025-12-20,2026-07-28,SIMULATED call-centre confirmation
LK-C01567,Test Shopper 01567,+256712401185,shopper.lk1567@example.invalid,Jinja,1973-07-01,male,2025-12-20,2026-07-28,SIMULATED call-centre confirmation
LK-C01574,Test Shopper 01574,+256712456618,shopper.lk1574@example.invalid,Gulu,1980-02-08,female,2026-07-15,2026-07-28,SIMULATED call-centre confirmation
LK-C01582,Test Shopper 01582,+256712519970,shopper.lk1582@example.invalid,Gulu,1988-10-16,male,2026-07-15,2026-07-28,SIMULATED call-centre confirmation
LK-C01587,Test Shopper 01587,+256712559565,shopper.lk1587@example.invalid,Jinja,1993-03-21,male,2026-07-15,2026-07-28,SIMULATED call-centre confirmation
LK-C01592,Test Shopper 01592,+256712599160,shopper.lk1592@example.invalid,Mbarara,1998-08-26,male,2026-07-15,2026-07-28,SIMULATED call-centre confirmation
LK-C01596,Test Shopper 01596,+256712630836,shopper.lk1596@example.invalid,Mbarara,2002-12-03,female,2026-07-15,2026-07-28,SIMULATED call-centre confirmation
LK-C01600,Test Shopper 01600,+256712662512,shopper.lk1600@example.invalid,Mbarara,1965-04-07,male,2026-07-15,2026-07-28,SIMULATED call-centre confirmation
LK-C01613,Test Shopper 01613,+256712765459,shopper.lk1613@example.invalid,Kampala,1978-05-20,not_stated,2026-07-15,2026-07-28,SIMULATED call-centre confirmation
LK-C01625,Test Shopper 01625,+256712860487,shopper.lk1625@example.invalid,Kampala,1990-05-05,male,2026-07-15,2026-07-28,SIMULATED call-centre confirmation
LK-C01626,Test Shopper 01626,+256712868406,shopper.lk1626@example.invalid,Kampala,1991-06-06,female,2026-07-15,2026-07-28,SIMULATED call-centre confirmation
LK-C01629,Test Shopper 01629,+256712892163,shopper.lk1629@example.invalid,Kampala,1994-09-09,female,2026-07-15,2026-07-28,SIMULATED call-centre confirmation
LK-C01635,Test Shopper 01635,+256712939677,shopper.lk1635@example.invalid,Jinja,2000-03-15,male,2026-07-15,2026-07-28,SIMULATED call-centre confirmation
LK-C01639,Test Shopper 01639,+256712971353,shopper.lk1639@example.invalid,Jinja,2004-07-19,female,2025-12-20,2026-07-28,SIMULATED call-centre confirmation
LK-C01641,Test Shopper 01641,+256712987191,shopper.lk1641@example.invalid,Kampala,1965-09-21,female,2026-07-15,2026-07-28,SIMULATED call-centre confirmation
LK-C01644,Test Shopper 01644,+256713010948,shopper.lk1644@example.invalid,Mbarara,1968-12-24,female,2026-07-15,2026-07-28,SIMULATED call-centre confirmation
LK-C01652,Test Shopper 01652,+256713074300,shopper.lk1652@example.invalid,Mbarara,1976-08-05,male,2026-07-15,2026-07-28,SIMULATED call-centre confirmation
LK-C01654,Test Shopper 01654,+256713090138,shopper.lk1654@example.invalid,Gulu,1978-10-07,female,2026-07-15,2026-07-28,SIMULATED call-centre confirmation
LK-C01665,Test Shopper 01665,+256713177247,shopper.lk1665@example.invalid,Kampala,1989-09-18,male,2026-07-15,2026-07-28,SIMULATED call-centre confirmation
LK-C01666,Test Shopper 01666,+256713185166,shopper.lk1666@example.invalid,Kampala,1990-10-19,female,2026-07-15,2026-07-28,SIMULATED call-centre confirmation
LK-C01675,Test Shopper 01675,+256713256437,shopper.lk1675@example.invalid,Jinja,1999-07-01,male,2025-12-20,2026-07-28,SIMULATED call-centre confirmation
LK-C01678,Test Shopper 01678,+256713280194,shopper.lk1678@example.invalid,Gulu,2002-10-04,not_stated,2026-07-15,2026-07-28,SIMULATED call-centre confirmation
LK-C01682,Test Shopper 01682,+256713311870,shopper.lk1682@example.invalid,Kampala,1965-02-08,male,2026-07-15,2026-07-28,SIMULATED call-centre confirmation
LK-C01683,Test Shopper 01683,+256713319789,shopper.lk1683@example.invalid,Jinja,1966-03-09,not_stated,2026-07-15,2026-07-28,SIMULATED call-centre confirmation
LK-C01691,Test Shopper 01691,+256713383141,shopper.lk1691@example.invalid,Jinja,1974-11-17,female,2026-07-15,2026-07-28,SIMULATED call-centre confirmation
LK-C01703,Test Shopper 01703,+256713478169,shopper.lk1703@example.invalid,Jinja,1986-11-02,not_stated,2026-07-15,2026-07-28,SIMULATED call-centre confirmation
LK-C01704,Test Shopper 01704,+256713486088,shopper.lk1704@example.invalid,Mbarara,1987-12-03,female,2026-07-15,2026-07-28,SIMULATED call-centre confirmation
LK-C01706,Test Shopper 01706,+256713501926,shopper.lk1706@example.invalid,Kampala,1989-02-05,female,2026-07-15,2026-07-28,SIMULATED call-centre confirmation
LK-C01712,Test Shopper 01712,+256713549440,shopper.lk1712@example.invalid,Mbarara,1995-08-11,male,2026-07-15,2026-07-28,SIMULATED call-centre confirmation
LK-C01717,Test Shopper 01717,+256713589035,shopper.lk1717@example.invalid,Kampala,2000-01-16,male,2025-12-20,2026-07-28,SIMULATED call-centre confirmation
LK-C01721,Test Shopper 01721,+256713620711,shopper.lk1721@example.invalid,Kampala,2004-05-20,female,2026-07-15,2026-07-28,SIMULATED call-centre confirmation
LK-C01723,Test Shopper 01723,+256713636549,shopper.lk1723@example.invalid,Jinja,1965-07-22,not_stated,2025-12-20,2026-07-28,SIMULATED call-centre confirmation
LK-C01730,Test Shopper 01730,+256713691982,shopper.lk1730@example.invalid,Kampala,1972-02-02,male,2026-07-15,2026-07-28,SIMULATED call-centre confirmation
LK-C01737,Test Shopper 01737,+256713747415,shopper.lk1737@example.invalid,Kampala,1979-09-09,male,2026-07-15,2026-07-28,SIMULATED call-centre confirmation
LK-C01740,Test Shopper 01740,+256713771172,shopper.lk1740@example.invalid,Mbarara,1982-12-12,male,2026-07-15,2026-07-28,SIMULATED call-centre confirmation
LK-C01741,Test Shopper 01741,+256713779091,shopper.lk1741@example.invalid,Kampala,1983-01-13,female,2025-12-20,2026-07-28,SIMULATED call-centre confirmation
LK-C01743,Test Shopper 01743,+256713794929,shopper.lk1743@example.invalid,Jinja,1985-03-15,not_stated,2026-07-15,2026-07-28,SIMULATED call-centre confirmation
LK-C01756,Test Shopper 01756,+256713897876,shopper.lk1756@example.invalid,Mbarara,1998-04-01,female,2026-07-15,2026-07-28,SIMULATED call-centre confirmation
LK-C01764,Test Shopper 01764,+256713961228,shopper.lk1764@example.invalid,Mbarara,1965-12-09,female,2026-07-15,2026-07-28,SIMULATED call-centre confirmation
LK-C01768,Test Shopper 01768,+256713992904,shopper.lk1768@example.invalid,Mbarara,1969-04-13,not_stated,2026-07-15,2026-07-28,SIMULATED call-centre confirmation
LK-C01769,Test Shopper 01769,+256714000823,shopper.lk1769@example.invalid,Kampala,1970-05-14,female,2026-07-15,2026-07-28,SIMULATED call-centre confirmation
LK-C01770,Test Shopper 01770,+256714008742,shopper.lk1770@example.invalid,Kampala,1971-06-15,male,2026-07-15,2026-07-28,SIMULATED call-centre confirmation
LK-C01777,Test Shopper 01777,+256714064175,shopper.lk1777@example.invalid,Kampala,1978-01-22,male,2025-12-20,2026-07-28,SIMULATED call-centre confirmation
LK-C01782,Test Shopper 01782,+256714103770,shopper.lk1782@example.invalid,Gulu,1983-06-27,male,2026-07-15,2026-07-28,SIMULATED call-centre confirmation
LK-C01795,Test Shopper 01795,+256714206717,shopper.lk1795@example.invalid,Jinja,1996-07-13,male,2025-12-20,2026-07-28,SIMULATED call-centre confirmation
LK-C01799,Test Shopper 01799,+256714238393,shopper.lk1799@example.invalid,Jinja,2000-11-17,female,2026-07-15,2026-07-28,SIMULATED call-centre confirmation
LK-C01805,Test Shopper 01805,+256714285907,shopper.lk1805@example.invalid,Kampala,1965-05-23,male,2026-07-15,2026-07-28,SIMULATED call-centre confirmation
LK-C01807,Test Shopper 01807,+256714301745,shopper.lk1807@example.invalid,Jinja,1967-07-25,male,2025-12-20,2026-07-28,SIMULATED call-centre confirmation
LK-C01808,Test Shopper 01808,+256714309664,shopper.lk1808@example.invalid,Mbarara,1968-08-26,not_stated,2026-07-15,2026-07-28,SIMULATED call-centre confirmation
LK-C01814,Test Shopper 01814,+256714357178,shopper.lk1814@example.invalid,Gulu,1974-02-05,female,2026-07-15,2026-07-28,SIMULATED call-centre confirmation
LK-C01821,Test Shopper 01821,+256714412611,shopper.lk1821@example.invalid,Kampala,1981-09-12,female,2026-07-15,2026-07-28,SIMULATED call-centre confirmation
LK-C01828,Test Shopper 01828,+256714468044,shopper.lk1828@example.invalid,Mbarara,1988-04-19,not_stated,2026-07-15,2026-07-28,SIMULATED call-centre confirmation
LK-C01830,Test Shopper 01830,+256714483882,shopper.lk1830@example.invalid,Gulu,1990-06-21,male,2026-07-15,2026-07-28,SIMULATED call-centre confirmation
LK-C01834,Test Shopper 01834,+256714515558,shopper.lk1834@example.invalid,Kampala,1994-10-25,female,2026-07-15,2026-07-28,SIMULATED call-centre confirmation
LK-C01846,Test Shopper 01846,+256714610586,shopper.lk1846@example.invalid,Gulu,1965-10-10,female,2026-07-15,2026-07-28,SIMULATED call-centre confirmation
LK-C01847,Test Shopper 01847,+256714618505,shopper.lk1847@example.invalid,Jinja,1966-11-11,male,2026-07-15,2026-07-28,SIMULATED call-centre confirmation
LK-C01850,Test Shopper 01850,+256714642262,shopper.lk1850@example.invalid,Kampala,1969-02-14,male,2026-07-15,2026-07-28,SIMULATED call-centre confirmation
LK-C01851,Test Shopper 01851,+256714650181,shopper.lk1851@example.invalid,Jinja,1970-03-15,female,2026-07-15,2026-07-28,SIMULATED call-centre confirmation
LK-C01857,Test Shopper 01857,+256714697695,shopper.lk1857@example.invalid,Kampala,1976-09-21,male,2026-07-15,2026-07-28,SIMULATED call-centre confirmation
LK-C01860,Test Shopper 01860,+256714721452,shopper.lk1860@example.invalid,Mbarara,1979-12-24,male,2026-07-15,2026-07-28,SIMULATED call-centre confirmation
LK-C01861,Test Shopper 01861,+256714729371,shopper.lk1861@example.invalid,Kampala,1980-01-25,female,2025-12-20,2026-07-28,SIMULATED call-centre confirmation
LK-C01873,Test Shopper 01873,+256714824399,shopper.lk1873@example.invalid,Kampala,1992-01-10,not_stated,2025-12-20,2026-07-28,SIMULATED call-centre confirmation
LK-C01886,Test Shopper 01886,+256714927346,shopper.lk1886@example.invalid,Gulu,2005-02-23,female,2026-07-15,2026-07-28,SIMULATED call-centre confirmation
LK-C01887,Test Shopper 01887,+256714935265,shopper.lk1887@example.invalid,Jinja,1965-03-24,male,2026-07-15,2026-07-28,SIMULATED call-centre confirmation
LK-C01888,Test Shopper 01888,+256714943184,shopper.lk1888@example.invalid,Mbarara,1966-04-25,not_stated,2026-07-15,2026-07-28,SIMULATED call-centre confirmation
LK-C01892,Test Shopper 01892,+256714974860,shopper.lk1892@example.invalid,Mbarara,1970-08-02,male,2026-07-15,2026-07-28,SIMULATED call-centre confirmation
LK-C01893,Test Shopper 01893,+256714982779,shopper.lk1893@example.invalid,Kampala,1971-09-03,not_stated,2026-07-15,2026-07-28,SIMULATED call-centre confirmation
LK-C01899,Test Shopper 01899,+256715030293,shopper.lk1899@example.invalid,Jinja,1977-03-09,female,2026-07-15,2026-07-28,SIMULATED call-centre confirmation
LK-C01912,Test Shopper 01912,+256715133240,shopper.lk1912@example.invalid,Mbarara,1990-04-22,male,2026-07-15,2026-07-28,SIMULATED call-centre confirmation
LK-C01915,Test Shopper 01915,+256715156997,shopper.lk1915@example.invalid,Jinja,1993-07-25,male,2025-12-20,2026-07-28,SIMULATED call-centre confirmation
LK-C01923,Test Shopper 01923,+256715220349,shopper.lk1923@example.invalid,Jinja,2001-03-06,not_stated,2026-07-15,2026-07-28,SIMULATED call-centre confirmation
LK-C01925,Test Shopper 01925,+256715236187,shopper.lk1925@example.invalid,Kampala,2003-05-08,male,2026-07-15,2026-07-28,SIMULATED call-centre confirmation
LK-C01928,Test Shopper 01928,+256715259944,shopper.lk1928@example.invalid,Mbarara,1965-08-11,not_stated,2026-07-15,2026-07-28,SIMULATED call-centre confirmation
LK-C01936,Test Shopper 01936,+256715323296,shopper.lk1936@example.invalid,Mbarara,1973-04-19,female,2026-07-15,2026-07-28,SIMULATED call-centre confirmation
LK-C01938,Test Shopper 01938,+256715339134,shopper.lk1938@example.invalid,Kampala,1975-06-21,not_stated,2026-07-15,2026-07-28,SIMULATED call-centre confirmation
LK-C01944,Test Shopper 01944,+256715386648,shopper.lk1944@example.invalid,Mbarara,1981-12-27,female,2026-07-15,2026-07-28,SIMULATED call-centre confirmation
LK-C01951,Test Shopper 01951,+256715442081,shopper.lk1951@example.invalid,Jinja,1988-07-07,female,2025-12-20,2026-07-28,SIMULATED call-centre confirmation
LK-C01954,Test Shopper 01954,+256715465838,shopper.lk1954@example.invalid,Kampala,1991-10-10,female,2026-07-15,2026-07-28,SIMULATED call-centre confirmation
LK-C01962,Test Shopper 01962,+256715529190,shopper.lk1962@example.invalid,Kampala,1999-06-18,male,2026-07-15,2026-07-28,SIMULATED call-centre confirmation
LK-C01964,Test Shopper 01964,+256715545028,shopper.lk1964@example.invalid,Mbarara,2001-08-20,female,2026-07-15,2026-07-28,SIMULATED call-centre confirmation
LK-C01969,Test Shopper 01969,+256715584623,shopper.lk1969@example.invalid,Kampala,1965-01-25,female,2025-12-20,2026-07-28,SIMULATED call-centre confirmation
LK-C01973,Test Shopper 01973,+256715616299,shopper.lk1973@example.invalid,Kampala,1969-05-02,not_stated,2026-07-15,2026-07-28,SIMULATED call-centre confirmation
LK-C01977,Test Shopper 01977,+256715647975,shopper.lk1977@example.invalid,Kampala,1973-09-06,male,2026-07-15,2026-07-28,SIMULATED call-centre confirmation
LK-C01979,Test Shopper 01979,+256715663813,shopper.lk1979@example.invalid,Jinja,1975-11-08,female,2026-07-15,2026-07-28,SIMULATED call-centre confirmation
LK-C01985,Test Shopper 01985,+256715711327,shopper.lk1985@example.invalid,Kampala,1981-05-14,male,2026-07-15,2026-07-28,SIMULATED call-centre confirmation
LK-C01990,Test Shopper 01990,+256715750922,shopper.lk1990@example.invalid,Gulu,1986-10-19,male,2026-07-15,2026-07-28,SIMULATED call-centre confirmation
LK-C01999,Test Shopper 01999,+256715822193,shopper.lk1999@example.invalid,Jinja,1995-07-01,female,2025-12-20,2026-07-28,SIMULATED call-centre confirmation
LK-C02002,Test Shopper 02002,+256715845950,shopper.lk2002@example.invalid,Kampala,1998-10-04,male,2026-07-15,2026-07-28,SIMULATED call-centre confirmation
LK-C02003,Test Shopper 02003,+256715853869,shopper.lk2003@example.invalid,Jinja,1999-11-05,not_stated,2026-07-15,2026-07-28,SIMULATED call-centre confirmation
LK-C02010,Test Shopper 02010,+256715909302,shopper.lk2010@example.invalid,Kampala,1965-06-12,male,2026-07-15,2026-07-28,SIMULATED call-centre confirmation
LK-C02016,Test Shopper 02016,+256715956816,shopper.lk2016@example.invalid,Mbarara,1971-12-18,female,2026-07-15,2026-07-28,SIMULATED call-centre confirmation
LK-C02022,Test Shopper 02022,+256716004330,shopper.lk2022@example.invalid,Gulu,1977-06-24,male,2026-07-15,2026-07-28,SIMULATED call-centre confirmation
LK-C02029,Test Shopper 02029,+256716059763,shopper.lk2029@example.invalid,Kampala,1984-01-04,female,2025-12-20,2026-07-28,SIMULATED call-centre confirmation
LK-C02031,Test Shopper 02031,+256716075601,shopper.lk2031@example.invalid,Jinja,1986-03-06,female,2026-07-15,2026-07-28,SIMULATED call-centre confirmation
LK-C02036,Test Shopper 02036,+256716115196,shopper.lk2036@example.invalid,Mbarara,1991-08-11,female,2026-07-15,2026-07-28,SIMULATED call-centre confirmation
LK-C02042,Test Shopper 02042,+256716162710,shopper.lk2042@example.invalid,Kampala,1997-02-17,male,2026-07-15,2026-07-28,SIMULATED call-centre confirmation
LK-C02047,Test Shopper 02047,+256716202305,shopper.lk2047@example.invalid,Jinja,2002-07-22,male,2025-12-20,2026-07-28,SIMULATED call-centre confirmation
LK-C02051,Test Shopper 02051,+256716233981,shopper.lk2051@example.invalid,Jinja,1965-11-26,female,2026-07-15,2026-07-28,SIMULATED call-centre confirmation
LK-C02055,Test Shopper 02055,+256716265657,shopper.lk2055@example.invalid,Jinja,1969-03-03,male,2026-07-15,2026-07-28,SIMULATED call-centre confirmation
LK-C02060,Test Shopper 02060,+256716305252,shopper.lk2060@example.invalid,Mbarara,1974-08-08,male,2026-07-15,2026-07-28,SIMULATED call-centre confirmation
LK-C02065,Test Shopper 02065,+256716344847,shopper.lk2065@example.invalid,Kampala,1979-01-13,male,2025-12-20,2026-07-28,SIMULATED call-centre confirmation
LK-C02068,Test Shopper 02068,+256716368604,shopper.lk2068@example.invalid,Mbarara,1982-04-16,not_stated,2026-07-15,2026-07-28,SIMULATED call-centre confirmation
LK-C02073,Test Shopper 02073,+256716408199,shopper.lk2073@example.invalid,Kampala,1987-09-21,not_stated,2026-07-15,2026-07-28,SIMULATED call-centre confirmation
LK-C02078,Test Shopper 02078,+256716447794,shopper.lk2078@example.invalid,Gulu,1992-02-26,not_stated,2026-07-15,2026-07-28,SIMULATED call-centre confirmation
LK-C02081,Test Shopper 02081,+256716471551,shopper.lk2081@example.invalid,Kampala,1995-05-02,female,2026-07-15,2026-07-28,SIMULATED call-centre confirmation
LK-C02089,Test Shopper 02089,+256716534903,shopper.lk2089@example.invalid,Kampala,2003-01-10,female,2025-12-20,2026-07-28,SIMULATED call-centre confirmation
LK-C02092,Test Shopper 02092,+256716558660,shopper.lk2092@example.invalid,Mbarara,1965-04-13,male,2026-07-15,2026-07-28,SIMULATED call-centre confirmation
LK-C02094,Test Shopper 02094,+256716574498,shopper.lk2094@example.invalid,Gulu,1967-06-15,female,2026-07-15,2026-07-28,SIMULATED call-centre confirmation
LK-C02107,Test Shopper 02107,+256716677445,shopper.lk2107@example.invalid,Jinja,1980-07-01,male,2025-12-20,2026-07-28,SIMULATED call-centre confirmation
LK-C02108,Test Shopper 02108,+256716685364,shopper.lk2108@example.invalid,Mbarara,1981-08-02,not_stated,2026-07-15,2026-07-28,SIMULATED call-centre confirmation
LK-C02109,Test Shopper 02109,+256716693283,shopper.lk2109@example.invalid,Kampala,1982-09-03,female,2026-07-15,2026-07-28,SIMULATED call-centre confirmation
LK-C02110,Test Shopper 02110,+256716701202,shopper.lk2110@example.invalid,Gulu,1983-10-04,male,2026-07-15,2026-07-28,SIMULATED call-centre confirmation
LK-C02118,Test Shopper 02118,+256716764554,shopper.lk2118@example.invalid,Gulu,1991-06-12,not_stated,2026-07-15,2026-07-28,SIMULATED call-centre confirmation
LK-C02120,Test Shopper 02120,+256716780392,shopper.lk2120@example.invalid,Mbarara,1993-08-14,male,2026-07-15,2026-07-28,SIMULATED call-centre confirmation
LK-C02133,Test Shopper 02133,+256716883339,shopper.lk2133@example.invalid,Kampala,1965-09-27,not_stated,2026-07-15,2026-07-28,SIMULATED call-centre confirmation
LK-C02140,Test Shopper 02140,+256716938772,shopper.lk2140@example.invalid,Mbarara,1972-04-07,male,2026-07-15,2026-07-28,SIMULATED call-centre confirmation
LK-C02146,Test Shopper 02146,+256716986286,shopper.lk2146@example.invalid,Kampala,1978-10-13,female,2026-07-15,2026-07-28,SIMULATED call-centre confirmation
LK-C02147,Test Shopper 02147,+256716994205,shopper.lk2147@example.invalid,Jinja,1979-11-14,male,2026-07-15,2026-07-28,SIMULATED call-centre confirmation
LK-C02151,Test Shopper 02151,+256717025881,shopper.lk2151@example.invalid,Jinja,1983-03-18,female,2026-07-15,2026-07-28,SIMULATED call-centre confirmation
LK-C02159,Test Shopper 02159,+256717089233,shopper.lk2159@example.invalid,Jinja,1991-11-26,female,2026-07-15,2026-07-28,SIMULATED call-centre confirmation
LK-C02171,Test Shopper 02171,+256717184261,shopper.lk2171@example.invalid,Jinja,2003-11-11,female,2026-07-15,2026-07-28,SIMULATED call-centre confirmation
LK-C02172,Test Shopper 02172,+256717192180,shopper.lk2172@example.invalid,Mbarara,2004-12-12,male,2026-07-15,2026-07-28,SIMULATED call-centre confirmation
LK-C02174,Test Shopper 02174,+256717208018,shopper.lk2174@example.invalid,Gulu,1965-02-14,female,2026-07-15,2026-07-28,SIMULATED call-centre confirmation
LK-C02176,Test Shopper 02176,+256717223856,shopper.lk2176@example.invalid,Mbarara,1967-04-16,female,2026-07-15,2026-07-28,SIMULATED call-centre confirmation
LK-C02184,Test Shopper 02184,+256717287208,shopper.lk2184@example.invalid,Mbarara,1975-12-24,female,2026-07-15,2026-07-28,SIMULATED call-centre confirmation
LK-C02185,Test Shopper 02185,+256717295127,shopper.lk2185@example.invalid,Kampala,1976-01-25,male,2025-12-20,2026-07-28,SIMULATED call-centre confirmation
LK-C02194,Test Shopper 02194,+256717366398,shopper.lk2194@example.invalid,Kampala,1985-10-07,female,2026-07-15,2026-07-28,SIMULATED call-centre confirmation
LK-C02198,Test Shopper 02198,+256717398074,shopper.lk2198@example.invalid,Gulu,1989-02-11,not_stated,2026-07-15,2026-07-28,SIMULATED call-centre confirmation
LK-C02202,Test Shopper 02202,+256717429750,shopper.lk2202@example.invalid,Kampala,1993-06-15,male,2026-07-15,2026-07-28,SIMULATED call-centre confirmation
LK-C02205,Test Shopper 02205,+256717453507,shopper.lk2205@example.invalid,Kampala,1996-09-18,male,2026-07-15,2026-07-28,SIMULATED call-centre confirmation
LK-C02211,Test Shopper 02211,+256717501021,shopper.lk2211@example.invalid,Jinja,2002-03-24,female,2026-07-15,2026-07-28,SIMULATED call-centre confirmation
LK-C02215,Test Shopper 02215,+256717532697,shopper.lk2215@example.invalid,Jinja,1965-07-01,male,2025-12-20,2026-07-28,SIMULATED call-centre confirmation
LK-C02221,Test Shopper 02221,+256717580211,shopper.lk2221@example.invalid,Kampala,1971-01-07,female,2025-12-20,2026-07-28,SIMULATED call-centre confirmation
LK-C02224,Test Shopper 02224,+256717603968,shopper.lk2224@example.invalid,Mbarara,1974-04-10,female,2026-07-15,2026-07-28,SIMULATED call-centre confirmation
LK-C02233,Test Shopper 02233,+256717675239,shopper.lk2233@example.invalid,Kampala,1983-01-19,not_stated,2025-12-20,2026-07-28,SIMULATED call-centre confirmation
LK-C02234,Test Shopper 02234,+256717683158,shopper.lk2234@example.invalid,Kampala,1984-02-20,female,2026-07-15,2026-07-28,SIMULATED call-centre confirmation
LK-C02237,Test Shopper 02237,+256717706915,shopper.lk2237@example.invalid,Kampala,1987-05-23,male,2026-07-15,2026-07-28,SIMULATED call-centre confirmation
LK-C02250,Test Shopper 02250,+256717809862,shopper.lk2250@example.invalid,Kampala,2000-06-09,male,2026-07-15,2026-07-28,SIMULATED call-centre confirmation
LK-C02256,Test Shopper 02256,+256717857376,shopper.lk2256@example.invalid,Mbarara,1965-12-15,female,2026-07-15,2026-07-28,SIMULATED call-centre confirmation
LK-C02258,Test Shopper 02258,+256717873214,shopper.lk2258@example.invalid,Kampala,1967-02-17,not_stated,2026-07-15,2026-07-28,SIMULATED call-centre confirmation
LK-C02263,Test Shopper 02263,+256717912809,shopper.lk2263@example.invalid,Jinja,1972-07-22,not_stated,2025-12-20,2026-07-28,SIMULATED call-centre confirmation
LK-C02264,Test Shopper 02264,+256717920728,shopper.lk2264@example.invalid,Mbarara,1973-08-23,female,2026-07-15,2026-07-28,SIMULATED call-centre confirmation
LK-C02276,Test Shopper 02276,+256718015756,shopper.lk2276@example.invalid,Mbarara,1985-08-08,female,2026-07-15,2026-07-28,SIMULATED call-centre confirmation
LK-C02280,Test Shopper 02280,+256718047432,shopper.lk2280@example.invalid,Mbarara,1989-12-12,male,2026-07-15,2026-07-28,SIMULATED call-centre confirmation
LK-C02289,Test Shopper 02289,+256718118703,shopper.lk2289@example.invalid,Kampala,1998-09-21,female,2026-07-15,2026-07-28,SIMULATED call-centre confirmation
LK-C02292,Test Shopper 02292,+256718142460,shopper.lk2292@example.invalid,Mbarara,2001-12-24,male,2026-07-15,2026-07-28,SIMULATED call-centre confirmation
LK-C02295,Test Shopper 02295,+256718166217,shopper.lk2295@example.invalid,Jinja,2004-03-27,male,2026-07-15,2026-07-28,SIMULATED call-centre confirmation
LK-C02297,Test Shopper 02297,+256718182055,shopper.lk2297@example.invalid,Kampala,1965-05-02,male,2026-07-15,2026-07-28,SIMULATED call-centre confirmation
LK-C02302,Test Shopper 02302,+256718221650,shopper.lk2302@example.invalid,Gulu,1970-10-07,male,2026-07-15,2026-07-28,SIMULATED call-centre confirmation
LK-C02315,Test Shopper 02315,+256718324597,shopper.lk2315@example.invalid,Jinja,1983-11-20,male,2026-07-15,2026-07-28,SIMULATED call-centre confirmation
LK-C02321,Test Shopper 02321,+256718372111,shopper.lk2321@example.invalid,Kampala,1989-05-26,female,2026-07-15,2026-07-28,SIMULATED call-centre confirmation
LK-C02323,Test Shopper 02323,+256718387949,shopper.lk2323@example.invalid,Jinja,1991-07-01,not_stated,2025-12-20,2026-07-28,SIMULATED call-centre confirmation
LK-C02326,Test Shopper 02326,+256718411706,shopper.lk2326@example.invalid,Gulu,1994-10-04,female,2026-07-15,2026-07-28,SIMULATED call-centre confirmation
LK-C02328,Test Shopper 02328,+256718427544,shopper.lk2328@example.invalid,Mbarara,1996-12-06,not_stated,2026-07-15,2026-07-28,SIMULATED call-centre confirmation
LK-C02332,Test Shopper 02332,+256718459220,shopper.lk2332@example.invalid,Mbarara,2000-04-10,male,2026-07-15,2026-07-28,SIMULATED call-centre confirmation
LK-C02338,Test Shopper 02338,+256718506734,shopper.lk2338@example.invalid,Kampala,1965-10-16,not_stated,2026-07-15,2026-07-28,SIMULATED call-centre confirmation
LK-C02341,Test Shopper 02341,+256718530491,shopper.lk2341@example.invalid,Kampala,1968-01-19,female,2025-12-20,2026-07-28,SIMULATED call-centre confirmation
LK-C02350,Test Shopper 02350,+256718601762,shopper.lk2350@example.invalid,Gulu,1977-10-01,male,2026-07-15,2026-07-28,SIMULATED call-centre confirmation
LK-C02354,Test Shopper 02354,+256718633438,shopper.lk2354@example.invalid,Kampala,1981-02-05,female,2026-07-15,2026-07-28,SIMULATED call-centre confirmation
LK-C02357,Test Shopper 02357,+256718657195,shopper.lk2357@example.invalid,Kampala,1984-05-08,male,2026-07-15,2026-07-28,SIMULATED call-centre confirmation
LK-C02366,Test Shopper 02366,+256718728466,shopper.lk2366@example.invalid,Gulu,1993-02-17,female,2026-07-15,2026-07-28,SIMULATED call-centre confirmation
LK-C02367,Test Shopper 02367,+256718736385,shopper.lk2367@example.invalid,Jinja,1994-03-18,male,2026-07-15,2026-07-28,SIMULATED call-centre confirmation
LK-C02369,Test Shopper 02369,+256718752223,shopper.lk2369@example.invalid,Kampala,1996-05-20,female,2026-07-15,2026-07-28,SIMULATED call-centre confirmation
LK-C02379,Test Shopper 02379,+256718831413,shopper.lk2379@example.invalid,Jinja,1965-03-03,female,2026-07-15,2026-07-28,SIMULATED call-centre confirmation
LK-C02380,Test Shopper 02380,+256718839332,shopper.lk2380@example.invalid,Mbarara,1966-04-04,male,2026-07-15,2026-07-28,SIMULATED call-centre confirmation
LK-C02388,Test Shopper 02388,+256718902684,shopper.lk2388@example.invalid,Mbarara,1974-12-12,not_stated,2026-07-15,2026-07-28,SIMULATED call-centre confirmation
LK-C02393,Test Shopper 02393,+256718942279,shopper.lk2393@example.invalid,Kampala,1979-05-17,not_stated,2026-07-15,2026-07-28,SIMULATED call-centre confirmation
LK-C02406,Test Shopper 02406,+256719045226,shopper.lk2406@example.invalid,Gulu,1992-06-03,female,2026-07-15,2026-07-28,SIMULATED call-centre confirmation
LK-C02408,Test Shopper 02408,+256719061064,shopper.lk2408@example.invalid,Mbarara,1994-08-05,not_stated,2026-07-15,2026-07-28,SIMULATED call-centre confirmation
LK-C02409,Test Shopper 02409,+256719068983,shopper.lk2409@example.invalid,Kampala,1995-09-06,female,2026-07-15,2026-07-28,SIMULATED call-centre confirmation
LK-C02419,Test Shopper 02419,+256719148173,shopper.lk2419@example.invalid,Jinja,2005-07-16,female,2025-12-20,2026-07-28,SIMULATED call-centre confirmation
LK-C02420,Test Shopper 02420,+256719156092,shopper.lk2420@example.invalid,Mbarara,1965-08-17,male,2026-07-15,2026-07-28,SIMULATED call-centre confirmation
LK-C02432,Test Shopper 02432,+256719251120,shopper.lk2432@example.invalid,Mbarara,1977-08-02,male,2026-07-15,2026-07-28,SIMULATED call-centre confirmation
LK-C02437,Test Shopper 02437,+256719290715,shopper.lk2437@example.invalid,Kampala,1982-01-07,male,2025-12-20,2026-07-28,SIMULATED call-centre confirmation
LK-C02443,Test Shopper 02443,+256719338229,shopper.lk2443@example.invalid,Jinja,1988-07-13,not_stated,2025-12-20,2026-07-28,SIMULATED call-centre confirmation
LK-C02445,Test Shopper 02445,+256719354067,shopper.lk2445@example.invalid,Kampala,1990-09-15,male,2026-07-15,2026-07-28,SIMULATED call-centre confirmation
LK-C02450,Test Shopper 02450,+256719393662,shopper.lk2450@example.invalid,Kampala,1995-02-20,male,2026-07-15,2026-07-28,SIMULATED call-centre confirmation
LK-C02452,Test Shopper 02452,+256719409500,shopper.lk2452@example.invalid,Mbarara,1997-04-22,male,2026-07-15,2026-07-28,SIMULATED call-centre confirmation
LK-C02458,Test Shopper 02458,+256719457014,shopper.lk2458@example.invalid,Kampala,2003-10-01,not_stated,2026-07-15,2026-07-28,SIMULATED call-centre confirmation
LK-C02461,Test Shopper 02461,+256719480771,shopper.lk2461@example.invalid,Kampala,1965-01-04,female,2025-12-20,2026-07-28,SIMULATED call-centre confirmation
LK-C02466,Test Shopper 02466,+256719520366,shopper.lk2466@example.invalid,Kampala,1970-06-09,female,2026-07-15,2026-07-28,SIMULATED call-centre confirmation
LK-C02471,Test Shopper 02471,+256719559961,shopper.lk2471@example.invalid,Jinja,1975-11-14,female,2026-07-15,2026-07-28,SIMULATED call-centre confirmation
LK-C02480,Test Shopper 02480,+256719631232,shopper.lk2480@example.invalid,Mbarara,1984-08-23,male,2026-07-15,2026-07-28,SIMULATED call-centre confirmation
LK-C02481,Test Shopper 02481,+256719639151,shopper.lk2481@example.invalid,Kampala,1985-09-24,female,2026-07-15,2026-07-28,SIMULATED call-centre confirmation
LK-C02484,Test Shopper 02484,+256719662908,shopper.lk2484@example.invalid,Mbarara,1988-12-27,female,2026-07-15,2026-07-28,SIMULATED call-centre confirmation
LK-C02495,Test Shopper 02495,+256719750017,shopper.lk2495@example.invalid,Jinja,1999-11-11,male,2026-07-15,2026-07-28,SIMULATED call-centre confirmation
LK-C02497,Test Shopper 02497,+256719765855,shopper.lk2497@example.invalid,Kampala,2001-01-13,male,2025-12-20,2026-07-28,SIMULATED call-centre confirmation
LK-C02502,Test Shopper 02502,+256719805450,shopper.lk2502@example.invalid,Gulu,1965-06-18,male,2026-07-15,2026-07-28,SIMULATED call-centre confirmation
LK-C02510,Test Shopper 02510,+256719868802,shopper.lk2510@example.invalid,Gulu,1973-02-26,male,2026-07-15,2026-07-28,SIMULATED call-centre confirmation
LK-C02512,Test Shopper 02512,+256719884640,shopper.lk2512@example.invalid,Mbarara,1975-04-01,male,2026-07-15,2026-07-28,SIMULATED call-centre confirmation
LK-C02517,Test Shopper 02517,+256719924235,shopper.lk2517@example.invalid,Kampala,1980-09-06,male,2026-07-15,2026-07-28,SIMULATED call-centre confirmation
LK-C02523,Test Shopper 02523,+256719971749,shopper.lk2523@example.invalid,Jinja,1986-03-12,not_stated,2026-07-15,2026-07-28,SIMULATED call-centre confirmation
LK-C02524,Test Shopper 02524,+256719979668,shopper.lk2524@example.invalid,Mbarara,1987-04-13,female,2026-07-15,2026-07-28,SIMULATED call-centre confirmation
LK-C02536,Test Shopper 02536,+256720074696,shopper.lk2536@example.invalid,Mbarara,1999-04-25,female,2026-07-15,2026-07-28,SIMULATED call-centre confirmation
LK-C02538,Test Shopper 02538,+256720090534,shopper.lk2538@example.invalid,Kampala,2001-06-27,not_stated,2026-07-15,2026-07-28,SIMULATED call-centre confirmation
LK-C02543,Test Shopper 02543,+256720130129,shopper.lk2543@example.invalid,Jinja,1965-11-05,not_stated,2026-07-15,2026-07-28,SIMULATED call-centre confirmation
LK-C02549,Test Shopper 02549,+256720177643,shopper.lk2549@example.invalid,Kampala,1971-05-11,female,2026-07-15,2026-07-28,SIMULATED call-centre confirmation
LK-C02553,Test Shopper 02553,+256720209319,shopper.lk2553@example.invalid,Kampala,1975-09-15,not_stated,2026-07-15,2026-07-28,SIMULATED call-centre confirmation
LK-C02554,Test Shopper 02554,+256720217238,shopper.lk2554@example.invalid,Kampala,1976-10-16,female,2026-07-15,2026-07-28,SIMULATED call-centre confirmation
LK-C02562,Test Shopper 02562,+256720280590,shopper.lk2562@example.invalid,Kampala,1984-06-24,male,2026-07-15,2026-07-28,SIMULATED call-centre confirmation
LK-C02574,Test Shopper 02574,+256720375618,shopper.lk2574@example.invalid,Gulu,1996-06-09,female,2026-07-15,2026-07-28,SIMULATED call-centre confirmation
LK-C02575,Test Shopper 02575,+256720383537,shopper.lk2575@example.invalid,Jinja,1997-07-10,male,2025-12-20,2026-07-28,SIMULATED call-centre confirmation
LK-C02581,Test Shopper 02581,+256720431051,shopper.lk2581@example.invalid,Kampala,2003-01-16,female,2025-12-20,2026-07-28,SIMULATED call-centre confirmation
LK-C02582,Test Shopper 02582,+256720438970,shopper.lk2582@example.invalid,Gulu,2004-02-17,male,2026-07-15,2026-07-28,SIMULATED call-centre confirmation
LK-C02584,Test Shopper 02584,+256720454808,shopper.lk2584@example.invalid,Mbarara,1965-04-19,female,2026-07-15,2026-07-28,SIMULATED call-centre confirmation
LK-C02588,Test Shopper 02588,+256720486484,shopper.lk2588@example.invalid,Mbarara,1969-08-23,not_stated,2026-07-15,2026-07-28,SIMULATED call-centre confirmation
LK-C02591,Test Shopper 02591,+256720510241,shopper.lk2591@example.invalid,Jinja,1972-11-26,female,2026-07-15,2026-07-28,SIMULATED call-centre confirmation
LK-C02601,Test Shopper 02601,+256720589431,shopper.lk2601@example.invalid,Kampala,1982-09-09,female,2026-07-15,2026-07-28,SIMULATED call-centre confirmation
LK-C02605,Test Shopper 02605,+256720621107,shopper.lk2605@example.invalid,Kampala,1986-01-13,male,2025-12-20,2026-07-28,SIMULATED call-centre confirmation
LK-C02611,Test Shopper 02611,+256720668621,shopper.lk2611@example.invalid,Jinja,1992-07-19,female,2025-12-20,2026-07-28,SIMULATED call-centre confirmation
LK-C02614,Test Shopper 02614,+256720692378,shopper.lk2614@example.invalid,Gulu,1995-10-22,female,2026-07-15,2026-07-28,SIMULATED call-centre confirmation
LK-C02624,Test Shopper 02624,+256720771568,shopper.lk2624@example.invalid,Mbarara,2005-08-05,female,2026-07-15,2026-07-28,SIMULATED call-centre confirmation
LK-C02625,Test Shopper 02625,+256720779487,shopper.lk2625@example.invalid,Kampala,1965-09-06,male,2026-07-15,2026-07-28,SIMULATED call-centre confirmation
LK-C02627,Test Shopper 02627,+256720795325,shopper.lk2627@example.invalid,Jinja,1967-11-08,male,2026-07-15,2026-07-28,SIMULATED call-centre confirmation
LK-C02628,Test Shopper 02628,+256720803244,shopper.lk2628@example.invalid,Mbarara,1968-12-09,not_stated,2026-07-15,2026-07-28,SIMULATED call-centre confirmation
LK-C02636,Test Shopper 02636,+256720866596,shopper.lk2636@example.invalid,Mbarara,1976-08-17,female,2026-07-15,2026-07-28,SIMULATED call-centre confirmation
LK-C02640,Test Shopper 02640,+256720898272,shopper.lk2640@example.invalid,Mbarara,1980-12-21,male,2026-07-15,2026-07-28,SIMULATED call-centre confirmation
LK-C02653,Test Shopper 02653,+256721001219,shopper.lk2653@example.invalid,Kampala,1993-01-07,not_stated,2025-12-20,2026-07-28,SIMULATED call-centre confirmation
LK-C02665,Test Shopper 02665,+256721096247,shopper.lk2665@example.invalid,Kampala,2005-01-19,male,2025-12-20,2026-07-28,SIMULATED call-centre confirmation
LK-C02666,Test Shopper 02666,+256721104166,shopper.lk2666@example.invalid,Kampala,1965-02-20,female,2026-07-15,2026-07-28,SIMULATED call-centre confirmation
LK-C02667,Test Shopper 02667,+256721112085,shopper.lk2667@example.invalid,Jinja,1966-03-21,male,2026-07-15,2026-07-28,SIMULATED call-centre confirmation
LK-C02669,Test Shopper 02669,+256721127923,shopper.lk2669@example.invalid,Kampala,1968-05-23,female,2026-07-15,2026-07-28,SIMULATED call-centre confirmation
LK-C02679,Test Shopper 02679,+256721207113,shopper.lk2679@example.invalid,Jinja,1978-03-06,female,2026-07-15,2026-07-28,SIMULATED call-centre confirmation
LK-C02692,Test Shopper 02692,+256721310060,shopper.lk2692@example.invalid,Mbarara,1991-04-19,male,2026-07-15,2026-07-28,SIMULATED call-centre confirmation
LK-C02698,Test Shopper 02698,+256721357574,shopper.lk2698@example.invalid,Kampala,1997-10-25,not_stated,2026-07-15,2026-07-28,SIMULATED call-centre confirmation
LK-C02702,Test Shopper 02702,+256721389250,shopper.lk2702@example.invalid,Gulu,2001-02-02,male,2026-07-15,2026-07-28,SIMULATED call-centre confirmation
LK-C02705,Test Shopper 02705,+256721413007,shopper.lk2705@example.invalid,Kampala,2004-05-05,male,2026-07-15,2026-07-28,SIMULATED call-centre confirmation
LK-C02707,Test Shopper 02707,+256721428845,shopper.lk2707@example.invalid,Jinja,1965-07-07,male,2025-12-20,2026-07-28,SIMULATED call-centre confirmation
LK-C02710,Test Shopper 02710,+256721452602,shopper.lk2710@example.invalid,Gulu,1968-10-10,male,2026-07-15,2026-07-28,SIMULATED call-centre confirmation
LK-C02718,Test Shopper 02718,+256721515954,shopper.lk2718@example.invalid,Gulu,1976-06-18,not_stated,2026-07-15,2026-07-28,SIMULATED call-centre confirmation
LK-C02727,Test Shopper 02727,+256721587225,shopper.lk2727@example.invalid,Jinja,1985-03-27,male,2026-07-15,2026-07-28,SIMULATED call-centre confirmation
LK-C02729,Test Shopper 02729,+256721603063,shopper.lk2729@example.invalid,Kampala,1987-05-02,female,2026-07-15,2026-07-28,SIMULATED call-centre confirmation
LK-C02731,Test Shopper 02731,+256721618901,shopper.lk2731@example.invalid,Jinja,1989-07-04,female,2025-12-20,2026-07-28,SIMULATED call-centre confirmation
LK-C02739,Test Shopper 02739,+256721682253,shopper.lk2739@example.invalid,Jinja,1997-03-12,female,2026-07-15,2026-07-28,SIMULATED call-centre confirmation
LK-C02744,Test Shopper 02744,+256721721848,shopper.lk2744@example.invalid,Mbarara,2002-08-17,female,2026-07-15,2026-07-28,SIMULATED call-centre confirmation
LK-C02748,Test Shopper 02748,+256721753524,shopper.lk2748@example.invalid,Mbarara,1965-12-21,not_stated,2026-07-15,2026-07-28,SIMULATED call-centre confirmation
LK-C02753,Test Shopper 02753,+256721793119,shopper.lk2753@example.invalid,Kampala,1970-05-26,not_stated,2026-07-15,2026-07-28,SIMULATED call-centre confirmation
LK-C02756,Test Shopper 02756,+256721816876,shopper.lk2756@example.invalid,Mbarara,1973-08-02,female,2026-07-15,2026-07-28,SIMULATED call-centre confirmation
LK-C02757,Test Shopper 02757,+256721824795,shopper.lk2757@example.invalid,Kampala,1974-09-03,male,2026-07-15,2026-07-28,SIMULATED call-centre confirmation
LK-C02760,Test Shopper 02760,+256721848552,shopper.lk2760@example.invalid,Mbarara,1977-12-06,male,2026-07-15,2026-07-28,SIMULATED call-centre confirmation
LK-C02770,Test Shopper 02770,+256721927742,shopper.lk2770@example.invalid,Kampala,1987-10-16,male,2026-07-15,2026-07-28,SIMULATED call-centre confirmation
LK-C02776,Test Shopper 02776,+256721975256,shopper.lk2776@example.invalid,Mbarara,1993-04-22,female,2026-07-15,2026-07-28,SIMULATED call-centre confirmation
LK-C02783,Test Shopper 02783,+256722030689,shopper.lk2783@example.invalid,Jinja,2000-11-02,not_stated,2026-07-15,2026-07-28,SIMULATED call-centre confirmation
LK-C02785,Test Shopper 02785,+256722046527,shopper.lk2785@example.invalid,Kampala,2002-01-04,male,2025-12-20,2026-07-28,SIMULATED call-centre confirmation
LK-C02789,Test Shopper 02789,+256722078203,shopper.lk2789@example.invalid,Kampala,1965-05-08,female,2026-07-15,2026-07-28,SIMULATED call-centre confirmation
LK-C02791,Test Shopper 02791,+256722094041,shopper.lk2791@example.invalid,Jinja,1967-07-10,female,2025-12-20,2026-07-28,SIMULATED call-centre confirmation
LK-C02796,Test Shopper 02796,+256722133636,shopper.lk2796@example.invalid,Mbarara,1972-12-15,female,2026-07-15,2026-07-28,SIMULATED call-centre confirmation
LK-C02809,Test Shopper 02809,+256722236583,shopper.lk2809@example.invalid,Kampala,1985-01-01,female,2025-12-20,2026-07-28,SIMULATED call-centre confirmation
LK-C02813,Test Shopper 02813,+256722268259,shopper.lk2813@example.invalid,Kampala,1989-05-05,not_stated,2026-07-15,2026-07-28,SIMULATED call-centre confirmation
LK-C02814,Test Shopper 02814,+256722276178,shopper.lk2814@example.invalid,Gulu,1990-06-06,female,2026-07-15,2026-07-28,SIMULATED call-centre confirmation
LK-C02822,Test Shopper 02822,+256722339530,shopper.lk2822@example.invalid,Gulu,1998-02-14,male,2026-07-15,2026-07-28,SIMULATED call-centre confirmation
LK-C02830,Test Shopper 02830,+256722402882,shopper.lk2830@example.invalid,Gulu,1965-10-22,male,2026-07-15,2026-07-28,SIMULATED call-centre confirmation
LK-C02835,Test Shopper 02835,+256722442477,shopper.lk2835@example.invalid,Jinja,1970-03-27,male,2026-07-15,2026-07-28,SIMULATED call-centre confirmation
LK-C02839,Test Shopper 02839,+256722474153,shopper.lk2839@example.invalid,Jinja,1974-07-04,female,2025-12-20,2026-07-28,SIMULATED call-centre confirmation
LK-C02843,Test Shopper 02843,+256722505829,shopper.lk2843@example.invalid,Jinja,1978-11-08,not_stated,2026-07-15,2026-07-28,SIMULATED call-centre confirmation
LK-C02848,Test Shopper 02848,+256722545424,shopper.lk2848@example.invalid,Mbarara,1983-04-13,not_stated,2026-07-15,2026-07-28,SIMULATED call-centre confirmation
LK-C02850,Test Shopper 02850,+256722561262,shopper.lk2850@example.invalid,Kampala,1985-06-15,male,2026-07-15,2026-07-28,SIMULATED call-centre confirmation
LK-C02853,Test Shopper 02853,+256722585019,shopper.lk2853@example.invalid,Kampala,1988-09-18,not_stated,2026-07-15,2026-07-28,SIMULATED call-centre confirmation
LK-C02861,Test Shopper 02861,+256722648371,shopper.lk2861@example.invalid,Kampala,1996-05-26,female,2026-07-15,2026-07-28,SIMULATED call-centre confirmation
LK-C02871,Test Shopper 02871,+256722727561,shopper.lk2871@example.invalid,Jinja,1965-03-09,female,2026-07-15,2026-07-28,SIMULATED call-centre confirmation
LK-C02872,Test Shopper 02872,+256722735480,shopper.lk2872@example.invalid,Mbarara,1966-04-10,male,2026-07-15,2026-07-28,SIMULATED call-centre confirmation
LK-C02874,Test Shopper 02874,+256722751318,shopper.lk2874@example.invalid,Kampala,1968-06-12,female,2026-07-15,2026-07-28,SIMULATED call-centre confirmation
LK-C02882,Test Shopper 02882,+256722814670,shopper.lk2882@example.invalid,Kampala,1976-02-20,male,2026-07-15,2026-07-28,SIMULATED call-centre confirmation
LK-C02884,Test Shopper 02884,+256722830508,shopper.lk2884@example.invalid,Mbarara,1978-04-22,female,2026-07-15,2026-07-28,SIMULATED call-centre confirmation
LK-C02887,Test Shopper 02887,+256722854265,shopper.lk2887@example.invalid,Jinja,1981-07-25,male,2025-12-20,2026-07-28,SIMULATED call-centre confirmation
LK-C02900,Test Shopper 02900,+256722957212,shopper.lk2900@example.invalid,Mbarara,1994-08-11,male,2026-07-15,2026-07-28,SIMULATED call-centre confirmation
LK-C02901,Test Shopper 02901,+256722965131,shopper.lk2901@example.invalid,Kampala,1995-09-12,female,2026-07-15,2026-07-28,SIMULATED call-centre confirmation
LK-C02912,Test Shopper 02912,+256723052240,shopper.lk2912@example.invalid,Mbarara,1965-08-23,male,2026-07-15,2026-07-28,SIMULATED call-centre confirmation
LK-C02913,Test Shopper 02913,+256723060159,shopper.lk2913@example.invalid,Kampala,1966-09-24,not_stated,2026-07-15,2026-07-28,SIMULATED call-centre confirmation
LK-C02915,Test Shopper 02915,+256723075997,shopper.lk2915@example.invalid,Jinja,1968-11-26,male,2026-07-15,2026-07-28,SIMULATED call-centre confirmation
LK-C02924,Test Shopper 02924,+256723147268,shopper.lk2924@example.invalid,Mbarara,1977-08-08,female,2026-07-15,2026-07-28,SIMULATED call-centre confirmation
LK-C02925,Test Shopper 02925,+256723155187,shopper.lk2925@example.invalid,Kampala,1978-09-09,male,2026-07-15,2026-07-28,SIMULATED call-centre confirmation
LK-C02926,Test Shopper 02926,+256723163106,shopper.lk2926@example.invalid,Gulu,1979-10-10,female,2026-07-15,2026-07-28,SIMULATED call-centre confirmation
LK-C02930,Test Shopper 02930,+256723194782,shopper.lk2930@example.invalid,Kampala,1983-02-14,male,2026-07-15,2026-07-28,SIMULATED call-centre confirmation
LK-C02939,Test Shopper 02939,+256723266053,shopper.lk2939@example.invalid,Jinja,1992-11-23,female,2026-07-15,2026-07-28,SIMULATED call-centre confirmation
LK-C02946,Test Shopper 02946,+256723321486,shopper.lk2946@example.invalid,Kampala,1999-06-03,female,2026-07-15,2026-07-28,SIMULATED call-centre confirmation
LK-C02952,Test Shopper 02952,+256723369000,shopper.lk2952@example.invalid,Mbarara,2005-12-09,male,2026-07-15,2026-07-28,SIMULATED call-centre confirmation
LK-C02953,Test Shopper 02953,+256723376919,shopper.lk2953@example.invalid,Kampala,1965-01-10,not_stated,2025-12-20,2026-07-28,SIMULATED call-centre confirmation
LK-C02959,Test Shopper 02959,+256723424433,shopper.lk2959@example.invalid,Jinja,1971-07-16,female,2025-12-20,2026-07-28,SIMULATED call-centre confirmation
LK-C02961,Test Shopper 02961,+256723440271,shopper.lk2961@example.invalid,Kampala,1973-09-18,female,2026-07-15,2026-07-28,SIMULATED call-centre confirmation
LK-C02965,Test Shopper 02965,+256723471947,shopper.lk2965@example.invalid,Kampala,1977-01-22,male,2025-12-20,2026-07-28,SIMULATED call-centre confirmation
LK-C02968,Test Shopper 02968,+256723495704,shopper.lk2968@example.invalid,Mbarara,1980-04-25,not_stated,2026-07-15,2026-07-28,SIMULATED call-centre confirmation
LK-C02977,Test Shopper 02977,+256723566975,shopper.lk2977@example.invalid,Kampala,1989-01-07,male,2025-12-20,2026-07-28,SIMULATED call-centre confirmation
LK-C02978,Test Shopper 02978,+256723574894,shopper.lk2978@example.invalid,Kampala,1990-02-08,not_stated,2026-07-15,2026-07-28,SIMULATED call-centre confirmation
LK-C02988,Test Shopper 02988,+256723654084,shopper.lk2988@example.invalid,Mbarara,2000-12-18,not_stated,2026-07-15,2026-07-28,SIMULATED call-centre confirmation
LK-C02991,Test Shopper 02991,+256723677841,shopper.lk2991@example.invalid,Jinja,2003-03-21,female,2026-07-15,2026-07-28,SIMULATED call-centre confirmation
LK-C02994,Test Shopper 02994,+256723701598,shopper.lk2994@example.invalid,Kampala,1965-06-24,female,2026-07-15,2026-07-28,SIMULATED call-centre confirmation
LK-C02998,Test Shopper 02998,+256723733274,shopper.lk2998@example.invalid,Gulu,1969-10-01,not_stated,2026-07-15,2026-07-28,SIMULATED call-centre confirmation
LK-C03004,Test Shopper 03004,+256723780788,shopper.lk3004@example.invalid,Mbarara,1975-04-07,female,2026-07-15,2026-07-28,SIMULATED call-centre confirmation
LK-C03008,Test Shopper 03008,+256723812464,shopper.lk3008@example.invalid,Mbarara,1979-08-11,not_stated,2026-07-15,2026-07-28,SIMULATED call-centre confirmation
LK-C03011,Test Shopper 03011,+256723836221,shopper.lk3011@example.invalid,Jinja,1982-11-14,female,2026-07-15,2026-07-28,SIMULATED call-centre confirmation
LK-C03017,Test Shopper 03017,+256723883735,shopper.lk3017@example.invalid,Kampala,1988-05-20,male,2026-07-15,2026-07-28,SIMULATED call-centre confirmation
LK-C03030,Test Shopper 03030,+256723986682,shopper.lk3030@example.invalid,Gulu,2001-06-06,male,2026-07-15,2026-07-28,SIMULATED call-centre confirmation
LK-C03035,Test Shopper 03035,+256724026277,shopper.lk3035@example.invalid,Jinja,1965-11-11,male,2026-07-15,2026-07-28,SIMULATED call-centre confirmation
LK-C03039,Test Shopper 03039,+256724057953,shopper.lk3039@example.invalid,Jinja,1969-03-15,female,2026-07-15,2026-07-28,SIMULATED call-centre confirmation
LK-C03043,Test Shopper 03043,+256724089629,shopper.lk3043@example.invalid,Jinja,1973-07-19,not_stated,2025-12-20,2026-07-28,SIMULATED call-centre confirmation
LK-C03046,Test Shopper 03046,+256724113386,shopper.lk3046@example.invalid,Gulu,1976-10-22,female,2026-07-15,2026-07-28,SIMULATED call-centre confirmation
LK-C03054,Test Shopper 03054,+256724176738,shopper.lk3054@example.invalid,Gulu,1984-06-03,female,2026-07-15,2026-07-28,SIMULATED call-centre confirmation
LK-C03056,Test Shopper 03056,+256724192576,shopper.lk3056@example.invalid,Mbarara,1986-08-05,female,2026-07-15,2026-07-28,SIMULATED call-centre confirmation
LK-C03069,Test Shopper 03069,+256724295523,shopper.lk3069@example.invalid,Kampala,1999-09-18,female,2026-07-15,2026-07-28,SIMULATED call-centre confirmation
LK-C03070,Test Shopper 03070,+256724303442,shopper.lk3070@example.invalid,Gulu,2000-10-19,male,2026-07-15,2026-07-28,SIMULATED call-centre confirmation
LK-C03072,Test Shopper 03072,+256724319280,shopper.lk3072@example.invalid,Mbarara,2002-12-21,male,2026-07-15,2026-07-28,SIMULATED call-centre confirmation
LK-C03075,Test Shopper 03075,+256724343037,shopper.lk3075@example.invalid,Jinja,2005-03-24,male,2026-07-15,2026-07-28,SIMULATED call-centre confirmation
LK-C03076,Test Shopper 03076,+256724350956,shopper.lk3076@example.invalid,Mbarara,1965-04-25,female,2026-07-15,2026-07-28,SIMULATED call-centre confirmation
LK-C03082,Test Shopper 03082,+256724398470,shopper.lk3082@example.invalid,Kampala,1971-10-04,male,2026-07-15,2026-07-28,SIMULATED call-centre confirmation
LK-C03095,Test Shopper 03095,+256724501417,shopper.lk3095@example.invalid,Jinja,1984-11-17,male,2026-07-15,2026-07-28,SIMULATED call-centre confirmation
LK-C03097,Test Shopper 03097,+256724517255,shopper.lk3097@example.invalid,Kampala,1986-01-19,male,2025-12-20,2026-07-28,SIMULATED call-centre confirmation
LK-C03101,Test Shopper 03101,+256724548931,shopper.lk3101@example.invalid,Kampala,1990-05-23,female,2026-07-15,2026-07-28,SIMULATED call-centre confirmation
LK-C03104,Test Shopper 03104,+256724572688,shopper.lk3104@example.invalid,Mbarara,1993-08-26,female,2026-07-15,2026-07-28,SIMULATED call-centre confirmation
LK-C03108,Test Shopper 03108,+256724604364,shopper.lk3108@example.invalid,Mbarara,1997-12-03,not_stated,2026-07-15,2026-07-28,SIMULATED call-centre confirmation
LK-C03109,Test Shopper 03109,+256724612283,shopper.lk3109@example.invalid,Kampala,1998-01-04,female,2025-12-20,2026-07-28,SIMULATED call-centre confirmation
LK-C03117,Test Shopper 03117,+256724675635,shopper.lk3117@example.invalid,Kampala,1965-09-12,male,2026-07-15,2026-07-28,SIMULATED call-centre confirmation
LK-C03121,Test Shopper 03121,+256724707311,shopper.lk3121@example.invalid,Kampala,1969-01-16,female,2025-12-20,2026-07-28,SIMULATED call-centre confirmation
LK-C03132,Test Shopper 03132,+256724794420,shopper.lk3132@example.invalid,Mbarara,1980-12-27,male,2026-07-15,2026-07-28,SIMULATED call-centre confirmation
LK-C03133,Test Shopper 03133,+256724802339,shopper.lk3133@example.invalid,Kampala,1981-01-01,not_stated,2025-12-20,2026-07-28,SIMULATED call-centre confirmation
LK-C03134,Test Shopper 03134,+256724810258,shopper.lk3134@example.invalid,Gulu,1982-02-02,female,2026-07-15,2026-07-28,SIMULATED call-centre confirmation
LK-C03140,Test Shopper 03140,+256724857772,shopper.lk3140@example.invalid,Mbarara,1988-08-08,male,2026-07-15,2026-07-28,SIMULATED call-centre confirmation
LK-C03146,Test Shopper 03146,+256724905286,shopper.lk3146@example.invalid,Kampala,1994-02-14,female,2026-07-15,2026-07-28,SIMULATED call-centre confirmation
LK-C03147,Test Shopper 03147,+256724913205,shopper.lk3147@example.invalid,Jinja,1995-03-15,male,2026-07-15,2026-07-28,SIMULATED call-centre confirmation
LK-C03158,Test Shopper 03158,+256725000314,shopper.lk3158@example.invalid,Gulu,1965-02-26,not_stated,2026-07-15,2026-07-28,SIMULATED call-centre confirmation
LK-C03160,Test Shopper 03160,+256725016152,shopper.lk3160@example.invalid,Mbarara,1967-04-01,male,2026-07-15,2026-07-28,SIMULATED call-centre confirmation
LK-C03162,Test Shopper 03162,+256725031990,shopper.lk3162@example.invalid,Kampala,1969-06-03,male,2026-07-15,2026-07-28,SIMULATED call-centre confirmation
LK-C03163,Test Shopper 03163,+256725039909,shopper.lk3163@example.invalid,Jinja,1970-07-04,not_stated,2025-12-20,2026-07-28,SIMULATED call-centre confirmation
LK-C03173,Test Shopper 03173,+256725119099,shopper.lk3173@example.invalid,Kampala,1980-05-14,not_stated,2026-07-15,2026-07-28,SIMULATED call-centre confirmation
LK-C03183,Test Shopper 03183,+256725198289,shopper.lk3183@example.invalid,Jinja,1990-03-24,not_stated,2026-07-15,2026-07-28,SIMULATED call-centre confirmation
LK-C03186,Test Shopper 03186,+256725222046,shopper.lk3186@example.invalid,Kampala,1993-06-27,female,2026-07-15,2026-07-28,SIMULATED call-centre confirmation
LK-C03191,Test Shopper 03191,+256725261641,shopper.lk3191@example.invalid,Jinja,1998-11-05,female,2026-07-15,2026-07-28,SIMULATED call-centre confirmation
LK-C03194,Test Shopper 03194,+256725285398,shopper.lk3194@example.invalid,Kampala,2001-02-08,female,2026-07-15,2026-07-28,SIMULATED call-centre confirmation
LK-C03199,Test Shopper 03199,+256725324993,shopper.lk3199@example.invalid,Jinja,1965-07-13,female,2025-12-20,2026-07-28,SIMULATED call-centre confirmation
LK-C03212,Test Shopper 03212,+256725427940,shopper.lk3212@example.invalid,Mbarara,1978-08-26,male,2026-07-15,2026-07-28,SIMULATED call-centre confirmation
LK-C03220,Test Shopper 03220,+256725491292,shopper.lk3220@example.invalid,Mbarara,1986-04-07,male,2026-07-15,2026-07-28,SIMULATED call-centre confirmation
LK-C03225,Test Shopper 03225,+256725530887,shopper.lk3225@example.invalid,Kampala,1991-09-12,male,2026-07-15,2026-07-28,SIMULATED call-centre confirmation
LK-C03226,Test Shopper 03226,+256725538806,shopper.lk3226@example.invalid,Kampala,1992-10-13,female,2026-07-15,2026-07-28,SIMULATED call-centre confirmation
LK-C03238,Test Shopper 03238,+256725633834,shopper.lk3238@example.invalid,Gulu,2004-10-25,not_stated,2026-07-15,2026-07-28,SIMULATED call-centre confirmation
LK-C03240,Test Shopper 03240,+256725649672,shopper.lk3240@example.invalid,Mbarara,1965-12-27,male,2026-07-15,2026-07-28,SIMULATED call-centre confirmation
LK-C03249,Test Shopper 03249,+256725720943,shopper.lk3249@example.invalid,Kampala,1974-09-09,female,2026-07-15,2026-07-28,SIMULATED call-centre confirmation
LK-C03251,Test Shopper 03251,+256725736781,shopper.lk3251@example.invalid,Jinja,1976-11-11,female,2026-07-15,2026-07-28,SIMULATED call-centre confirmation
LK-C03256,Test Shopper 03256,+256725776376,shopper.lk3256@example.invalid,Mbarara,1981-04-16,female,2026-07-15,2026-07-28,SIMULATED call-centre confirmation
LK-C03257,Test Shopper 03257,+256725784295,shopper.lk3257@example.invalid,Kampala,1982-05-17,male,2026-07-15,2026-07-28,SIMULATED call-centre confirmation
LK-C03264,Test Shopper 03264,+256725839728,shopper.lk3264@example.invalid,Mbarara,1989-12-24,female,2026-07-15,2026-07-28,SIMULATED call-centre confirmation
LK-C03269,Test Shopper 03269,+256725879323,shopper.lk3269@example.invalid,Kampala,1994-05-02,female,2026-07-15,2026-07-28,SIMULATED call-centre confirmation
LK-C03277,Test Shopper 03277,+256725942675,shopper.lk3277@example.invalid,Kampala,2002-01-10,male,2025-12-20,2026-07-28,SIMULATED call-centre confirmation
LK-C03278,Test Shopper 03278,+256725950594,shopper.lk3278@example.invalid,Gulu,2003-02-11,not_stated,2026-07-15,2026-07-28,SIMULATED call-centre confirmation
LK-C03281,Test Shopper 03281,+256725974351,shopper.lk3281@example.invalid,Kampala,1965-05-14,female,2026-07-15,2026-07-28,SIMULATED call-centre confirmation
LK-C03287,Test Shopper 03287,+256726021865,shopper.lk3287@example.invalid,Jinja,1971-11-20,male,2026-07-15,2026-07-28,SIMULATED call-centre confirmation
LK-C03290,Test Shopper 03290,+256726045622,shopper.lk3290@example.invalid,Kampala,1974-02-23,male,2026-07-15,2026-07-28,SIMULATED call-centre confirmation
LK-C03294,Test Shopper 03294,+256726077298,shopper.lk3294@example.invalid,Gulu,1978-06-27,female,2026-07-15,2026-07-28,SIMULATED call-centre confirmation
LK-C03303,Test Shopper 03303,+256726148569,shopper.lk3303@example.invalid,Jinja,1987-03-09,not_stated,2026-07-15,2026-07-28,SIMULATED call-centre confirmation
LK-C03307,Test Shopper 03307,+256726180245,shopper.lk3307@example.invalid,Jinja,1991-07-13,male,2025-12-20,2026-07-28,SIMULATED call-centre confirmation
LK-C03312,Test Shopper 03312,+256726219840,shopper.lk3312@example.invalid,Mbarara,1996-12-18,male,2026-07-15,2026-07-28,SIMULATED call-centre confirmation
LK-C03316,Test Shopper 03316,+256726251516,shopper.lk3316@example.invalid,Mbarara,2000-04-22,female,2026-07-15,2026-07-28,SIMULATED call-centre confirmation
LK-C03318,Test Shopper 03318,+256726267354,shopper.lk3318@example.invalid,Gulu,2002-06-24,not_stated,2026-07-15,2026-07-28,SIMULATED call-centre confirmation
LK-C03322,Test Shopper 03322,+256726299030,shopper.lk3322@example.invalid,Kampala,1965-10-01,male,2026-07-15,2026-07-28,SIMULATED call-centre confirmation
LK-C03329,Test Shopper 03329,+256726354463,shopper.lk3329@example.invalid,Kampala,1972-05-08,female,2026-07-15,2026-07-28,SIMULATED call-centre confirmation
LK-C03331,Test Shopper 03331,+256726370301,shopper.lk3331@example.invalid,Jinja,1974-07-10,female,2025-12-20,2026-07-28,SIMULATED call-centre confirmation
LK-C03336,Test Shopper 03336,+256726409896,shopper.lk3336@example.invalid,Mbarara,1979-12-15,female,2026-07-15,2026-07-28,SIMULATED call-centre confirmation
LK-C03342,Test Shopper 03342,+256726457410,shopper.lk3342@example.invalid,Gulu,1985-06-21,male,2026-07-15,2026-07-28,SIMULATED call-centre confirmation
LK-C03349,Test Shopper 03349,+256726512843,shopper.lk3349@example.invalid,Kampala,1992-01-01,female,2025-12-20,2026-07-28,SIMULATED call-centre confirmation
LK-C03355,Test Shopper 03355,+256726560357,shopper.lk3355@example.invalid,Jinja,1998-07-07,male,2025-12-20,2026-07-28,SIMULATED call-centre confirmation
LK-C03363,Test Shopper 03363,+256726623709,shopper.lk3363@example.invalid,Jinja,1965-03-15,not_stated,2026-07-15,2026-07-28,SIMULATED call-centre confirmation
LK-C03365,Test Shopper 03365,+256726639547,shopper.lk3365@example.invalid,Kampala,1967-05-17,male,2026-07-15,2026-07-28,SIMULATED call-centre confirmation
LK-C03368,Test Shopper 03368,+256726663304,shopper.lk3368@example.invalid,Mbarara,1970-08-20,not_stated,2026-07-15,2026-07-28,SIMULATED call-centre confirmation
LK-C03380,Test Shopper 03380,+256726758332,shopper.lk3380@example.invalid,Mbarara,1982-08-05,male,2026-07-15,2026-07-28,SIMULATED call-centre confirmation
LK-C03381,Test Shopper 03381,+256726766251,shopper.lk3381@example.invalid,Kampala,1983-09-06,female,2026-07-15,2026-07-28,SIMULATED call-centre confirmation
LK-C03394,Test Shopper 03394,+256726869198,shopper.lk3394@example.invalid,Kampala,1996-10-19,female,2026-07-15,2026-07-28,SIMULATED call-centre confirmation
LK-C03398,Test Shopper 03398,+256726900874,shopper.lk3398@example.invalid,Gulu,2000-02-23,not_stated,2026-07-15,2026-07-28,SIMULATED call-centre confirmation
LK-C03404,Test Shopper 03404,+256726948388,shopper.lk3404@example.invalid,Mbarara,1965-08-02,female,2026-07-15,2026-07-28,SIMULATED call-centre confirmation
LK-C03405,Test Shopper 03405,+256726956307,shopper.lk3405@example.invalid,Kampala,1966-09-03,male,2026-07-15,2026-07-28,SIMULATED call-centre confirmation
LK-C03407,Test Shopper 03407,+256726972145,shopper.lk3407@example.invalid,Jinja,1968-11-05,male,2026-07-15,2026-07-28,SIMULATED call-centre confirmation
LK-C03411,Test Shopper 03411,+256727003821,shopper.lk3411@example.invalid,Jinja,1972-03-09,female,2026-07-15,2026-07-28,SIMULATED call-centre confirmation
LK-C03420,Test Shopper 03420,+256727075092,shopper.lk3420@example.invalid,Mbarara,1981-12-18,male,2026-07-15,2026-07-28,SIMULATED call-centre confirmation
LK-C03423,Test Shopper 03423,+256727098849,shopper.lk3423@example.invalid,Jinja,1984-03-21,not_stated,2026-07-15,2026-07-28,SIMULATED call-centre confirmation
LK-C03433,Test Shopper 03433,+256727178039,shopper.lk3433@example.invalid,Kampala,1994-01-04,not_stated,2025-12-20,2026-07-28,SIMULATED call-centre confirmation
LK-C03441,Test Shopper 03441,+256727241391,shopper.lk3441@example.invalid,Kampala,2002-09-12,female,2026-07-15,2026-07-28,SIMULATED call-centre confirmation
LK-C03442,Test Shopper 03442,+256727249310,shopper.lk3442@example.invalid,Kampala,2003-10-13,male,2026-07-15,2026-07-28,SIMULATED call-centre confirmation
LK-C03445,Test Shopper 03445,+256727273067,shopper.lk3445@example.invalid,Kampala,1965-01-16,male,2025-12-20,2026-07-28,SIMULATED call-centre confirmation
LK-C03446,Test Shopper 03446,+256727280986,shopper.lk3446@example.invalid,Gulu,1966-02-17,female,2026-07-15,2026-07-28,SIMULATED call-centre confirmation
LK-C03452,Test Shopper 03452,+256727328500,shopper.lk3452@example.invalid,Mbarara,1972-08-23,male,2026-07-15,2026-07-28,SIMULATED call-centre confirmation
LK-C03459,Test Shopper 03459,+256727383933,shopper.lk3459@example.invalid,Jinja,1979-03-03,female,2026-07-15,2026-07-28,SIMULATED call-centre confirmation
LK-C03472,Test Shopper 03472,+256727486880,shopper.lk3472@example.invalid,Mbarara,1992-04-16,male,2026-07-15,2026-07-28,SIMULATED call-centre confirmation
LK-C03473,Test Shopper 03473,+256727494799,shopper.lk3473@example.invalid,Kampala,1993-05-17,not_stated,2026-07-15,2026-07-28,SIMULATED call-centre confirmation
LK-C03479,Test Shopper 03479,+256727542313,shopper.lk3479@example.invalid,Jinja,1999-11-23,female,2026-07-15,2026-07-28,SIMULATED call-centre confirmation
LK-C03481,Test Shopper 03481,+256727558151,shopper.lk3481@example.invalid,Kampala,2001-01-25,female,2025-12-20,2026-07-28,SIMULATED call-centre confirmation
LK-C03484,Test Shopper 03484,+256727581908,shopper.lk3484@example.invalid,Mbarara,2004-04-01,female,2026-07-15,2026-07-28,SIMULATED call-centre confirmation
LK-C03485,Test Shopper 03485,+256727589827,shopper.lk3485@example.invalid,Kampala,2005-05-02,male,2026-07-15,2026-07-28,SIMULATED call-centre confirmation
LK-C03486,Test Shopper 03486,+256727597746,shopper.lk3486@example.invalid,Gulu,1965-06-03,female,2026-07-15,2026-07-28,SIMULATED call-centre confirmation
LK-C03498,Test Shopper 03498,+256727692774,shopper.lk3498@example.invalid,Kampala,1977-06-15,not_stated,2026-07-15,2026-07-28,SIMULATED call-centre confirmation
LK-C03504,Test Shopper 03504,+256727740288,shopper.lk3504@example.invalid,Mbarara,1983-12-21,female,2026-07-15,2026-07-28,SIMULATED call-centre confirmation
LK-C03510,Test Shopper 03510,+256727787802,shopper.lk3510@example.invalid,Gulu,1989-06-27,male,2026-07-15,2026-07-28,SIMULATED call-centre confirmation
LK-C03511,Test Shopper 03511,+256727795721,shopper.lk3511@example.invalid,Jinja,1990-07-01,female,2025-12-20,2026-07-28,SIMULATED call-centre confirmation
LK-C03516,Test Shopper 03516,+256727835316,shopper.lk3516@example.invalid,Mbarara,1995-12-06,female,2026-07-15,2026-07-28,SIMULATED call-centre confirmation
LK-C03524,Test Shopper 03524,+256727898668,shopper.lk3524@example.invalid,Mbarara,2003-08-14,female,2026-07-15,2026-07-28,SIMULATED call-centre confirmation
LK-C03527,Test Shopper 03527,+256727922425,shopper.lk3527@example.invalid,Jinja,1965-11-17,male,2026-07-15,2026-07-28,SIMULATED call-centre confirmation
LK-C03535,Test Shopper 03535,+256727985777,shopper.lk3535@example.invalid,Jinja,1973-07-25,male,2025-12-20,2026-07-28,SIMULATED call-centre confirmation
LK-C03537,Test Shopper 03537,+256728001615,shopper.lk3537@example.invalid,Kampala,1975-09-27,male,2026-07-15,2026-07-28,SIMULATED call-centre confirmation
LK-C03539,Test Shopper 03539,+256728017453,shopper.lk3539@example.invalid,Jinja,1977-11-02,female,2026-07-15,2026-07-28,SIMULATED call-centre confirmation
LK-C03550,Test Shopper 03550,+256728104562,shopper.lk3550@example.invalid,Gulu,1988-10-13,male,2026-07-15,2026-07-28,SIMULATED call-centre confirmation
LK-C03553,Test Shopper 03553,+256728128319,shopper.lk3553@example.invalid,Kampala,1991-01-16,not_stated,2025-12-20,2026-07-28,SIMULATED call-centre confirmation
LK-C03563,Test Shopper 03563,+256728207509,shopper.lk3563@example.invalid,Jinja,2001-11-26,not_stated,2026-07-15,2026-07-28,SIMULATED call-centre confirmation
LK-C03566,Test Shopper 03566,+256728231266,shopper.lk3566@example.invalid,Gulu,2004-02-02,female,2026-07-15,2026-07-28,SIMULATED call-centre confirmation
LK-C03568,Test Shopper 03568,+256728247104,shopper.lk3568@example.invalid,Mbarara,1965-04-04,not_stated,2026-07-15,2026-07-28,SIMULATED call-centre confirmation
LK-C03570,Test Shopper 03570,+256728262942,shopper.lk3570@example.invalid,Kampala,1967-06-06,male,2026-07-15,2026-07-28,SIMULATED call-centre confirmation
LK-C03576,Test Shopper 03576,+256728310456,shopper.lk3576@example.invalid,Mbarara,1973-12-12,female,2026-07-15,2026-07-28,SIMULATED call-centre confirmation
LK-C03589,Test Shopper 03589,+256728413403,shopper.lk3589@example.invalid,Kampala,1986-01-25,female,2025-12-20,2026-07-28,SIMULATED call-centre confirmation
LK-C03590,Test Shopper 03590,+256728421322,shopper.lk3590@example.invalid,Gulu,1987-02-26,male,2026-07-15,2026-07-28,SIMULATED call-centre confirmation
LK-C03597,Test Shopper 03597,+256728476755,shopper.lk3597@example.invalid,Kampala,1994-09-06,male,2026-07-15,2026-07-28,SIMULATED call-centre confirmation
LK-C03602,Test Shopper 03602,+256728516350,shopper.lk3602@example.invalid,Kampala,1999-02-11,male,2026-07-15,2026-07-28,SIMULATED call-centre confirmation
LK-C03609,Test Shopper 03609,+256728571783,shopper.lk3609@example.invalid,Kampala,1965-09-18,female,2026-07-15,2026-07-28,SIMULATED call-centre confirmation
LK-C03613,Test Shopper 03613,+256728603459,shopper.lk3613@example.invalid,Kampala,1969-01-22,not_stated,2025-12-20,2026-07-28,SIMULATED call-centre confirmation
LK-C03615,Test Shopper 03615,+256728619297,shopper.lk3615@example.invalid,Jinja,1971-03-24,male,2026-07-15,2026-07-28,SIMULATED call-centre confirmation
LK-C03626,Test Shopper 03626,+256728706406,shopper.lk3626@example.invalid,Kampala,1982-02-08,female,2026-07-15,2026-07-28,SIMULATED call-centre confirmation
LK-C03627,Test Shopper 03627,+256728714325,shopper.lk3627@example.invalid,Jinja,1983-03-09,male,2026-07-15,2026-07-28,SIMULATED call-centre confirmation
LK-C03628,Test Shopper 03628,+256728722244,shopper.lk3628@example.invalid,Mbarara,1984-04-10,not_stated,2026-07-15,2026-07-28,SIMULATED call-centre confirmation
LK-C03641,Test Shopper 03641,+256728825191,shopper.lk3641@example.invalid,Kampala,1997-05-23,female,2026-07-15,2026-07-28,SIMULATED call-centre confirmation
LK-C03650,Test Shopper 03650,+256728896462,shopper.lk3650@example.invalid,Kampala,1965-02-05,male,2026-07-15,2026-07-28,SIMULATED call-centre confirmation
LK-C03654,Test Shopper 03654,+256728928138,shopper.lk3654@example.invalid,Gulu,1969-06-09,female,2026-07-15,2026-07-28,SIMULATED call-centre confirmation
LK-C03655,Test Shopper 03655,+256728936057,shopper.lk3655@example.invalid,Jinja,1970-07-10,male,2025-12-20,2026-07-28,SIMULATED call-centre confirmation
LK-C03656,Test Shopper 03656,+256728943976,shopper.lk3656@example.invalid,Mbarara,1971-08-11,female,2026-07-15,2026-07-28,SIMULATED call-centre confirmation
LK-C03659,Test Shopper 03659,+256728967733,shopper.lk3659@example.invalid,Jinja,1974-11-14,female,2026-07-15,2026-07-28,SIMULATED call-centre confirmation
LK-C03664,Test Shopper 03664,+256729007328,shopper.lk3664@example.invalid,Mbarara,1979-04-19,female,2026-07-15,2026-07-28,SIMULATED call-centre confirmation
LK-C03667,Test Shopper 03667,+256729031085,shopper.lk3667@example.invalid,Jinja,1982-07-22,male,2025-12-20,2026-07-28,SIMULATED call-centre confirmation
LK-C03680,Test Shopper 03680,+256729134032,shopper.lk3680@example.invalid,Mbarara,1995-08-08,male,2026-07-15,2026-07-28,SIMULATED call-centre confirmation
LK-C03684,Test Shopper 03684,+256729165708,shopper.lk3684@example.invalid,Mbarara,1999-12-12,female,2026-07-15,2026-07-28,SIMULATED call-centre confirmation
LK-C03690,Test Shopper 03690,+256729213222,shopper.lk3690@example.invalid,Kampala,2005-06-18,male,2026-07-15,2026-07-28,SIMULATED call-centre confirmation
LK-C03691,Test Shopper 03691,+256729221141,shopper.lk3691@example.invalid,Jinja,1965-07-19,female,2025-12-20,2026-07-28,SIMULATED call-centre confirmation
LK-C03693,Test Shopper 03693,+256729236979,shopper.lk3693@example.invalid,Kampala,1967-09-21,not_stated,2026-07-15,2026-07-28,SIMULATED call-centre confirmation
LK-C03699,Test Shopper 03699,+256729284493,shopper.lk3699@example.invalid,Jinja,1973-03-27,female,2026-07-15,2026-07-28,SIMULATED call-centre confirmation
LK-C03701,Test Shopper 03701,+256729300331,shopper.lk3701@example.invalid,Kampala,1975-05-02,female,2026-07-15,2026-07-28,SIMULATED call-centre confirmation
LK-C03706,Test Shopper 03706,+256729339926,shopper.lk3706@example.invalid,Kampala,1980-10-07,female,2026-07-15,2026-07-28,SIMULATED call-centre confirmation
LK-C03713,Test Shopper 03713,+256729395359,shopper.lk3713@example.invalid,Kampala,1987-05-14,not_stated,2026-07-15,2026-07-28,SIMULATED call-centre confirmation
LK-C03719,Test Shopper 03719,+256729442873,shopper.lk3719@example.invalid,Jinja,1993-11-20,female,2026-07-15,2026-07-28,SIMULATED call-centre confirmation
LK-C03721,Test Shopper 03721,+256729458711,shopper.lk3721@example.invalid,Kampala,1995-01-22,female,2025-12-20,2026-07-28,SIMULATED call-centre confirmation
LK-C03732,Test Shopper 03732,+256729545820,shopper.lk3732@example.invalid,Mbarara,1965-12-06,male,2026-07-15,2026-07-28,SIMULATED call-centre confirmation
LK-C03738,Test Shopper 03738,+256729593334,shopper.lk3738@example.invalid,Kampala,1971-06-12,not_stated,2026-07-15,2026-07-28,SIMULATED call-centre confirmation
LK-C03742,Test Shopper 03742,+256729625010,shopper.lk3742@example.invalid,Gulu,1975-10-16,male,2026-07-15,2026-07-28,SIMULATED call-centre confirmation
LK-C03745,Test Shopper 03745,+256729648767,shopper.lk3745@example.invalid,Kampala,1978-01-19,male,2025-12-20,2026-07-28,SIMULATED call-centre confirmation
LK-C03752,Test Shopper 03752,+256729704200,shopper.lk3752@example.invalid,Mbarara,1985-08-26,male,2026-07-15,2026-07-28,SIMULATED call-centre confirmation
LK-C03758,Test Shopper 03758,+256729751714,shopper.lk3758@example.invalid,Gulu,1991-02-05,not_stated,2026-07-15,2026-07-28,SIMULATED call-centre confirmation
LK-C03771,Test Shopper 03771,+256729854661,shopper.lk3771@example.invalid,Jinja,2004-03-18,female,2026-07-15,2026-07-28,SIMULATED call-centre confirmation
LK-C03773,Test Shopper 03773,+256729870499,shopper.lk3773@example.invalid,Kampala,1965-05-20,not_stated,2026-07-15,2026-07-28,SIMULATED call-centre confirmation
LK-C03775,Test Shopper 03775,+256729886337,shopper.lk3775@example.invalid,Jinja,1967-07-22,male,2025-12-20,2026-07-28,SIMULATED call-centre confirmation
LK-C03783,Test Shopper 03783,+256729949689,shopper.lk3783@example.invalid,Jinja,1975-03-03,not_stated,2026-07-15,2026-07-28,SIMULATED call-centre confirmation
LK-C03784,Test Shopper 03784,+256729957608,shopper.lk3784@example.invalid,Mbarara,1976-04-04,female,2026-07-15,2026-07-28,SIMULATED call-centre confirmation
LK-C03785,Test Shopper 03785,+256729965527,shopper.lk3785@example.invalid,Kampala,1977-05-05,male,2026-07-15,2026-07-28,SIMULATED call-centre confirmation
LK-C03797,Test Shopper 03797,+256730060555,shopper.lk3797@example.invalid,Kampala,1989-05-17,male,2026-07-15,2026-07-28,SIMULATED call-centre confirmation
LK-C03800,Test Shopper 03800,+256730084312,shopper.lk3800@example.invalid,Mbarara,1992-08-20,male,2026-07-15,2026-07-28,SIMULATED call-centre confirmation
LK-C03810,Test Shopper 03810,+256730163502,shopper.lk3810@example.invalid,Kampala,2002-06-03,male,2026-07-15,2026-07-28,SIMULATED call-centre confirmation
LK-C03812,Test Shopper 03812,+256730179340,shopper.lk3812@example.invalid,Mbarara,2004-08-05,male,2026-07-15,2026-07-28,SIMULATED call-centre confirmation
LK-C03814,Test Shopper 03814,+256730195178,shopper.lk3814@example.invalid,Gulu,1965-10-07,female,2026-07-15,2026-07-28,SIMULATED call-centre confirmation
LK-C03823,Test Shopper 03823,+256730266449,shopper.lk3823@example.invalid,Jinja,1974-07-16,not_stated,2025-12-20,2026-07-28,SIMULATED call-centre confirmation
LK-C03828,Test Shopper 03828,+256730306044,shopper.lk3828@example.invalid,Mbarara,1979-12-21,not_stated,2026-07-15,2026-07-28,SIMULATED call-centre confirmation
LK-C03829,Test Shopper 03829,+256730313963,shopper.lk3829@example.invalid,Kampala,1980-01-22,female,2025-12-20,2026-07-28,SIMULATED call-centre confirmation
LK-C03836,Test Shopper 03836,+256730369396,shopper.lk3836@example.invalid,Mbarara,1987-08-02,female,2026-07-15,2026-07-28,SIMULATED call-centre confirmation
LK-C03845,Test Shopper 03845,+256730440667,shopper.lk3845@example.invalid,Kampala,1996-05-11,male,2026-07-15,2026-07-28,SIMULATED call-centre confirmation
LK-C03849,Test Shopper 03849,+256730472343,shopper.lk3849@example.invalid,Kampala,2000-09-15,female,2026-07-15,2026-07-28,SIMULATED call-centre confirmation
LK-C03855,Test Shopper 03855,+256730519857,shopper.lk3855@example.invalid,Jinja,1965-03-21,male,2026-07-15,2026-07-28,SIMULATED call-centre confirmation
LK-C03858,Test Shopper 03858,+256730543614,shopper.lk3858@example.invalid,Kampala,1968-06-24,not_stated,2026-07-15,2026-07-28,SIMULATED call-centre confirmation
LK-C03862,Test Shopper 03862,+256730575290,shopper.lk3862@example.invalid,Gulu,1972-10-01,male,2026-07-15,2026-07-28,SIMULATED call-centre confirmation
LK-C03871,Test Shopper 03871,+256730646561,shopper.lk3871@example.invalid,Jinja,1981-07-10,female,2025-12-20,2026-07-28,SIMULATED call-centre confirmation
LK-C03875,Test Shopper 03875,+256730678237,shopper.lk3875@example.invalid,Jinja,1985-11-14,male,2026-07-15,2026-07-28,SIMULATED call-centre confirmation
LK-C03876,Test Shopper 03876,+256730686156,shopper.lk3876@example.invalid,Mbarara,1986-12-15,female,2026-07-15,2026-07-28,SIMULATED call-centre confirmation
LK-C03886,Test Shopper 03886,+256730765346,shopper.lk3886@example.invalid,Gulu,1996-10-25,female,2026-07-15,2026-07-28,SIMULATED call-centre confirmation
LK-C03887,Test Shopper 03887,+256730773265,shopper.lk3887@example.invalid,Jinja,1997-11-26,male,2026-07-15,2026-07-28,SIMULATED call-centre confirmation
LK-C03888,Test Shopper 03888,+256730781184,shopper.lk3888@example.invalid,Mbarara,1998-12-27,not_stated,2026-07-15,2026-07-28,SIMULATED call-centre confirmation
LK-C03896,Test Shopper 03896,+256730844536,shopper.lk3896@example.invalid,Mbarara,1965-08-08,female,2026-07-15,2026-07-28,SIMULATED call-centre confirmation
LK-C03901,Test Shopper 03901,+256730884131,shopper.lk3901@example.invalid,Kampala,1970-01-13,female,2025-12-20,2026-07-28,SIMULATED call-centre confirmation
LK-C03907,Test Shopper 03907,+256730931645,shopper.lk3907@example.invalid,Jinja,1976-07-19,male,2025-12-20,2026-07-28,SIMULATED call-centre confirmation
LK-C03914,Test Shopper 03914,+256730987078,shopper.lk3914@example.invalid,Kampala,1983-02-26,female,2026-07-15,2026-07-28,SIMULATED call-centre confirmation
LK-C03916,Test Shopper 03916,+256731002916,shopper.lk3916@example.invalid,Mbarara,1985-04-01,female,2026-07-15,2026-07-28,SIMULATED call-centre confirmation
LK-C03923,Test Shopper 03923,+256731058349,shopper.lk3923@example.invalid,Jinja,1992-11-08,not_stated,2026-07-15,2026-07-28,SIMULATED call-centre confirmation
LK-C03927,Test Shopper 03927,+256731090025,shopper.lk3927@example.invalid,Jinja,1996-03-12,male,2026-07-15,2026-07-28,SIMULATED call-centre confirmation
LK-C03937,Test Shopper 03937,+256731169215,shopper.lk3937@example.invalid,Kampala,1965-01-22,male,2025-12-20,2026-07-28,SIMULATED call-centre confirmation
LK-C03938,Test Shopper 03938,+256731177134,shopper.lk3938@example.invalid,Kampala,1966-02-23,not_stated,2026-07-15,2026-07-28,SIMULATED call-centre confirmation
LK-C03940,Test Shopper 03940,+256731192972,shopper.lk3940@example.invalid,Mbarara,1968-04-25,male,2026-07-15,2026-07-28,SIMULATED call-centre confirmation
LK-C03945,Test Shopper 03945,+256731232567,shopper.lk3945@example.invalid,Kampala,1973-09-03,male,2026-07-15,2026-07-28,SIMULATED call-centre confirmation
LK-C03953,Test Shopper 03953,+256731295919,shopper.lk3953@example.invalid,Kampala,1981-05-11,not_stated,2026-07-15,2026-07-28,SIMULATED call-centre confirmation
LK-C03957,Test Shopper 03957,+256731327595,shopper.lk3957@example.invalid,Kampala,1985-09-15,male,2026-07-15,2026-07-28,SIMULATED call-centre confirmation
LK-C03960,Test Shopper 03960,+256731351352,shopper.lk3960@example.invalid,Mbarara,1988-12-18,male,2026-07-15,2026-07-28,SIMULATED call-centre confirmation
LK-C03966,Test Shopper 03966,+256731398866,shopper.lk3966@example.invalid,Gulu,1994-06-24,female,2026-07-15,2026-07-28,SIMULATED call-centre confirmation
LK-C03969,Test Shopper 03969,+256731422623,shopper.lk3969@example.invalid,Kampala,1997-09-27,female,2026-07-15,2026-07-28,SIMULATED call-centre confirmation
LK-C03974,Test Shopper 03974,+256731462218,shopper.lk3974@example.invalid,Gulu,2002-02-05,female,2026-07-15,2026-07-28,SIMULATED call-centre confirmation
LK-C03978,Test Shopper 03978,+256731493894,shopper.lk3978@example.invalid,Kampala,1965-06-09,not_stated,2026-07-15,2026-07-28,SIMULATED call-centre confirmation
LK-C03979,Test Shopper 03979,+256731501813,shopper.lk3979@example.invalid,Jinja,1966-07-10,female,2025-12-20,2026-07-28,SIMULATED call-centre confirmation
LK-C03992,Test Shopper 03992,+256731604760,shopper.lk3992@example.invalid,Mbarara,1979-08-23,male,2026-07-15,2026-07-28,SIMULATED call-centre confirmation
LK-C03997,Test Shopper 03997,+256731644355,shopper.lk3997@example.invalid,Kampala,1984-01-01,male,2025-12-20,2026-07-28,SIMULATED call-centre confirmation
LK-C04000,Test Shopper 04000,+256731668112,shopper.lk4000@example.invalid,Mbarara,1987-04-04,male,2026-07-15,2026-07-28,SIMULATED call-centre confirmation
LK-C04003,Test Shopper 04003,+256731691869,shopper.lk4003@example.invalid,Jinja,1990-07-07,not_stated,2025-12-20,2026-07-28,SIMULATED call-centre confirmation
LK-C04005,Test Shopper 04005,+256731707707,shopper.lk4005@example.invalid,Kampala,1992-09-09,male,2026-07-15,2026-07-28,SIMULATED call-centre confirmation
LK-C04018,Test Shopper 04018,+256731810654,shopper.lk4018@example.invalid,Kampala,2005-10-22,not_stated,2026-07-15,2026-07-28,SIMULATED call-centre confirmation
LK-C04019,Test Shopper 04019,+256731818573,shopper.lk4019@example.invalid,Jinja,1965-11-23,female,2026-07-15,2026-07-28,SIMULATED call-centre confirmation
LK-C04031,Test Shopper 04031,+256731913601,shopper.lk4031@example.invalid,Jinja,1977-11-08,female,2026-07-15,2026-07-28,SIMULATED call-centre confirmation
LK-C04032,Test Shopper 04032,+256731921520,shopper.lk4032@example.invalid,Mbarara,1978-12-09,male,2026-07-15,2026-07-28,SIMULATED call-centre confirmation
LK-C04034,Test Shopper 04034,+256731937358,shopper.lk4034@example.invalid,Kampala,1980-02-11,female,2026-07-15,2026-07-28,SIMULATED call-centre confirmation
LK-C04043,Test Shopper 04043,+256732008629,shopper.lk4043@example.invalid,Jinja,1989-11-20,not_stated,2026-07-15,2026-07-28,SIMULATED call-centre confirmation
LK-C04044,Test Shopper 04044,+256732016548,shopper.lk4044@example.invalid,Mbarara,1990-12-21,female,2026-07-15,2026-07-28,SIMULATED call-centre confirmation
LK-C04057,Test Shopper 04057,+256732119495,shopper.lk4057@example.invalid,Kampala,2003-01-07,male,2025-12-20,2026-07-28,SIMULATED call-centre confirmation
LK-C04060,Test Shopper 04060,+256732143252,shopper.lk4060@example.invalid,Mbarara,1965-04-10,male,2026-07-15,2026-07-28,SIMULATED call-centre confirmation
