customer_token,district
bb0d5002c980cf6366cf2796e773d1d2435971a23643f309acdbd0db6636bd98,Kampala
6a1134bce4998d93dcd9da6e0f8fffdb11c41b4693f9a6b7c359a813946792be,Kampala
2012f154292e4d362150d1f8df00b97f8e332c8b7d9d1e7e174007fc2047f1b4,Jinja
2ffdfb33a64504d5e240671866e985545ed52529e5bb53cbe5184cf5cfa08ffb,Kampala
9626c0b5d152f50cbd0167d9941ec97714d447657c647f68d2d3160801daaaaa,Kampala
0dc10ecbfbdf26c4407839c92bf5875435ccddb1aa369dc00809a63a7b40297c,Kampala
8c4376e4dcd0fdd0450d7b0ad18df7091e00dfd6131c8c53f8dd9cc89a685e9c,Kampala
3ff4a1935e83eeb4891d082092d03e898800d967fd71fd1ac5ca30c795091301,Mbarara
d4ffa6e88a32c82838b3a4c7e9f1d5e99f34da4f4acec39996022f43d3d88027,Mbarara
f9b8a0cb016d2d186e4e6b13017510407b7c0e5d0392c276fafb2ca4f6328321,Kampala
2d9bbcf8d8c3c15105a4510b1c4197a09a9a7b94cfd56cb0696201ac203f67a6,Jinja
341328c03640d462c1aa3882a831d40bb94f05d53b6f47efb3e98c6bd0230b7d,Gulu
48b69e9cb084a290b5f4ae736430d49a419e5dea16217bd71b5cd5a58f10620e,Jinja
ba0671910a3e2f0cd818b94e67b44fa36aae04bee024ed4d4d744ffdcb31a417,Jinja
aa88d8aafab95d57e5a4cced0a36fd453d158ac214daa3cd70a571716c70e1c8,Gulu
ee8b9842537a4aebe01a454b2dd0431875da48dc089540444d6cfd2d25ceeb60,Mbarara
22f2eef7a15e444262ee96ab12d174e2dd6ae31fe922cff8723b9cb2be024461,Gulu
fa0889643e4a0c7a57404bb21a80cb3d8b5449f2a1548ed4147e0f4aabd63cf2,Jinja
3f60adef8336255a73872a13714fb6d5d4541fbf07f5008988f1ea3becd80c7f,Gulu
b77f7ed5a9e6ecd31218b460587f505ac6f5e7c69ccac39dbed72047208c6634,Gulu
44638f94ccad392454b449f559778f668b093b79cc916029d44267357c97bf5a,Mbarara
6bede208307c6a63f72fe59960624a712b5884c08cad51a9f8d6ed3c93a85a19,Mbarara
3bab4a8cd67d3559d1457fec072d71f7aad22a589b90ac3f04d30f77acbe0d7a,Jinja
8e5122696fb3fefa86c755aca5e348b7bad0540686def4cdd1b81f6003d2152d,Kampala
c6b53ab2b9b34e40b8574e46b2c6a9681457afcd99e6cf445bd9761387a74377,Jinja
7b1ffe366e839b25884d29b29331c20038c5f22edeeeee743c8b12d6a32d3884,Kampala
8808d2edaf5ef6847529755de612b01f8c831821dd79c973498a6309686975cf,Mbarara
928808f793fccec21601664f2c8a418e30bc98be2bd13c4976149529bf1d1a2a,Gulu
007bde598dcc92a310d7246621896d77664f874dd35c1ee475efd67ae87ef92c,Jinja
ca2440d2888bcea711a37e66e26f93a4529631167e80660ccf55a5291795fecf,Kampala
bcc1073a3cf745720950a169a0fda9d2a4870431e5299ed121bdc7eba7760f00,Kampala
88bf72f283f6f4fa24c00602302649d245f230ff71e6fd099f38c2ca1de7684b,Kampala
380fdcd3449f3489bc93f7e618e63ab0d1a12cef888689898c14f947b2fb9892,Kampala
40b4de8813f771034b01ae416333776884bc1d4564b8c2bad9a9b59eb5fe554c,Jinja
27195e0cf758e1956e650a53e29c7ab9781c9bffb276a44b85810173e332e336,Jinja
0394de59dde66a1b8af5b0b6230ad3f6f42e3ccbd4613341752717319da44ee9,Kampala
30b9144c2967cd0ed08485cce67079f2088a8a9eefd1d89cc3e0800a5b7b045b,Mbarara
63a01a37739a309cc23e82ab82ad66fc92052f256b3277d19609e5b5e2d7106f,Gulu
b51e64e4fe464e20bd0cffae6846f8a5f5c27a7984a148aebe8657e1119a2e45,Mbarara
c761fe0f0e47273b5f4180009018302eca216812def8aacd715f40e5e5e69f31,Kampala
48b8a3ddafe54cbd99b081c2a20efff76e3dbe41a8b824919625a1eb5140d4b0,Jinja
49bc4f094528a2b730dbfc6b9dd815db0eed2d0a52dfacf16746e96d3533e621,Jinja
2c2bd3186ae636b9f76238782b234fd743a2e5ac0026b200f70d4f659cc8533e,Mbarara
10b2b07b740e50a090f26387ab170a3a900ef9ba292bfebd36c965e8f37e0ca7,Kampala
11105012499d4f9d31452bafc7784e428d3f60305e21cc68916039e2686d6d2e,Mbarara
6a50a873830aeb2ab8315eda8669861426350501535a987979f7eb713cdd4d9c,Jinja
239f13661eff9566dc51f26fb18a27643d98495e5e70f5140d50bd5630b1e969,Jinja
7896940430b9876180140f515340203617e5b62bb367961745edc1949244a572,Kampala
aa29833ae77325ff29661e616aff964647523f31856774615606718d4f38b16d,Gulu
a9bab65bddaff5c425a1653389bea8d7ca1481665a3fe14fd159824ad192afa2,Jinja
d39e90a4e09bd92fdb341084048216b24fc67e828f78eaf49e936df6be398953,Jinja
26dad02d5d3dc49e38a5f8fad0cdc3f0748ce72bd92fb74e7bb15892075e38f1,Kampala
54c1695ccccc8fa5c4f62d91793adbd7b647cea9063c2a170ba53a5191640b49,Mbarara
9cda22f201ef6ce855c73726c0f27cd6f785175833b3cff25bfdf2a63e16e266,Kampala
2624515807f5815fd65e6f6d967d04e2775131537c31aa8dc370444590884d4d,Mbarara
b2873f11729354449d04d4ef8a65b84d7248ecead77c31917b6994c35f95ead5,Mbarara
7edbdc4925aa7e71672d6365c3a031db888216eaca4206e5da4802c6c6114245,Kampala
f9e5e5567f60d001fb4725b2c45081518ad4a5aa3ee8f0477fe0dc183bcc7756,Jinja
43661178dc126a1e8aa5f71dd6e3d8d2d4943e97e94b39ec9a85091b6d3f14e4,Kampala
5f3767c01f48b60e7188731adce3a4683fb270c8fabc0c8a61d30f1890ec4e83,Kampala
a4811a8ee30619d3c6e0383aaecb50001c55c792259699806a1b4090e1cfdf1a,Mbarara
401eef285e2fe16a6e16090ea0e8cf87004c969f255754576ada37a93e4bed4e,Mbarara
5d5bf3dafbef2b6071641b08dccaf7aea60bc254da789104a21f2516984663f0,Kampala
47b7b34572326a2a7de044a5d6e51f813a52f6938638ec21639fb8b4d9ec9235,Jinja
120a090bced9404dbc574de0ebe46b267c93b787aef37633b0a89042b0595556,Gulu
9ddaa11733e0ea9a35a8a1974e91fa2aaccadfcb84b3291af3ae2e68a25dda38,Mbarara
4a298e081f1319b28f861081ad950a0ae3afbbd675291732fb04c9fb001948af,Kampala
e1cb8728afcd0cbbed71d1a13b7a467d8db2ab45e50f2a83db6eede9bdaf1d7c,Mbarara
3bc84ad6be9b3bc2da7a2842d3b94e3101eb387a57f158cbc70d6ebab3d6ebb0,Jinja
d8b13725c141f1b2d2ea08165161967b65f4628b6a5c6fb735e5852cfa8da0d0,Kampala
81e5176dec83d5acfa9a14698df529cc9d61784db430eaf0c50a9f28a52588aa,Gulu
b0551b6ed85c23f3e1a54f5154a8a5a9db1edcbc77411e5512d5fa62e9cce185,Kampala
1ba1803adace06cb520527b9633449db484ccbc57b8f44311e095802bba0d97e,Jinja
090f47a2c72db484323ecf6c4924907438762119394ff17dcd6ce053703417cb,Mbarara
13a5bc29c8828f957fc162ad87987659ea83b13384a58ba75345403abe4de7a7,Mbarara
7d63e3e990aada7a3bf354ac9f70586bf7e909989083d36897d793b39de365c5,Mbarara
e0b7cd01cfb7054b78f6943fc5a279ad2971c6788da6287d1e23908c56e04509,Kampala
230138e4d7909394298dbcd265109bc24a6c87dfc9ae8e3f0a14e158760e35e0,Mbarara
334064dcc9351b8eabb33995cd6de4d753c4bad3fe6182076f62b12b97e02abe,Kampala
c92e2bc5a94a74b3d23527c71c9a514d90a87eb5c5f8ebe678535699354431d4,Kampala
4e577a0182b27cd9b4b70af97dee0277c3c41717dc13c054554d9a7f9de1b079,Kampala
a34ac5a648fc31e9c7d6faeac8eefe51be07a0b7d35c122dd3c64742ff9b86dc,Mbarara
4ef88aa1be5c30768aac3fd7a54bc37986868b0405190f13621df8c3241b3e45,Jinja
fa8340123f4952331d1d5b2b86db1f2576361fb3a6006ef01004d93a1057a9d2,Mbarara
755803d855396818195ef53c2d796c955cca40645bf5ffb210f5d1cd48474ff8,Mbarara
47ef7a118b2a6e13853d616c5d0a26f81bd57f798a1ec3353725022d524b20a5,Jinja
288870e69806eda109a3ac32b2f55ffde4bc7cf49d44c23568dfa740aeab1a50,Mbarara
fd70ea2b57370977bb6aa43eab65a6b6e594ea59db085fd18d0dd3d522046365,Mbarara
dd66116ac49497a8bfe9bf0a80a9a36813e78ca949fc9cda447176c2419fb5a1,Jinja
204bd5cb2890cb7f7740d04fc6d09305175b4443b16066e44b8c3a22bd7c0180,Jinja
6fb3a0f5b5ec84aee66e84e10f4ee6bdc7289a8f1a55c077046ce5d4741d7179,Mbarara
a53a07b35f0adaba8678dfdd145cb7891407fc6c5558bd10f2b3635161410784,Kampala
b402600edaac97740d9c6f6fb436eb74a5af3c8dcd3c478c78eb2fc4f25a1208,Kampala
86d8d97986a3e09f45b5af91af57f665c36df7e0cbd49c11eba26c0b8944d45e,Jinja
3d0a1d9236e4270bb0ab52697168a98190f16c8091bb1dcdc04b964f582d9caf,Jinja
582081c75c538568ac592b10c4c83290ee86490a70cab0416904a7fac7ea33cf,Kampala
0b99523becbbb1d0c7ac40a8f940c4d99b7fea9b4217ef2f02680e7f30f0ff9d,Jinja
fddd39936397e3edb53c0c115074967a67a99caeb3713a8699bf92615451b0e6,Kampala
2ba400df13fc47735e7439ce59642e09b23d4b19352a2a954b457227991d458a,Kampala
bd431fa66cd54b6f7efa650edc09b4d8a19b61bbdd9e4f5128dbf3ca7a4d6971,Kampala
c1c5aeda74fba344cdc2063e16f8325dd938734d48c9c3d7e058511ad76263da,Kampala
cb4574a344437204ebd1c93d9348d8aeb1af49d7276087186320a1839d59f1f4,Kampala
ca90fb964f646dacfbd7ff3d26645300c20d51670a5e19767ff6963e01ceb572,Jinja
7cac4e133f763d2c8cad9d18f853ee452ed8f012aceb3f493dbfea5b0f006437,Jinja
14ea1f2dffcd6a1ecf644ac8dea457bc292afae8fe146015b8adcf13b33e2260,Mbarara
2c4a46c4d26ab7f3a784a054ef0477f99f8e8b7849c0740a8fa9302819562adb,Kampala
3131f26f8ab3a4ea6ea3f1b2893c9680575d89b409ea55c3b1c2693e49fd7109,Kampala
aa0aa5ff4483b7881e2eef241cc659e0721bc243d4bf42b24821352494ab133b,Gulu
e55a394953a71e6f4ee8848d981a4555d19373ca64e3715a317c259271aceae4,Kampala
b0fa5450b7f71cb995db19de072e9ea62444f56d423fc82d3dcd836cac8e31af,Mbarara
5b55dff4583c3feb382cb082024d6382e1c1635c2cb7e4c8ee26ea591b5cb6f5,Gulu
f86318ccea2437f5fcb0ce8e525f65ec9f2d5b69cbaa0a8afdf010a66f9b3577,Jinja
9b22bf4f89b8b2c6ef6ec7d4f0149fa5235081d70bba347a6b7d71ef242bcf84,Kampala
d89e518397590858daac9343304217952146e6c0d3272eefd62cf64a2a7ed681,Kampala
8a4a36cc8aedaddb794bb809fd1d811a7833aa4f883d7f67202b569a15ee73d1,Mbarara
5e00cb3e932f8134462f30c0e1534531d197ae56803ee7fd7972f3c784f4dfab,Kampala
5de28c5d67f18db8f8cbb8e73d732af251621e89c1e7bf475dc5567a92c3788e,Jinja
2eda3a06f85a4ae424aba01980ddae8bf2766ccf45c9ea241de7048cb4f8142b,Gulu
c8424f01a1a08fe84b59a82139c93ca5fcf6da003e820c5a841990c9aebb6764,Jinja
4b656fb07dde36d809fcb7b0a509d7debd5889b832eed1e0afbe06039657cf49,Mbarara
e281049e71c431c845bac0eaaae60eb491fd893736e517cc83622ab06323c87c,Jinja
e41db6aa2e959a7c77d518a61fdeab7c2f688613a4ad83452b7f318a3f854d17,Jinja
00f7fb5afcb59fbcb43e0aa004bbaff1de8bfc3ac13c5c5018652ad2dcd740fc,Jinja
0eef22e4f9220cb31150219efe4ff06d97853b562f1ec4013062abac7bd264f2,Kampala
7d2f35842bbddba44a658eb4d6c1c3d94c3902d325597ac6a94edf8878468741,Kampala
8791ecd8352e4500abffb362a035d3756522a0e8682fc39dc99aa358847b4475,Mbarara
1442182237754c19c113f11d8bbd03571e261c092cc7f6204d79cc55f4d9d740,Kampala
c6f06ee5f6ea9076f6f984e0f02c8541616caea2f71425b8c39a0cf1c3238e55,Kampala
ac1a97506ffcc3579edc39d84d3bde7b4b4793fcff08406f3a6621eb1f3d3ce4,Mbarara
6b389c06e3b6b8346ff568eed4f22152217942574d48bef022700a77088e40a4,Kampala
971157e1a19a4e31b09d06cb114cfa369c8e0e205673659f248d52a732544307,Mbarara
e2b7518d97d6a68f7974ebac40f654976ec338496f5d7c4ab696e5b25dce9d25,Gulu
3612bad6e28296b43c9882a77d0bdb345cf8cf5b0cdec6045f597573e8aeaa37,Mbarara
bfad23a2296071dfbee1ec36bd98a09b3e5d88cbeb45bcd743aeaab4aa91ded4,Mbarara
6e609cfbf3679c0b99fece55b327f39a2f1d8e80099b69730c2e159d08ff32c8,Kampala
494c4026dd8246792e94a07707f682dc2e9c95c3746db767abdefb66c0189ed3,Jinja
fb80c83bff9c0c31786dd338352942f6dfdba870827abc492118b53faed5b863,Jinja
25409515892265fe109ce07c2f712c2eaaa2ed5c62c4941af6d80c0bae04a408,Jinja
d5b760d7ac6b38fbd0edf52213c76202a5e12d35e3a9958506b16bf598e3c724,Kampala
806dc1f42c6215b252ec7bd8c52c2e4b93e08502b039ee6434da424f29ad21e7,Jinja
616be6d88e6f78cb7ab7608abdc18e15d3b350c77d19654281e0b4ff3f0e863e,Jinja
065f8f126f751587a87f77ed561ce18358a65896de7b5e90f28260738e81e36d,Kampala
d654b755c775f23611197cb7773b20e7c6f8838e835c753318b4ee09f173be97,Jinja
3e0caf8f37c7b886c7f3bfae2485a769a186cc0f76d15bf83fe91e52de2c88dd,Kampala
86925d974e3aa1eb79bb01a3be87edb1aa8350cfcdfa558deeb039b784dfba6c,Jinja
ec692d618f30f3c63105144cd0aa7467e256999488de77f314ff38686fd4bfb5,Kampala
84cddb2b7264321725728685879e8b2420426a45df26bbaf8165d02d311109ef,Kampala
0d107f90c138efc4df615bef5eb4ee732f4cc6ff0fd1e261c4a53215c8342623,Mbarara
269f47b104900bf6069b196447c7068177d5ae97db60b3e79c8cdac55989d132,Mbarara
0d8e28d85334a30c246fe56bea6e3ef5dedf6537bc73076ffd7ac7d5fd8c7cae,Kampala
52ef0ce59b36c4fa386f2f8b7b6d4cc95467d8fc4c52effcbb06e62a9a2f7801,Jinja
1b2c4cf975a4dc1b5596302cbb1c109c145465e4da6cf5bfc846a375b077a2db,Jinja
08a588e11a920414f6c19a9e69e088f8fd2d27a3b3c5e7361e6a16b32272b5ff,Kampala
f3230a811aa6ed8729a98f092f8ae0ec9b8bdb0fa5a8b651e781455fd0cdd07a,Kampala
0f804fc2d3691830d307317c84d54912c46730773ee4edc03e5a79134e862d8d,Mbarara
e492886d8d704653853ed8519d781c7c45e994cf7c52715b1154f8060aaf12ed,Mbarara
b3e89adfd5aa0de811acddc54fec14c7bdc82ddff9d6849caaf5110f38210e21,Jinja
02d1d66fdc542612340530303c1b46c64f01cae7b0d3dce1fbdf61e3857f2cc3,Jinja
d730d42aeb6713247c6fb277414f4e0b8bd613c7892c778c43444006ccf500da,Mbarara
83c4f5834759a4dd9977b8411d4dc691061042a262af345fbe2c01973e4ba0f1,Gulu
55755a6b1f61e7084e207b3f3d42d3c7fd3fe6a19a043c3d8b84ca56999303e6,Kampala
c2771ad62fdf94deb279660971aa93db6654540637ea6348c680151b6159d0df,Jinja
53e734eea43a82456fa576e54189ca0e3fd266928a7a2657f2250d6e2e75a1e2,Kampala
26fc02848826fe938e1df74af5aacc29effe37c2e43345404bb24187f7b5a824,Kampala
fdcc97afa437fc7ef8133bd63949bb529d5f5d1f26f6338a05f8144a271c36b8,Kampala
8960b8188dba176d3a602440c32e88ffb1b7974a9c40a32cc2372382ac909295,Jinja
52b62bafbf8bef6f0ffe33d66718a2c419f149a9aa5f41437cdc62ab230b36ab,Mbarara
445394b71a5a17c10650c635fb6554858d729484391f848a257e29e9b5c3ce6e,Kampala
41ca6b77a12c23f59740e26bdc16928cff1b6cb11ac56b2a5ce3595f3c2bca33,Mbarara
106b30ab2d34a787879a6af40a9463bb828e957a1453d238749a34971b8d3bb3,Jinja
b1044c166652b1dadc1f8f6f25c421b63b123f1ad60862b7af1bcd8ab39cfc39,Jinja
72a16b7f3c678bdbf2c90abb646413ed23cade3072623ea8e7df3297be540ccb,Mbarara
a27d5a29c62435a660026eecabd65902f138aef7af4e062759c7b9477994b1ac,Kampala
06ffcc80ff760a62fcf5c9c0a25e4f80c637c2b7ec2471a729c34a644a1ea4fd,Mbarara
2c309664201db4f362a18180e8172a67e9b62c7a885b5ed0e1d92a576944dd06,Kampala
cbb766df26195a5d50e3dde04f8429aa003d022c03bb3f1d71f6c2519009d2bb,Gulu
4ed6abae63d891c203fc618da93b8d639ccf918a363525ba59e0d1b7d345ae17,Gulu
4d7590ee14a1fa168e8d3046157441a8229bbeef784e5ceee2da8c784d73dae8,Kampala
0e82d5639be876f9250f03ff12fd60c9d56c559eba141b6eb5ab43677ae14ccd,Jinja
ed8add51a3070a0bd106ff07f13d3217900957dc8d80db7df20623e5244cd523,Kampala
f2dfc873d815424738e649bff99e195e11fbe26b7ada282ba25e224156dfac21,Mbarara
2cec3fa0a5225f1ab208f0c3c88fb0e70d7c456894177d68940276cb17a1cc81,Jinja
97ef700e5c6b3e60c5779b62208c1a9514d5c83fb3106772f5f8c7d363b33c1c,Jinja
f72feff71ed1cd1191e6721d050167f5073e882191f846f444e0e2cca039a1b4,Kampala
4be73fdaec6df9553a0ad7e554b53223905ece209aa8f65b2ae17bd41edd7f01,Jinja
3af06f38d550bc3edf6786b560dee6f5ea14ca4f3759045af54157d6a7cd0472,Mbarara
7fcfda579fd6a5bf1551e98897f5ffcf0844e52dc4fef45b7098ecd2129c3215,Gulu
a69be4994df7334bd6b9107f556b0061906d7105e1dee85f532547ff094cc3d7,Gulu
e45d72495558026908172edb4b9afa7c272b5241f1891a3a660c8adf202cf9fd,Jinja
852ab9263381cf91b4f80309710be403f2121a2c88439bcae32f573af0ea3d57,Gulu
85a613c6d8d105cc2bc3e3653e66758d71fc887a390213ca6b2eac9b96606a7b,Kampala
44595ee4f06af301b0b127fc68a42d6123abe67cfed919e6d6c6fbaaf2e2fd14,Jinja
3a6bc69d1bca0fcaf6eabce0f339cc101deec97342624eb3c89748b58fdc2cac,Jinja
e52e1e7608e1b3a867c97bde5f1db6d6879334fc913c4c81135fab29d86b9952,Gulu
62ef0810745c2edae17620ca697a7867b32c6bec4b0b2ff05526d68bb080743d,Mbarara
67ef8794a4034dac0a08c1c77b0966cf9169e476badd95289497d048485b6454,Gulu
b9fcc526d21c946f598d1fc477b1970456fd1a9cc90ac24a8025d15000c1380b,Jinja
efeefe4574f0b30d583702e9ccb81f2bd697a381e9df785118f50d73819f5851,Kampala
66aa662d6425a928d7e6ddc2a58cd99f6dd96d867b63d45b61ae2d372105a128,Mbarara
a41c889c51f55dc9771fa6f34bdc66c6c5ee1650f1f69a9a8592b02ee28162d0,Gulu
112026387444b50afeb78f7a517986bb5f8ac3234ed0ad08f973af9a2eb12860,Kampala
0b7f2e39777ad28ce027bfc7ef3be7c1527e838119bbfd41b59a37916af137fa,Kampala
4d4c5c867bd6722287559e1a118823209dc58a02cfe2feace6621fe453827711,Jinja
f7e33555ae7fc9e327a46965b432edc6dc1e13b48d216da3345274ce1ac64da5,Kampala
ba11877b1490b1064a15d18d54f1e1606f40999ae6773fa9b1f4b18211d0d02f,Jinja
d3b232cf2d375cf2d3453014f3443efc5e9ae0df55094bc6f3d9d987b544e37c,Mbarara
455cff8b32044b81879f7076a5a923d75bca0275c0714ba26ac75a9ecb2f491c,Jinja
1523984d4ae43c7f213330c2088bc9db17f6fe5cc0e8e4971aa91d52e0eab6e4,Kampala
2ac089b7cfdda150fe7fa5251cc4b63197520a7831524f751aa5cad7ce588719,Gulu
56e8d8529e63e68f8e0c5c9c29adfeca8b50c8382a3bb99720bc222bc25d3507,Mbarara
c1037be54a961e37d3d49baf0741c6be4bff442589d5a626ffa0282c5681ef02,Kampala
2b078e34aba16802dbd5602a46d07645a91d610fdea8f17642db5db28bd2fa25,Kampala
224104949c7f97982db26eb075aca331f44f9c07307ed22aa5434ff50dfc56b5,Kampala
d6b8080935e72df507568057112b26c70b88ae3f3dca8e0e686a902346b6a43d,Kampala
7ff9a1f1f45d6a411c2edbfb09772bb3601ea485dfacf6d06faaa4c1ec46bf0e,Jinja
b3156151feb500bc4768a87804a1de7ea233fcb43d3f6ced578292ca2570067f,Mbarara
cfea9a721966cab5c73f5a3a5da4c693994dfc5dd04fe376c9627c7a367e293a,Kampala
b0adcbb0f7d019b812875aeb3dfce61ce29cb0cbdfe011cf5f801f7a6c9862d3,Mbarara
d8a290b77005878293835190a472c4d4ea4b94a0d6a3edee6eb52ae3022dbd5d,Jinja
9b31e2c6422804d99c445d3af63abeca47977a4269a7bb7b2df6b71a671b05ab,Gulu
2b60d5e7bdf8f504859c956d7e01519a25a3ba8d7113df3b1de9869929483766,Mbarara
b94128a666c8784a6f918e85452d0c999dc9f5d08b8739899f16b9f6120a6ac9,Kampala
41d683a6a59ffe354000fca25e771cd82df40b7779ce18518717dec83a309498,Jinja
4e218a84f20f600b405a995bdaa67cb187ad5fe73daa9dd6072825128ddcb18f,Jinja
b4b3b6419ae742529c9e2aaf53a48fbce2cb5e9888a7d984a078905b03b3195a,Kampala
eba819bee83b14c5a80f55e0352a9668bc35bce72677df3d78c375df90448658,Gulu
4b50cbe696f43b161e9da02be635fb09c738fec1ee4c83bc4820023c517a5b70,Mbarara
52aba38c05773ef96225cf9063c155010ff383df11373888fcc09c96e4938a2f,Kampala
4461d69b9656c7f9105c170970751bf0d9ce6f1cb5ce39311241f8ff47a2683e,Kampala
a7884004c5835995e68a8d363fc60603514732e1e9b260628d6486a7929556c1,Kampala
0dfc3469784aa51843c7212ba29a26ad9bc4e0f5062e4642d553bb39348aece2,Jinja
681d9ebafc670cd711656a669aca557c13716c2aba14486cdaa8bfbbe291d184,Jinja
1617439671de9b317709da5219e91aa11bcad32523437e8d3e32b48be3da2bed,Mbarara
43bb0d21fd05c38e42017e58de445e5700e35004bd481fbeb00a3f1e1fbb7088,Jinja
a47cb060acbc82f84509744d7a307509fe461b73dabe08180091abd2c2bde6e5,Kampala
6219045354f730b90c9dd4ff342d6253f7f63825a479d5d1907a6c74b4e6a3a8,Mbarara
4a31aa982075429e7fc3ea009f0c12c4bd4d575608f287c731b5046a1d92e41c,Mbarara
d6efac6df5c7ca974d343034cc5335bab06cd088c1640292ea3a10142d243e27,Kampala
748f75ab4c841d7455909bd11d04105ca1d0b6727ffefde7c2f2208b59fc7d98,Kampala
0213c4a2126015b466d096aa8b4344f28c7f69394b64843eaf432b62728be086,Kampala
5882f5ab002fcc0211780814b9023c6e7487c870007d28a9d6eaa98d476a7a35,Mbarara
bb8dc4e3f8da1ca034e9a95e1dfe7ee35215895118be81101c1538832e607ac2,Kampala
da4b8f22c67ad9c26f1f6bfc775f13df9ec445064555907bbe66370fba69bba6,Jinja
3264a84674f3073e2b7ddd398c0008f10fe2fb13cc5cfc40efa0801600ec7f86,Kampala
f5d3fb249a2fa55c42b72608bb316b75f6d4892b99e419c67f282a9a28d76d48,Mbarara
9eaed6f441a985c7ce2f2327b6733b6525f3825a7a54eacd0ef1572898c3bd7a,Kampala
fcaf490701246351a1412507054e0009ac2d0578b40c20a3aefe9115df29d7d0,Gulu
91c54090d502eff7d8ad1a7c28c63f9f9a0c8b906733c66d79bef0c9574190ed,Jinja
d946aefc126971b949f23f0291b14c6721d2c28adde15e8c287e11f1e19acd30,Kampala
0e7264bf20f9ac556073eb4947c2b2993625b7e2d4665fe8ee108bbe6843d015,Kampala
062b8f25839df1311e554663b6ecbf3e0ba72f17e1962617b238cf7359422d06,Kampala
eed13e768a37f0a29b3c582ff6e8034405d9308e465df7573806f33dff9238c6,Kampala
603cd3102f3fc8a03750ff2a965ed21b17092e7da80fd0086037a3732b895dc1,Mbarara
3423a7102efa9445c1180125f4857ac05a178e6d31f62a2292d591159eab19eb,Kampala
4ee2e469ccd411df5ded1a8087f2d9facc2cedd02c732f3e8de9ea36a9566fb3,Jinja
6ae4f5b5e70f59582a8e1fb06a8348c11261dc31e7869b012cf92a1a5f4d16cb,Kampala
f9c1cbcd2af04f04a132aa459745893cb35448b6941b4ccaee06969f0fa1144d,Gulu
09e5f8c234e4bca1c9e5ddc37dd1e93e8b8e05bb5a180ee9c5412c635b1149f9,Jinja
d09d110a01c90e74cadffcb6292c0a71b76a5b431ab3b7d68e00aace027ebde6,Kampala
0f63a14085d005e15e1b8dff4cd57f807debd5083b12d7f04678db99c31f2230,Mbarara
36268c39153ed037b7ef24137280ba1589925ec8ebec6b35d5680c9945af31ff,Jinja
e92a80369806b01e9c0d4711407423b1f2e22a7dcc997c15abfb34389804ca28,Mbarara
0b4ca26fab7d0fa3ff15cfbbed867f087607cfde3c66aa9f676f7a8f5c2832d4,Gulu
64c096c2feca83a324c022a20e4256a3bbf50757372cd0c04f0f38318955ef64,Jinja
628c7e56bcfb9349464bbef007a4b3adf4e9d67bee5b36602fa3b555059db08b,Jinja
5f40dd6a6027af4807abff4c7457716df6656a2f87b5e91d6be4ab43f6c55cad,Kampala
a8ff7a9cb02ec8649e8282a93e6da8e4bb4689a3eba1d387173c5ac3470be444,Gulu
e2d7165d240a3be3278223f8cc74ec4648d55324b906079506e7ea0e87d53f02,Jinja
df79888cafbb7f251cd580686f8f8f2625ef86c3b44eda130c2e04e9212e50aa,Mbarara
3596926283ac74522f0a64cb2126aa9ebdf4472f078ecb092f8bea658d7f73e4,Mbarara
e0080ba6c7abe8512829e0d440909f8386a2127cef93736d88185fdaf634f9be,Jinja
3ef12d1bc7c522b9b5796f66d5172be9df8b3d712787d96c8c9d50f22cb5a723,Jinja
9769842c75b629c7f5e3da05840f2d80d3297b9b069df904dc39fee05fd8448d,Mbarara
0992f7660184db037b5ef7d70a6bd0fb27e028a97e70ba575e02c568e692c0bc,Kampala
f1f375ca4976581890e69100a557b9eae566fb378d7e40b9735054a08311f3b2,Kampala
5c73aa3790733a0523e16742d441fab24f05cd666735ce170e19cdd553bb0417,Mbarara
25eb55214aed26a4cf4de714bf137430f8fd40b66c17445257260d691c72b4cb,Mbarara
4bbf968910d61a8d5ee66903be8f9ba7717378ffdf46be69218e42e2201fab89,Mbarara
281ded786401d5c65ced51c28c4f0d968b51dc6b212d23f9d81a9beb752ba68f,Gulu
64c13f571ea94354823d9e675fb37527bf7c68079e1622ca96729cbe66669a17,Mbarara
f3345f08d8822813c6b14830147cef06c7f33d9616ea45b49e5d83d114852b4d,Mbarara
13c63173fa6f1d02cdee924c15cbd49bf39c47ae5ca14d18181dcb7be71f6797,Jinja
6ee794d95e8def32e52b0a8f2fb96769af0cbe10f74b7513df7c5617b62c20f8,Jinja
aafb8982a8f8a5c7590c149df87f54a70c5c7b9010688c22487b580b62f8e011,Kampala
6575fa5698816b8a6f3cee0f6f5a9394a09af777e45c294fd3b0faaeb894ab57,Jinja
d1fed7bd96599b807bfcc4aa3784fb8d1e508d308fc84390f2d2d263b801e105,Kampala
58cd35a3ddc3026c3f1a36a3abb538a76af256d355c4e12d4e120f408fe7b92e,Kampala
46f85eb0e3299130445e7078ef130cf96ba7b4b2be327f5e2d15f569d38a5ccc,Jinja
2e16b11ea518d1bfbec38353764f34e20770d2ea789a67d71e9b6423a6649ca1,Mbarara
c367517493f94b1f37a4df1e45f35a5f249dd182acb1937d110badf5140a8df0,Kampala
30df5de36548e687df0f97be6193dfc026241bde419f02eeb759c75fb0aebfc5,Mbarara
a02c643f432cf619df5522e8ea1728ee3477e585753446c5b0372e924263772c,Kampala
80ba4fc321a758152d9473afae9013b5511b3ab19658ceeb166d356d4052f7b6,Jinja
0c6a295802f302679a22ae6222ff41703c0430db015cbcb38b5b06fbde11e075,Kampala
6a5fb569bb2495c5857cceeef1686f47a13fe70f9418af5f64e865c1f77232fd,Mbarara
c7b9a07fbc4cb67d420ba267e30337fce5871654a48e1e3bd071901dce6fc4c2,Mbarara
948f8ba5507b55db57024655c3b28a6e4898e468c5f536be7c32818f6652f522,Gulu
c62686a3aca0a6e4dff5f7a7b58e1b6e1f2fd836050c7f9e3ce44eda71898371,Jinja
75a25ad4ad239bc18ccd1e26d2856bfd27b1394ea2be8bf22a2e7304042a6d35,Mbarara
b5fcce2e2eee53c97aa382b0f4bf6aa01f088f6cf4f9493f8a968493476cc5ef,Kampala
6bf15297463e159ca0f2bdfbbea38a2b0106b08a6b5fc3871d514fa78d665626,Mbarara
ff115b82451d1f122d24f09dc61ccfae5cc295db65dc4372c2432d43dd307dc6,Kampala
383de3919fc5704874ebdf17878623f5c44b45a4b835b4fe2ae05de0468efa2f,Mbarara
e58dce0d0bf7436277161dc798c1fd707c81407320e0e4043304b99627a8beda,Kampala
8284a0494d8e911d0db99cba32c25a82217b9324c5f02af65b29b0d78ab36664,Gulu
00558eae302686cd5dcbba6343a0aa51736d89a1eda639df2e9c7557321d3541,Mbarara
d7a8e5d9a6098a39937de59ad61398a60e76d81f1a9605cdd6c19fe918b37b2b,Gulu
407eb055b42dba6d8b9e8b69836af4aed34df6a3414235eb24b2c09587357463,Jinja
be35df3af9b9693bb838323433b9292987b102cec2b9575ac34712b8acf8d7c8,Kampala
8d603f0bf6d9aa597b9fb5db56cc78cb2623aa02f24ca92a192e58b8c878c14f,Kampala
0df4913aa9dfdef743bcd2dd48dbef9ea9f2cca2c3d6f825a1e43c97f84a430e,Mbarara
0ddb7a6bad4afa33ff82e2cc398ad4ce81bca3f11ea1dd1e3046058d23533623,Kampala
9366a75d6d2239fbc71d404ab0216cfab7eaccb9f250d213e8a3bf1a35731990,Mbarara
ba8dea2a30ff92751ce1bfbaf933ec0afe333e65dbdf228d357a86ddf1593b91,Jinja
99e7811ad56039a322647389ea85d31d601f6c8b86a958595658cdb9a13e4590,Kampala
c2d5cedaa9596bdd2f69d274320d8fc1e08f6f211311770d057d63a19577e4ea,Kampala
8804888b4c7e9e014ad41d8404c391bc352f517bdd6fd55dfc1ddbd053008e21,Kampala
668870d3b34d6371c0f569d461d7e425438534de031b7fd0bd24caca1f53e811,Jinja
15adb4787cbc5ee9ccc310ee0c3031d2286ca8279dcd458efa26d0634165e769,Kampala
82c8557acb34eb033dc5f845d977f5f38c35daaacdbb691b47c2f60990b41ef8,Kampala
12633bc37a2d095e7b26aa56c152a8476d2714077a45ef8d69e4e84d5db8af74,Mbarara
27510640127f9e1c8ec6daec6e48c0fe951a5f9e61d67561c344c395c7e27f60,Mbarara
b3248293a001d0c27305dce0e1d692572ce3e5b990cd758bd4567434e7d5955f,Kampala
6e1a9f6d428ed71da4ebfdc5bee407ae8d8cccedf20711c122f72fa39e83d1d4,Gulu
13dfaa81d12f826d9014ecd622cc21fd8e93c10be2f783e891e330260bf57cae,Gulu
f3915a08fa68f85fb5c80f71e866709541efa143f67f261b77f3a76471dca3e2,Jinja
832fa6c61aaab346006c81a69578ae6e1668e0508d1cf0cdfd1d6da208b8c385,Kampala
2c7cf5004d7346e0693cfd12be9974c43a6bdc34c2a425095f227f3b440887e4,Mbarara
21c0b698c347dce788abc88734dba7a6791a68ef70139e286d6c8a30f610347f,Mbarara
0edf81b8d723ad4a95545150d3611789843b185d9ce151920e5c0d7078835ecf,Gulu
238447e776d8deaa97df37bd11a5e4bfe627cd9f0d5f9ddcf46933af712b7836,Mbarara
034c98c9594031a81718f1bb610055ff74a8f170ea19fbd5d5fb35fa99732c16,Jinja
5eaa7816c36784a25452ea5b71b3dbd2b4475c557256455b84670b7528f42b2b,Kampala
bb6ff2fddca3f4e2e1aef9486b18428c3826f4a4e5c318c25ddb37fecec4d213,Kampala
59dfd0503f98ddb33193b6e496cccd0957fba9017836b4c37a022690cc4357d6,Mbarara
dc86118ea513db3cadb450d8fc1dcbbd84281012d7bfcc5f0b9855c73eb80ea7,Mbarara
8d371a530631e22fd1fea10cfb10436d4a8a188882a08c921e0eaa37f64483a0,Jinja
39f6c0b3506aef689b2ca1f92c9c38c1d84262a863b0865dd4122c8ed983b94b,Kampala
5c60f6eb7ba377b0c753471d309e6ca789e949d7a3715a9b4be6e92b7b2d5860,Mbarara
77fc051766d851b8c94b6133a3ec74498f419446f477457cba70c967458b8d2b,Kampala
8d3609fd03ea5efda49ef1be32a1f2e3cbb79b2af3374023a4b77df24c90252e,Jinja
d304ea18716fbac89db2546664c647f668eb3fc4d8780db0b37c53e3e03a8d7c,Kampala
055c259f11595436589462c65e2f6527c0457778bedf598d824beb24e88f6d76,Mbarara
879e48a9c01221f868970fb7e9cc5b95651d7a7d1e02864cd89980179ad6f40b,Jinja
2b6428da9ecc7322fd1550273b481450cb91474ffbad0855f688b36ae429355e,Kampala
65e5fab2132bdf4def0636a0c0f2acbf8ad621af5403186dd12a3578261ca9ea,Kampala
2cddda89af57a1eea7c01423f541cf76e94b7b5262b8c1834f4e6ba4b39c0b67,Gulu
028c6b49be1448f17f43cd487bab744b84afdd3390fa67a9808a9ea81da6034d,Mbarara
3474e34afa0d66282edb7f1a00810a592564cc1c2ad096cbd7e753a955fdd0b7,Kampala
c14f4c63b1b78c3f9ccbd6975d20ece39d26cdb235b20bf58e414ebb2b726c26,Jinja
d0f97e114221dfa780e9c0438205b0dcb667cc100833eadff96e875389553f75,Mbarara
10ba8924991f70bf887cbb6c6f73e87138cc22dcf4d950b96521891718c238a7,Jinja
f87a8ac4e82d42e0f0af84b9524a5d439a675889a031d9894eff13159207ce47,Mbarara
a6ef779e36fee5a7d1f3bf5ad30009828af4d16598d8563d2015a5ad23232fd9,Gulu
8be2aaacca12d789bb1ffc151def6a3bb03199d6e25091f8588f02c271cc6297,Gulu
bc3b644447741272ecd88581e72a70ba693ecc209a680777c30fb033207e895e,Mbarara
ae99d69d91fe302192d44730548695af75a2eba57c3394cc469eb9a08cab5972,Kampala
2a803b2f6a6201d2fde324ed520bb1f17a87d7172947260dcf9472d6d3f43026,Kampala
7f9d1e4511ab50798f2a2f084c5acb550611378f05ac8221e182b2b76df8c70b,Kampala
912a1519e60cdfa85c99a4619a2babaae893f127c70c0a1ac95dbbdc2601d56b,Kampala
c8cb1cf30d5bf6a9e35c24e1ef6b9a7c19ba66c1e2848c3c578403328afef813,Jinja
037ddbf32c804d2ebc17adf00fa9a3e9f44db1bb5aa728a8a7b5d56920c379c4,Mbarara
3bbf3d10c77c07c58b99894d524a2831f6a8858bc87e84ef70a0c1d5ec4024c7,Gulu
0ae96ee51430611aab424d14ead3207bf5fbb267d1e8444e94b5af6c467f043a,Kampala
e460afde110bc8b871fb8ccd704c42e14c8982eafc6c00150fd246b238cebd54,Kampala
e0b466ba87d2d4d06875ef28f3389561b33473454a0a7bcb271f7c0decccfa49,Mbarara
59b16a78b7f4482bc93481d4a7a13e99476d3a8115df302a256d6f7f7a23e888,Jinja
fac3fdcfd03570e35e62161420c94bf134250738233b9da2632d31bd6817f088,Gulu
58cfa4c37823b9897109fe6225351c684df43ef4a8827992aba453fa1bb332f9,Mbarara
2181902d560ebd948e3effebb294d67e51225f2c53520c79734a1a08f28d06fa,Kampala
ef1b6558138c060b91b082692aa3c013b75c76c15ae44ddfec9745e2250a1843,Kampala
0db5f3dfa2420cbef1666cbe650540ff538549a670902f1d72b849ead6866eed,Mbarara
801a17c594de98a2bde9e277580bfc4f09fe71da4bbb57cf72e3b4a3c692693d,Mbarara
fd897a1503d858eccbac9766fc5a9c76537cb504cfc00119cd2c3b07cb325001,Kampala
727f4a5d9cf26194b89cb7c7a955a8ce7ccea4d5ccd087f8395ab7108bab94aa,Kampala
e3743f0b4139469d4682283df24029cee5815962b0d36a81bd01c623c1e319d0,Kampala
cee909a102749bb14e8b77c4dafd9b9717f59443f91eed40168e071f346b1b2e,Mbarara
070c0771bbcacbe8654fd5ff1ead09736de2e0cde4bab0e067cdf17de1b60f95,Mbarara
9818f6b648129e3d7ceaf20b87d88a3ab9f2a79043a392937bb946ff8fe7a035,Kampala
1ac13e4d03137fbcdd846a32e7d047ddc9481e38bfd3fca73234c17848e2549c,Jinja
77b8b3ff588c32667b231f978945d71b4be2827dd1c198f81e2b0de73f50ccaf,Jinja
867df8db2a66af11dfe59e90fe4cc71c018223a39a25979539506cbef67c0296,Kampala
6f8af73a347459440cc5fc878349c3cc795e6043dac7807993d1da4a5b883e02,Mbarara
932db96f9d41f2e71668f0090ead674623d3896239c3a7c2bdf540ebb3a226cd,Kampala
bc823661f8e9e417f90ac043af500e8c622661d08a7c424b8598933fb76b30df,Kampala
1b0d8d9fa2dea108f2c59117f7954d033f9b081321c51bda18035f05869befd3,Kampala
822e1bc6aaa57303608b66b7e08d035a0da542e2337459e0496a8d1402894d09,Jinja
ca8e9de3d068ff499ebdd4cf265d825782fc9161b21cbea56641c7c39b8811e0,Mbarara
ec5140320bfcf19ee9a9d4f77be5c1fc9c215b86060a91c75c4eda661847e78c,Mbarara
ee475c923b4fdd8445a62f59e1977e6bf84e33b3367b4b194be8e2343e2d7afc,Jinja
331f5dd759664a8cd468ec3b19b8fcac45bd392884d6b0b242c4d498ba6a4376,Gulu
ed73fd8015bedea9a2393e920789adfc553c2283a9f7a944e259931bfe11d939,Jinja
1ddd1cf457e6a1f3313a6e46f2b8910f08b4f78ebb2a55635b27e7b42f506ef2,Mbarara
98a4d3d52d8124186061625074912a5383dab96c3e4ddad3cb4cebea3f67f219,Gulu
001f8e8ea3b97e62e17b669a47ba3d24ad364e09c48d493547a52719c2c5ec74,Jinja
fe1370c38fbce28fcbf351ef7bd4cb481c9c57545f9cfec3037c8dbdbe805ed4,Jinja
cbe5ee29200fb186b6a26d85622819d8abf8e0ffc5d0365c5098de4aae33970d,Kampala
7c54f06466cbc0a3ddb5bd23e9de01a29d01891ad840e84685393ac699448856,Mbarara
d38bfef2fb9211db1de9b284c563dd236d953b4ce9fa61fba15f883a3c32f403,Kampala
d31116f785002f422b0aca13d11b27b592060d754c2b71d3ab23286ace2bb4fe,Jinja
5b74e9c5543759eaf0b7eb873bfb8fbfc3bacd0ce44b8a785a080b3240bf2228,Jinja
ad212bb4cbddffbe8617bbe57d79866e33d0208c3688df92183f6d80a9a9ee7d,Gulu
e62991a89aeaeb7316b15b15a3901a970cfc69a2df9be27777f44d72c13692f5,Jinja
6d9ae4864ca333e70f9c0e5f5181310d406b4addc801d35f15edd80627b97f88,Jinja
5b4014015e667d1786eab35f63c3280554c393126184cfe52540af8a7eaf1f20,Jinja
812602a4a8cf85cfcfad5a100c3b2726b6fa654edf046d6664fa0855b9c5d9e4,Jinja
2a9b17d8a82d08cbea1458b7e64b811b5e2dee493a6c15324081e73df3419683,Kampala
f4ee6e3038e4d84f169b6a4b1fabc1a40502c3b8af27f96f91fc78f59cd7d8ad,Jinja
14468f2cdc83fd3eee341e3d74664a2e5377458677bea251beb169e49a72b2e7,Kampala
4ae1b84003196d0914265fce814a579e163ee7a24fe1ae06956df394bc5a51ac,Mbarara
099734d09c902b7940a4a2fb0e6974c228485a624fe5361f51750bad4cfc18bf,Jinja
f293a5ebe8830b91b036fe1435bbd78debb4f913e9410cebc5c536a424ca31cf,Kampala
cb578abc98b48f260a86923910b34867da53a8cd23cc98e77f50fb103f162279,Jinja
a652907bf3d35c8bfc7640ac3172ff63e8c689a5222d7bb732bc2c57e84b18b8,Kampala
a02e417277a0ad0f9adf8bf44cf1bd1743a47323dcd469aac02fa1fd010589fb,Mbarara
70fdb9ef8158eef4e070f65e728eed950a115b38c7a52caf613b79140d7b722f,Kampala
9009b94af4b59391e695684a34cec84b36cdc4aec7c4e47d834b925206fe86d2,Jinja
8180dae718972e437b9787cf84a7ca3f9d5c9d0bd90bfadd81786a776366e9c7,Jinja
cee50be7e0b4a91aaad1e079a4062b85a68ea6b27aac0fca72b51f311a80f878,Mbarara
309b20ead95c3189fab4dcf1f035b27c0f56bd3243e1c4317c3e0da1ff1a892c,Jinja
b854e0162f4895c78bfec9ecb95d6e051685df867bce4ad8a129ca00e4560b41,Jinja
92303150051a17f23321b74c24185350efcae670cbdc127f8e599ba3028e5695,Kampala
00e5b06853c18e25a08e799c2b3e5d589378481dcbbe0edd582a10c5040d504c,Jinja
c3e2f816b6af8bba9d491d9251c18b89ee0a119c178e01c67b882c80ca65ff12,Kampala
46bff1e7ca12d2df0c861d27063035c21eb25f78441c2f8f9ca1f24b11e1116e,Kampala
fbb203b8c448c6e786f7d23f9afadc5706f6205817c61724befbcda53b11f5be,Jinja
4ed51b549dcd498500d3bd8d2f7c9b3146a4399ede15fdc63145b48090380538,Jinja
bedd66b3431fc23a6e4e51ed21516f9366aeec9ee18ab55998aff24a47ccc600,Jinja
856ac9a6bc2cb857ed5566fdbf910294fa9223547f28937744574aa06b149bef,Jinja
acefeafeb28ee19f26182b621cf7bdd2ea6dfa1b9dde2b16cff735db0f548a4b,Mbarara
d7fe64d59c635effe5c6dce558e0bdb9f6de95f2c22a14abde56967560fe91e3,Kampala
6b771ae6cfe898106d5e94fb2f48d8d78648485cbd95225f8664a03b79160f1f,Mbarara
455ae350602dc92bd60b0d20dd0e765cd0a275bfaf8413e4afc16b18436b3050,Jinja
f5923b638eb519795e6d5e66edeb01f2e26a0b9d923669d357ce9f70501844a2,Kampala
05e8bfc71e9dce19753cc3350883b26e0bc3614fe8e820e88fe36a4f1f1cbb0f,Jinja
b05c0e4477f88c30e90b5f2302844f9bf2c7495fed737b0efd367c4bfba1f5b9,Kampala
3b02e44386f9350499751d9829720562f849f93011ffebf17e583d26c6cb158a,Mbarara
ff9c7c257d545a3ba62fbb4a38b8619bcf91cde8e2a2a1e4845e8a1b0959c98c,Kampala
fb41cffe583cf21cee932a1b787678a2df5b7daaa0395b2417b12a1146380b03,Mbarara
5a3e7d3d8d1746c360f76795450f8ac4d223e91801615232dbc8ca16976e492a,Mbarara
8c845d821b221c756cb5c84531e748e919d6607720ce271797fbd183cb8716e2,Kampala
9833a43c007fa637c6e799be7a2f2c6a283c5dec72d33899f0b30c000d984076,Mbarara
a2647beb1bb6be831391c49044e0e87eedc8fe3b8e6d521aa62054a97546f594,Jinja
6cf5bb0cb991670d9ebac74bc88680d11a2bd8c1a5f1e8cef3e37e3488ff4fd9,Kampala
aa0e4a5c17245771588c54415852fbb70cd7f208f2e4e27c6150f41a90537dc7,Jinja
833943cd4694b0146b4d12eda5b817cb5b5b630b2b31e2cf8fc99a2d06b18daa,Mbarara
24c883bec0a1b1ad4598881954383c92e1aa251dab9fdc6ec4db3b38c3d6dd6a,Mbarara
4bc216ed0c90355f4dc109d31771ceb57e8f456c47436efbfa412e4eac575a5c,Kampala
b2c008ce713f8d960f86f52f3e71b3a6ced184273d5aa3cfcd668ec6460d0de7,Mbarara
3c4baae5fac6a4ee967fd51bec89b99c616dc7742f4e243561028bc5d96c78ba,Kampala
47dd8d64e432f9de52b24bcab7c34aef4ccfee866d9e66ad5ed564463b30222a,Kampala
075fe03a5159c2e40d79aaf29189631712ac0cd4b7ee11d29a284e846ff40f19,Jinja
d79d0d55e4ee3b038cf0a4f05b28943ae53e0b290413bc71f7482f45f0540d3d,Jinja
2a7381717770e35462fc9847eeb17cdc1cc20f75623d7ec5dc13e71ca16b6625,Jinja
e54a44a5690eec006cb2bbea90b5bb4b0148fe3141c5c195b0bcd50f4e9975d6,Kampala
2de93b1b1b79dec8fbe277141ff6da146a6d7194210a8d1ba2e1a3c7aa2461f3,Jinja
9ac140082a1e2e20b90c7ae6ddd884dda33b5629766adf9976aeb996f2f4978d,Kampala
b30cb6681dc665615e8a57412d9b2bdbf5003cda4ba31bc16b4ee87d8afbc6e4,Jinja
19e3721395b53f42ceacbfa07bad507dd422d214dfdc3dcdab7b3f5aec670946,Kampala
68a315120424d0e20e6820d6d4fbc2ff00d8c6543773ceee9a6cda0aa679caae,Kampala
b5469036fd4db90c15d92fd3cbcc1233b5fe482a7f33bfada04a6ef5aa569d82,Mbarara
fe770c4de3d1aa36816b8bc56565703e0d9fd3015eb3bcaee458f8f6f71161ec,Jinja
9314eabdb1ca403d1ac1f15e9fae96b5dfc777b23840f8d0a2f213c903d028cb,Mbarara
564ccef9aef57ead83a36c5b03a392cd96290bb3f86f0d06eb841818c293c396,Kampala
8ec8a158467e0f276468000d7c3fb66e4bdfe62c6c5a5e61d75d3a395f6347d5,Jinja
88490c7bd1a6304eba188fc8aac6e7a6f756a0ae790841ed3c6d91092b5e8ca1,Mbarara
8c09f2bfecac59c0fd3ee61414517ed1b47e28634457c6bb0787d83b1cc040be,Kampala
de91f5b15937ef8bdbc71d60a0027f4429b7c4b1591af398ed04e49453b8456f,Kampala
b1807362896eb14db480aa146e259d7605b4a1d02a5171162893327a7a903e84,Mbarara
330ee45b56ad82bb7dec9b7a99fbaf97ad59d05d7c48da079fc753494f5b64c5,Kampala
adef6303684f84c0dfd1c6016d0624a5497f614dbda13a32f7f547f74b7014e7,Gulu
1c1f82183a40afa07a52769d43e24706a5c02a6113a34fb87e1b330178430a94,Kampala
14baf2588eae92c1052e5b260ceb92a62f9bb2697659b4c0127c7cc7061a3cfe,Gulu
3b606126d79ed80147d937705e553c773283cac2df3e6e20ef9b29959687cf5f,Kampala
e64bf76fb683e9803744bc7c03a1319be9c7ff9886469d8729cd28b4bc2226af,Jinja
c76398b8ff422d40fdd7e048d48e71c49f7d01a5d45ec49d00c75979670480ae,Kampala
1918977e77bdcd69c5aa2527c7fe5660840ada550a894663a86c4f7cbc4193e5,Mbarara
7b41b79827c7be72abd9bfeb7502001662e82292f0af8a9aa14b60c890ddf4f3,Kampala
32f31f531815075793628ed10d10d0a68fe6a23f0fa5536483e920cf895e644a,Gulu
67d3b070df20d24fff43bb29bdf0a74be14600b1dbdf4a939f49b4ce9d7c1f08,Kampala
71237bc2e98c3e8befb5e0ab69c00bbd9c19f8da44541401dcbad99c5bdd6fc0,Jinja
477b4163d69f9b2bfd50444e29becee728a45eca9f9005f57c91fd2d7fd59d57,Jinja
197a9199e8dae3925d5dcf8ccbdc961857b1af1c276df2d65d0efe186b37b52a,Gulu
dd3aa2c265b5c4ab4f0606237874dabfb481ca0bddf17ab0e94a29ced210bc87,Mbarara
5162007a7f109bf3a7f60be2773b9e5e78c63fd45521ad70169045f48d5b7e52,Jinja
2e12eedd5b653af89cefe0f2e16d952cef0a73c1b37f28c3608b0eb752325a16,Kampala
fd06896d024dad6192c94baf08e5aae486a54a2181df03320abeb4491a8e8310,Kampala
5ec7f27209991dc335bc9b713fcd8af501e4b4f23d10003123cfc4c1fba8bf77,Kampala
5b3f508a5b8f3d9ea9f72ae1ec93db9b5cf92ef94fdede73f20f5d70bb95b0b7,Kampala
265cc61a504fa503f69249e7b053b71029fddafb6aad722acafafb608a6c3ef8,Gulu
4958f57b2496e9a99a1ebf213217a186dfdd78db33766e86f5311abf6ef47c7f,Jinja
8b0287d0e48cd7d16d1b2370370b466f3ba6d42e07b8a070faf208cca948fb47,Mbarara
91996c96df7f5767b1dfe0d01b5ebb7816a6000f0ef2c51447dfd135d394d42c,Jinja
f2ec8ab08102b35d04aa65e5a27caf50f093c19050146794a14ef35eb33e0426,Jinja
36963a42f57ac88a43cd9ec8cd9f1a31fb28163190a53dafc24554be10d45a7c,Kampala
732e5a5e0b3ae09918f886e8242644cb154abaec530c5582d9848ac2b64e94c2,Kampala
8a1f41d0e7f79ccec5a2c8bdf923c513829bc2fd0d062c5cbcb9892e37331205,Kampala
beb961172152b5141e26a83e2f5e09afea1e5f4805199edb9bcd0ca329244213,Jinja
eec8a7070ac659849826b862fe7169d223265aaca81626ede30458b7de357d88,Kampala
a85039195078e04862efb9d48abe02f456d2593d0432b9ff601f996a03074595,Jinja
36e32557813ec6d98e347fc712142aa7aa363da1fad056c968b0e89b00171950,Gulu
b20dd91a5fe2df3e29d4fd89974cad4cc00289c643494862d2192bb9b487d108,Kampala
123ccea699a9280a8af4a04a93c5f4fb35f8ced8ed964f3192231083717b03d3,Mbarara
37cccc640a8a4df43f8fe10546f8679b92bf692285b83cda3f5f5f225a52052a,Jinja
c142c364acdc526be4a93892b367292273269bae8f70d5a1fd4f8b85b9301f3c,Jinja
d6e4e45e982da2986d74a5bb99364803eb54b2d7d59b615e7c465fe7f39671c8,Mbarara
fe1caf2c3b6385a55719b3c2d434a4ee92cf4c5351840f7ea9882461b44c70ec,Kampala
df7aea88a28b556aaa5c17894c566a7ec0a22b4b71f8669e059204679940a54a,Jinja
ad3b2a57ea92c2487048f25289f178f1255acebef5c64382ff31979d1b13481b,Gulu
2635b7e514adcb5e584559635f195e269a34fdfc08975f755c743f5c3a28be83,Kampala
ba1973e0056f31aaf633b5411c16096ee10fee9fc6addeb82d349734709180c2,Jinja
eff617885e8d792ca2fdb17ed36a67068bcad6b8cd7a3670d56767960bbfdb27,Gulu
2f676a6a42dcac754d374b934a68b7fe682739437c9d8a20f4744325c23b4f64,Kampala
bd3abdd6473c469f070d910c8f3a5f2289ad6acbb150391fa44b4155019e0002,Kampala
dd535032a293307ab182dda350b36ad5d73051098ff81821645dd1b859fd289b,Kampala
ea32444f817f3558d29badfd7b6ba41202fd3457c2be472cfa598967c989882c,Kampala
50b649699e4e13a4e6895988a897d80a84a729cbeffbc2759d7d5f6dc83bd9e7,Kampala
4f906d3a48290fa9767c653dacbc86a9678478830a27a54a5cae2db8845e5cfc,Jinja
c1d405f10a2b240ccc86ae78a616f0414cd538bd73b062a350c104ddb50f1b70,Jinja
0c0c1e30c7f77e597855b33ab30f2f1e859df9c5d0930acdfbdfe842faa04254,Jinja
f477665e347b05e51861c51b356104bc4fa8952e508e12dcbab675c0a1a4b771,Jinja
bb14a9cb2c3383ee66c54500e0cfbfb4f102818e1b637106ae4a9dd49316831d,Mbarara
3d8462e488a0e8a678bd37a2c502155b99a05e496b5de917b2bb4f7851baae98,Kampala
4ca0525f9bfe2ac109b2bec7e53305c10321ff66a14a1add08221150e4c1bfd1,Jinja
e1d390215d4abbeb9071ecb818c923750d7eae5716ff7763b63be0dfb7a8923e,Jinja
84c64793088653cf0281ea603f1cfeb7f38ccf0ca2a19c9f8387037d6cced51d,Jinja
de7255711bf53836255c201540ddb74f787893701a4733514e31954f9af137d0,Mbarara
79c80f489838731473084bcece392fd319a528fc38fcfc6de6541441bfc0e5ec,Kampala
a1316070658f8f8fad7b5e9f62b203a3b978feda283a4ae8c311450512723da3,Kampala
09fed8857c6a7b02931c4181f20799954fe9a2bbd0ccb8da786972b5ed5c694b,Mbarara
219590909cde2daf8030f90813f9b30f1eab4e2187a794b950f0d17302f88ea8,Kampala
7df9a1a122362e4a3ba80214f1582f5cf3c5d1193fb46ab6a8b0649ee41132aa,Gulu
2e886afd1503f56077a0ecca94ea32c363af19bb2c1ff3b6a0975500b170945a,Jinja
e1ba1170f5b631999906b5cf6caab2269c6f1afe115eec6ddf985f3f77bad7e9,Jinja
e5b8f92e4ed5856f5e0f55258d81eaa5d87fb5fb688236a9469b3e4efd5361e4,Jinja
66c4389d55058f40f81de51208da93cdc1e533219eb3c5c68dec7211927aeb93,Kampala
324b5abf0d5d1d2766bf3352e8e7ed7628a89bde87a55f91ccd27bfb989415ca,Kampala
f5003eb785e0d23acc3c028063c10b6706c40f1749d245ecd98754b4e2efc9fb,Gulu
a183e7110d78d9e164ccfb8c39904d12ff7557f430c5e3ee81470ed9340d44d9,Gulu
cc25932739af582ba85bd02e90095be6385f64c26b959e5f7c5757b379881351,Jinja
6c0d7d65ee2e00904fdabdca02251a350ebfbe6c51a30745c81667e9455087f5,Mbarara
3b0afb8d0abef321bff76b1a9e622d0d71adc0671fe9748ccc234d4694825928,Kampala
433a340677e0648dbf8a6c907508a7e42e965f207685503e1c24e5fedcb46850,Kampala
b9a6ee2c395271569b99cdaf7dc36c7eb92d422fbd341cf8f5a835e1aa61ba46,Kampala
846951e7a10f387c354db064eea8761a27fec5ab192074e81830c5be8e4ed7b5,Jinja
88f1ae1955b837e8bd9d5a5293dde6090bb80d8f30aa3112c2befb1b83ae687a,Jinja
f9bd33c4c19307bcb3b209788281b218584fa37cabd05f7491f92c3517a9055a,Kampala
1d55140c4505f80944f665a3fe5f90bf066afda8aa657d4fed91d95b4ea02eb0,Kampala
2b23c1831ba549788adbcfb1a3de1516cd22a9d532383c2a626edd6d8191b25a,Kampala
c2ea778ad95e7347e0932c0d082af80940932959fbc87cc9ae40a10c2a7a6d88,Mbarara
d478a3c1f917d05584eed349c3412768a06920f85fb7c1dddcf60e0d2386bd00,Kampala
306fa3fb842a46798f0f6b36e8442b240940cd40c45bbb3d9d8c0a7079b95b23,Kampala
64c240b6fc9aa0677db215f4eb263130de2d5b1fe270ce550485442c0a0a258f,Jinja
c8a8d369d78d8835605049ae5e3fe1450b621805f1d967d7565ddfc957f302d5,Kampala
59bf00a867b8a0cc0460198478cf2a54213fd55594bd58ff1f7721c3438221b2,Mbarara
5157c330540b69e31001b7c2ede2674e2ebcbcca8274c54a9f4aa7861888eadb,Jinja
04cc61495545999a0ae038024f90d0d4dd33ee7fc4bf6f7b1d217d86d107a46f,Jinja
519b1430579b982632faa766476817c8a9951f03346a03474879c0d339e810d8,Jinja
0d30eddc102789eaf8d994fd3b1b0b55e95ae9bbe1f74fac6d03cafa1bc0ea03,Kampala
514e6ed6af0c822a21eb9d6c24aa1ca35e0d37f4792916b318f45a78ae989e78,Jinja
879e78b211e93e19a1396dd9154cb92902fa1f6448aefe737826be469ce9bbe9,Mbarara
d34015a3878fa65b68ba60b9ca6b7510b3c44850d9175c69ea0a8778ca807e7b,Jinja
9882a62bee7d2e1f8d469b443387b02ad0ea728763546fb4a9cb781b3b6f67be,Mbarara
9cd93898757477fa65d7bf388d17b76cbf7f84a30f07ddb3c89d52153fcbdd2f,Jinja
8b1caf03a70456bde46ffba4775965d78a69f7051fe9824e608f24234ad3a85f,Mbarara
ef3ab43ea38104eb5c2a3cdd03bdb9e8737f051123388c303952c38b672100e5,Jinja
bbd84a16d6d4ce043b4f1c74a4ef48926f9729417f76629f028d1ec59246c1af,Kampala
ecf450ab45ab2ebba695c3d066b6b4296719b18a6962599340bfc51f90b918ff,Jinja
d975a03322a54b879952434782919396ac43777b5055e6c45db9504f186cec67,Mbarara
28dee2234cf291d21931f3dc38ba37ed7aaeae237f1364d64d6c135debcad201,Mbarara
b290800313338a47fecb0b68743924eee75f89bed8b2f54ef608fc374fb26ada,Kampala
5d09029332ef5fdf88b9c86cb2f577aa40a44e40877742b74aa54b4eeb61c7bc,Mbarara
cd1cc982221563a6afaf675da933fa965a3fdc8e44539b4fc26e575a6326d2bf,Jinja
678bdc84ab5cb9234cd10922b93ff8e65c31298bcb6be81de2e4f591d264831a,Gulu
09def7134899b64b0a6c9acbe264f71308bcd3950f5b594be28c784285347340,Kampala
bdc0e0b7934eda5e2de23534a3fd5a4a2e5296a5b4177648b03d48e0e92c555b,Kampala
3e46056a5872642736e98f0624e60cac9387898f9bbc7752eb965f71fad19696,Jinja
c0674bf54123527c50b3706bafb50cbf6fc7349a212742b9c20a43d01b5ff1e0,Gulu
e7b468cdd1decfd754bbf7dde4233c8b1eb850aaffe989e66a5a4b6dc13c6112,Gulu
a5308a9179484f193f5c2c6be4422a0a215c7df04449b47a94f591850b39d8fb,Mbarara
ddadf00aa9a550765ba658ef31e5897eba3bfbf1f1ff28c7ff1d0ee3963b94a3,Kampala
cd652571b0602be2499376d4e6e50f303734faa62997c7cc298dc24cd7c8ef59,Gulu
8258070b0e606d379db129ff071a2bb822e0bcedcaa1ee9c2ffe75ce126210fd,Mbarara
c18191375f48fc8951b2dcd88b92ffa0e6895132596b8718f0e01bc02281214f,Jinja
961e330cf8d80167cf84362d056d6c3fcf4eb595974dcbf0dec96d555ee1fce5,Jinja
6742d67076348650668a7801190613c8ec5c0be1811c43dd8b0f483090ecba3c,Gulu
23484cfa992926b883d1a1679c2f36143ae205e117f268f4658147f4d631a96c,Kampala
7dfd7c5790e023a68e303094954de73bc19084d729ce574dfd3604338aa0d499,Jinja
349112cc488399a27184ba4936ab478b7c793d5598da15ac41a28a5224c39fb8,Mbarara
b30c30145ba72c50c127e493a90f5589ccb313299c686314a31d8429e9d17950,Jinja
9374b2c521fea640144f80959e3e2e4ed92b7bf662eb7a9216f4d3690c04eab1,Kampala
814abcd947f74dfa97f8661d93c4f47e26dce45bf122487282fa1681c1ad9933,Mbarara
481ebff1e9b6a4f794974f6418dcbb76a3b79f89c6f3eef7c6aad356cd7bad0e,Gulu
d0be4a81f0dfe7813b5ec3ee73b6bb758865bb9b70b103b3e5aec4e89da67e21,Kampala
8218579d229b6d9e3835332fb38ba491be23eeaa8c2978572ba4e4a3ffcc0aa5,Kampala
04e1ed6b91d126220b96919048de9965a6c269b2421190a50fd412ab251db30c,Jinja
752a74c404b521323a002680982b4b723d59e013670bb73820d2c30caea83bfb,Gulu
b18f84c2140964c05e0d328886b4f8c791d7549a4b5fef40221a9741849c56ad,Kampala
f29daf52da3b17d650fbdc4009c76eece967fcf08732c7bf74593c281d1a1f50,Mbarara
acbbfe02195f94b8464726cd163bb0b23bbd188cc5e0c103c2dcfd0d1c1e29eb,Mbarara
c47f243716f0d7e064313845365d993521fbd82d2b0bcc3557bb3ce9fce8336f,Jinja
b4925b3397d69b4b6ed3e1ca5537d631d5778b9c09ea7ccbc6a3d4c5efc7ff65,Mbarara
d3548a834f1dd42205c8ed6cdf2d0416ff07ccc70c6de95d8a315b785096d208,Kampala
8f39c536b9684bbeb6d481174e4fcfda81e09570a181f7ff48421a779e5ce2bc,Jinja
1b4087d17a3c63562726d644f7320562b2532ee8f840f7d456809e73992cae98,Kampala
55c695501838a1ffc218f1d2d05b2b388441c8cf4936a4a400850ac8970724a7,Kampala
70e0adc9316c4cd26c6c8f50e8d2575d118eb68945476ae947c1a87d87530291,Jinja
efd639f22c6103e8284463d2493dd75f6458adfc581d208e0e0cbf1b01794f77,Gulu
675628f613fb02650b476d21fba8e404b19783c368039014bdee938395676c50,Kampala
2e798373c8bdaad827badd8b4a630e60e4e27bf56cc6519db3464f3adad93162,Mbarara
017e2931b2cdf268a569514a002227932526fa975fece980ec364fd4ce7491f6,Kampala
f5ce3e915764bcbb165c155734840d85205f3486095e653285f0f1362c1205d2,Kampala
2d82a56da648553fc75f1c6c7f0129464cb39eef4deee73aecdb390d36b3ff8a,Mbarara
8529e223b6b26cb3875cacda3845a1928eac26d3e9a2c07591fe1d51cd52e880,Jinja
49d585ed5b4752ec91ccae57b9afbc11ff08aac9da4bfbde826102605f5101a0,Kampala
8074c7042969980ecc3b4a87cc898a8df5cc487f8273ed12b51b46b964071964,Kampala
21a900034cf78fa652c3a8371a73addae31625303ac26059d3378d6a4fbdc42f,Jinja
d211a4ca8539467e45aa87a1e9b332a17020ec78d2087eb659ab5234d7dd4cee,Kampala
641f9393f70902484437835f8c1e7637b53a31a423569cb268ea1b94b1a985a5,Mbarara
c2445871ab144030c7c2a8fd6666d79e996fc7be1dacc216ff6cbe1cbc9aed73,Mbarara
4479c261bc410f10a6125e15468e1e2c0dba99f2648bd3cc5535cb10696cee50,Mbarara
d9e6d09675c57e6ec21a6dea24e9281be1d447878a9b61abe9dcff9339fdbae1,Gulu
56c477a739636740df229fd3724d1edd7e56d6fb20cb4ff3d38819ee36969382,Kampala
51387ddaafb3ee2179b60bd98392ce73fea96a70375902d69de384885abf1d1f,Kampala
838847d573544d0d0e165db0833270a8bbc7732a62cbb5dd860e7f93e7c0afda,Mbarara
ea0acf53743d4690012638ce2c6fbef55aa590a7346eb03c4c1fc70a043281a5,Mbarara
5f7fffbe25276a6846475ab25fe4490920bca86833a79e720f2b77ae5d763584,Kampala
5dc4c8cbeb521ed0b338022b955a912241438957d33084d786b43986bc24dba7,Jinja
15ce43f3b6c2cc3331ba50d362a8bd934834160e4683977549a4f4d442dfa6ea,Kampala
22b5f20f5bf3969c05d238062b56841f4ce1ddcb0cb1fa3493ac472de9566555,Kampala
b4ead4ef92bd627ee0a6441f0d360214d6b4cbe231f2de8aad6a08e65d7960d3,Kampala
662bf3a1b6725877c7cce5adedc9667f34694c1a5bae1eebb94ec5280f233bb6,Mbarara
8003421a713ca919e0b361d0376d25cc1668b84d61269632380e86703c3f4232,Gulu
3d48537d083268a2feb7106e5a333773dfa9224667317894c11508221d7668bc,Kampala
16a08180b92cd636057bbbe785af8b914601a2754ce87a7762041551fc777e7b,Kampala
c5884007c58027ebee2a6e8d6712a3658feaebb20d091cb841b1228c2992ee21,Gulu
30223ee403bbc0c2df8ba1f9577398670ac5314d1113f1300349e7991e69d499,Kampala
3fb0303e0a8eb6e5a42d62f234ff88681d2ab1bddac471d6cbfc44bfb157a4a0,Jinja
9f45f5e4fd7cc2506a043674f5cefc30bb5343968dc7a38ce29be294574fe1b2,Kampala
273cabd2c5f1eec48b19ec37cbb0c75bf27a3ef71112299b9dfb8d8646feb97b,Kampala
1344b3f66eed5c5cb6aafea3acdfa924993de08e044f1b1d55e4e24903af9980,Jinja
11679b0fb6fc5463c7b560c3ea43e6ede5032dbea13c6836b5428aab60ba2eac,Jinja
364148333b59baa7c6e8a9b19c1ee75584aa9532160f7b4fdaccc82b95a674ed,Mbarara
7d71d482b1285c868bbd1cbff166ca47add68cd1e1a1227750497d09d3a54bd8,Mbarara
2f0aacd3b3ed5cf607dd4d09392c98a5d8e05ee0616b4114e7906b49ebab20b4,Mbarara
28190af95c15450918cd8051cdc1ccb3810fdf9e1021696483186564aa5612eb,Mbarara
4397b926f6832d1be4ecf9c8b5ac10d4cdde2bee315655a73cb686bc4b8ab829,Jinja
5f5fda7d34130ffa07cfc2b5a20d6ea48dd3f5b2254918e6ae9dd60b5377a5a9,Kampala
3b5373e80de7ba09f4bb189a8e865de7c82c7238283b095ba71152c7881c5128,Gulu
eabfa4311865f8c19fec3d4ae0e099b4a01b8c3c1a48e637152a70c1856b0249,Kampala
dd2184afd4dbce57d43da66a560c956bab783d12825e816716b296a7f8659c81,Mbarara
d54919a53bcf8a9ade810355dda4a413b904f810ff2d51052fba9de91de77216,Kampala
4ee7fdfb2f21d20377a7e90817dd0821e5a943f1475a2c0f3b3e80523e595707,Mbarara
0ec93b86d18e8a7fb453c8fa310beb33f2abe1efd4ee33e691489f9d8972f40a,Mbarara
6f2e7511d10efb195ad0c532abfef99759dc82ada14f641436e884c29fddfb52,Jinja
7a0519de8668ab19a8b8cb461201526ef8e0621a71d91654b474a4984576fea5,Kampala
e7e6a2c7806a61d5d56c7d4930a066090aa3af92482b392fc77b698bec731430,Kampala
e30b371aada76101a8c88693c265dd91e1ab9a9ebb9e9ed73e457f7b93cc9d98,Gulu
e54eb387da9177ce61896465219cff7ed071dc6fafa032cb079ef9153a234d84,Kampala
9036db7d24f258329acf38f74d0f1f07cbd6da55914084b664d5c17c8ad4b920,Gulu
3631a790e7bf1b6e70ee448cf36e0e5e1f954b0f13dfdd05d0d580009e27d9ce,Mbarara
f27bea3257e7c27b0fb753efd11d5433dcafccbc2272beb3b1cf12df55c1b7ba,Jinja
049182155dd32b6bd2e2d6726d8bafec5b998d77cb2e124d2c69e0d450a0cf2e,Kampala
d1844ecafe54f0d5230c76178d6e3fd2f9ba974e7cad41db8aa512cfb4e93858,Kampala
ac56575957163348939abd096f3a6b15f416b46de0db9bdc441bc5782b9c1f40,Kampala
36c698d166dba7f6ccf605a0c38b5375c5ae7e99ad05733784d17e7de799136b,Kampala
9782a7fb95b72a08b71ff99283791db3bcc3a29eaf8ff9f5893e814e94aeeabb,Kampala
d37056e24ae53cf7f222ac684e5cb8927f6dabef71d5647d66ac342bdbd40a5b,Gulu
0547d700f03eb342e0fb8943af78d16557d226a3be24662d59d89312a28c0234,Jinja
b9b92c1d5d78f9279bef895513fcf410aff37d9c44304c39d60016240e2cb3c9,Mbarara
ce0a276d5ddb973507aa63ed7d010558aa5cc6da870424fc7ccd714c72394369,Mbarara
77b50eb098238cd6e29eed3c1c74aa1d91be696d1d5ff97ad8ccf6e3f8a8bca4,Jinja
b3580be86d3c562db64bfbfc551107b604b83cda65e7a35fc00e3e369a4ebba0,Gulu
080e3f30644943de24437b2754b8809e9dbe7caf41464c637805a9a8566df302,Kampala
373230871d14a12fbbb55e8fe60453a2446238a81864a39c162d559161538436,Gulu
c26c462d37f4897872d657a2212d8ca64de2bad6316d5f89fddc867aa61c86f8,Kampala
68759ebf44df123c2c6af4f3f63d1dcdfe220c74dc7f951169a1f4b009b19362,Jinja
a5501e062ae0091ca95c67a1c3ea6fb73548a5b8a6a450367444d40aafd1ec16,Kampala
f4f3b1349fe55b1faace6285dda5c2bc41286a4f74f3487181a74d0daa827553,Kampala
bfbaa379a479889c1275f5ae158b9acaf7db7b29cb5720d5c5a4a84ab575f5fe,Gulu
701d95891730d7657f6ca716cd5f09396e7e8e6ffbbabe3520d9398db1e5f213,Jinja
f1c5cd3c1caf7838b683b7f7d7f6ebe8bbedd019ff6144ffda1616f3abd6ad88,Kampala
0816f961034296411ee3d093e2b35d03f77776603ff9b47dfc687680bf2a86a4,Kampala
b37d7e685a3459c4a778de1ae505791db710028c618c659b2eb2b18e2c8b7c6a,Kampala
c965170683549f1ce8cd1b9c87da04066148116b4cb67ab4a40aec4e5b350fea,Gulu
5fbb80247cd53df8200affde5ec0ff76bbc01a2a302e585b6f57f141ca9c4003,Gulu
6d1ae8ceb96d1148ff538debaaa2adc6bbbc42de953708f52279590fc6612f03,Jinja
a177573e7b6497b7513b8cbe83b5e5de3adfe34f9b09fb566754a8cac0fc0315,Mbarara
25d0a3862c25d8b58365b2b2868f9432bd6e6d60ab88b7c072e367bc276278f6,Kampala
0d2c9cf523bf54d690854c08383c23bbb992edcf434fc85206690d977c298468,Gulu
7b9bd0acf5f90842e2ae12f62d141b7eded065050d19cf9aa66236eb3eeac5da,Kampala
7613ed950e1419f979f52098fa283d12ab73d6059a7950c8b8eb7633e569a26d,Mbarara
f6fec84fc3edb65dbb2a65a1bc6ebb43f57a493f7f408b19db534fe723db9c32,Mbarara
f4f4f32f98ddf3176cc0f31c5f9f68770336d0f1a5c19b9521c70ecd5f098141,Gulu
61466ea4ae2742727a97a374d8ad95f445ffaf2e17c65ef6692198f6a6ceae39,Jinja
30f4b4051531391f4e6a71d7d5c1fc9bf06b25c233e2a21f048987255eec4e66,Jinja
e02e55e43f60a229ab340bd22c36ab53ff6c606846d860ff7dd5f2febf9afece,Gulu
e33384bdb435cf10c53d1d71c757dc8b2a5998ab3ef96ce7921e0fb5d28357e0,Mbarara
c0a35e0c3763c769f934892dfe711d33dde7dee0d93ab627b3bb9c6615e11492,Mbarara
34bdea4d0bacef30f33552e2c99409aaf0169a81126b9cdbe2f7306763964395,Jinja
a8304abb66131fa5a7e3ee5a40d84799125fad1c127463b9a9096f279034d073,Kampala
8b0bd583e8c044ddea03c2e2043fdb56e73ede386ef5bade74822c05a997c94d,Jinja
6619c5663a6a1a4e7a83db22a0f9af655bffc48d66159a92f401b53d5b4b4fcc,Kampala
275417cc062b4d64f9f26bc4734607b22e62340c02a26ae2a4a388c4ec0b181e,Mbarara
c22e5481ed8cc357b2f28096a501ef043b3b7b22eedc548cc059602dc8d61c73,Kampala
f07e390c218ac37e62d1390e00c1894f0880f0aa82af43907f8ac90bbbd015f5,Kampala
04095537e071e1c36f2aeeb11003bf58eae0038b7b66446a91e95d97a0d14aad,Jinja
855160455306eeb75ae337c3f4b17afff359ccea654690c441d2c319f82cea6a,Jinja
a89dfcdbc8acd95299f8dcfcde8d6e472b43456c7f199ec5b311cf76a40ae83d,Mbarara
ca11aecb809f99f70c275fd4dd9638807f6dd1aea1f806a21a835d5a2d215a25,Jinja
b0c663394da56529c9e8fbeb7be911c3cc414a943ff5690967b23fa988676f2b,Kampala
99cb425338be58f60e0b65bd7fe5dee89615d8ddac75fbd1aa78776baa687e3c,Gulu
fbc30fb49d307631132e0670e01fd2c07fa4f5b6e895f597ba5ca91026431a4e,Jinja
97161e21c8a2dd4ce6f689098ab545b3b02ebd21eb26e7a5fb9212a2b0c10301,Kampala
bb0c1678d3653aa5873e2b7ff9bb08589f2fc74db8226c8e166ac66c5f8d8506,Jinja
d490b1d40e0956a5823f5b8443ccc29a9c0138e7b8f13a559b7a2646b5feb48d,Jinja
6b459f2359826e46d481faea280ed06c2180549384b4a453be39fcae48742056,Kampala
1b471aff264fa45969b4e8aa9fd7ba4e781a0610c3c74246c52f0015da89e07f,Mbarara
3f6d0e06c0c6812fb3b82922f3b8833c12ad35acaf133f1d7c336708138500db,Jinja
847bcd416a13f033df9714ea0ca60cd58eb78b182ede7b5893aa0cb9d6a24b8a,Kampala
3fd755faea209d6e152e4623a8fa4112e3b3d56eafd929719182c20033a4ccd2,Kampala
f5a418d00b5f52b67026c01c4012c1a020686d96eec8ebbf902f2560e9a6f4fe,Mbarara
8086776a5f589e52e3f6f9729e70b4038a54dbdde0d8ab689d0c6a23d9199714,Gulu
43375129f5b9b2a0de1f6949e5d478790f4d69f3c14e282bf8fd7b3adaf8151b,Gulu
726eec7e746b527907804854e62d5f9be572b6c83f504c67d263b6f4d51a078d,Jinja
e33a2d9ff74aa576998a32f102843e373ef42636f37fea9a42759cad3b7bc851,Kampala
96856b0500b748d892ac079600b190fa0bef62b821efa56982b8650e1b4ddd08,Jinja
a5ccc44e6f8b19cac0765d1f0f8d5bbf953702134f3cd99fc4f251a6a6c14c7a,Jinja
146513d421108df7897740a8b9bc5b186f08b85aabf2b0a0f5226a5b34ca7d38,Kampala
ec5e5956d122164b1675263cedabb12358cd7263abfd8a1b3dfdcfaa365356e0,Jinja
7cc2c2274a4165a39952d1490f10a425b13926d03593324408e7f1b643b5dfdc,Jinja
2bce754a2df6eb9cce182d99a9b3af7d8308f57f3829684fd2906fdfc4ebe895,Kampala
f685391fe44df60b0834d741b07e43ddeaed8cf061d243be45f98dcb36e2e968,Mbarara
b8bd5824288a2160d9c892295ee01da077d1f714dc77493259398dd430103f2d,Kampala
4a344ba414ab32a119e14e36a123bef689c1803c8aecfa200c13497316fce9a3,Gulu
7c55de21ac706d287824354d3d526cdd0a0e9c09171bf498414d427babfe15cf,Mbarara
c457a9a2fa9e3e40ff28c394807c26df77adb04c02ab500a6b559c8ff67abc42,Jinja
c8fdfdc243ff4aaec9564d3cc5dd51d7b1a4bc733afd5bf4a7363254d039ccee,Kampala
6a3c3fac0bf6fbdd41e541418780156bf426c534f00b2b35c9138fa990a22471,Mbarara
ad65000bc59db6680453776b367acd17697cb49d75e965500c28dd27f4acabbf,Jinja
3e5be934cf1ab686daed88ecc65761006c77443f599d83bd8678b94f6a112cea,Jinja
e6086cc473b8a972e30d31b92e32bb39c5a099fca45493678fe88cdff33a2876,Kampala
8992776c1d2ba81a158883a6e11e1ab20a701d5e571c01086c29183e7c81cc9a,Jinja
9ad642330f73bb518dea26d1e5244bd954d0a5cb6452d497da50c7e2207b87e9,Gulu
579d844de16058efbe9e510a59f54cf50dae00ac5ac1dd3b70e21670bc34955e,Gulu
998658f139cebb9e83239734ba5ee3079578d6c1fb3702b5704cce9358ff9a9f,Jinja
60cfe06b1d69d0e4912cb5dbb04771e27c6b63b7d686c1439a27d3de2fcf2bfa,Kampala
de0a13eddea592d5aae31874ea80e6ab8dce5800cdefd3d2673ed3cc3739b8a2,Kampala
ded4200f2ca60f7c88b8f1829816a8f9f88b023825868feb9ad4bf5b007b622f,Mbarara
6293fd370ba2d205b4b8edd7eaa7232571f991fdf43a2299362763bc0f4cc7be,Mbarara
d3d5aba988a62043d7f7562ce24c3b7b462bff6fb65969c7814281b0b69ce39b,Jinja
393dc1e762f828e6d9b344f8348d4245e35e9d3c3ed549a3be525454f39b8d3c,Mbarara
5a55e183296b57c43b63f63ff94bd913de78bad563b0746c3ad3779a031d4700,Jinja
8ba9714d53d69c3a9da084838c254fdd5b45b416f0785699aebb36a42a211038,Kampala
8740aebb682d040bde0ceb35be3399394a2182dbc8840a50e5b29affd2b10216,Jinja
7249926a47cffc617320395de2acafe177f31de5c0527853cba900571adc8530,Mbarara
d581980b346bfcdba9fc5650faff9ac6c8b0be816b5cc87cb237af713589849f,Gulu
6da750637a17c3a4ef5e8d9c45267b4ab5369a91d98c7ee5ce3be48dce3d4eda,Mbarara
4b517f5753997b3964cf6a2096f5d0da3c97677b22ff35c85059028209e26298,Jinja
b22daa4d60d384af9f5fe8e4c20ab2423fb7af2304a722ea40ab7b38c9db9f54,Jinja
715d9c21f285430bff9a948847899d158cdb7c958d2fac5d6dd1d21f1ded56ac,Jinja
2b9a4b6f7313a172b508c038f76b61019d35eed4f664014f2a6f652341b4025e,Jinja
47790d246c1a2aa80450136cd4e5a8a9a1427fced3639ee07048b3218bdd3ea2,Mbarara
97a23c12849e5c22d5ac06bcbc79ba01474ea9ea4d1fefd363063bd79b441d85,Gulu
eda5809b6a2d489bff104b7ff6ab12523f4cd4cd57695c5e869f76388e6c48d5,Jinja
8457d81091b689b18ff8a1aac64a064e8bf0fc7de6bc7fbeb20bc23f4d45918f,Jinja
348695edaf6f254d2fb3ef31d3445a884664f890351a992a1e55b5f7bbfacda3,Jinja
db380e68a225514019e8d525d12b2fa1e7c3969a656bb90a9761239470d97f6e,Jinja
8509941cfa1245bf8fae0e9fbb0abfcabe29c6198654be53747f97bbdef8cff1,Jinja
e444436ec8cabebd3e7f749767f81799db770cc95c67b3087d8945f6eeaa3754,Kampala
929d31e19c03eb16beaf5cb7ce3ea893adec08e5ef071b242efd151953c87c2e,Mbarara
7f7306499dad01cf2a7a7b12273cfe03fc33dfff2a58e373ac0ba57863f2afc4,Jinja
da6e1448e8d646d2121e388520d53d3f90d53f19dabb5432994a3b514c686308,Kampala
eb05aa7e9bc53f17d9dcc6c0b2220ac2cb462522f0b23d4b278f3015700d0841,Mbarara
79aa7b96430f0ef21857d2cc09ed62e35e9b10b2d0ffa6ba4c36afbf21786797,Jinja
14b388af29b035c7a8963aaf0d37c49743b916654987468a88d623046843512b,Kampala
afb3285be09bf07bf018d4241179278f135e74459e903f9beff98525ce259ed2,Jinja
088dbd92987b9b508218e9c83baef4edbb5bfc5201fba3b0c03d1ecbbd086ee9,Mbarara
53338122aa1fa32f53a37f9c5d47ef8b49ffb76159e08b649292a28d62f6705a,Mbarara
3927fdb59504ccb8da90049571f31f6c0345b0e0945a2dd638c3520d18a157de,Kampala
518490d1085794464db452465a14869410a395d4c7af6096c77300e0a0b5fd31,Jinja
29ba4d275b1ffe7366cbfa551ae921b1219d668e9ab263bc0a6d73d134623520,Jinja
0ea13da777ccfcff98a5e63cf506b1a44ad27ee03ef433bf8b029c4473f0a676,Kampala
ba4b5e057aa70dd46957088a2586e465492cc1985829558b222092ba6c20140c,Mbarara
399bbc5231031f4203b40edccbc9aec3aeafcab780655c7c9ff6752a3eeb00b1,Mbarara
45bb7aaac7739d9b96d9cd2e3524e95a35405c0eecad6d5740824740ff83e1ca,Jinja
793e7a2c14e1673761d3a91ec900a70f3d13469e734f42fac77042056231aeaf,Mbarara
935ac57ae0a5b5eff53603c0996a87d7ee80d6af2c2d5e3e51aac109c84abec2,Jinja
7f79a06edfb58b8b2a9c4b54792c2f58ddfad1c160c218ab0910ce29026de890,Kampala
d428ad563f86a51c34f8d63083db30db686d9dc3da2bcee39083efbb2a9df66f,Mbarara
3a435eda3cc7604f218224b00c92ff6e3447782c36d32a785f8514e03bb7d32b,Mbarara
0b2bff379c88320f1094026a6a750370d4e4d513ec24446fc9c76aa4297b33f0,Jinja
818df641f49dd6518c3c28047bf08b9aabc513d714f70059bf717f9b29a69fe5,Kampala
98138025da3df8de0346610ad659f7893b068804b5ee0849ab1a56cccc5b2e1b,Jinja
5b4b2dd9f5e5ecde387dc0eabd35163e47b6b8827308608b5c200e484b3f9320,Mbarara
2048af205ac09918c1c0b770c44e50f2b222ec997fba068450d6180c70153a0a,Kampala
8b29ef4906b3f27416a59ed87a482835c2a6d4a4dbd2568cb6fec0f0afed6c6b,Kampala
27afe3073712e304e266a683233ca595b1c1d5705d646b79d080be6e35b7e345,Gulu
7ab522456f55d288110febd7444fe9f0531a7f7e3a045299bffbb83356c1092a,Jinja
2d76d5e9711827e0e57d64566b9730fe7e46de78984c2be7f6d662aaacdcc4ad,Kampala
968c5ef504fd9fca505504c72b138e052085ae96bbb2735f117aebfd1ccb6205,Kampala
9ca267a42921e38833cbc09628ba292f97059c9f0c1040612d8b8b218c527801,Kampala
2bf467043fd609b91003966ed83b0c556e50a4dfb2e6c66b0fd2ffd2be4f142c,Jinja
255278a4dc5726335c00586bd0955bd34a9e5df6de5cc5d004845198799680ea,Mbarara
b8c4f8857493d5c2646fd5909d1506c8da4a2148a3dde4ced8579ff52b43a949,Kampala
3c009d6e2771f628a49dd480655779709a1f201376a87f58e246d31b946605ca,Kampala
b0c34dd0413ac64eeb7e713796b48172176bbb1a123f1d070fbe12d7d841cff0,Mbarara
9a6af2727a71290d6eac5efdac1f56c5dd7549db7b1e9a730bdc2d6601685d3f,Gulu
1658a62464bc7af34f4081aa34a0b9b815efcab3bf3dcd6373cb251f2445efc5,Jinja
492f03e3c2703809e0ffe29a66f334e0c42cc37366f4bed89a9e4b9b6ab4b00f,Kampala
1bf312fa4ed39cc592a6ee8b3cf98bd3292e3d19aa6da170c32bd8a23149d4b0,Mbarara
09cbe143b682f445fdef72ab9e538ef40f79ca07b629173021745ce0a27e19d7,Mbarara
78aa6c45f0b5923d4f86bd10e9605667a1c7f76e50a8ff251eb475e86525e646,Kampala
5662648f3ff119e5c48f8325d3a867e0113487a2284a5aa527e9fe6dabbadf74,Jinja
bb2d2eeffa24dff4243e298e44b472679b7d0d7154ed1a5cfa86914e25ab2f42,Kampala
ce86b99551f3873458c6dfb6822cedb190e7b072b61a9c9dd7381fca4ffdf0cf,Mbarara
57ff755c8a8ee871dea7bb4f5a5d7fea19b37aff1b6083e2f990b36e5d70f37e,Mbarara
7d8a1fa3c1338c2c6acc5f6191fcff4c5e4567b29ba2448e799fe9f5fac1e47e,Mbarara
95687257b40b3ec8cf3419f4915ce00565c57bdd05e6ac0ca29404cd90f9e780,Kampala
971a8c6573e2d029f239619bdd856a155abe0656235986c5bf5053085f1ff634,Mbarara
7cc7f0936c643eba9f7aea9b9c33c531466b2ca5867fca3eea64ca9c181b2af5,Jinja
9e767ebc00855680fcab365304150b407710513cb87a3e98aecf98fa97b8155c,Mbarara
d1fc885c95307b3f6feca299a1ea6d811a9dc3f7d2e66b039ab21594bb0afb78,Kampala
b91198fc60d17677f1ed988b3d8d786a98016747ddcbcd70b85869706a2b0c21,Gulu
059f9dede54b09f101b8035cc7796cc1bb90b56f83823a998d4fa23f6766d60d,Mbarara
399d64c611aea29a9877798b3a83a175f6b65051116b6cbe244fe7c0c7998b4c,Gulu
271b1a946695ffedde2063569ce87d3e75583f5dc33f7d7b23ea597eae292a44,Mbarara
50ea5e89eae219edf80ac77aa37c776339acdf34736f1e6c1d4379b1dfc01a39,Jinja
dd56acfc8a9d457e0bfcffde13a85b4ad55b8987ae9e4fedad70c8ea698f1b60,Jinja
9bf3a5dfa323fc3a3d4ef9299bc64bda29f74667a0583e3cf633496a9c674e85,Kampala
e535e1a240810e90e6ec7106a0cbc5279235d64b19f805a91674c5195d36e62e,Kampala
a72053f85ce98a261fe88cbfd507908f9a9040d6e42277f8518f4fdc300f334c,Kampala
6d3ae32347f78c68ff2aea3e321ad9f8dec9abbeea3252699aca470149286c61,Kampala
ea77ab0b6ea73deecbc23e4ca842ef5c6aefe992d8cdb805403617fe0dee9bb3,Kampala
486a6b1aa7a92ad6cc5246781c605d7013e19b7fd3eed0506bd8fab22831ded6,Mbarara
d498895b8e1720248dad1e08a2bf060d3e0344d18741ca90bec481c16902a886,Kampala
5237846dc3410e08d071929b0cba7d42f10f1c5e8880a6ca5347fbce43d1632b,Mbarara
54b9c95f336a88781593a46a2696893a6d48cdf4c9f794ba50e36094b389bfcb,Mbarara
fd2d8214bb8f38c5e550f80005ba5657f61b5c32ad326e56b1165c39757527b5,Gulu
8f820166f2f29e253b8a551be4c99f2faa8c828507c5fe7b0b2bb8894e09fc5b,Mbarara
29fddc09599f6f029ce36410392c89eb20a89ef195944c693cb75e9ff2a25f2d,Mbarara
9a0c03ed2882b543e75874f9d393e10993742c7b00a56a8d9f990d7cdaa942ae,Jinja
0fa3bba5db75a94092cf3d5ebaf5d087916f5c85552afdddcc320b198bdc0ef8,Gulu
dff405503d6ffc404647abe6eb6bfb0871700d53c99781f30995abda0de2f94a,Jinja
1e9ddc5a93a8866fae0e635d2d0a1c3b57548e16be16dededaaee0222ae11ce9,Mbarara
7d5fec8bfedabef06995cc24f1922e3f425ee0f6e7ef5d3894b536b086fb2f18,Jinja
df70539becdbdd375f8e6e7d6c49cdb558c1230d9c27edb1d63c5878998adef0,Kampala
3a3fa3820af66bbf9e6042c44a1528663f2cf656f5700cc628ed24379c1438ef,Jinja
86b30b056e627aceaffa7db8eeb4328871f3849180b84715f923bf9e62deaa15,Kampala
338062d7c52d6824c38b5d9b5aa9665fa552bfefbbbcd9a1bd0dad4f8424f7aa,Mbarara
d0f2e2c45a41d67261cd59205d8e43003f65fb78afdd36da3ac5b6f8e7eebe61,Gulu
4fa41b014d4e1d6c3b3b48055330c338dd30b00b013c04bbf432385918bfa85c,Kampala
c518012621a6b12fc925bdd7f1845ad3eda2800564f577c1052c385804cc2b81,Gulu
91d59cdb7a7187764493764fd2c381c5e2c6710fcf092c188ff6a7af4fac1073,Jinja
180d2ee3c1c67b0461277eb25bc0dd4fe3a142701e0de71aa55bb3da615e6cf6,Kampala
97da37f11738bda2d9c9fff3c9ec7a29413fdb6f56b481c5751cf6d2595c72f3,Kampala
f6b4246b5a84e6d65f7510cc461a1fee317e941caf2e402e995006e4e89933f5,Jinja
29fb9cda2f40eb7f2dabd408f1050701ffac3767b5e5edc7d54d2d6d04dc23f9,Mbarara
f1c476cfbb586af3176db5e4fd56743d575c7c561036a669c965da54da0d7e18,Kampala
65c7de8ec0eb371621be7023cf49dc4c8c59805ba4874002d3ecda0db7bb2b18,Gulu
6bd682dda673a55207a50c6aff037c912f35952d489247f42cb09ca5d776202f,Kampala
59b50b6cd46caa495cdea7aa02d07d0839ee5ed7a6775789e85374b84f86dfe5,Kampala
53c1bececfe3e87d334a2012a9a030eaa33a957dec62a73724523aeff2b6e55f,Kampala
d626ec3389be6f9a1af76cc5ecbcf3178650e37a524351445f531186f7484e03,Kampala
f411dde6e2932645bc88bc7da43810e8bb4ac6bfc3996be559346010393a5a0b,Kampala
1154e4709568f434647682a7c1cd348626c62481c21644c2508a45fdf10d8e17,Jinja
ae2dadce9e8e317ed3a753ec86de61e9270431c0465dd359cfc2b580909033c2,Mbarara
043ed3b4c32b1d8239697bbff8ca0d81d48b420ad28b1c0255d7d72b7802311c,Kampala
12ca148d989d93a98f04e4692f142d75f7f09b73e5c4debad19ca11b0e16ea0f,Gulu
3ac6e29181d94f6ca895acd158312a2a775845e5b76fa683a3a9c7fde927cbd7,Mbarara
62138bf5cf8a54b8cefe12279dfc24c19dac95856978c683dca05df0a4cd0371,Gulu
5581a6696f835ca0526ad33ea1642c6a5c1da23758cf94cbdb772558548b17e2,Kampala
a323291cd56991b712819be37f10644ad28387e53c2f7a7cae730760fa8629fd,Gulu
d1f0a73e67df09bcdea5eb45bdc129a674cb5cd9122cf62b34afe5c4b2960984,Jinja
2ddcb812b12d16d9b7cebb4f4662a1a7d5d133a99ef6a6e879f148a9b70ce429,Kampala
2b47194ad56647d43e50b304b216a1c53098f51eb0dcdd1523c148154ca31a2c,Mbarara
960f04e6cf46bd9a633cd47b1769408d8ec2e511e40091a20d643f36a3bf56f5,Jinja
7f06c6a29002250c0b0147ea643756dff3e696fb380d7d8106f3d9b13bb306e5,Kampala
4aac9058ec77e0ef75cf4d06c57cd051326995900636c088d545cfc7f055d4e6,Mbarara
0123f869201eda830e70e2bfc1a6164dd77f7c84f986ad6786fd4c1c0493e241,Mbarara
5c964beb58cc621a89ae8a6a03e0ee0394ec74d4cfa5f46df3c652942e988bc9,Mbarara
dec8b7c287f035561fc6aa54deae61f7d1d4faf8c1e6f682aef58f3e4d4d2909,Jinja
f5a0d5542c69b8438efcc4176fc05ce0c6d38c33d38e9e049f5126715ac23064,Gulu
6d23bebd915125037fe9b2a5a86393dfe98f0794ca7e68cabc7685647a2a47ad,Gulu
d3c1f087abf6866724f182f01415b63f731aa78c658bd23bcd73ddb73e5602e2,Jinja
a7a50818a46dab4b9674844b9db858586931c863e5b62a93a050278589ef2658,Mbarara
6f16c38b30b183dcf418fbb194244cca11a6f853883e4cf62a692fbe4c271ef9,Gulu
2a98cae6e2e19ac206a9ba138cab74f8e556fa644fcded35e1e5c5bc8807bf4a,Jinja
9f919aa8555fbe74087e1ffcea513d3b7dea6e4565443dc62c3868ae7268f2e5,Jinja
890ad53e93971202c30e899652cb99b3db50dabec48b9e1385758a3833968d59,Mbarara
ba125308367d3ab75098a0a78ace76392796de239b459fcd440a9c455b3e12c5,Kampala
f17ffc4658e72fd0b634b805fcef9fbf5bff29992f2bed579a4639ca4caa2275,Jinja
8501a3a2e93d67039baa87b781ffa6e3f8ef1850ec377c340cdec614d880edfd,Kampala
1985101007df65f6eaa310691fbcbc5e8ccec7c326e671cec8c2d574f2782513,Mbarara
097ce0ed786cb34287fb6bdb3fa43b7de3e64cab56d8b65dbb2b561423028756,Gulu
8364a143d995e0843924449acbdff5979415cc30d437ef0bc1009e694e3b7a85,Jinja
7b2aed4e361812b8925f02010e365fbba5f0666a6cebfb26702a3ce162aff53e,Kampala
bd467f894ef9dee8c7c65288758136cc2ba9b45a6c24f3c804b0af72d55877e9,Gulu
550d9ff1bf0ce2453449aaf442464b41fd7f2391b9d3d7837bb352d98c1d097b,Kampala
6d05b22c1173a61879be81eaab4ffca61fd13a427886c4799aa3473c7a96bfc8,Kampala
7b5374fc78e2928985fa6526ef26425958c0f74a2a0d7cc9d3fd8b8522c182d7,Gulu
f46f0b490687cdbed9d665274422b9d17c3d88b38585ee05fc5660936307345e,Kampala
5bdec8647f39828e28a9ea7f7d176a93c766322db41af206d3ca9edc7fc0d1ea,Mbarara
ad1d68723a0cb0e50559b73d481e3c24153e2a8e1be2b07c913329f09065690a,Gulu
789682dc03b3c866da4f1fd45483e733d17a8698a37304b7429c250fbcfea9de,Kampala
af409eaf68ae0f3653e91c2394e7f9df5bc2a44cc3be4efbf105e079d6581a68,Jinja
e9ea5d06d9913b7272e9a200d851b0365f87db7a2a26eb8de4905141841a61f7,Mbarara
7ecae8955f3b414d271cf8dea56d893450303bd27dbbb1208e3798ae94c28135,Jinja
3827925cef12270c925118469ce5a77655a7d884d6a62564a4afa93630053224,Kampala
a306b8b64712b54b5faa8ba675d73e39753ea5aa9b145a326c0a8045314e5bca,Jinja
dc0fbd6515979f6a91dd13509d560bcf2b21b31d5185f838382d59cc7c6d3fc5,Gulu
9532f73c16307f033376a4e17f9d41587d2d13be7e9424a55f7102a78d8e2f51,Jinja
a8f61315d4c6331d55096f59fe23c385706987aaa593cedf1c76e50630abd4de,Jinja
1b30eb76c5496ae20775566c13b388f364ad978dec5115ea8dbb9b990ef031a8,Jinja
a98798187ae2030c26e1c1e22786602bc0305f6bb7d52a826f08bb735aeb3356,Gulu
b44e3cdbccbc3b4294a1f8b30851a8bdd92a0e1ea14ebd33a555a51cdd0b53b4,Mbarara
1f1556bd9353e5cab2a3841f54575c3a19d5a3bb6f8e16abb36195eaadbc628b,Mbarara
d199bc790e1cce23ef3d6e6722374e61c95c21a88ca594f4532f7f03d8886cb7,Jinja
6d5e067b882d10886b8a1d6201701600781cecd8872c78500fb07a67c71d189b,Gulu
ddf5867f0412f0de4491dd0c9d876ac4e4ed8bf84e6551de7bcacd1e90d42349,Jinja
d0d97abbd6411eec0d38be51c9c4bedbf6b4eb79060f3dd17b9c524ec3c8f8e5,Kampala
b3c6c6dededee1a4806db1a051be808587bc46f323ee338fe72116382aff2682,Kampala
7e07bb38816f41fe156b3771e361883aa5fd095ae86a5d9342468a526f18cce8,Jinja
345b951f67ee1b9899ac74c8563b8333dc36cb2e2bc86425bb831d52cd1fb59d,Kampala
658f2617b3b2570941d9425925b699b8f3462d614684348999d65bde05a269e3,Jinja
fa9b38b42fc66a732e033941f431b999ae868c52422e212f7e4f031c4a574f6e,Mbarara
639cbe6c18c21c7a6d3e742b2479d31fc4894465ff05d1f13332e0bf9ba99277,Mbarara
7a1cad59b8fb8e3edf2ff461bbbc40fe60044e0c0284552151d25396af2d1dee,Kampala
3c019f9c938b4dae68329c69951e03e8a64156c0446d3598fa01bffb7dac311e,Kampala
d9c89097686d621aa3d03a9af74b30ac6b279bacea3c3308d47074b024096301,Mbarara
1b51e005f61ed245c8227aefc7bcd5dc2d034f1704a930e5951c6bc4f96dc22b,Jinja
ab75d3d5d9694017ecfd00835f9da4e7c7e1247a074e391118f97b0b923337b7,Jinja
735419caa283eb2ef005e64db642b62955e7ba735b3acefd32dedbdbe443482c,Mbarara
947e7997abae3e5745130c89c7755bca5d9f445db8ba7ff2a7001af45c244218,Kampala
ae0d138dcdf0a215724d67714473f4abd59a63aed95ba58180d80261749f38f3,Kampala
ea0ac74847ef255a8c556425281b1f897c92f6f14853459db5390b22ed637229,Gulu
4f5952f97e4ced30d4519b83b1a2a8046c873280911c129d161fc1ed54f4005d,Kampala
1ad5641a08a45335f41bfc53f500d9a7cec004fbe8a68f2700ac6bad84ab881d,Gulu
1a17d1086a95bc63b16cf8d9d0b15588fd50198d6f980df0369fc16fc00fb88f,Kampala
fc886084bb5c4ae1b7e664b48105eb1e7e2de174f84cff7582850d110aa9ba23,Jinja
f100bb4bf4f0106a821c90e54d8ec704b41773596277287c6fa418ef7ed08408,Kampala
d4dec7c1650cd2bba08f68cdc2ec59b1f18a5e51aa6f729a58f3f0cae83daaba,Mbarara
282f0dae23f238cdefe8a4e48f4204b8b3a76e45dc3b83485f295d919e697b27,Kampala
8105811d04511f8cb412b13d7ae304a8702eac9b29699b48981cd13420f06fcb,Gulu
6dbb8749a037f14e02e1d8fe7c5d78b0346bf06151d22f8fbf85caf743922fcd,Kampala
a372b256a9ef8ea3eca09455015c29d7947044ab464cb78ccab7352ab727a830,Mbarara
23c98b13b3cc1df020861205e484d7237843a626a98f6d8a0c7cae8041959b83,Jinja
9cf5ab2956509ab04ae590cf2efd66544447692b4ad1493a9914ad8088a192e9,Mbarara
5852f6355335ce825ba19a457e98ac84638528365f8342ae3ae314f57c14bf4a,Jinja
beb9420a623115901a47ffeaa0870eac568e67e56243528a927ed70a9f1297ef,Mbarara
9b8fdcdfe1275fb2e14355b0280c3984c7ba4b2fcd5b95c5636023bd011efff5,Kampala
64130d2ec6d9826ac9523511f97b0dd70dd1e946f0ee8a522734028ac27315e0,Mbarara
da6500e6df5892076c70377464a41f56f7b24ff82c0e5ba58f07c7c59d6cef15,Kampala
eeaa212e2dbcdab289d9182471c0b7140997cb53de9889202a2e46a538625234,Kampala
04f9d4db546d9a976037b1070320c1ed7db3bb71529452e5d364dc66113288a9,Kampala
75626968ed0fe9ff9130082bbface3d04004b2c9c587cce145c22f1f818e54d0,Gulu
7e6456a5820762cd1408d196985413ac4ba60c9f5c224d4137b96ff53ff6c629,Gulu
cc7a4f43e86d5e50038ada84ab9484c295720ca41f58ff36276f9c0fdf8c3a41,Mbarara
aacb2c043dfaef52ca8e5b09bcc7685577fbd2a3ccf00929d310e710d38e3dc7,Mbarara
4332aa3f67c0db733ce7d52d4644deaec64367f0c01e4ecbdd1c55ea56cf74a9,Mbarara
90b9058afa8a56cf133b4f212d98161bdc4715507888a4d156351f61d3158c6c,Kampala
dccaf37fee8c1920769a34ef812fa69f0392c0e3033942ea826eb9aafc80ee8f,Jinja
f3ebba280f3f4d0c8032acbd46eed40a21c9ae9e245216177781129bc8f085bd,Gulu
11656f21af46f40c7a284749f06f0eed8880fabca94e045185ad7fe58191cba5,Mbarara
45686bfdb6858f5f53947bc07524803be00565acde19ce1f08a1d5ac045bd11f,Jinja
816794b70deb855f5b822843c7069618c7b98b64f1b184cc92432dfba8d2212c,Kampala
c1dc27795b2606c273b054dd341f966277482aec349a9a2f82214663b5fa417a,Kampala
4df77cb72d861b3080839d23c52237163d4c676838b40fef2dc6cad89d378a27,Kampala
3384048a3b321bf84ef49fbf6a6b48498a21fc39b56df85b021f4334e348a9e0,Jinja
03abea0837de6676540d566fb6fbc49075614038b50a8295e7e4ac6235f944cc,Kampala
13adf41a626e0ff95d80887a0e21718132f4b05cc14ad9b9161ad033db7ebb2b,Jinja
e708b72a127202976c34700ff35bb5790c5e615bd3fee452d3f91843cccb229d,Kampala
41221f1463df25692664b29f7ee7f6d87532f52b232115eafeaf163457680d72,Kampala
cb1ac7b3abbe996cc274254ef920f52cccf7e78fddddbf5345f716d27b64394b,Jinja
606082039c7a19e3f6b89e6013fef39cd97310f023748e49185cb076a608c90a,Kampala
4a37fe31055cb7de635dfb98b999ec286e5e5ad9e7e2f86c0b8d86362deb9f24,Gulu
a9e06aeaa9ff8df2c539ce136c238cb89072666e7485901855f122d1dbe24034,Kampala
8e1bb9c6668a4dd53edb69d94776c2b8f726e406009ef51d20dd871da09ae4fc,Mbarara
1aec5982639706c1109b67b97305b689de3ca7f9d8e89911afe24955223a2078,Jinja
f7b149e481223f6c393e81920c4a4d19e94f23afddba938004ef13551dc3d6d7,Mbarara
91cfb9b9c9304c7efd859bf7f98f69242d3f0d11c2701f25fef1d3909cb44d78,Kampala
8788ddd65d922e09a5ff4058d32dea2abfe726ab6991b22aeaf4acb5dc817417,Mbarara
730142a35a3e6cdfcd16f14151ff7d16fde094bb56e3f848901d5f1de4daf31d,Gulu
09baaa3b06c9b1eb71560463013a413761c03deee9bbd6b946a3195d3ac193de,Mbarara
e3306bfda017d2c270dd843976aff8b53c14de25b77ccf91ae0abe7cc753e534,Kampala
78c00f4c470b6067880dc856e2fc6b9135487b3b5368817f7f0e901f23b711a3,Jinja
6221cf9fb1d76d91f6d405a310c6382ea486f003d27277c6ef6bc08aff390207,Mbarara
18524537c525fe3132b4b9b27fb69263e66f0ebc27c46b140a616cf6549e225b,Mbarara
d8159107a23f3710bc705fe67c76adb9dc520c9ef7660efe5111d3ced8f241d4,Jinja
6b973f739871b31d23e4832b38c9662e6cd7c18cececf6362850781214f47ac2,Mbarara
a673f9cc486cb44121696daa7db95a49c989b980d421ab41a6229380ddaa3d01,Kampala
ce1825a59811e969c6d55ceb1b12b13ab6256bddecf424faebbf74b0ea4726d2,Gulu
b535afc31022b2ee06b945b956ab7f5da36b7d298b6313b204f7b379d161b0a1,Kampala
c2146eeae9beafe814d64e651312dc21e7ec306a8e6febed4755b459df4a0860,Jinja
b665baffc3e0046ea66f3b2425a8be3714a2b31c35334aa49ffd3e60f861b887,Gulu
4f16ac468b85eaa044042cf81d42a3d0b42706422ea0ec02b58d24709601e43d,Kampala
ff0a8427fd7d37e28c668157f28e0752bfecb32699e8b05806c7d529dba346f2,Mbarara
734a50fa50a203b17a089e3502bd5e210d209e3af57fe46f6d8067f22f3007fe,Mbarara
1a3c12415dce8ebd08aabe92b457636e9c31d283373d95a011b2b94713dc10ce,Kampala
1582330c9f316744e536204310c04a821bd7f369320e1fb39c140d24aacad51f,Mbarara
8dca1e93f386d65a81007a62716c7d9390961341db77d17723c420c1ec1c5d52,Jinja
75ae2b746c92b6a9a0c2714fd851ad7a22f6c04df354caf72b9638b50856ca1f,Mbarara
d41eaa14288af629917c850339c16392d929d6485b7f4b22aa447f3a85fdd569,Mbarara
c611c4c65e20bd39c315cd62f5167fd7cec67985d4cb5c18bb6fc646bae03c0a,Jinja
09d5a804eb4dd282516f45d41d053369822f1f2e57bf4058962b67f324694b97,Kampala
d53473fcc6b185bfdbb1438cd439cf92bc60a4312e526a3e5b2385d3eb1e0743,Kampala
16f6a522d01f5fd1cf35fc7200d79c0f6bfbe8d5ca02499cc84ba656097dc25b,Gulu
a814b6d57473919d8809edc5b41039aa094dc28c86e3cc06ab41fa8133297c4d,Kampala
8b57acfc85af7de1992bcec386f2b985298a3e4e5724781800b37e9433bd1929,Kampala
31aee5d23a5c0b7d96d14f90fe309952ea762a85c6a83e6264e09aa07e14005c,Mbarara
bbf20f3a0d2c5c0a0ec68976d57d67d5ff7032bee51f744a881608fa5f0f962d,Kampala
318b31bcb4aa31ca48c27806097e69ab0b5743a375d7dd9da15dbca1bdb4dda6,Jinja
5cb788a56af12bdef2ec0f736423c5cb7900628d7b2ae7c110b5f2009800a739,Kampala
ea250e947c93fc0cbd990d6b4869d0cf49423aaffbc292ad362367ba652241d0,Kampala
528fe9e85f1ca1b3309a41b2e34ea89df32808bd463ca9eff1926a4b251e0ced,Jinja
5f832067e6f768aa80d3381677d851705940aa395bdfd2ca944c9d6b3da97d99,Kampala
ccde3dfc7df9272cda028a74e17ced297f3378ed3945194434df4f762233e98e,Jinja
7aeff4155877f813ba503746449282227e43cafff82e92ccfe0b216721ab7f11,Mbarara
66fd2c1c7afa632e39a582793d4be848aca9770186f2ad2f18e639509aee9b6b,Jinja
e47e5f45f0ea4eedd33815afcc0503eaee4f55281e8f2f3314402b10e95f90f4,Jinja
0c80fa030b590caf2dcb1d6e5d4188f1ffe5d4a8518906f4422ef131036d8bc4,Jinja
6cc4b8ec3851f56acfc0814453326e2ecaa32702b869dc2afc53c76f956dd0fd,Kampala
c4fd8e4045783e92a46030f3e2c756c08244facec038f767542089c2cf7f2385,Kampala
62b68b46f9b33f5a9fb6a9e4b6908722faa0d2bac47e86ca1e4ad6f48003de89,Gulu
e61dcbf72e3f81749f6ffaa8edcf604b539f37ae8f4a2a11f8a255f40306a1d8,Jinja
b2de9cdcad6bf06799d0760080c486e183db66f7dd1690263b3a67804ac32e40,Jinja
35eb32b9f9534fff7a9ec6fbd964e2aaf0f8dc957ceefc3522875c55867aa59c,Kampala
fa45c1dad2010074fe6c87559c8750fd06bd249eb21c1473c5f5b3f7b213984e,Jinja
888dab59d73e3d6d20a52067c22bd117dfe9c1455cafc7ceb9e0ae383eeddda2,Jinja
6b347687296c87d7d6b93ccb86a08da1f341b8e13effc41018c2e0daa7744004,Kampala
0f2e62de6b877e1403eeb52b0f5b1f478181b8d02be88c16204722df56df1090,Kampala
fda903b1948447b32b9957f3aba7d233d9d90bc9fb634c65b0de24a974f7f1a1,Jinja
93a0898d484fb82eeb1373182da865622a304772404d09b01fc4370516282272,Kampala
a42e040f92264d7dbdc2d41d9c4d9a9ec32fc00f044982ae64ea3a203b9ff95a,Gulu
c71f7a8b5f4355ac709a5c31ce9209b23517f2413f5617b0b5248f0b5ff55baf,Kampala
689a0521dde98851dc4904ccb31a8c0029773525006b163745f94969f0618cff,Jinja
b0b7e32899224b796df200d2f737861b153057d6bdb44799bb22d39990bb4b04,Mbarara
755e825c7894fc89554030878b58580de94e6063777d93589294d7d41b08335e,Jinja
611f5a977d095b797e071d35cf98ccec5f9ea51b246c2ad89c618359988f675d,Kampala
0a89e773e4630c3ed53327645d829cb3fdf494c31169b1f220e6e0752bc0e1d0,Mbarara
b34003a0f85f08868b319034691ce75edc1069b5826bc3a20eab98faaa7a6be5,Mbarara
a7dfdbed1c1f5eeb6fb3ed0211d1e1bc7e746f93099ad1b22351105931471a47,Kampala
9b72903a064f1726b07a2c97de2d296d333c494ea70143394f6f8c30d10781e4,Kampala
b37c21126924fef12f4d6d1ce86b0e081f370ac03364520338e39d1fbfa2203c,Jinja
b3a785ca51d48d9cade7419786de34d1a7049cce0870ad8a085f14712d69c5af,Jinja
ab3c59e9cce31f6906dea24cb26c421ea17ca13ac34550fb2c0959f8b97c8474,Kampala
4558bc657e2ef20994cf2d87a2fddf03f7eeb688d6cf90789b9cc41d6062dd8f,Mbarara
6e601d47c5e915e0fd6c8ad76e92a08ad840f8b9e9b026e3743c12f668c01417,Mbarara
a0945bd012a71cacf777838f164f9656c7117954be27a1a3fac0a4c923e984b8,Mbarara
614258156a6836bc621a3767e3919a8ecd301989ec4e1193dc71e3274df404d1,Jinja
975781e3b074a46e0bf59b04b50a2bc0c367eed751aa218fbd358db00d356fe8,Mbarara
4cf234492e791948f8732640d503f0c0e22687819db2031538831fabff5233b3,Mbarara
231ae1a65a79a8660409cd228448ad3b067be01d780c2f5febd2f5e3d3ae278a,Kampala
4ef6fe5d8142d6ac8f37e391a7bb3a4804aa1853a49fabd3e4438c42745bdf48,Gulu
8d4e92efa02c3188b0c06027359816112e3c13c43e07af05f7ef24e3ae2d29d1,Mbarara
1c5da4ac834bab00039bb9b923d9f5f6d1adea3e8ceb8683e223e6e7ec4ef0f6,Jinja
7cd28dc297cb0f561c500f1090eb8a673228ade115875608afcd49b787c9866f,Jinja
79ff8243ad1c4faf5b60ee61210af2834a48da1b1239ff97805e2f4ec4421ecc,Jinja
20ef80bff15946414bae33e960a28e947fbbec4fa076c3abfe981ada437eff4e,Mbarara
d9a2d4da2bec6db83ddbb780a5a8142f1d6d766350d531efc7d9655b5cf6037d,Mbarara
f0fb03c88eed5721bdbb2c4347c59b7745c8454ea4a8cf29d170f4d57333cbc7,Kampala
70d72030311393dcb45cb28ef0e72e5ccee96404f3013dfda01aef3dfdb9c143,Mbarara
537c486a593baca26df84aa37af9abb9d7640a5d8a00fa51d006cbe7f7c3a1aa,Kampala
66d7e8295b0f7b44899d56f83f8a80bd8bbf2de85d10e6526ef6b01234e805fb,Mbarara
5bebc627c40556820c240d036e941a0195c47cab03541e590fa32736a22e07c2,Mbarara
acd67e8b95506283a462d1117c8e9bef556d49d3929f15a77dab237c33a78a04,Mbarara
44a31fad7a8053f653e6d223b965d4157cc461acd2c6786cec6698d3b2386c07,Kampala
1f093e9b1b77c076221ad37471d159aed6cc54919b8701976bf0039f0214ba66,Jinja
bb354083c58f5f4ebc10942cb05179e94f045d5a1af70c060e1d0d4ce0a15168,Kampala
621c84566006dc8c04c239226edf64ebb1b7224e670f5e5242c92fd58e9155fd,Kampala
bfb09b45a2d2f4f2b08a4a5dfeff0f69b1ae979bcf5fa2a86db8e885589e0553,Kampala
3018082f4f80771d96791d54d08c35e2d7d47a06eb6729615aa2da134ddc0b51,Mbarara
779f429c3e6ced073e7e26c0205aa410c755eaf426cb13fc8458422cf14288b6,Jinja
a6fbc115ea7f4745638e262d6234264f8b453fcfbd77eeef3d128449adc8eb00,Kampala
d42eb51bea4561cfc1bb04c293ebc260d51b975990fe9d1dc7d4be8d2fe3638b,Gulu
a163609d1c3acf70872b5a9a611fb7c872b08c5b1b9bc2e09b2cfbea27d469c8,Mbarara
c8a6b1c73599773ce5f4ae46874ae429178f2e976fed8fa9c33c79cea63f2eeb,Kampala
79c179c364cfc8cce8b87e71a979efb7d78c62766d021fd0d59a5dbfc35375e4,Jinja
92670e861f147f45f9ac535f30b2f801e83ba2588527c2c96c9d105cc01f4b1f,Gulu
59edb5d575c83c65262e748c61c6d03da421dc66ecf9f506192fcfdb7834be76,Kampala
8dacc11c68e51c89d03699b6ae93f0006f3b8dd710b5046077c31b9e2bed2c7b,Kampala
43d86b826960db0eba91340812b234f9ffd6f4695bfa8ce580474b70b173ea71,Jinja
86eb1e66aae04782441347efce37dc39bb2ee61c5955a6df14eb3404c513d35b,Mbarara
94a8742f4a4b84ed15520425d967112aa8fef9bcece2929b393e2c584eb4da0a,Kampala
4a2e19adaf1a06216b4471531b36008ae6917e3329dd7da6c9325dcfbe9c3380,Kampala
7537786e9442f2a61c9891dd8f5ad6e59f23d5020bf4a628dd617c1b978df50a,Gulu
a8194466d9aab230fd59c9e665290c71a4ab98f68ac24b2639cce43a0bb5d961,Mbarara
0ef1d53a38a52d06c4b39f783c1cdeee0e75ed250b0dad0b81db10a90a68d44d,Mbarara
59a25f27308a5a29abf01d564c8d2d758b7a998c461e581e94cf67ed2424ed18,Jinja
d6a04a973924bf64e955cfc81d4ba65d39bf7b77804c5b950d488c236607fceb,Gulu
adc916d2bcf336d3f0b81a7733750e713240ac27b717758cf9b975b8b05e180c,Kampala
cd5acc0f1017d222a6efb868415ef4beedcd07745980f34491f34a6495ff668b,Kampala
d52d22cd8f0c93a09521bc5d44cf41518d12d074c94c5ff82e65a8fa9d724a91,Kampala
f4b0cef0bac8e44eac49f69700f748113c4ff56732bfacb5499399097e12c4de,Kampala
6b376ce156dd18089488a881b44b58c16a6bef8ccb26b333cc721b0fa9102f2d,Mbarara
fd486a5a83df7f5df969718dc9caec302401312c60519610fe1bfa1e38ac02f0,Kampala
9f8e822bb32e27bb56ad79a4ea1134d2ec18a044c4622871c124544f52b4b47f,Jinja
65f38881658d20f4d7225694a862eb6b685ff64b51c07ea8b66f1f05475ff1ab,Mbarara
359e77914ac31edbbb8ddd21e2467806e22d59fa75c0e8529f7d7e8e618268d1,Kampala
3947db5850224ea8e9daaf4eacbbf7a72d1bc768130ed235e9f37e89cacfe3e3,Gulu
d5e1dc7f46f94d319c55fa9272382125c49b4384bcf9260408874cdb4283eeda,Mbarara
40bc2079c2e9a23aabc5bf0a0303431ec401dd9db754a6b695461d9f2b342aec,Jinja
4e3fb8be4d065991e42e98bfd580fe457fbbeaf312f5800f726a081d80b0bbb8,Kampala
a976f3772236912b02ca835bf2f1955edb6a98d1aea0f7cb32d57e7d1fb1e94c,Kampala
6c7fb5e1926f91cac995ef97d46709fbea20a93f617f0ece7ae6678b36236e53,Jinja
79e8c140cd701e716d66ceeec0f95edbb813ad544d857946148103185a2e1a21,Jinja
c0cf51c5d6e5cdc9401902ac43e2d75ac2981cdb4742c3a7643bd02589e749e6,Kampala
4c12fd1a3caad1122b476b5a278bb2330d473cd5464519687f831a9f4e7e79ec,Mbarara
66cd83adac7077615aef20de13c5dc969ca31ec8c6e825b61e20f38d951a0fbd,Kampala
8772008336ab398e070b953bdc17b49ecb5fae3b909363d476d1bdd82f3fa36a,Gulu
84eda3645f772308667f8a8c0f023363fd51b0ed59e12f9e7d787ebd2e521676,Mbarara
2052ccf9015c473ae086bf1555ddd7748ceb710158feb80ed5ff50ff83c1c9c5,Kampala
3c8652a6f28709172665f531fd25746f01676636bf70f3f7ab0d1bdb168ce4e5,Gulu
5a940117c84b572bad276f512ea2818415546bdbd825a510e8500b536fd943ea,Gulu
345073e34c138259360cde6b52c78d072b031bbae2526456455fec9cd3c583aa,Jinja
ba934010c019dab8aba38bcf967e63c54200261f28cbea66280423fc739af6ff,Mbarara
b97f166c0a4101f7b7e76b86d3d467615675bf1ea3d9633003dd44d2984b8ee7,Jinja
28e6222fb5a79eaa4351d4e87109e8fd789362c68f346b29e49f0c89f17cb855,Kampala
1f221ec336786de19f89734dbf1e7ab399ee8c34854b57e3b6051165594bc353,Jinja
15abbaf3b0e320f5505479131a75128e0be7b44a6f7adad13af55721503cbd3f,Kampala
8e1a7371871f6ffee1ad3cda1f584f060c8612b5bb4d9ff629e9ba4106c5b847,Kampala
b15a8d4db6b498d013c1d05cc8d2394c90592fcd338be19e42f4aec571e846f3,Jinja
4f335e418d419b7e6e13a9f9aede68a3fb40180bce460a51387e0b7fb7653004,Gulu
9d7b306e5123ecdac3276197c759aa1e9fe6853ee6deae7d922ae96e3a8e5fd7,Mbarara
1038dbfb0c3c14e7a1b6d51b126f17bf3e38b1d1719e668ce871691ca2c030ad,Kampala
4cee3e5bc1de802586da9db7f372fe4571651a07604eb9ff56ef0e9808b6488f,Mbarara
1b424253f80576c1c0b9464270b319b72cb788b9b32fb6abc7641b04161421a5,Kampala
dbdbc8a831eacc105bf2cc07bee4d8eb3e41f7cd275d47245cfca9e6411e4720,Jinja
310faec7bbf2c091b2618eca647fff5088b3ae290934d91a8fc4a6eb4153b900,Kampala
ba6436cb085d75f1abcb78019fecc29d362fef4175406ea6bdfcb67754e72b3b,Jinja
f96c5757a0e2543739965c1fcc831d3a757d3f25c5c2bf8036627ae9c3024c19,Kampala
3ae2e10cd4b08b133db5674f10fe4ea389721d1eaadad6bfd0864032765a6f5c,Kampala
a57b439d68483e1a9940f5847f8b50ba33299acb89506e3e00c63e1c3662038d,Jinja
bab357743154cb3e806ce4af7b285ec04da0e29074611b60f7efe942efc1e588,Gulu
127b8ec5516b9d0c80c57bf62b679fede188989d8023c31fdf6f78caedf2173a,Kampala
7798c981b89eeaa1d5f3635569e002fbd66b8bbd2b2cd3e4864ca9b30d9d11b7,Jinja
1b349683b8815cf89f38a8e53bc9b8a71a3291289b500656800a2f6150e8e86a,Gulu
62d245b09767f853efac39683dfd396e256f7b7c0c4afabc2924e6a089dafa7f,Gulu
a5d873938471e38644bbd74ade4323621bd3774adf716c2dd96c185013e065ad,Kampala
16db7a0d421016a1e6ff7621ad1734b8aa2a4eb0433d441a735638489c63edc6,Kampala
2e02a77d0473ea8f350cf5b0cdef73b9a456c302bd8d918b5e17b8d15f86030e,Jinja
8201be930ed185a75982aa398b730783f6a69a6c93d128a6cfd377a584b2ae64,Gulu
d0908ea77775f82272db01861389a36eb6271b9edf656f12bca8c8a678aad7b9,Jinja
098523285ce3fffbd52c6e3286d207f6078ef6f8f8f1d2b6ce0ce9adc456ae8d,Mbarara
0ea9d5f55231d98ca773b88d69c8dd7778d366b5c6b8cf814213b8805a670853,Jinja
f25310337c5d6390f1e4f1ea0c9adefede568885743cac8f21e63ab5e964fdba,Mbarara
6e3ba5d61c20da05402b67982b4789753243d345ea45e7aa774ab008d4cfb82e,Gulu
5028d43562f342a966b2418374cef929e7abd93ad7bf219f6acfd32f1bd2c2de,Jinja
0b0620c82bae6f895029e54885007a0868fa1268e555e82057f80f6420579ab3,Kampala
760c1238adb2ee8a9f9fb0cd087b691a02113b959e86a4edff9fc4ac8460ba76,Jinja
0f4fb343eb40b2edd4230940314ec0039e5c711a8098d9a57567151c7bfdba0f,Mbarara
365099c78070aeb6434fd4f777bf16d89ab778c517c47cbdd749f43491d4a53b,Kampala
234c92faf01836e886998bc5d628318b3f152deaec74a839fb72004bd5febaff,Gulu
184fd660190bb1e8b81fe1e6485b652eff09fd52687117e9acdc3901d7dfd90b,Gulu
a629d6ff376e556c784cfd9f5c0f9b8ac29435b8da27e32832805e7a7d479cd9,Kampala
26e9a91cb16a8b722d554b87f7447a7323a3679dc0288e9cbdb86b472c936754,Mbarara
d2d72f23be67c82ca3773db832f12202f4b818339b42dbfbd6ace24cebc3ff52,Jinja
b308b9ac761268bb0d6a1246364da2e329149fd39cbfa408e4e7ad689f79de0d,Jinja
360a1bc5bbf3d6ac5202413ae5bd6b00aeea01a8fcee669f0c9ce2089eec94dd,Gulu
248d4a7f23b5758ab5268875a43ccab8661ebc01e63f784a86fe9c48d1a8d9f6,Jinja
0547dbd93c7ed37075323cc144f27c23378811fd9d6a512e1b171b517d934158,Jinja
ca1222e1418e4f4cd1c20812444710d2fb8ffd23ec22e61dd2161c9e9302e2ba,Kampala
b682aa783e23c1bedad6c93cd5fce98a9f5285551c75221dee332034d2b968ec,Mbarara
4eaa6bee14474dc81a25e0933c026215ce17a1ffedd8f257185686b3cf28011c,Mbarara
42ef4f1d1793b280be8b8c3ca0da3f09580bff61ca61147618dad057b231ee83,Kampala
9330f9ce02fa031274f027065946e5781a1c50b0ea1408959faf1ff386e2ba2f,Jinja
fac08220374eed35547ce9012ebb7b6bb4b795efd36acaf109ad11b1814908c1,Gulu
ba774cfcf93a355ae88f9bc1cc36e5baec6bd122302b92d34965355db9c8f085,Kampala
625e8760999a722ffe502979cba6df1dfbbdae29251118971275d4b5993eeb29,Jinja
4b0c1a3054181f3d05f1c58ba99515805cb514d641859c61a32bfe35675c68ef,Mbarara
1c11abadfc5febc012237ed57555289c9e5ce7c63ae40433e8d8881f90014392,Kampala
bda197378f08238fb5b8af8db4453119a29176b0173400051a999f22539b4f7e,Mbarara
5a6d66eee3f175f0f949c298fa70dd32b76ea162e424aeb27dc6918591d1de37,Mbarara
ab4b34f1060b7f5ce0542a9af8ae4da3f712d45f0e40b91d51adaace9909537d,Jinja
d9792e1901bf6d066303737a066092acba29fb7f8622b7781b0fdfcb6cac31d2,Mbarara
10d1198155b507a775a54aa205683efa1d5a23062d681995cd3623ecc946a584,Kampala
20007c44462355f93a507e9c1df8240517d084274e70b89ba43c1f6eb04449d2,Jinja
c85a2e73cdfb5c131e425db6b1af91908d8abeffdea8b43392c339377e325da4,Kampala
1494f2a3119d7b1247b21637d7cf0b7baa3c8365fc4cf6354b7e9a85d2c2af0d,Kampala
434b021f4ee1f7d0537fecda8b05e42b00f8a153c09f491eb10530a3311ee1a4,Kampala
bcbe5fd63fc5585a623f26579a1ddd264fef28b9a87fff7006590fddf122f49d,Mbarara
d1f2919ee387c529fdf462c27c36ee9a9d175e33db42a941d9852708530f4bff,Mbarara
23f1515786489ef63b56681cbf5aeef04c08e783a933dcef039fc51809f8bfb0,Jinja
9683efd3be4b71a303555cf64d561a2b49aaceb68afcf9f09a0e704af4a80eaf,Kampala
12b60187ed6b4067ea62e6e5040733118ccb3ca68143b6d9061701ec1f883269,Kampala
299dea642ec8a464510efba64e0a9e1f8e398a4d2d0188bc6654e62c862de990,Kampala
ed2648418211c3d7d9db1230a18185e60b1e909e1870e54e8a12281f9a6e2a2a,Kampala
2814454efa2677603a32c235a9cd1e0804d98ffbc9f2b2eaec9d0d721980b097,Jinja
bed470b269ccd1fbde14df55132f2e6e88ad5359f6c2260152e48f29d183f56b,Kampala
fdb7be93cbb50a582439ca7ad7aad317bcc8342091f3f4339b4f0cb0ae038a84,Kampala
b19a35c2b0ae92c3578829e40ef47779cfcc9cc9ace5da4797e848151acb25d1,Kampala
8e2e7ee5b65ae096b82b697adc4b28f77292fa0f3fd4b318f2d5d24981912e16,Mbarara
e961f1118604fc27e9e41381d7dc82373564912616db6419c4e728a7fd776889,Mbarara
26e40be582344d800e96cb5efed2f9caf6f9bc9bf85f61fec57d282e7310a73f,Jinja
8339aea3962fef84ee634fef3054e576ea457af39981626e62123912810db734,Jinja
8fbe9162938ca676f4ebe3abf4223aa4bfcaba1bd9c1698712d18a6ec718a077,Mbarara
1872b77543f1fd18e2c2dc96f66b58e6ba9b8614abb49016662e6dc22fe18d9c,Jinja
d78b85c4a16af5fc9643e2008e19178da719342e328a9e7f7f64276c41023861,Kampala
c861d61a0b8aee08263a8fa25eebdb50fac0ed135e2c6c5521359251aaf91ce0,Mbarara
7b6a1568e831000dfee3b0adb8682df466a0f113b6830a8b48629865801c00ed,Jinja
e98e13cda8de3e058697d8c5ed47674934dd99195501b7fd6859d758f5ffd77e,Kampala
048f8224ee983437f9d2ff6a78cc357583457b1bf2d9f71bd7e646b06a586005,Mbarara
2e95684efa12b924aadc47e69e3487ff8ddd70cb4f38c77eaf51c4102a77d854,Jinja
21b3eac091817defdc0e043ad7a2ed1ea110682890f70f264e37549045e3381d,Gulu
db560aa60e81b62498d2389224b388f820b34f00d961fe0693ea176fbdea195f,Gulu
409fc95843fa254305e71cb6f3d0ae83b0c00f43ce64faec3a0693fcdf7f491b,Kampala
a6f822ef9e0ad33dc0c23d0b0c4ab909fe9552190c38a9321eb5630f8866b718,Kampala
aae6cce5f369a729ad8bc40660d14f6567b5b7c9bf0f86469784069f26d932f4,Kampala
3098702a26e79b5d690b12f01f981b5eb23a59c617caeb6d8dffe14088faabdd,Kampala
c70df18c082801c7b51bc27c1e700cea362ffdc06899d7984addafde56d45d0c,Mbarara
369e983e94ef39900e01bbe08b2a1f97d2bc772c58c1736592baef79e854949b,Mbarara
e34177c8110f13cdb52106ac25a1907e729d5d6c6cbfc3d0669baaa82e0c7060,Kampala
37ce0d6bf1b7331fadf2c348f7243ab8cd0cd8c37b0671acc9f9fcfe59a5791a,Jinja
46e70739355c06d740e59f539137bc07e866d3c51f9a3202ebddc9235677484e,Kampala
c6c868f923c627681d60b00b442dd72bee7604f3bf086dc50ad1ac0ea8f1c8bb,Mbarara
e12201dd38c64fd0c861eca3f4ad31cf23488e5f6fd155abf09576b1ab167027,Kampala
1769a20cc6b2dc0442e465a6711d98e42149e634583e7624bf6266cf86dee482,Kampala
a5a8cbe0a3fa8b3606b44b61d764b272f866afac9000242edcfd447c4efb3d45,Mbarara
174a76e5528b77a072fedd345e5b6fc4d653be64d66e0864fb180ee721c98d1a,Kampala
3219d00a65c1a23d685d493ffee3c91b3762e1536cef875059d7c7ad216bc670,Jinja
4feb2507c66460c7ca7414737df095a659ffee874ad3a5620982708f9329e63d,Mbarara
9d08914e5adb8010c196db7398ad7dcec83551b27e508f6553532b980d71e98d,Kampala
6e8a10af1c5803274c3f1873f60b4b3395b9d576e11377971a7575895b4966ce,Kampala
91f0b00171ddae2474bba29296bd28c579840dccb221d76c1da5280259e87466,Mbarara
1652d1a47d21cfef25a9c4fc600df2fab04acc8f9a6193f264d560917bfd3410,Jinja
f31bd68acfbbec10828c31ded67a0d98e86d4aabb16dec7b0c3d540b8924bb75,Kampala
a5698989adeb66a07a3df959928c851b0a6f1cfd2720661d8c4e69fa5c3057af,Jinja
318766a2d4d0a4ee3d66a246f5530d199597ed00c5b427c59298f4f994fb1383,Kampala
5760462685a0a0c024e2779f05297247a751da92ba80550fda8922aed905dd8a,Kampala
1dce81723ce85ff87a333d4376891f78bd421eadae47ad0b61f382fb853d838d,Kampala
f82a916ccbd7bfb67eb9494c2612d516c0c924dd4c2a41eafda2e49632f7888d,Jinja
a01db60da4dccf59d5c572a35bfc59e7bd032ae33dba408287b47fce3fded434,Gulu
dbf2d1d96925749c8e24aa1255adbd3370081ba9acc6f073c1712382dd03cec0,Jinja
0dab3fea60ce6ac71980b3fe3e8185420c16634edc085742fe8d74c7ae7f6a44,Mbarara
679871424166c45a7d54d7bbe3bdb06cf0e3b99a0b7d40034ebdca70d8a454af,Gulu
456f3e2e72a1e40abb1c2e289f6131ad18e44a8a5cf6fedd6dd0f5b3fd6ee83b,Mbarara
6ac1c860c54e889cd0667d3971cbe21e4e5164cbf6bb56fa0d3ed06f2e33333b,Jinja
7ba4850090a9673e3deed0a2e85aeb2fae666611714725b13ed937b273d5c3f1,Jinja
1284366e99bfa075a5b5f5e85acd9fd99d67ec655556252eaaa0425e031ea96f,Kampala
a65d301524769e03f5c75785b105cab756635114061a9733f0db30c1ae78441d,Kampala
440dcb0a4f79406f9f57b1e157a21eedd7dc5ccf2ffada6b3d088e0a3d91c1f5,Gulu
a76b6b14858a6f4a675909c1a74ae304aa88a7daad3d7358a5bf1e0cf8486570,Kampala
668575183cdb5ca540a1940a3abfa8e06faf27cd0f1e6b9c8b08a5b8516cb32d,Mbarara
ca8afb81cc4f54f3bb5c30cb2314ec6eaa57197883cfc2123961c90e63b7d02a,Gulu
ac04a5235df3b9b7bee8f7223c3f30c1fffe37088e63db3d9b52a69216c60599,Kampala
a6076a9ca6ca978f63c0660b17533257cc29fa602b9c3fe2f1b6012577a068c4,Kampala
11d358b76f315ede0c5c5cb586ecc534922d6087d060a8f8e1d39da207bbfc6c,Kampala
541beaaa43e70dd620f2b77569b94b50522b84c26a10ffa3719d934e03978618,Gulu
c8eb7acf25880ebf3d644fdbe88603e7bc3025ebe8cc030f309e26095491f2e6,Jinja
a75ccd16abfc491adbfcaf9b68a474f640e2178b69eb1edab0769124390e33e4,Jinja
7593c003f7714a941f24024f60602b7f0e4f1716f771656f6aaf3132aa33e46e,Mbarara
c42c8d7a82f75b945ec2503fa2036a1413160ed3cee0923a63332ac8e689f7c8,Kampala
a88853b160b67722bf44d0c3349277ba7c7de64d5c5bd048d13011aaf1663fb4,Kampala
52a415a534aedad19cf8e0347625f08bd69b5e9d6e53590d9e1bc4b7602983a5,Jinja
0b77b4a1b213ed490bf9e1dc8cb66b1b3e4259d361a73660715f6f5f85f90e66,Kampala
bcecfdf6e2bc25503786fde189536ff4fa185885173c2249bb57c9ae446c273d,Gulu
7a779cc2d2395cf805c19bde6e6b121fb57e58c04ef35a39f63367f90af586b6,Gulu
5bd2b1a61aa18b0d2ac5f2dae271eb82c79f35c9552dcaf51e43d234d9ad15dc,Kampala
2d609da48e75bc57b3c36b4aea9f0a51f66b417dda5525d65b4530e23f6bbbe6,Mbarara
1a56d82e808a98c61bcb9713d80eb8d71b5477eaa6d0193b2919d212e4d620db,Mbarara
e4f8e8f27019c24f5f6deac648425cba83be2ea1618de8aaf594525698b0e336,Kampala
67ef86479337af09a45a734e4127b8d05c05cc96f68dea7ac7768980e628551f,Jinja
76bf6bae3b5e844738e147bac3bcd86c667b12a7b74b52cd9eaa480f7c829fee,Mbarara
1a537d68aa6646fda90269173503820fecf082c02adc47bdde5a13cfa26404de,Jinja
1e2fff132565db10f5cb951851e90acb6c59234ea23c38362818462a38b20caa,Kampala
63aba03cd5e08935bb87029d52897c25af964d84aee7c5503416377955dfdbc2,Kampala
c38db0fbde10fb963d3785b044b95576578608c11e24b897578448b0c3dec0b2,Kampala
06d8fe81e82c470a310585a38fa2001ce2836ebb17ec3797def9d747351d0b2c,Jinja
57ec55428e30650d642ae936d39605eb1cc54846af2b9045475adec91ebb5581,Kampala
c65b15f0954a2085d2875fca068a59c60edc0de4299682b7360ebfcabc61f125,Kampala
14a46246f37b8a865c5a8569e9688140e334257efe7c565a9c920546f5b9e5d1,Jinja
a2e567c7270df82fdd2f6003ace379ce81b23bcfc42c509d561b51b97c937fd8,Kampala
dce714cd25cfc148d67f1415daa5b716c022a6de6086078916cb7efe77e03582,Jinja
edb7564875bcb5ad05a1c4a5c8b54886d1c0ec022daf35c3d1c1b49e39898485,Jinja
e551c779dcba8eed3ff12e01c24001da517db5891f962ea6f00e7b132aa54a26,Jinja
87c0f8e2eaa34a693a1fec6d6c7bbe4a9d58e2b4739b66d0b58213c3fc9f83d9,Kampala
29fb8f3a4d7cd2931ac0d5721963f7d26ee1eb076df1f3293ca2fb16e3ca218e,Kampala
29082b9fccb732b045fe045c7004e6d3df98ba8512dda76d53c8477bd96e2a58,Kampala
a7419daabfef686c3bbdb15e06f17257b7fbdfc80c5152c45893e7150ce581c7,Gulu
68d6f62beb42e887ade62c64d1369f9796e253383ef9020f003769f62c36b4e7,Kampala
19f30faeb74fefd579e0917c3ddb905ce5733624294674101cd8ab2396beded5,Jinja
3e767e8524f0c1e88a243a1988bd68f4835a7c1e13cf4001dd4f125c943ace3f,Jinja
4b46927c18dd70ef483c3e4af374034884e3a038c8ea5ac8c66cde6a69c29b7a,Mbarara
9eb9ffc00cad084492416d8e56804e97ef731efb08914032a5efb09763849f08,Kampala
612e0d6450342abe6fd8b03bb636f6741f39077cd4d2ae9a9a5f425ffc80ee3c,Mbarara
5e424f1abf2ec58b65eaac64bc675a3802779361b5cb73344f79a828d0f5e819,Jinja
d9068dbca2f9cc2474e3ca7bad2cc91cb2f7287abc4e03062fb76e770508c097,Jinja
1d5924cf913f49428e4e1e547ab1a7fcda99829efae026cf52e76935f2aa1486,Gulu
a34e4d4b2024b3fa02e9404b05159ed9efe748d99c77e8c5bbcd6751f68e4831,Mbarara
800558eb6a38c52d1729bec5f15c658037088d07c2cd426999dc7213db348efd,Mbarara
619e04184b4eec9908d5d4c5845179ff2a2af78b3c40884810209aed1ca059f5,Jinja
d6aa8d0a0eee1bf78e36f798649a3117a9a0f2c2669da33cadbc475bbf4cc94c,Mbarara
115f59be73fd944dcab8825fb76f4625e29fd5f2b8d9a22a94845d5f6821389f,Mbarara
0b82f1352ff1e100831c6ab5231545f75ef4c33d06e79cdece5810cbc43c335d,Kampala
c73357c86545ba635db45b2f4079c93fb5bb8f7ddb193d181ed9f36efdd8957e,Kampala
1f8a509955016efeea3c102319d28214ac12942b5126050ec0d74b8c3ea2e44d,Mbarara
a06cc113ab50507795a2b74a39222a2015fe54968246e4bcf1f8489284e61f81,Mbarara
0f6e26dedf08736ec3261857098149ae8b36a0b6812e7562e5c722ef8d41bfc4,Gulu
c198ef270a690c7a4523893a6ed432ba44309f277994f4ecb379d5544c73635b,Kampala
3a08d93dfdef0a564c1231abf64d92cf5523205fe4c51d077b27b3dc620d410e,Jinja
b59c543f16741b444c806bdde394ffb5f6653e723b54d578f2df2f76475c2a88,Mbarara
17475725c5ff9ad6012d11c7453beb471c7703a7ac832393ceed5568d1050384,Mbarara
09b05ad959a445a4edf94af16581ab62c49296952e9d5acf00322f6d57423e21,Kampala
e4b610ef4703c08d69ca96866490867f38362a15b221e224f3feca4616d8ad33,Mbarara
229c3f2f9527f0d98f2fadea300f085669d5712e2c9871d43ef9e1f4e2ca6b00,Gulu
6670d8f5c24a2b40e9112c35823f66924df734519314e026aa2bd469eca23eea,Kampala
18c68c0020225c84f87f82dcf0fb3a34df31306aa70fee55e2cdcff52722cae5,Mbarara
7d4d505000f560891d7779fc296f428af31f84a581569f6ee8cebdcea8a9a917,Mbarara
48dba6f5cfaab07d6f49a19046416a4604851ff7d6c6d952c650ab5777082a1f,Kampala
946a64d5ff995693050245b5f6a87d0df0ebdcf090db17d4d2aa115bd1004e86,Mbarara
d1eae1a1371ce68c4c488ed8938a8406a97a11f853ca5568a3dcf06b84eeaf46,Kampala
0aa855c49cfc3fc74dc8959c6c7c2399840f95d234c83d0a83825ab3de87c8c2,Kampala
1a5b43e6c9f2adf8f7956b6f2f2aebfdae4b6f0ef4114e73c3afeed944f474b7,Mbarara
065bed3de9581152dce62d204ecb9ca50e8ace1f4e546b9687e23f890df9ee1c,Jinja
91fb2370f6ebf3bbb1d06073888137763d952dede31086c18576463ea3f4af6c,Kampala
8c80618f875f6777662d0433733c6f7fbaf70d85c203ccb2b8ac0b0ceabc664c,Jinja
50441d709bb6b5f46f44e157e3980ed305ee6c0b58fe086d9874fd89504a90ca,Gulu
d15f7307cdca468ec966dd0c27f5aa8d08eb70d8950dd209542347778e4fadc1,Gulu
e11e5a2522c7e55e56957c050fa4e8545500bf2a17a33fb8655d795bad9eb67d,Gulu
280a011137f291b3659d869470c5013e3b13547d5e156ca49ad685da3aee7f42,Mbarara
5dda4accf7d07813574f8a0cfc54e7fbe98c9f91334de0be7ae8cca016b5d0bd,Kampala
03d6e35ec287de7b6e32ea12accc3982d232952341235764ba87f493ed0748fe,Jinja
6374b7018abefe175be876e9c44375651c320817e62203c131c3987a6b334b86,Kampala
fceca75b1c5d1ed26b0ce57d3845318c8b3ae5242c0a63454fd1e5c37a9bbc98,Mbarara
32d7e14d6de3b0178bcb94d46eee851bb1e93dc5f72b2aed7ae3dc69d0d7f52e,Kampala
1d53a36bacc5b02bd35db338fd9b032321fcd0232626fc428bd0971a79920e9b,Jinja
c4c9271707ee01544893b149e067805aced2d68786bc1d1022704e216163fb04,Mbarara
f362eb0e0862f7d15d1281a4b58ff832265b6792a33f07c5ffbb00e944823c1c,Gulu
444a2d01589da50850e1c52ace9bffa195e8a7172fad8e7cb0c39775ca9cc0e8,Jinja
025c952a07848681d216f8a831ed3fb1e5e9dff45a095862d238c5a17b657758,Kampala
cdbca024bd22063d1cb1a6cdc2955576b900171f41fa9e95d719811d1761c5a4,Mbarara
0bfec53a23d63e90a1f216910440ae0c9a44a94ced1db1c945550d3194ef12f1,Kampala
c12e7ab6a2cd75a235aa539dd2fcf556bc3bbffb55dcb3f254661a3aceac063e,Kampala
60728394b0fc4d0904a5f04b6a554a307cd1e98fbde9bfea2327f4352176768e,Kampala
fff3e46ccc0d2790121af447e0185f5b1a3e5b9835f4e2079b631d0fd3d1d7bd,Kampala
567705c6e7ebf4df3f13d0ad3b5ca7f3c0d8fbdf9b78835d6f5acbf8475b5a7b,Kampala
e46fd7a9a9373eaee64e7053f20fdfe284fd88e19a4258f579b6ae91166b30ab,Jinja
6eb7ababf0b23ff4cefadb750b1a2fae82f8ac4cb3e13df7833ef284a03123ac,Mbarara
80dcb803fa5852b1fa2778404a2a7782998857dc52a1be116fc9b5a8381cecbe,Gulu
85467795705ae83c77d69e6ec930b33186607ee72ad264a97ab01306585d36ee,Kampala
0e4e91b83432e9c999ec66f5a5284daa6cd2e4def1f7550c08c0c4226d701a14,Mbarara
4a5ac594499cf007932bdd5fd3f855f0a31f3b41585a4cd0950c8cf56f58d606,Mbarara
7e77791fbc5449c413b48bbdaace2036e8e730615aa0627c3a7a124eadaf2920,Kampala
896b68645611d4828c8cdcbf470a20b7845f1cf45bc5207634a28fa9f7c41cd9,Kampala
2447caf363d9cc3db767f0449ec9a137845b162007863f842aad719ad7a71317,Mbarara
16d71c8ff947b7953477f9b6f03b24727aac6cc43698ee79c18acbefd87dbdb5,Jinja
5fe183be3f2b5596a6b8101caee95aad8249b0a7feebe40f9a69f9827be2559a,Kampala
ac62e353465b8a679becbba2e6e832c396fb9e9aba2c51f2d3d946f37de7399b,Gulu
6c4f25e96c3e831100d7ee27ff6ebec11a00e181723ad856d4368fabe5386e81,Kampala
ddaae21dc85a014cd48e9a0b1844286ad8abdfef949de6e0dcce652f2db38b63,Jinja
f7a6b9161bcbb673fb63cda55efb154633de15d6c476577e554375d97b29d0e7,Kampala
964b5b665f4b9b4a74714b03a838d5b57ed1348cd40924bee0b216f6d0147956,Jinja
9274d2d6b9499c45fc81c42a38044daf922f5c2eb19fefd33f3f260d2387aa69,Mbarara
ef1c2d22d8cf2d2265d66edd67b3237706cb6906fa70c3acf287a5ffa04eb32d,Jinja
d565fccce8a8123948e04b75585c197ed13fde714a39bea88955eb9dc2644bf0,Kampala
07ff02d3b8bf62b75aef514d7d2f35b611adf065a2f6d69271ca1b755b22824d,Kampala
770755517cd680844a07a258ce88b6b3e1ce064fc405207e8e16b12dc83a6f19,Kampala
b643e626b001429b5562b435cbc8b336db925e3b6212debb33e79f037635d294,Kampala
96bda69487fb02b2cb98f757f1651f2e57a8e57f470990e883f7f25838a35c57,Kampala
780f399ce4c96b8de0aee430d0937cca799c8cc36d84c6f0d6eab8cd48491fe9,Kampala
3e7be81be0360e123224571ad4b52f722bed157617497e7a5ca6c8e7552a39a5,Jinja
1a02719e8801e6abe711f024647bc62b96a36727115cf9de3b3a9783e9a3e33f,Jinja
982e6463d0bee7dfefdfdc6d2c0676945d4220eec0e5fbeeb49e3bf2812e86cd,Kampala
0006760f4ed6348e3a720eaa2d45a8fb071c8da3fce77ddc5eeb66a67580dbcb,Gulu
7a72954db7c14e83a0691945324e23fd649ff0f9518fc70a38def2f7de8cf5bf,Gulu
a94465b008396b2d694951162694295df4810b6e622f53aa707c70c14bf236d0,Kampala
0e8d23e71c766fee89144bf9bca2bc2865c1fb82fd825ad17cd873443d0e485e,Kampala
f61f5cbc7b43ff686ed605d1a1310ea96bd300cf632456565d609482f6bbefbf,Jinja
ac8877a5c87f48280c2fd33814271bf3967f42f5bffa6d9eb200b77f9a6ee13f,Kampala
04476d78f14be4e11ef6faaa479fd5fa3ffbcbde7e823ccd1073050914d72ac4,Jinja
b3290599e84924ad0584c212215fe9cacd269a194f426300a300c1f9ccf40cd2,Mbarara
52baf7cca0083e5e1e28149686d1f3e767212fa448a1234e85c4e13690bf5e43,Kampala
5df4552b0704982fe578c7a94f3870e6344a2fdeea0c5b76b10639fe2ec7f3ab,Kampala
9891831f6f1b53d4fbf9075433ad1709691e54378603e7386cb21f77715aaba9,Mbarara
cd05a6b4a78c4e850870a3e15b988ab0466071b15d00e6fa4825c7dc83cf4dec,Gulu
5b83f0d8719479d25939d578caa0ee8847111bd3405ab80db45b05acd46beaa4,Jinja
6eff04d72176125699212339e01d192177717ba3e435667ab87651afc7c1ec6b,Kampala
cfe1aba8a34d648fe1bb91f162b5cc055ce87c00db7c18192de2e25db1e50741,Kampala
b3a4556ec677b664638149fbcb1409f1058e07d82a0535473f88868feecc05b2,Kampala
f4e7ee1eaf84368954ba62ff5eb35adfd6d971369dc19c999eff5ce21094c3f8,Mbarara
0b0610272bfeafd018c2bd84afd101f967c87d3e2427b5d696c4542a718a0b5b,Mbarara
a7ddb78979f41187449ca551ff6a2bb5a00fd27e8f2ad7e89012fe98357b664e,Gulu
ff04d7b2214eda2ed76dd65b613c6381c9cbbc4a0e497b431ad4af57ba188c39,Gulu
f1cb949eee7267fa6b95c9edbbdcc9f961d03847baf37f96f78727e611e15c5e,Gulu
09c76f4001201eb17b76a6664355c2f6b3b0b5febfab52893b7cad4e7128a9ee,Kampala
1dbdd1cd0e3dc0882a0c74fb823d53adb10a9d255f92cc1197c686c0d6051c58,Mbarara
f449e82f60960f89f97642a4b76395fae2f26feb3fc7385a575c607c40952be5,Gulu
c45e0eb5b16c086275dbed009c3b6a95e3e58132a2e0094e6ffd2e6648bca7ba,Jinja
08d31dd14ff26f6c6e3f234492d307d815d3c632e0469becbfc98073ded846b5,Kampala
446d6a9ccaaf5a3edabfd537685dc06100f135f76c8888e374718b16c974c805,Kampala
d40d9708dd8ab23b76b9ecabb1b4f7833b996259595bdb47c36d86f00a846ed4,Mbarara
d3dfa925cde9c9ab617018a91a79141d5bf0b7ca832ed0a3ba88501a0b98e3af,Kampala
faaf6e612d9b28b98b4f04e0844c4ac0227f32f1624d53790700354b91e58ba3,Kampala
a72706de65ae2bc9941446454da8535e8348beb4c2d38aa2af6e9563e7d6cab6,Kampala
e6fb928c20cd5ca9f6fe073c8e0ab230645b1a77435de30a36d9e02e02977113,Gulu
64b9e227f107dd1928c7f4944d2674e6f7b054e16f31160ca9f2a21e9e76bbae,Gulu
ebda49c6ac5566158fa0b2cd1f07b638a8b977eaeeb50955093bf889fbe5c471,Mbarara
ac911e8b0ee3da87657bfe1ac9b893af382d4136ee5dcd514f5b5f3145e662d6,Jinja
e1ff2f51b1a29ec7cf283d65118423681468379efb51ee26d846397188cf446e,Jinja
bdcba4cf352aae3e02a91c7f27f63a110822099f48e83a1b115246b873699501,Gulu
386c1d45e3864e0bb5c00eef6a03a9e981f48f6f7290e8e0e5a7c800e2491a5f,Mbarara
b4111d085d229d5fb4b929b0ac3ab3f5f6c8a45a9813e57e92f8807f00f59914,Mbarara
f7e4a6a0f4ecb51bde09e2354cc475167f9c2fcda8f3e65892b1ee4449dedff6,Jinja
755d5106e5b10a073ff882040167965d97d400c855d5eaa4da727cfa74a0c674,Kampala
9c8e261a4af0d7b7d52eb1b00a78bd5576b046f5d7252b5ec799d3cf017c4bda,Mbarara
9d96cbb6e07593916b0fa68b0b48257e7c7306dd4e6928f34d5aa24ffe3fb43a,Jinja
1ad05ac2c235d95f46f052d71e7371aa306ef9bc5d765868fb2aeac349f993b3,Kampala
790576b54d630c5c3958ea2a1dbee1e0fcdd9e2e14fede81963f6bc7bcb6ee2e,Gulu
a24f60ae388c53211550751ec0ac5d1096bbd3fada82e69f612c2005cfa24079,Kampala
e41fc4ca6d3e321de43df8de84793c1a45906e0a33c156c3a860f17b46b9d051,Gulu
e8d81bea3ea0ff583f4adc243c17006e127a316a7bb8a48f058668c7df7894c9,Mbarara
d0cdc942e539f4a31a77ea4bbfbba0de3e6cc5a8861ef86a70454bcb2420fc6f,Kampala
98f098de09568dcc771d279280835e5357aff2667a28b8b461c2aef91ce1c470,Jinja
2e7f0cf266c207f61d5f1790f82499ade97be0e9dcbb718bde49a1f28a3bc38b,Jinja
6125720570b56b1286f9dd8a3428540b311df3f525fee7c05271a572ac3445c8,Jinja
bc258931135399a7e34c4890375e9087004fe3a2dc761feb60a5b99367352c6b,Kampala
4c4101856e90dbaa9588f40ae2ce647bbb64e07fed334e623e628bc627548eab,Kampala
adb3a26955aad2e7dc78177f2f13bec11a9c1b00a547b820f9d443295fc68bd6,Jinja
162f645c066900564378cdddde80506fb5c3ee9f07e1f482db20e4830c2301b9,Gulu
a7b6650c76cd88bc8297fc8f96b13d3e1f513d7db4c50f0d600f622efd113f80,Mbarara
e48b27e6ab433bfc763522810723b1ba2f81b68a704d8b68c41c517ad722849e,Kampala
0225ae5963e76012bddc94e9ec33f61f4e0d989f7de9baf560c68fdaa3c1085e,Jinja
a31e4c66483a3865312a77858008b24fe5895ff7a65c4e36767eeb59cab0d4bc,Jinja
bce5c7fbbdfafaf821fea1b589f5f9caf10b29f51cef61864985e68c57a4c317,Gulu
ae15c2e48e36bffea5a9fa89ea89ac53bc8df8a5898eab908defa62fc71c323c,Gulu
3ae7b06fe952168a5a34f1d3d1c9497bf1827a6ac82a582e2aa3d5601b96ff52,Kampala
7fea3666c3b97de09723373da20a428baa00fd0f594dc4fe755c4dcdff173771,Kampala
8b034c265dfe504ac329139f8e69a443291f6aa5ae2ebb4f97dd5a26c4da1b50,Jinja
7dd77d9e53cd240971ce0297e4a13a2793077053f4d13c9687b4963d6b46884b,Jinja
91dfdf4bf5e201d6f2dfb0ca4e69ff550de353ba37ca8c17351790337080c4f8,Kampala
a477ee00d08921eb6fb862daaf208950631e45d692268a9839fd53c46d1cde4a,Jinja
2c1773bba9ff00dc335c8bbae03a8d77580aede1942b6ea2915feacd3006c811,Kampala
21f08704780fb7a1fd0d385dd2a28c14f75b3037cda14865de859512c7d76a71,Jinja
9bdff7c430ad74077dfabb02b455edf4788ed7fdd48c58522faeccf283978137,Mbarara
9f95eb5e76bf537f3cc55bc781179407a9a40247b458c5666cba2a144f82b2d3,Mbarara
3c7a22234b065040beedb6a73542642d45f28a8232f8968147941f73b31b6266,Kampala
5dc3af9621eb15d23e90fae9e84fe58948d8186ba4c62a13290f5c780dd75218,Gulu
506f20f091fa361844d75e7963cb6d02492c53a30e73caefdc02b5708cdcd9ee,Mbarara
8ef7d777e4708e38268072728609612dc8370d842cf5ec3af6e10ea4e90345d3,Jinja
e65bc8484e20ad0b1f1b9961eda43abfa405601f7e5fc6c57fa1c436f0ab6296,Kampala
f14d2c2e19aa931432f96a67802f8976d52a053202027a1a90f602af8505e4bf,Kampala
aef29d17ce402f66f4bb2a3633e99eae232f57361067cbf4121d5c5fc3cf0120,Jinja
fa63a86e74b0d58f0e261746ea9d9ce5ff3f042ea9d228ac2ce43335d287e0ff,Jinja
4e187a19a5a201b7dc98f6e55ebb3cb0ad1a6911e5811825ccdd6341e236acf0,Gulu
e3ef7b31f1f61bf46a4358993f4fa353c69856ae22dc3bb55b04ccbcd31ab617,Kampala
8027b883130f3dc6e2992bc29689c1c44da8709c18d89deca8acb3f0f0835508,Mbarara
1fb47a1c69bfc706fc63effc10b2a5aa99ea1a03e2e7f5f5a359c177a9f81c5e,Kampala
2c5ce707d4a644ad36bd7fa2c72467f59b82d92dc13925f0118a567d6d1a71ab,Jinja
2355220cae483e6521ac8ec989da3798cefc462fe293713e9df04c65fd2aeb52,Kampala
34fd87061391a63a2bc98539b8bc77cd4a8eae4f7a7fdd09ab8cf13944f553ac,Gulu
0b4a3f3d02d9fb659c35e81ae03a30eac07eb5be89dc402310f813000109cc18,Mbarara
adab95f4d5f937a41422528e260b725b88c0b5bce8bd7deb45046f71d518e0fc,Kampala
16a6cbe31ed2b8cc27a710a89ff18dca996de5c674c1faa1a9bc7170c4fdb718,Kampala
e49fedf8245920d0a1dc96e63b7e7366e29487dc0fe7f06d202293d4248b9b33,Kampala
8dd646410483585aaad984c3b339bfc591c15fe678bf7eb5fe0522c2729ea308,Jinja
f5c7cb809e48c4f0455cbb9bf169b87e9840a39b29411a8f5bab6a530adbedb9,Kampala
34484037ddb310c5beba0d0d870c672c762d01f36271e69317de4476c2b5ab29,Kampala
c4f75cc2eeb1550b0439bf490eda9fe2f78448f22be90022e8372e116f3463c2,Jinja
6efe09c42656e108dd6d82357dd58ed5456bc13340e6e90cc08a52084a136374,Mbarara
0f1682de80e14bcb4d2f9d62e4df1f67036a546199e7eeecdde89697b321071e,Mbarara
8debdb69697e6a7d0aa921e79735cded0dc709fe9f579b12f8de929f8603bcb1,Gulu
7dd9c34af1aeec99eba9e9eb3889b17144eec4d73582986b0f3e016b02226b20,Gulu
684cb0d4e9ca86c6b1fe7728313d099f6691bf046bf8ad7f560d6a716beab79c,Kampala
4a98a5e5c3ebba636fc46926ba43e76b4cc139dbb69ba8164f116d06d7b79b23,Kampala
985699b32753d84d483f352e1b2dd49e6d56c76cda2a0c57f9772fb6a358e53b,Kampala
af7b53f3aff13c4db23e7e9d38c0bfd4671dad27268d38bde6d85c8c06f68eba,Jinja
842a1d11a2d33722e8bf342a2741506cbeff043f0ba9a14e52a04e8fb83322fb,Gulu
a30cd957a56665bfc1940a1dea5f965aa045fbd638036729f436647f8625e37f,Mbarara
98c23d58b94699a981773c99870a119f4d680aa9cad63f5d9c16b92eb5f3ec69,Kampala
e488a7970387aeb9629446e167a32bf002d24a8a49135617fe6a2ce9ccde4d25,Jinja
db4b7c9570c09fcc1db5c8bbecdab591d619694140268c150365121484fd187a,Mbarara
231f79fa073fb65af41436c20897ae5a39cb9ea0a69e546a356189b5846c08ae,Gulu
26233023460499238dd73caa03b10f6131baae00d45669088f68d550bbac61c2,Jinja
2f25fb069210f8f22ff747d26de7ab787c0ea761fa8cb16a089273c841a84652,Kampala
10bc126cd5a73109d572423516c2c175445b29d8eb05faeb029c21c177dffd4f,Jinja
fb1f299dee8c9647875aeee6b03081c669a7ad37159ad515e526962c5b6084f1,Mbarara
4976e88f23b7dae9fe0bfde500878e8c47a1f8d21df943f7fb0e8f010d1f7b7a,Jinja
1b8ae76ed7af9fefe20b343eacc61fc718cde9f8a96f9f197d25380e0d8f8376,Gulu
5e722d6daf7402ae79edbdd21dcb709318bc085c96e3721ac8769d62662cd879,Jinja
77e793192a835972f459a816c2719d6c51f53f2dc73454ea233ba0c0a8bdc748,Mbarara
f4a29a200b82df788281c91f9cc2f18584cf3e540d30e8911454d835d1243da6,Kampala
bc64b4a832189589becefc83a9ae2b8a2d56a2c1b40a98531d49108baac6839d,Jinja
3a62e6197bd2c839da03d279207004ae716344399b28b0e946d4f93b433adf5a,Gulu
b026ad878d4a1d43fa209db935ed4afeb9bba2e9bed35bad57fe94dfda61f768,Gulu
35f66f21ff80c8259acd9e03f874481e0b5c3e302876062bb2bd0a9776f27b0f,Kampala
e91a6708b8b93dbbe6b0c95758e9e90c439b54f3fbb5f2068dba190dc0610d5b,Gulu
d1dd996bf07b3fe6f774eae34afa0bd9cb594d83929bb7826ac2df3a8067fdd2,Gulu
0d4697b26e7c561345f612e2b3173b55bce8ba4e5daf051411659993c4f8a098,Mbarara
0c8c460abcf38ccbf2f555376503c4e04620ef40ac7aaeeee6d5eaad473f6cfc,Mbarara
d2b78086924e61134f08d59077ccad58a236ba06f95cae2445114c9f3a45e297,Mbarara
badf6b9e6308e2c5488b3f760e4c7eb1f011926d36dea097209fb110a8ad4cd7,Jinja
96e5a754e13df5f1b1f72e00da681c509c4648b8352710ffe5a65071a989eb90,Mbarara
c44cff17dbc2c85257bbe00150a3c1ade201590857dbe68f485dc68f4a59093a,Kampala
d7c17e77049db783bf7f4f05e57d98bee8e134e13b8f0471fe6633a8f13714e1,Mbarara
1627535bbf1c8567cc88ce60ec85614f87a48257f3f406bbba69ff7f04aac420,Kampala
c0c0c730151db1ae0e6ad5a71029cfc109cac70d56cdf612cf380cd65e37c295,Kampala
32613122702bad9caaf743f5af962e4ce48f6c6ddfff2048e1d91a401ac1d558,Mbarara
1c0a39f69b73ae1b0ff4de3966ce8fe608e94a3bac3a9a69c4eaf9a6bf28dd91,Jinja
95e478bfdeb537dc06c261c547d08dbd18aa8da133cffabf75b2079ad0e3652c,Jinja
464f5e30ffc8f9f1eb416463ea0c99008812b57c88bcb611bbb4c1f130379fc6,Jinja
d2dad6ca2d93df2f6c4545575223814338a54235173c709c74fca0a96e29009f,Jinja
8e3211a2a26a5b98becf6f4b695468df8e413b4fb0638c8c21312ea23f9fa931,Kampala
b87a8fb2c0e044d47f006449875b0bc61b3fa144e488db7da549b6000dd88b29,Jinja
209f16f49d3b524dd937bd88ab04a51ba4d40b610b2c68091a73ef47dd5a674c,Gulu
84d610e7249370401a131d64d25ad1d9e43b40154d718de89367d5280796a3ca,Kampala
4b5b88fcca56da2541f1886076d25eb5f965d5bc938a40862706277cc69e0e1a,Kampala
83cd1a56822ac0b1bc85dd04db873e1de419f451252d32bcc93dd6b92cc378df,Mbarara
abe325a25f99abc48ba9a7dedcf370477f7f2ca87724614009129847546ba05e,Kampala
60237400e844c55aae7251eed42ae17bc6e170e568293931df17fc244d664aac,Mbarara
131b8f7efbc1d3c9d14fcacc97f4d1622af50a53cfd3663b78976631a58e48d4,Mbarara
68113d928b4339aa6d30971dc76371fb9e3e0a8b576e5ed2ccccbe2b3eac1ec9,Mbarara
4e6d0001c709ffbd487b564778e436f5d92148514d3c2bea118cbe202173ea54,Kampala
ac4358b1a8b1290e9952d97065e7b65dcca03dbbd558f75f7cf46ce50ef208dc,Gulu
eec8082e8fd39babb297b88b754e0a7bc0f5278a6317e897fdf08e97e57af6d1,Jinja
a962b1880b268626367dbcc6f751a1623e2645c216f2e3809f7f63c634d556a4,Mbarara
4e14abb485ba55eda1bd6855764442bfa97705939d027841267a683c2a0aa2c7,Gulu
89f4fc85f5dd13a7c417866e38aa6c14b3cd5df2f7769eb6c2b7bb5051262425,Kampala
78965f7ce1014184e9b55b48bf341a9530b00504e09953b5b1badfbf35a4c57f,Mbarara
96e73a139550682d150854b33115afc810952824611c3931ec1f0d484e1afb1d,Mbarara
e3492d9b667d9ebd4a1e56afe62843ea5978122225d6db83c7482dc842845b7c,Kampala
c2f378cdaf67fbda2e52a4e2ae0a3fe9642a06e42caa2fcb30fcd5e75f7bbab8,Jinja
cf5e70aab707bfd5b22af1fb238a2ab20de0988c27973e69843a80c2fa83d3bb,Mbarara
00fcb6b74b66dc909d3d06bf1259ef54eca2bc7988fc8abc7dd91149d7105956,Gulu
45db065a50a8bd47ecbe991efa23934fc45dae4d0c1c0ad311c7f4ac6ed09349,Kampala
d7265f39a1f42087b55cea2268a9c8eda3872c959a8820557f01b9ff8d29dacc,Mbarara
d136ef2c6be3488918c855115268d903135d0ebde821cae2b72fb65a5511ef0c,Mbarara
d624a738b1896089081788017db1c45c173eea0f740e505b2b3d338510095bc4,Gulu
8675fdfa0531d1a27b96c999bbd35f399ca9be8ff1acbc1eb96c0dc46bdec73e,Mbarara
039779da593556b635fbb8323fb17220f7d989934c3cabd03b38c9c82e84309a,Mbarara
93b44735b63a49ea7f3824c7135cadde1769e91d3463c42d43b27d43135e4601,Mbarara
88fe88560a6749427ada05a1b9551fdbdbde2fafa68742e4cc6868271ba18ae7,Kampala
f6b10bf64c5525cd258470803ef81d85d7c1cacf9e3d5ff37abbfe4825ff0294,Jinja
a4896a41451078e9f6ffe4a0d2aa911f89c1a2d6093be4862aa4492918898342,Jinja
fadb6d64b3ffcfd88f9196a956e1d302ab49816a028aa6668104ade23f746b16,Kampala
d4d550439ecee5e154023c13dc0a64b60677a7b5a61988c36bb2137a91f0b4ff,Jinja
fed4c721569d275ecb4d609f20b599bcc734f33eb3a5491fdce6745d28c07ccf,Mbarara
8ab06ea28146d3011ef081f7759d3299ea299a14b4ba3c5b636245d9ee4c13c2,Kampala
2c5a5c17b951c8eac89794911062565a9dd88bc941440696661f58f25bfb8c7b,Jinja
05e7eedc0344e7c4cbc44695d1e468fd334827bbf53669ac9a34b8828e5d4ded,Kampala
0ed56abcc7983bfa5958087fe38d7c25a48f3c8cdc688a6eba4a7b4636983ed6,Mbarara
814a4d3d57e46eb467b31e784600b421b2dee3520263d4b6a014144676cd9762,Jinja
9d3b0416f922dfbcf35abd2cb94df6112156ce53c356afff8648199e7ec31a9d,Jinja
ecf91ecf71204cf17b3f579e6c68c8266930d1a5be47ae550d04d4d4f886e6e1,Kampala
638c7fa9306cd62b35f55c0eb0e040c4729b71cc9449b93eafb8b1671a14586a,Kampala
abbc56faffa0e6e1a55f4781d7164d48c9c414c41e6b601e475ef79c6a941279,Jinja
5508344e56055ea468121ae9d09d1eb11c89e94a5b1bee050d2f9b1e8ddd1866,Mbarara
739c024a5565e12191ff16430e8632fc9b4bf8e9d68850a3b32a9d166a2e85ae,Kampala
be31a9c8cef036bb769d0ab1f6dbbe045ccb6d88e226e7c415486d955876d170,Gulu
4c0798b43af4129a080cf49eedb17c5360769b2ae544d2c761fd1c96940afbbf,Mbarara
0e3f37be2d6067afc25d5efb6673b15e7a058c86bca8e62aeceb5c276ff90a93,Kampala
ff5b33edd48d9d79b653391571f2cf94bdb3de2932263a818962f546ff9d3b53,Kampala
1f0d16e928b75ddc0326ab932d635e4ea95e9cca97da5857d86499c1a3e15f84,Mbarara
98f1ae9be22460d91a6c890c68d3fc866dd30ca751a6397c1c991934b9e12675,Kampala
2e80fd0226b998d9862c62d961a4b376f62805edcf81d575246a200e359e06ce,Mbarara
bed4a97314e10741a304c463d09c0b5d41c88970fa2c868076ef5972326c5049,Mbarara
e3eb5bccdf64987bd3464bc0d7dd4eaf525ecf87043e6b961ab6ecc135a8f466,Jinja
7e082b1e2600289a2e02c8264b9d76b2a1af7d6c7613fe67d7aef4cdb3afdf0e,Kampala
091d09d73c7d0434be1ea29876832dacfec81a8034a1646c7e60463158e96780,Kampala
ae3baa614f805e0c51251b858b8b9fc6f7052625c5c7f8d99b89b761860c2adc,Jinja
3ceccaf45e282c704d2ee410c8c5c5b0d6405399729934e55bdfb30bc372825a,Mbarara
d795f0456da66dc30c3f43aac452b5bcf38c9b8a9fb760b9af12260e195acefb,Gulu
d5a6fb54727e0a97aba9ef42c01351abf7a14321197294f8df0ee06ff28382c0,Gulu
d38d139f39c889cd945cddebe85556697b5cb1eceb5b0784a399ee99f35ddcea,Kampala
405b0a4b4ae85ea544ddaf451c843801b309b41f8a85f1486114ea4519396ed5,Kampala
74f99a8e3fca9236a952ec2c20d3b7c79edd91df808da85149588dfcb089fcdc,Mbarara
8f686ab1665a585dec9d3be5251308e56a79532e03eeb05e4a0fee006038ab59,Gulu
f78e35a68311495e38aa16007616a20772aad4a6e07b9638c8ca21a72bd43930,Mbarara
434f81ab22620c9db99b5e94264b818fee0d85b92e0780c8b3bc664011f0ea2b,Jinja
f4db6b2a685fc7e4e42d618dbe31b2c7a489d9624041b49d246e26dc143651e8,Jinja
cea615e63921a325a472d31f95d2f77196da83c01546fe8b7ab934034b3c5136,Gulu
727144b342aeefa2f0c8e1b8029af92c0e44ddbfc7cdf17a1ebfad156126e3d1,Kampala
42b660367e90826e73fe9f77b5c7ed480ce468e5f8b421493581310cb5bd1eab,Gulu
635dc127ddafc688180db0d765b4390649ba24496846850bb351886109c3a068,Mbarara
41841a89875935e83a311800b80ff037b0ef6be3399a9e098d9970cef2d180f2,Kampala
aeac4752c948de42d9f57b59470e7ccfb8aeafe2f61b0af68a33c5c0968cf9a3,Gulu
c0fcfd7f9124bfe2039e46b3d1f1fa8a9752c1c125f438fa82ee624afb50c0a0,Gulu
8909216a6d632a74a4b23f1900647a24ca85f75a25e971eb47c30b8ac0499453,Kampala
ef6b60ecbf35ab260cff54a3bf03bef900711698d53718ae4db718a3cb8eea4f,Mbarara
d27b0c7bd7686ce819937efa60160d0b639f898ab12dec839f0bf730c6bcd789,Kampala
087306326444f9cfb2dc5129f2b2c52c4dc62c22585ad3d30ffa362e69ca340e,Gulu
047ccc83520cebc69e868a3d7672ad1d39efb59d21844e72bb0f864efe74ce33,Mbarara
0ba5a318d3d1deedb652477e67bad31c0de6effff34348372995ba230c941c63,Jinja
3d4c906e2bdcc5203bf58d5e7886cf900c9da6c9234b7a7c1607239caad3bca9,Jinja
a9c5ccfaa049955344750334c5ac5e5cda3581fb3df9b9ae887641961b1600b6,Kampala
fa0d4f4ba9aa3333c7ac83fd6f41482ad797421cda53987261d7063b09be1957,Kampala
5f558914053d8a5ecf10c9c6b785678f8edfa6eb44cece040afdd215bd1b0061,Kampala
3b0dad30f9dd880a162222ac3b26c40d9c02f4cf425cb0ea580fa3ba78e7d1b5,Mbarara
b747cb52eff5d2449bba475175e94b8641b5cf3424f5a980b1a19dcae4e768b8,Jinja
1d9ebcacaa5ec7eecc9a0d3bd0847b9e2da7f0201952c5601015281b60110527,Jinja
8ffbb08871b3fe0a847be095ec1906e4318fafc655f1592777d33bae790bb3d6,Kampala
c2acb06829f11cfcb86e1db482bcb5fecf747a32c852f9db349291442ff7256b,Gulu
df608afa8ba40aad63c78f7128efb53a1bce61d65286f09fc8c12461e68a58c4,Kampala
58824c233086bae4fb355cc26bb50ad3c07048c5030e393eade9ca36c6f48a7e,Kampala
4e49e4a1350a513a54d68fc1bf606a981f9264ba5e40ce3c442a5ac90ccc3157,Kampala
c1e11d21ce19f839b57ca5438890cb5e08d11ecb2b7d661e746496fda5dbc76e,Jinja
02ebd16976b96cb0308b9fa90c9cdad9282152ff2702f90394d742cdbc0dd362,Jinja
38fcea2218688a5734fe30bca6515b485733b224ad1316f8fafa44eb452ccb5f,Jinja
4830b4c29f864297984a21271bac942fe2b55150075168aa12873f17dfb326bf,Jinja
5d0fb6fc31a856b4775efd2025f2921bd2642aa00f5a17ddc67a461dac58ea43,Kampala
9f053727e3b707fa8043bbd94af5a72938d109767b19da61ecd82a465af93ccf,Kampala
7f5a1ef54c3826ffe5254190496d6f241e8eabedb3c9f42bba463b9061017119,Gulu
fd22f00f6f2f03600b0bdc7ec0c8968c352eb23d66a05e69d615187465d373b1,Gulu
7ec468ec8fb190b95c0ba32d8b38f3eac1f347e989dcc07a59dcbb46018180ee,Kampala
f32d8748153d125033d4f7353b7b81bb53288f792df10450e88893cf300e10bb,Jinja
a6d0648aa7e04b99b43f7ab67d2248099428a670166e03966f39d7eebdb3bd7c,Kampala
704820147996f9888810f32bc9d2c8053c80f0549f47f9ebdae878f2f8ffd32d,Kampala
5780684ece60c2cc13eb7321741f8a84639363e7d220f0eee690d10c11a2203e,Jinja
4ab8402eded78ffe9c70f22409b725c080827833a3c41ce7dec51f4cc8d6dc55,Kampala
1fdf1705288858017ecaeed220140290a0ba0c3681ad5972446b8743160e92d6,Gulu
e4a037d75c846aa3ce8188cd65c2e1c2ffdee2ca1ebae5f911557d536a97ccb8,Kampala
0fb1ef9ad4a471e39e8f66c1369651182b3b9d5675b13cefe3e3207956ff6992,Kampala
44b12c555b7eaa46adddac86e29f09a86d045ea686853e54f28343926a9474cd,Jinja
068305132960402c4611ec1d08257505490304c88aeacab4f6052a7afc4a8fc8,Mbarara
1ffd4f008e6f7906e9d90c6bac51dca105f5c10f976cd884e7a9fc1f02d4f2e5,Jinja
a561fc2f60a2af2c0e163bf0c4d559c8d7401aeba7412fe12942e1fc5061bed3,Mbarara
1b41a55a5b7f17221fb7364c7905d7459d2d9b2be9421cf4c3e2011d87e35e3c,Kampala
15c32f507fdea2bdc6195fa2872deb93d84b602cf616b014e632e7ac14b161ee,Gulu
4b7e908648c41f515735bc21ad39e52ce19c486f87a2149b7942118c4bd69b2d,Jinja
e6077f94e2afd26ddd34b252e2ad28ceb14d03c1fb5d09aaddcce269f46793ed,Gulu
a8a4a4cb0557778f9902d3db12f52b01e67ecda2b8c53ee6a476978f138d74bf,Jinja
9e083a7373af6e8263a2626114f0ec8fb282ccc24fa457ef4f2709069a67c4e9,Mbarara
31887fb99d66ff699e5020581265f8b6bd3c1da8b423400c2faa91d0d8b7eb13,Mbarara
d6d0685f7df8b5dec648f48bd29452506d08a55d138ac3fddceaed6e47e5967b,Mbarara
08a8384dfa91fb7173a4a4a18754287570d99ddfa5ec8d30c10922eff67704c6,Kampala
5e4b2a536a070733555814c7614f918f0ff3c268b30198babbf37ff4584d69cc,Jinja
760ef799075ea34fe1b4e8ab062078a7b20cd5afe71059894edeaa126de1caf1,Mbarara
8f39ea887f1916385b4ea5654c7ae082732cbc91ddda92cce89d8241643162c2,Kampala
95e2af3e2fce3e30ef4670d5dda735c55240b5cd795434b05b0062702d7081a6,Mbarara
8113f6decc920414f22821dd7dc1540a69f6866ae2a91ea007070195e7a21870,Kampala
8200f8664000ebd0b873065dacdb941b8435298870f13e335eb37edbb4df671f,Kampala
25b10ed88211e4c656cd1b026e8df3437ba114017770381f270457c0e4760853,Gulu
d7bd28f8cdc6770f72dc52b21156840ddfa94bb8b8801d1f052cf943b8192712,Mbarara
5a5cc2b033297a64b86c4079ccdc947525ac94c5965ae87469947d9d6a7224c6,Kampala
442350ff0a8cbfc5d15beaeeaca3a46d53d5918d86888633fa7c20d04ed95a13,Kampala
adc3d2fd01691adeb00dac33d93acb8d672d27c5d74b9323d385e426991d9ae0,Jinja
4515aa99a3d957882fd5c27fabd6b01ee07378b6f828997eca2cd3dd94ee07d9,Mbarara
9a9b6f2735f8890fa373ecfa90bb65745be9cd1e616c21f1bd2ee90bbb645fd1,Kampala
1fed4980ecd543c7cbe9fd2e3e3b9ed6133545be60b003647c80f47c81909076,Kampala
176cc3219fce48ada9888a76e93450e77d6edce60872dfc27b683cbd2afac9b3,Kampala
36225ddcdf13f4e8b8b1bd57d250b475e8f22ecf4fa4bec7cf708c14b1c2f2ff,Jinja
3ea14a15f8727c8caa77fea2706a7dfc357753bcc81fd132064c3c62ed8397e4,Kampala
2cc1d18ec606c32002e2251160957f1483d0e7a65ca095ed7befbd127c7fc814,Kampala
2435e129713c438f3646fc9adfb335bb4c77cb5e281a4bed09dc0134c371ef13,Kampala
8e35e7e5303511a63d6ff0047f252e914ef79ce21d9550095d804ecc3794c701,Kampala
dfc5e52eb4cfeb5bb2ab183e3ca7ee5b503efe06684877d92a1c8415c8c5c51d,Jinja
03dbf8594538631c2344c4a7fa7c85a8504eb2738510fbb8d4447b0a9d89dbd7,Jinja
8402b79c5ca9dcf53e28e3bf1c8aedac804830a21002629d38b5fa323b8c0050,Kampala
ba8c4bf01f8a54ffee7061cd9ef814fdf56e129f7430cb9ac79dbcc7f011ee6b,Jinja
4ec91b0cc4dfad642a3485330ec3c3d906173a05b8374ee634c7e0a7458c6f0d,Mbarara
54a5f87c637db03fa43c35eb08a27a0366846177156228f3526b90836267700c,Kampala
d8937176a4409a362ce75777b86049d3812ce38e9a43e9117650da1dd29d734c,Kampala
64f5a66122cbbc586cbb453325ada7a2e9d1d3f818b57f77beddbcab760ca10a,Jinja
e6cddca851388cfea219fea406619ca2b95d147a970b66389a82e653b83dea2d,Jinja
a6f2c02ca25e3d3a012b8f38a2e2503418475190805d013c0083b3176eea522e,Jinja
852f5c34d4784bd2b1f05fcfaa86b6977908f2e16db33c7c086c42b52f522445,Jinja
754c419636b55a17e9ef40c1c124283574c78299a83d1e1de122f09070f2ee2d,Jinja
cb9b42b020f8823538eee77f988c1dfa8b91f0be27bebbd8f4cd48c9e90e5132,Gulu
0712c5a4ef8b2f4c33e94a9d9b6c6f29c9dab706fb216ce7a1b2353156098ae0,Kampala
485915f6ebdbc58ba1f7787a5b96c4c87057b49a7277604430e4b9376bb7ff8c,Gulu
57419829f20acabcf9757eeb3ee30c1e07bbb6d6f49eccb20e3cf8c09fc1e89c,Mbarara
35bcc6a87dd9f17a6a794216eed51cd544604e654bda23048e430778f88ed047,Mbarara
2c6134337188acaa3cb4b4dbf04044beb21b547a42a0e68dd54ff448724fa591,Mbarara
03eae44ecf41967e46bf4be9c97ac02e5105bc743921eba5cb1f5e41fdba6dc2,Mbarara
a60aa17187c482047a87ec4618c26e981797bf7863419c9d2a575e8dbe41c0e5,Kampala
28cb686322373015c448cd187aa8e751233060bd78533ab09228f5165a5ced7c,Kampala
fd0595a6b1deb55b474ac1b12ddb29c120b193ff4929512a0c3d95dc441a0855,Jinja
6262a7e1130f7f688d3aaf4eef6380960e30781208ee63c9eb63d4037ec3f7c8,Kampala
c60746988297b416d1cbfd9e309dbc4d32a733d0844b09df1e9771d682ccd6fe,Gulu
ca4cede73f06bac5d34135282ee730f9766433af6a3e0961576c230b7f0ca7d2,Jinja
b094d30ca5c86b58e2c23099f5bec8716bcc3c551af979df6be2c3b09ab6d315,Jinja
344ddf9fa31dd64f31426dea6c00432a92a7bb7997211d0465dab832f6c8e758,Kampala
e4f791ba52bff82c912f48775aa8b9803e859d8924d62ecf102a1002abff761a,Mbarara
fdd57cddfe1a471cba0ce06b864ba57f5082489179b0426651df4498d1b2c22c,Mbarara
1396f5695ce24c74b1c7b9534378cf69f6863d3bef397ac57ebe8d33c82a665f,Jinja
f274357104f85bccefcd12e3c44c4d1eaa38459abd10c4a36ddb70e5943ebabb,Jinja
8f52c73aae6a4f7d80c0d54773d54ac04026841268bd9dbfa0a26c98f8222fbb,Kampala
004ed525573a987693bb754a7b2071331212d9c851fd86209f179b468a6cc88f,Kampala
761f086dd7cda148d83d33686c775e00e396f8e06b6fc5811df1f1ecdaf0dda0,Kampala
64d0678da7da84ebef7c1fb65d7bd7e9d2f52b4fdd50af363603ae6db54e203c,Gulu
1dce655c859c8c7a60cf2ead76882f3310c6724b2f79529a27d679571411d61c,Jinja
56af5421ef2c6bc6bfaaaac3579b42950a8e9a28d424f25d97466c3895002d73,Jinja
365406cc15da1d31dab54ac82c9d2120a757423aaa24d88264f327eb4cdfe6ae,Jinja
1c543404847e31c4554a7cf1ff03c46f662903b6d9ff352f96367e4bed70559b,Kampala
f61ccba49f3cad872a22ca933a7246c0ba38b2b79e00c9fbb6175971d293d012,Gulu
2cebf295d60582f3e2a53b74b08a3a755ec82417df141f96914e12c3f87c27f2,Mbarara
7dc7eaa5b64014e7a0840953534dd92d6e2dd8f0f045c99ae67f61f30b6662b3,Kampala
b4f9208e49a65f1f0194c2200cc5a32dfb899a161a23360eeba488c8331864e3,Kampala
9a0f42b40565adccbd225c9a7c02d22b0343b93c7b2f706ce465532991b7efcc,Mbarara
de17e59a898522868abb847b5aa64d72b6650bffb67a4eb773625f5f618491d5,Gulu
7f805aac94e4d02638ed41e47195554ab4d34a50eac2fdcab4503d0bb3d493aa,Jinja
9e78ee61fd655eda555f32f020f6a2f94c57f98c29c5f5866b1466b79ee0e070,Kampala
ba39e06a603bdd1d1f46f273fa0a5e01d80fdfda0ff86781a513956edd34d185,Kampala
51f295f71cb7c1c73c4acd01be822a31063cdc73a67ca9d6730ba8fbbd987abf,Jinja
6294d311c2d2ab47a7072a38a4bb3c08e69e7caf5cc4985625a06aac29152165,Jinja
e251364f4ec6cfa97676e5c94ad85b15b0fb67482ccde4598500b5e9e3e8ff6f,Kampala
20bfb28569aeebda1df15cea547c5f6e86ca2dbcabc2894998212c0ff9e6ff48,Mbarara
ce327421ea8c4fe332794c2e64e2b52144508f05d3dc31f6dc7fba69050bd8cc,Mbarara
197970d40d33a9b5f3eeaa2074f9d2df6b2860aa1ff571104ff6b826aab6a023,Mbarara
4e812c85a463ff5b9b53bf7a555a28cb082faf676a0430a0b0dc1612ae660bfd,Jinja
ee76638d63ed5fdc005d9ae72c2ac39bed90208c676a3d40a11ec1e2c63d7f5a,Mbarara
fcdb4ef5a2c6267783855e56098ecc119e3da021db6d5e13e3b8a395af325ec0,Kampala
d368e14c631b015ea8a616e50e3ceaf5570aa5dbf757af146363c0d61fe93eed,Jinja
5d7690259229a932b2344d647aeb880c05e5518f6b77ddafd781f3ad518fde23,Kampala
6470cfe35688de52953c47ca81a18b5567bb3823ca71131e8fd75c31a2fb6d6f,Mbarara
02772345f44944d38178301fd4392b0dacdb3ed3497937483f7038f3158e9c1f,Jinja
f07cfddb8aa278d5a6d4d1ad26534363bc7770df9e92ebd11152f072a25cd6c3,Gulu
2293dfb05236adbfa8a2ab209919b6a1d1bebbcfea81437d91a195d47a76abd2,Gulu
170c8b6ce424709d1daf0c76dc987cc82fcfdc8e7eaab6527c7090a5526f3e8d,Gulu
fc9ca8dabba3ed961bdd9a89ab326e83fd6ec2f64eaef1eaa8f36e13f9cb2a45,Jinja
6e46d47ee1e41ce8aafa0e4411448fcf0670bb33c231ee3066961b9350392909,Mbarara
5c400cc69663173a1ee223b9b2c4777f9fb805285c08e2008a0e1e8f68911f67,Gulu
65c0f281ebab546bc4763db7c1973bc391bbd2174e194e5c24242a92732d7d92,Gulu
075f66663106184b7b6292bfcace04ca7e29102cf268319a42f4843568a5c0df,Mbarara
2e66983da8ebb50d8e87a80164204afd0d003b90e24d9cdf59dc9a61959065ca,Mbarara
f98670bfb6024a2f06bae662965fe3b16a8a56ad2fb3936294a7d1f28d35b7dc,Jinja
ffa6192075a35d7eebabf2c8ac6e168153c5e4f0e1acd45a7a7dbf6eed6eb87f,Kampala
5ed09a61e7610239e580cd466a14698ab4b64cb13954d7a2e086eddb4b5b20ae,Kampala
bdcc4bcefd385c22c6d489d7625d45b622632ce0a7494f2af74b18644f4ad196,Gulu
bd15985f8ac61afb9cc606cd363f321c449864d7ad7226b492d8322aaf08774f,Gulu
2ff06ada0d17879e9c38216caaa9956a436e0c90d8679d01c4533f424da7d462,Mbarara
848529605825fedb9ceb3da7ea3449814c9207d8b707138494c0d3a67f52c9b2,Kampala
60b7a77f9c61dcee56768065a9b80a733152082e09365ceefb6468f26291d54a,Mbarara
9a3daf803bfda54cb52a056732bb2c08721d87f8fc99308c9237304869bdeb6b,Gulu
ed4a49784061cc7a47e65aa5cd82f4f47d42837c2f2895a610a61f1ab7071676,Kampala
832fd9c13aeffc1d06c38a6c3b272802ff39ba88f386248ca71643882749ce51,Kampala
21e7dee51e1b26f744d175f103e764b4c802d5dd9038fef9b497ac3cfcebbda2,Mbarara
fb4e3c91cecda46dc9f9b39c2720e2c762939a28cc9c0f8c509d0f0112116814,Jinja
7e2b1ae5d729673aefa9c9213aa64b5efe5d39aae1d8f31a59091c1aa342c637,Kampala
080dee35276d7de7045c3335d54f3561461cc83b9ed5ebf2415890c145a986e3,Kampala
50f11cf447c019eea831d4cf04928ef70f7e97253b17715a2c6590601037cf08,Kampala
78b20bcab31cd5ccd92c9729f873ace142d21b86236d11d108ae6c6694abe2e0,Jinja
50b68435c0a84c937bde263c29bd36ea6f7b92edf3a8c171ca35519fe27d983c,Kampala
31172d82b38b0f7efd3d1c50f392aa6935d9f5c7e966fd6860a777d49a631cba,Kampala
0b7956403b1006980ede30cdb8d4d442b7cc907fb943a36bb8aee643aa1ec314,Jinja
35a7c185a265f4adb599dac2fbb249105ecda59ae33fa8632d0ca7a2f612f943,Gulu
39c1312955b18d6d530117abaa30070d7a898515048acf06f4fa5e7bf44009b2,Mbarara
c72d55c00bbf5a70f46da1822d5cd8e8f42ce7323b545025ea327e441f1f760b,Kampala
4f17a3a0be4da151c78a9e52081995c9b252be0491091786b7b3f2e669fcd7a7,Mbarara
5dc7b0ea3f32379096c15da633149f25f759d4f69939d55169ab18a0d1171104,Kampala
e043cf55d5edbb5984f4eefffa9dfd21ec0c2a073efe75832e46e010630e5526,Kampala
03a9715064dfad0ffcd7fd29ee5cd9c089fdcb0396640c958f75e42c1b83e611,Kampala
6e66c5b11e99911e003cae1d29e4687a0ba1e8bf42c963e3bd655987a66c77d2,Gulu
3503c2a729037c967257a235b873314f569aa869f666905f3c970b0369240c90,Kampala
320fb674fbec61276476d507c3dc36383baea5d5e612b644e205754966d1db8d,Gulu
f8b65c7a4dc843d43045bd3f16f0aa7eb6db7118d84d12707f96535a5d89ea30,Kampala
76cacf0f440890e55fd6fd71d485312dfeddf59ee0255c74c0552d62646932ed,Mbarara
72b569157da41234c0f5b935215b0e7837e487fa54ae38d0630b1e8f1858b22e,Mbarara
10b45bb56f4ad6a3207174087758a26b93f3be72d79c0563889dd9ec47c7c912,Mbarara
bc34547331c1822f2770865329500ee462805ff88cd6f55c74c60625e8c1bd60,Jinja
70203274e98bba66d94b2aeb4eb619c58b7a72fb7ec7fd951c4479e9bd59eb32,Gulu
343c1b783689bcfae65035042b1a880e0a1612adaa5c624714955f5834895e0f,Gulu
9210a5bcaf13737c93299b01dd2f1a18f69c95b56fb6bb4647135a238cdabbf0,Mbarara
d5b09d1bee6a478ee8e88bbb1a02b05f498e3390a87636933d74b247d4d2780a,Mbarara
a29ca867417eaa13a301a46b93d61b79efe2e4ac7fe09b77480ee43486c7d651,Mbarara
313174e35d9df164cf67383a9a8476850781cfe6a0fac2880983712dc6d0c27b,Kampala
3e4ae3f7f59b633a1b34961184a54e74e3ae69eb9d3c400e1c5893e2ad1c5d02,Kampala
0c367ee077a9ed980e3161496515eb573ce3e89e862e5f2586141646e162bef5,Jinja
fa8239b57d62658341cd2366435b7641b13d25869b7d735413312279663276b7,Kampala
a3fb354fe53d2a336c32cb4cd12e2dc25107684fb8f229a29d8c566c31cce1a2,Kampala
d8940576b6bcea8e81045ee471a3a3273699fb54073a925b4fb75291d5d9cb87,Kampala
84679eb773a33122f369ff53f20478ee9f59a1b93a91d88b3aa3eb0cd08a3ead,Kampala
c37e06f0436c42b35f2fe57fc1c10de8a2edee58c7417456a55ceae7c9984059,Kampala
499409f3a56c962df445f578aacbd8b1e5ac674c5ec69409aaef3194d8ca776d,Mbarara
3fb667e440ae06fa6f46fc365c2947aabf7ddb3934c3629dc6bd7747a79fb5ca,Kampala
1dcc65a4697bb2c09e1f309c73b6cf8aaaf00086faa91fe07a72d5a9ac6fab9c,Kampala
c0059606cfd0f38921d77325a17a961105c9aaf25b470741ffc3cd060b5d4d56,Mbarara
bd724967213761823b7a6995f51cdf5b14407c015134a7ef42cbe02963694c68,Gulu
5325ce3b40c8c8d2e8c000a39f65bc401e2f9f6240feca0b9be6803b342683bf,Jinja
3275b9e83037a011bbf88a5a139e71c019c5adf4253d628745e679e9339abdcf,Jinja
8c59d48821d95eded6d9a7cde22af27886d9a2d4ffc80885611d07f652fb92ff,Jinja
7ee438f8d3ae32c037176ad61a02d992111cf4c075895a704a7b418367093c03,Kampala
bd9d3739da719bd142e8712a773f03baf1ed238201ecea8f34995da106636891,Kampala
42b7eec5080f2198cba1a46171d72a23dce53da537e2341fa04c0b7a2a1224b7,Kampala
d86adbc065d5d1772633bb310c00e9e5c393fd8678760ae7bb681847367f7836,Kampala
3d1560329f28bc95dbdd337b39bf796dfa52645c82c58686abbee0efb2fcc5fe,Mbarara
e5e9c0169ee0125aa0a164c04ba5257fd6f79151dca2daab97e8ef1e03a1ed51,Kampala
cf45b24b9262b847b9616376cf8da0c7833b66dc2457861fb3b24dec5ed3c43c,Jinja
70e3d4355fa53196b5ad6a05f24ec50e55072b384559f7e02a1d675b02bd7dd4,Jinja
007340574098ab78e354343132d9b71b55f9988e799d08b67556b1f3e716eb77,Kampala
cfa6a7bc775b6cbbc396c4447263068e80e4daac930133fb29356f3559948cc6,Kampala
b31f396835384ee92304121638f21eaf4bb28152c5baf42d9a2131143b7536bf,Jinja
ba23208f6f639e3ccf2a1b348152d975d427b309af498c861b611c68aefc94fd,Jinja
162aa3b6ecfbc8062a2c4840ab350acf9cbc12fcf6ee98f9117eadc55304d29e,Jinja
692c4411c97e5409d5d269bdd1aab9a907ddaaf66ff0b1f6b663a9bb637e0f5f,Gulu
0f1369f8c7494f0224a698e8d974acf657203a0de78286f6a4609e11bfe59443,Mbarara
8cf91505df4231cd76c72df2f530f20dd13a9ecaa66a6ac6f32c84692990b6be,Mbarara
860ab0b09299042621cee86985435319356b62c544e7d99e191f75604676ef0c,Mbarara
fe37cf260c8207b3542ebddd9af718be42cc2211bd6660d9bae5d2469a531b18,Gulu
e0bf40fa483d492617960b9ea58ac54b9f2a91413e1e9486b30d3ce894cd5717,Kampala
9ff1c23c17b2c2fc84a279088af35981987b78901839b501b77e146bdd633f16,Jinja
b1a62b1ea46bb8c1b4e3a3a8aa5b48cb416cef22b4965ba6f9e651e70a5af275,Mbarara
973b0efc43d94ef702139b83335175afa93bf59cc29a1d9a1c5eb26973a72650,Jinja
9aab7593e276f388c7e4823a6bc8ad34e13a326286cab650941aee12b8d6cbfc,Mbarara
f6afd4104717e6aed3a18a7d3338b589e77564141dfc8a7434a9bba0450d00f6,Jinja
b62107341b76bce1d6e9e159ae866ade861a1f99353bfc47197ed98d898afbe7,Kampala
359184c0f1bc439d1a289f575a5011b70ac6573a088191d4dfaf2a7a8c395275,Jinja
18829e9cc67e5ca1a25647637fb7168e8941f488c4122fea242eb858b0b84386,Jinja
43d17d6efc940a162faa16bc9f1312cfc79e1ff34c6a2c1f013223ee089a1e58,Kampala
007f7a3187fa096e44e62f1896f4d51d7c95668c2a62299fae1c484a71185e54,Kampala
2f19e918b2ae541fa2259b0c1bb04a9dbfa7ef475b62a3aa180ff7a80e1ed821,Kampala
12f8f5c5d5f5835c82abf465634d0b81d69af8d23417017dd35c760b13b16b1d,Jinja
b91e9297dbad90c22890d4fe1c1ff051faf5bfc01f28da433b76b72651f611ff,Mbarara
45ff6312455564526c16d2ced89b6177bcd2e523bcb9121018ef87c9a8b9c9a3,Gulu
a69f49e5c175d9d124045ab17867d2c57c983f72e3b0714d9d082998d4ae8e55,Kampala
46bfe51f36425cc902f741dd4b692882c18a7524c8bb4071435361643a980854,Mbarara
5e6b1cd35b150e1fc7d82d71b837c49b895d36c743d22bdc10b58a627fabcbe6,Kampala
69d79b72b9fe3b56354a07dcad6a5cdc5c731ec46d52ada72b6b5cb96e6d4788,Kampala
f4426a9a4d13e3d0453c03ff00600eda8a1f147bedfc7ae245cd4c17e9e430c4,Jinja
efda1d3698fab96318685169fb60c48e23e2de0a582528be79b432c38c9b59d3,Mbarara
876387f944a1d57b135d34c3e5473b544cf6a75dcd106a4ba28f6acc18eda6b0,Mbarara
0dc62ad7c42b82b9e33fc75430e59e1f9e537f7757a20b96175cdd2e24b42f0e,Jinja
2b2aead8fbca345151165c055aaee15221fc01b50c54ec289a0d11a7a5f0f576,Kampala
06f1f60a6cf0cfdd049dded67c37f57978d39946fbc38cabe79fcbc42108fed7,Jinja
226e91a217625e26ae494f4da6873c27b1208b22e77399f032106a63ca3109f9,Gulu
6f27505894c3208844e422a57bc2a9be80f853e4edf2a84cdea94b2ac6b0d152,Kampala
469bc8ba86a53c82bb530b00eecb6544ee412478ba1ee2ed7628266bf50db9b1,Kampala
1632f9518f7be7477c9191551b202986e4d37dd3096f3cd2575bb21eb882e191,Mbarara
415cc89b9ae8a867e33fd0d3da670c8f312578ee81d1cc974810ae28e26477b0,Jinja
2f102d3fe0860a4e2a0d12d97f81f7a5f6b6fa5a5ddf392ef09a9509ffa0d970,Mbarara
7e5aceecda01b45901a8e505f15119727b6ef3516e263fc62b0b5cdf9b735d40,Jinja
1463a8a5133dfb0d044f9c4cc15bf2463b14dca6d1feb9691e6be22490046897,Kampala
50526a835f09cab88e8c1e8b0de36b1963fce2b30c2089156d27812fa3df998e,Kampala
5e538746017362fed82ac86c64e85155ade3f1853dfe806d9cf14850addd8570,Kampala
c397d0e7a0bf6428e1b91c39a3c7953b1f140e9c5a979619e8070ff0229267f5,Gulu
d8ad65d921a36cb60d27cd69a01cb6a0fb45071a163afb2becc5e6f585f65806,Jinja
865b21c5c6f6d48662bb685dcf66f8795c1440c486fb735f7f45cf7e2515446f,Jinja
1d1164ac1c33e81477f9607522d450e0a32f018c714ee9d4e590218051a0ec8b,Jinja
0f452dcff906e9a3d431804865b51ab73147944ecd4e4d84e50eb08da44911fb,Jinja
a51f01fa9dffdc77d3327039cbdbffcf916cf0f792d804dd268ee2f3c65564fe,Kampala
8536365a8ee8beeabd391ae1bfb1fc4d26fa31bad0ac3ea643e3e806321037c9,Mbarara
df662671457ae332b16b6075d60943b091de9460a5f5d7a63efeddb2fb352b1a,Mbarara
c62cff699418d23ef87034941e3d6e11aeadb5ab2de1308779960ece80156203,Mbarara
ba9e0705cfa756f6835da8e97336a72af21b59f0234e1ba21911f7bf9b0c77ae,Mbarara
1babd0a733acc2c03825941b4daaea79c0db67ef9d0922b31843babfd0222636,Jinja
831a5a3ad08d91507653bf53eb991de04fb5531864271530dd27a8a097238a08,Kampala
6776f18d943017406a10bb81a3ce11f1029c6d448f334f14d0e96620eb90d7b5,Gulu
1f9e759e28e6fb482e48768278a9cdd17b7acfa6ee86ec1bf16eb2bd3f09adf9,Mbarara
ae812883c5e4e89ad5c36a362616acbd10d2cfb8b15e81c5f9df816f3723144c,Jinja
d51c10c430dbfba120f28fdc1faa8bc099de9b04bec21de142e8d6fe83d72572,Kampala
5a68c0efa566cd02dd705b575b05748260e4b82a6a437aa5d98f358fc7194e37,Kampala
c39336713d05ec4f5afd0c79381f8dfe21760291c47f30ad67bba5a1be4ee94d,Gulu
9ab91fb4ee43d4c0ff4da5b6c85ff7d2862003f747026983d330b642aa3c149c,Kampala
3b866f47d11fc19fe09e4cb618ca3e64f453ed5642503f907daeca5a90bf0280,Kampala
f48b444538565c74456329aa32e80c6d443f68d5138a3c4b94828c5968df32ec,Jinja
840463c1264e94916b35668d94164bd98b5c6205855bb1edb725887fce5ceb44,Gulu
34e3a096f95dc6ce466ee9248c34968876bdca3b1654b6cc6182f3598888607e,Mbarara
2967a14b2059a297be98757da2e5087c89231c6f1d409ae04cb4d38d5d50c342,Mbarara
e424b1f796d4f1a330d52e0c3f3fb80382c856b944c390df671fc7e347db30f0,Jinja
96a30b5cbb0a469b995d3e4bc19f8d4851e2eff6720c71d51853ff2e28cd10ae,Mbarara
b794e34722aae9daedfad063c1bbcb54ca5d27236bec1a1ab3553585b96020e4,Kampala
73d5a2a80aea4b02c89c60cf878f2a22b985bdbc4b19f8974555917544f7e713,Kampala
d75e5fd7cfeb580320151d68d7219bfd4011d1fb1674571e084e842518468176,Mbarara
a86355fdb7e3703d4554929408bba09d87c3a4c2f1488ca24e968f0e3a608482,Jinja
51ee9946b3469187fb65dd64162c443679db3c98c0cc15a54832661d724be657,Kampala
6476e5f119336ea23fe17e5374dc30499e50cfb0449b7976c59cc63bec2fc44e,Mbarara
252dc904bf87ef22c33a4fb8f568d50e6ffb8cb53cdc88fe42fe10c6e120dc0e,Jinja
759d2f89abc3b40d6a21c45d828ce928531267072e56ab1f0db7382912de2425,Kampala
f6a191e92ef71ec58a82d704c986648a4d34f1a3348ddb790427e3a77832df87,Kampala
97d31b298f769c94319b04aa1e50e71cc31bae3a19c357aadbb51b9c78355f2a,Mbarara
c2006b90a9424dd7a68f4ac3081157435ba3752336c74444b1fc8709f2757246,Kampala
3d7e166d0ffa48a25eb53f7061fa3ebbb38d67b7a0554b712ec148deb2d596b9,Mbarara
fb0636788eec8a25d9eba0beb042618015e575650f88b620ba61a168f6e0804c,Jinja
5cfccb517a7cf3ea5e2569fab1ae2bd1d45c29ee378c0b9e2974dabd48277df1,Mbarara
e601f86f6dd4b950596a92d696df798e84a9a9fc0bba3ccf43539a1f16d9d188,Mbarara
76d93faf27c018e5893acb17cd2d70cef4a20af9dc674bb6e11f41b16900dacf,Kampala
87923b5a135fe42654bb9e03cf6fa80d7ecf516a086c1d3d678d507b507e0d33,Mbarara
0b42edcd35e9e37568e0708d47e908f96c45ab821329aa86bfa243b72301053c,Mbarara
237fa5ae6a7ce99981e9cce59a49d8ad7769264dd28766260345b06da0ab31c6,Kampala
6577912f28842fd095b6aad45f53b2e65b7a7c152f051507ea63972594830cd3,Kampala
93439cf1a586c88095bfa4f6fac4a9782906929c96cceaa10c39c067683d3644,Kampala
fd429738be0c99e8fa047030c5e4c14db1677dd14a1540adce24013e5a549c82,Jinja
7c27e47c843caf9d29297a868f9b0f3fee12303ce5187df4c4f434beb15f8d19,Mbarara
6053d00a5ac344003869d63dd753d3352494c8b2815a73af79e385ebd11354fc,Kampala
f8cecae5c1af3b55959f147975668ab0bff0c2c8acd1945c71f053c1acb5aecf,Kampala
dd07c476c8d530ace7fc5a4a6679d37dd7f54f2380e1cb8ee1022de64783ba92,Kampala
3d7cbdc7a15e178380213b85cc539d2e94e7f57e36bb6758b4b49ba868a46d8f,Kampala
ea726c0fbc099e5ac8f83cd3b355e219db30f2f08fb395fff9817a886feeea3c,Jinja
81da5b40f8e593887ae86729a46d77126c89a20048d022bb9dbdc92f40bc85f4,Mbarara
e934daf91374972c9caf4c1c54680ba5e7d64d4dbb49c60a134b8194187f2df9,Mbarara
1487eb82810619d7157553505ea0ced11aac4c52459690ff5e22da4e2090a712,Mbarara
003be321b019c7c65fa01952a9bf35791744dad73c96feb2edf94e46b005724b,Jinja
270965c379dc2ea2eb8dd5d9c93b39c2f6232fb5a7fedc6689780d18a55bd8d4,Jinja
bd155b0230516b9085c1cef316fb5adf75d35c925834959b26ccdc0e44ac1601,Jinja
b83b304ff0f33656142ca70d4022183fdfcaf0cd6c61d3a4968aa785af0b8b08,Mbarara
fe37c301220eabb5105c3bd654bfc4e66c69aaf5ff0300e10e13831b5a03c010,Mbarara
3519b5601f559edd03206ae3410cdfab2a8b9a76bd54f9eeb173877c7f0e77d2,Mbarara
725f7bbc2df7fbf0356fa91f1cda9073f6440382bb061d386261f6d961e8f0db,Jinja
6acd7b97fb69338e466286076a0c8160c78e8f24ad135219c872f2366f0ea32f,Mbarara
2bb2576d1213b49f3c97c550f7f743a88e4ebf2cc2688b4f351cf6494304f87c,Kampala
b5376ebc86b2bc92fd5c88f4b322f67fc41d640c6f3a27c8427881c7bf8b715a,Mbarara
f6902faa6b2a99bdc9e597dcee50121ffc9499bc0706f4db134265a36c87cf01,Jinja
29e535c61a8ef5219401c15665b870ae5fa653da5a8d2b23ea2fea195391196c,Jinja
a2d4781f5bbd40db0366c4c14790987d47e2c78429d2537dcbe4c7550d0888ae,Jinja
1cf5d6ea21e078f04225c5983f5b06042c8de95cf6c19ac06bfd6d93b48f8d4a,Kampala
b178117cdf40b97a5ae095498518cd247520784a6c59418471ecd623b3356890,Kampala
9c494cdae1a77ad2d26c3e0362be796b8247f3d51ecc7cb79947e5a63ee11b6d,Kampala
30c34a536c0e60abd9d37964129c2b400ffa401c269b41c8c6fb1c34c69db42a,Kampala
8768c97d88035a174b5f109cdbb7cab8a54a90a6d384f8fb105b58e6cf8b6efd,Gulu
3114e06ec1857f13d85dc6b4b0193b11fa10fbc260b0b9a8cf719c12b8f78823,Gulu
df03a9694f5526abc8f549e7e9191f619e4c18b3a2247437eaa8a2b125862530,Kampala
82c865d2f4a84e471d4f16f14b2f5d026a5f241af2af358957b5642a62bf21ae,Kampala
ddbc9a7125fd677d614a86ce27d3d463f9f0d5f5fa76edfe6b3fa227dfeb0f10,Kampala
a6df7a7b8b20c0b9e6dd932b280e05188a8dc8d0df6071544db18df212b1e61c,Jinja
0a4abec300bfd63781c2280809ff72ddfbb00c2d04f2a9d0a1de7e80d683d573,Mbarara
058c0e06c1723f2f0dd526f41ae4601bb3b36a963ddd25ead5223a35a71264a9,Gulu
bc9ce9f7d05a89cda2d27a29d24dbe783fcfe3e74a666152daacb3f4fd839ed3,Kampala
4bd426a87bf7c9b9ba82fca9218612ff10ce26ad93afc698aeef1f78598067dc,Kampala
54568e6b4fc95cef6e274ba69e812389a12e93859f75855846585b38e583e532,Kampala
b0856245333e736ecd8fabc6ae82e367a756c6d4768c2c1dab9d30a3162c4251,Mbarara
df84309f3d53958120503a8ae7dd3b6a0e9134750a5909aff4450bac439136e8,Kampala
6f955995537654de162955b1c0750d0f84e7e72d43fbdb5ae7ce5b3fd6711608,Jinja
fd88e6702e8dfe0e8f053d97bd32cb8af0d213d662fc7a644364d66efd16cde1,Kampala
bfdb83e7d6843e61f96ce26c25a2f4a9b688ce6fc840a445cb4b73a1cb024089,Mbarara
1dd712d3d2ef589fdd0fbd2380c1ecbf8bab8ce0c565772f9ee5f532c9647149,Jinja
e77a50522e88015329e7dca8b577a334e81976e00eadc02e0221100c0417e21a,Kampala
935c11867e376c522b308a2fdf104964b05a54221f48de5139bca09660260ed3,Gulu
a41b2356bf5f339b66f49fe5c0bb5908986941b08b0d7355633abc67fff558be,Kampala
4777c8e27b8e0e4e6935040f7e726793ac14b4c6b755c4367b093af5d5cbbbae,Kampala
c542f3e392fd388cb39cf8a997be00b4168995bf5701e12eb17138fc447f1171,Jinja
df7c3c60181c8623dce1ccef367ef9e03800bae362175c2aa38b1398fb1df308,Mbarara
e47ca035c239f9aabea15591fa113ffafcecd600bd244cc5c8bd9f776b060579,Jinja
a64ef272f75a5a44b97a126c1d357c1990437969aef2b034ba04b1c106c04f95,Kampala
f454b6760ebcfa29a55e5a78d8e2e8fe25a56453ad728005ad5378363b527305,Kampala
d6a2e93bb82c8e1dd898b59c4edb3bc4b238c139e96154e5729b637b43ebf15a,Mbarara
b91a65691f832a3c8a154f7f7f203841d5d4765a03787f4468aaa8e3b234adea,Mbarara
1bb6977caa652fabeaa30461ac8c5a386a5addff9ab8a898d763bdc73f863a9b,Kampala
201335c34a3f41496c808e0e03fcc5d2f41c1fac3a5181e2d8a1977c5c72350b,Mbarara
b5cd70a13d2ef475b3ca8144b2a46331a7a72b8a11d5be1bbf46dfdbe0bcdd15,Jinja
79ef4c6516ad4ca932d7b2784de84ceda157dc5890bfca568c57b112d1cfef2f,Gulu
2c95d3b85f870969b60ed35192608308d502fd1e3bce289835eafdeb2ef77f90,Jinja
e0e134151421a7751dee350b8026d8e80cd92d7314249ddb4a88972b1f81ef18,Gulu
ae0e7c20533486d6dd6482a2577c44d6ece5bdca1dd081f2ddb8d989e3a741b6,Mbarara
d5d32161ee0c3a19d62ba5fcc707ba111ecfcff48b643a37a25968b1a29d99bd,Kampala
e78e22d5e39f4f462ef128d000f508da87f4eec7f36cfde197e425b7318256cb,Kampala
3e4315d3984f171ee416c98d53ebff8f26a9fffa41ecb0130ff29a3e4591593d,Kampala
273e9e1a35972294e9feaeb7b6a69010a5776b259e08ccdd75aadaedac6e32cc,Jinja
72d65e75638e1a02998c540fde1acc5a0d09212430a1050f1ab7f327d07a82b5,Kampala
b445c73c19f166803d97efa2c6db5b07ba46ca7c2daba7d2e216c6cad7d9c0e8,Gulu
f1fa9dcfe54903721ed54d10c2cd7fc2a5a0e311bd80fa689c20784fc4d9abc8,Jinja
a4d66420d11e27018397ccfa185586c96f810eab0aefbfe0f4d0046e99efe233,Gulu
b9101754b8fa90046cd2aa367091a74952be6ddf502e60e4e5989dec4fecd00f,Kampala
935853b73b0f0d9820783b6ae638d06008ab64987c44251bf542e4e191806eb5,Mbarara
01c7685a63b1331150e8f4dfba3d19863b2a38ad4a8d8b0b68591b8a5cfacb44,Jinja
939dd507ad3f8bdfd3a1305fe64bdf60e3f9e399c4b7a02d5775737d0c9b77c1,Mbarara
9fe5a42132c084f4d76825e326abeea96d72c0d8aa98902faefb45e56cdf8b31,Jinja
912902acad3033036aa8a1a1cf69023b19fef693315ba1bbccaa32e1081e7f6b,Mbarara
4cf748b7f1f83149817135200733abb794f63f075b0e57ddfa98606a09b72b52,Mbarara
7e98a4e990d816f0002308a6d068fa16b0c017a7cb7864161bd14ccb5f9f36c8,Kampala
5ecc847e8b55763a1c87ca74c03a914a109d1374715c89b10e21ba2c91e882f9,Mbarara
4c1b6166348b8d139abde337e11bd05b9a5d232828f59a794c1e03ab731715f0,Kampala
8824fc55d68667671f1a07fa22a2903862125b15b959a846338efae2236a0123,Kampala
efe91130c2c9651266606cfc99e7da22e7a2d6b7c3054a86d833f4dba85355cb,Kampala
a7a5a76f1da05c0d0d9865a22dccb47ac06e494da0e168b874838ff5f3311d91,Kampala
3b1dfb6ccda8069276a3934775d06ee25e7797f49b2888af0fba165fe553fbd0,Mbarara
87badb10a02974236796c511cd7484f22c1dc4ca7d959baf609e88fd6fdfe07f,Jinja
e8bae6f91fe20e853ef5f41645f6a8d65e9b2f772197174d777ea2876ff80fb6,Jinja
76f2cfa6a3452b727e039bdfe32656a8216183b8ffe5b38b798139318a8ccbfc,Kampala
fca136b5088f1725f7b4f8a6134f5c304a0cd9ba3d56504e53324bbe0a3d736e,Kampala
c8db3a478611aba4d753f652556549f51d6cf499e1606c6107a3c40061d3c9f1,Jinja
9cb136ee82dcab53eb46171e9cfcb625c9d96501e6a87aa5055240de7d305aa3,Kampala
7078cce120b66bbc15614a2f204930a1f4d66aa7818634df485fd7df7d42e474,Jinja
a1db7afc87a20bd679c5e276703c41f5bad6a0ad8d8c04ee22a7ff458622dc5c,Gulu
d94e46e26e839faa4b2868e59756df1a8fce84a0acb404205835cd7637c28081,Mbarara
c3334d9f00eca7727d5de39a87434b13ed5110abaa395fdc556b4389610304b7,Gulu
63f023f3d041519d004fa35ccfacfe8b2c27d1d13a669d0671ae517c0adf8534,Jinja
b38df603b72e58e60948df164d8221fe9d79d127d474525014abe866badca3b2,Gulu
35a8b2ddb09ebe62c8370756fe72684b6868696fb3655f0e4a33ec8384a9624d,Mbarara
b0f72d12c0a0cab33a7f721fa2b937f9b98a4125d43f691ea74f76881b0a7e90,Gulu
a56865ac578b943fec0b8c7fcd81d0af67ff6a58ae6c14a19a6d0a9a4765c95e,Kampala
55e60be8c2b93d6758f71ffc14e9a0939c33fd28239092773773baa03a4f43f4,Gulu
de37235082b1019c9f74d3d63cc460c78c7ad826c8f39512203007983d317e34,Gulu
207a08bf3d54689a351e28792fb33dbfacf91a4295e9d8073dec3638484610a9,Kampala
b2c5943b0d2ca4828c44c5d2b712a3c5d0431f63dd9ea19f1b8275882fa5bf62,Jinja
49157dcdfb2894bf638fafeae128182a07aea756fcaeb20cd532932310ae2873,Jinja
d269f81f8f78aeb2c897adf838a0c964f70fe8177da39cfd9eabda5441411768,Kampala
8e9d867b456c518776a2a36f61d2e1ab553fc2b63c77b86a756a12ce8d5e9657,Kampala
cf6f219b7bfb90aaf29bdaf8d7610bf22f13310f966c3e7c59a2402e01195db4,Mbarara
5264c9e7c6ca8b5835249696dc38b7677d8a2ba7188ce3fa217c79b6b75d06fa,Jinja
321f2ee9efe4b3e7b596c740c4c982d58d89c83b94d9fa7989b12e826f54d984,Kampala
e2bc6e5f4071cb303f5181ec732348446d86c3906d472cbdba2f81c49df1e3bf,Jinja
f54e63a2221ec0075d26ad7a50ed697a06819ccbd27b4791a13498a1d7a2953f,Mbarara
28fa3fba5311f65dac98b1c33bb5ea67a593d7c8f16938e239efda9ab47e67e8,Mbarara
6b699c0d8371ad9552e9951e808dc9ffe06bbb5371c0f2bbfef1130a2fc93ca7,Jinja
44ffd935f65180f30f729b54be52d147fc5ecdab6dace1e4bb5b8ed3d3dc0633,Kampala
c028a280cade59fb8481f56ca261f6d4b359b3591fba9a6232472829d623fc4c,Kampala
48ac600250acc5ee0f107f32e773c76bc6a5f4ffa020acca41822dc67a7f768e,Jinja
ef9bed65fcfda9d59fa9d95c22e6776e6b7d6f75bf02f6938b66d8b178870468,Kampala
e3e3da2503a41f9ad5bd3c024b0dfc222fdf5181e1397f2839d91c0269c13153,Mbarara
87e4eb029402943879997082e51d44c72b882b03362e6668014f7423e1f2f83a,Kampala
d55b7853286f485d190653d55092a1f7075f3ffb7329312318a8974585f69be0,Mbarara
4db5faedf1284e42b5f0d01493c7d17bacd069d7be8a3a563cc88a75e019e982,Kampala
677db857d2b7571e77735f08d7806186f90bf93f36bfc6a0e1e3e81689f89081,Jinja
e90f17e618ea0141c881cc7404918dc430c2793e2544df1377a05d8b71ac40ab,Jinja
64d95ab49dd71ae7e414d6811d923657374349db389ab5dda609cfad38009508,Gulu
bec0a123aebddd8a5af36d0b1f2e4b6b730ec4afb1c95153819dd6c3110d6784,Jinja
460f9f6fc53be5ec0a6c58a1d592d985ae13c1cc617c59a70155ab4b4aa78f53,Kampala
757ee4c4373251d3dd0b1ca6bc061f21f3bad2d2725d550e9fe0fcd3f831a65d,Kampala
cfbadd92c9015ca7ac1dd4761adbd54e334a6cecb0db411b9058a2d32ce4f3c9,Jinja
b478bfdf04fae0460b80a592dd0cf3942db1bc8edfdfa070d30b3b62be808cc6,Mbarara
3ab424de5c068eac193cba3659f5281c3b1cdb831d9e26f651c404e7aa13bf0d,Mbarara
009d46832ed8ff591a486e5bf8811716566a70d512bd9e94d5612a4da43ef581,Jinja
62a184c2bba96c81c1884617c0539326c999c2dc9f93f046e1f63c34d954e39b,Kampala
cc038d0e1e64f94865ca4a5f818d47ada01add9e55656b3b96da14a2580abbb5,Jinja
a4eb315abcdd86f12d382c30df39241f038740f7da555d5a1fd6db191b42ddf6,Gulu
872b2339b763834ffe2f4b39f651c479ef94f83b898f6f3de23a4b5ae4579d62,Jinja
9f05812ad96d413a19b6fb095d5909101983af6220c7250a3b7347c287655388,Mbarara
bc4c97e005c46140bad4b6ddd1c379ecf014a04d248f7bf958f47d817ee8b10c,Mbarara
1c44cf383296629b4c3f561776788a07164de2fb8b7eaff34702cc76a55b6691,Kampala
41f564f68d41c79ae3c3d81661c567ee1309f5d82d0e03f525fcf887b36319cd,Mbarara
17d30cf5177334e18cca91def0b4be7f3384bbd245da002d537b63d226e65b6d,Kampala
9f5a94b220e17da16f9c91d8bb88348ca045d8106f6f0f18ba43329014e140bf,Gulu
5830b06d207e5081139ee097d094ae9c750959bee957a2ade71c14df8b65d935,Jinja
2cde0a80edc8b8f9a334628dc8dd9f3bfd80929cf42ec0ac417052bb0cfc0f02,Mbarara
f8b7f4289ad69c7d1a3e831c5a61401ff621d2c418c3b34479fd8796d9b8ca15,Kampala
9639ce7614b336c11bb3c06314e4bbbd80045330b9e29de72ceb19c0b1ffe5b6,Jinja
a6e5e0c8dcc2f89304241073c2f7e36460ed03d8c3861714024dd4398c26efd2,Mbarara
b482c40d1e410c1d110d8ded5adb6e66caac2fbfdd566437187201833cd97452,Jinja
68ff6baf27a27914d505731c8fe4f0eebbcbf2ae55a16df14f7bb0e30eb0d7fd,Kampala
9801a5fdd1daea24808a36d27b6707ba4abdad232cfa9bf5cf449d2aa1732ca5,Jinja
b847167e0433de5a73bc5b9dee39cb3c4f9b95635974aee288deffe0a413c936,Kampala
7ad3241c6d38ecd2501122dd408625cffb40173f70da8b26aa7ee81a0fbd0adb,Jinja
5fa2e7f710b9b55634b7e9e952e6ffcbe3cea3f3eff47b38c7464a9c87b03499,Mbarara
c145f2196ebbbc337c53485b382dc5ae15295310928498851d0e7a54eb449aa6,Mbarara
faf65bc07cd76613f547730c7b555c92afbadf22bb417f934fe1b7a94034f4a8,Mbarara
1e51e929f7f4e511c273c2666c39422938dc6fee4b88e08f75819c60ef58d752,Kampala
2596ea99c2e4a2d738466b0760282047f241504a689e36cdde652ab1f1427078,Gulu
8ff1c041ea2aa06ed092b47b03f6c660c84223684f34d34f3a1a5bb0cf67c618,Mbarara
6b45ae329536e818ff817f3fd7275f87d560149c2c1760e92148804d93c45cf2,Kampala
49889637574cbb57df24490ebe4251ae8bd286af1c7f7545d45bbbd9ecf1af52,Mbarara
a47feb487c6e9b1a150a9a04fdf6cc6690d22702b47424f24ec77818c865d501,Mbarara
7ff9891aa783584d3b39cd899004fd6038787b4e8784442bd64b2aad45fd315a,Mbarara
549b84e2299370309f62fc35d60cf7001a78c93704d428f3bbfcb3c516ba2219,Jinja
98e236821ebff45a0273bb61cb91ef78e0c9b103cc8ff1a69e07012cd6cbb57d,Mbarara
9e1d13d5875eb8f436f6808eb145e537f709553f968b05a227ea336f247347a1,Kampala
5fbaabcca0f5024deaae24409cf69702730fe7cd7c87304f7d6ddc2d6b0d071d,Kampala
2c71fd130e044d7a3f31da7aa8aed2d35ed5a4305d017b8965438e8953081f9f,Mbarara
d754d98bd4e936ba69422c40cf4c8ac09fd773e0006cd03166f37df886214846,Jinja
2a4a4c2420961518ea35f2ddc265b1b92b93b8a2388bee385ef6671a5a1fa74e,Kampala
80c52780d52c40ec724fbccc2cac82ab5886d87f15ef8ae8073d328813236553,Kampala
9e9565382657c8f03061958ffa3694141bd7d422770f66372919b78a63a34d5b,Mbarara
17bb9611821b0f893977cd19447814bf41fc30c732d1a36ce4ae03b3c0d52a57,Jinja
684f35310add7995280ac7d3a76d878efe092faa1b3f48cca5dc339719fce810,Gulu
f819a329addd43b38874c29a84c0f188226c980a31c5ad0a66655ba59e8a5220,Jinja
a73c388fe445ab1b6f6cb3e94320ec70a7ad4da3fabcbc9cac1f5c812cb354ea,Jinja
8186986d83b18cf1f00a0a188c3555ee4a6edb5218d4923b7548dc5275c39798,Mbarara
a46d4a759e447610f832ff67e1cb08977058647e1c9710e103f28792d0f366ac,Kampala
0ce14c98640d8d9856e5f83c07caaf9eec91e739816d484f12ef323433852f0b,Gulu
b4255700d3e9db12a08e57319946350e560f9556645afbfaa7e19a9b83f9be5a,Jinja
2cb782d34d87c1be976c00976e78f7c189fdcc03acc7a2c7c4ca8402fecb01ba,Jinja
45ea47e98cf00f18cc8a25393d4b5adaf2794be8afe2a0b132ff486453c770ee,Jinja
72a9636a22280e748147b6be251ab213de0af5cb2ffb097083da9fe87cac9082,Mbarara
9e08b8c3b97b2a863fbc659c5844a2b9b4a8fc3b82033ac55644b7a43afd37f8,Kampala
9751afa9d85280b4e8e808a5318b9feb879f8afc93f481d242efc1f5ddd4151e,Mbarara
9a65649034118bded143fcfb9089679e5e953546bd4ae35ad5dd222be993f467,Kampala
ac63c6b4cb2706a6bf473fa2ae271ac3bcdd289d9f27a54b00c61cc7ee4f1c85,Jinja
aa5e2e8effa42ca50829c23ad1387a07fe64061a490fa0a254b8bfe19981b2d9,Mbarara
0463f9e62972b2cebcb68152fdc92abc0e10da878209861764dcfa4a1574760b,Mbarara
99ebd615ba575c629ca93aefa5c03f30308f275bc4c403f37951036c3243c86e,Mbarara
43fdfe38d9dfa6ca36090e0c01aaa9de0663344bd3c6756aa81000e89be11286,Kampala
b666e3247d55937ff083f486293faf885f7cc12818442c976f8b0cf60c0d4d32,Kampala
be8a837ba42200437b276bb1282154bae260933ba24d97aec0c1e4fe68efc3b1,Mbarara
168c96606db12b767a2ecb142c112de187a37fb5e70459bcffc0423a44f6d95c,Mbarara
4a958617c1d759d2bd17be2ea2e44eed6b2d6a60d51a447f680686000f680971,Gulu
f642165716a13c44308dc1490ab71b1f855d6a3efaf468af0c4fc7aa3e2e7f81,Kampala
071d56781937366cfeb773a15eb76d7af52f9212fc820cf9e9804abf0680d3fb,Jinja
1afc4e0e99c1f7a6111573e4222e68946c3dc9a3eb34056497c0aaf0e9bfd462,Kampala
1ec85dcae893e04a3ecbfa864b9aa43b7dc0cca209b0048caa7d4a0f93ff376a,Mbarara
6d88d47bd0a8f5e1096e1d277f7c1661c4d3201a15b328cbbf9e10f79c80592c,Kampala
664cb81fa2877294f6d97acba5bc7dfd802d292fe4f2d50a99c6315c30121c3a,Kampala
63b15ad432ebf85ab0cf3a724bff198e12082466441045805f64d28dcac02baf,Kampala
d6c193a5aba2a16e1b5d92e6ef789307638268e9394c154e2525a0d7408d489f,Kampala
8897db4f3dbedccbab90fa9af8ecae2798f7b72aef60688211be462882aeeeba,Jinja
1fad42dd788dcd944c2c6020d904ab8298bfa95ef36d8c3b1a6e5cb7b4a8f190,Mbarara
31687cc4fe4b087a1732a30138629311c9b88c9bd8743e07a45dfab4250c4f2d,Kampala
8444a5e99c9ccaa0046a97778f31660258e807c7d602f8698efd825498d9b50b,Gulu
f838000dc232f00c21291aa13e604e249ce484ef6723c7e2529a784ccc791377,Mbarara
3b46c9538d06e674f35cd779680111675fc71341d1f372df1ac94a449a529694,Kampala
03e4dcd5127ca179bed52367e04bcce15f6782ec7e14da00ed046ffc208b3006,Mbarara
f1aa5056ecd34e9f53b6888f052f3c7f119a53441875d723861d56f87729d5ba,Kampala
a1341be15891fd22a675418ea35cf81023ecdee6a2d7b5cbcc26e767f174ded1,Jinja
4223bd98d18c9ce668c6403f1b30f84efc353b8596838bb08c2308fff07ee8c1,Mbarara
12023f386d9150f86b40a7d5b7b2ea17fcd3e06ebbd40a1b1a4646592e013d48,Jinja
d11f3bbfa1dd22e02d5909c8997be8aa09a2213f6ac8ac8a1f5af27ce9639043,Mbarara
6de5a57be4d60298ffa354dc5011ff3821d8d37a3acfe185168924563c87af22,Kampala
e364d4a984175d95d6498c334179e51095dd735c087190259be9c80f0a347b89,Mbarara
4b9bf90004fc14489c95b7063188a533986425ed3085a924882ad6cf89e05fed,Kampala
3ce4cb7fc91ad9c32c22085ed61a466bb9c996e1b3db3ef83d02151b32e28dfd,Jinja
1728cd10773099997dfc8bfee2b2024aad4d05d2a0c425201c5777f6786ab985,Jinja
3c8266c5fd5f374a04311e18087ddfc102399b63e76da0de75419ca36d900a64,Mbarara
744f888969ccde4ddda2c5e624c5e8e24d1121a91487d4384f595d34815b02ae,Mbarara
c1c3b1c688332b50ffde3d7f57f65a00ae43122372e53304c50a69bf42de6944,Mbarara
e64f1e09be1ae1088391a672fddc9dbdc0c0cc878215da89b4672044796424ae,Mbarara
21a58300317b6d959d28030a046e8da1b94e276df3ce3f7c9defe06a8c1467ef,Kampala
d3faa2758b21a476e56384cda428275ecfccb38cd67df1c944541166a0205bcd,Kampala
8d8b1d8706a4b104b6998d8134280ef2b8adde71def2e9e661a775533914ad7e,Jinja
c272032c8edf3dd4b222588d84432143f58f04e42e2c900552cfebe8c45a0d55,Mbarara
f64a55a81613a6b03eaeee5f80784e5bc4a3857cba97231c05fe8d373bfafb81,Kampala
ca7e170dc4dd95b493aaf67caab66d12f392e8ac621bc8ec2d288898921e63d9,Kampala
042ec666378856433c2fba5abaa0264367e2f0521f1714776a784981cc6c6295,Jinja
2dfe428b6cb924dbeaba0c253bb8eceb6b421e9208caf7e66151e50986df38c6,Kampala
874bbca1930a1b1e9978de58fa81e19399bfe4ad67ecc700588ccac20a8178f4,Mbarara
d169d7761af836bce73fad11282b59c549bb7ecfd3c6cd6d0e0a57c65f5b436d,Jinja
7a268843e46c0240c95cf1f640de02c881172bf567e833f6e2afef6764751edb,Jinja
ebe2a67ef9199aa12c896a0035aa7a7abc026faf27be775ca644919015925383,Jinja
2c1b8bb2a17f543fce32c48c56721091132cca0b6cff30f1a9845fc598ea159e,Mbarara
b5dcac64dc03ce466fb2ef9d925a7243fee08298c8a63c34be5b30f44addddfd,Kampala
8f8869378b167a98ff874b6094e0f39ad89e19edafe7feddf6361d04b9948d92,Gulu
30211b5a825b59e5b09b6478948529ce1905219e2987141b222927a51ddb60ba,Mbarara
dfc38bcf1f7de55c195dbeaffefeb35e4ea8e1533687aeae154e3d9966e56545,Jinja
55fcaf139156bddd27da34577500f19a4268718fa92eecf372ee635b33d4af90,Kampala
bf7373b00b45ed317a7184b2c11d044516cd73729f9ce2d1c59d9f8580239b61,Gulu
829143a8c8d27c9e3fa2445abb6053b6c4bff09114904422e963619d2662ae9e,Jinja
0429b1e32a9a7cf10db91e408213a3b3870072ea5686e5be8f21d8b29dfd39b0,Mbarara
c29feda134814268c6cf18ebbfe8725617e4911ed105db7c34df88f7c11fcfc8,Kampala
865653e0676139e6d532600ab84b4a7c0ae5b150333c65847c95e15369a5ef68,Jinja
eed06400562e99773430ef7f202e584ced83b33c2302a69e1c4521c3c97b95b3,Kampala
c70817754a6c67907c61a5fdb5837d9984667ee6a4aef02a8dba2023aca37e91,Kampala
61672426eb7d48856897b286d50a429e2f385b412e93f59d9dc5fbe8c5987045,Kampala
99c51aa6bc4e22eccc4998c50f1cedee65f8a3a3f75cc9cbbaedb3c4f435c129,Mbarara
867fbe2316ccff558de4e60f298a8d5fefc0596d75bde4bdc028a0deddedb95e,Kampala
642130c4d94157729ef389e3215b6b07e5dab1a71fe68dfce44d9d89dcc10e54,Mbarara
6b2a0cd108caef63debe0e8d5d96eeec31626191ce59fd1416c816c879931c0a,Mbarara
a41be6d73e08a76fc4caa66aee88a3fab6d585a3bdaf6aaaf95172cc1e2d2838,Kampala
85185c730f303879edd09031e542b11642bd9a498d9fc63e16d3b33be45e1570,Kampala
eac37315f0d3b8c1515127c5efea72aab66f225b859c968b99464fe02d8e23ed,Mbarara
f54a555e3a5895317631a73203e49c0c652d8708f6490a115e7ca986cd5040b3,Gulu
a139a11edfb2137d66d9f106a86a6ca95a3a9c5879ea7498d6268700bdfc1de7,Kampala
864052f0c1e24dfdf98a2a8e5a407deeddc40a54b4cc8ae82faee6fc7a40dcdb,Gulu
60e279eabe31279b7620fcf428ea7f7aa6a4b41e68019c188b15a10e09b1ed7f,Kampala
ab66dbba4d176c4b56511a4d46a082e788636f0c183c443fd245771afea88474,Mbarara
70ea4b0e3c505884e2e0ea6cfe888201811e6613caea984d36d91156df545aa0,Mbarara
779073da7af2ea21441e9e846936b104e869ebccbcadc403f2c8d56d7c767762,Mbarara
559bc71ecf62ced9ad5ad0aba78efc55d2b52a6191fc5a46308f58ce48bab9ff,Jinja
0621b71d16bf0a49ee94fa4d595bbcdd2ae2315a65c96930bedde862eb12dbcb,Kampala
6fec9d1ca2ddc4199ef3c27785725bf3a5de80eff1fd54685e6040c43781037d,Jinja
f8cab894e7ff8f545fac65434af16a41d37dea695471a1ccc24f6a0a1214802b,Kampala
3666af7070aea109d2a00ce6898a7f11867037b9222f2aa86b782e716f5255c2,Jinja
a191c6e3d0f6af9fdcf56c597fd977c1a51668ae5a67ac4c1888a563be542998,Kampala
3a887edd036fb4d21dc551a31345636db7062752af7f5af911fda83ecdb92f53,Mbarara
32bfc26f687b4a08e9968aef12b1c8a187e8996ef50468c843934266b3fd8d2b,Kampala
842f45b94db17423c5cb8fee5672edca7a02ad84d2f0548d5ff1e38d28116f0d,Kampala
761a194937638eaf98eeac1fad56182473b17400cf9013ed80fa1f1151290b7e,Kampala
7a2cf8dc6859aeeb63b2a4a831d4d7a030ec2116f63fa9bc2093c4da2abd921c,Kampala
952058610c3129d04a0c7718456ba9f139bf6e449b020c9726eec884979bf14a,Jinja
adc2f999f34fb48ed378ae3a18effd7dcb7c9b51ea4db4f64e9ce7e95332e246,Mbarara
d182d47e1e3448c77f1ac3f118c0a1e07fc61c103aa0e0330b9deba26bd48dfc,Kampala
8989f8e7f9171d858ce7af9e5e3be040f170ace09a746156bcf67a75ebe233ec,Kampala
258ce415417fe2e57f9109b2cc95c122eaecbc728aacebea182a0986e07f25ec,Kampala
1f5b404da502add668c85d647235b4a8f99a11cf2dbc4ca52ec646e3680d2906,Kampala
a3bdf683243020e712e087cbe579b68b824ed97cbce93df2fb9107c71d08f663,Kampala
8be965a5d410a300a841aa401464371f918a2e492712931a02be742c858ab2f6,Jinja
7d421f78854c07cb1bf20acfbe585c00b14dfd4de07c8c462d7a11437e5b5a3b,Mbarara
9a59648df1d7cf72c609b41bd8b1c619e12dba2f5c97fbc032e1cfa44ed96d0a,Mbarara
7a4eb76a3ece6e2d827d73a16b8c45fa621832a805c22431d5a9c86baf740ec6,Gulu
fc328fae77836a8889da9a4aaaa5ad6b1cf361a77f6ec062558c1e896b41cc80,Kampala
8a68fed5df906ec55dc0780e95c52c21797d7d32c835f02e0766d265510493d7,Kampala
86e0f7605dc2069b3c115cee51fdca74e263b4cf8d6ef35173ca3f9a507edff9,Gulu
73bb2c2aaf89b02a289d24c8612c69ab0b1ab12cbd8c1bfe0af0252c5defb20a,Kampala
933eaef3eca3af09b8c3964ed6ab3995e307af7206c4788af15aea2d9be55884,Mbarara
ec50adb8ad9a9dde795513fe3ddb991a76fbd6976868edbba92416d764144b04,Kampala
86d36a3e0ba1c2eb5ff0340df88ad6d4f46e873bfa79e455bce5778741a43baf,Mbarara
6989966daf8120c004458cf73383736285858278162e0d6cfd2f924b45af593a,Kampala
5ea6104648df596e135b88af7ef4e15feecce3bdebaf884c51fa4e1afa1aacb2,Jinja
b7fa3cd70affd464d4a650fd95624179b2deaa315a0858c8d5787493537f0390,Mbarara
37fceb8be5af27dc0be5fa29370d5c667076da8ac559bfb3120eac00a0db7c72,Kampala
f2e6ca7d74ea277412141aa233e854347d43be7ee360aa5b8400ba3647ddfa56,Jinja
9f3aa44bbf9caec987a172e1d77e3d0d121939361a01c703c97b7ed5425099a5,Jinja
dbe5d1a81ce5eda497326067edc88b9a5d71bfe65e1d0dff15b3c92a9ef65c11,Kampala
b11ae9331c75a1817ace2944e4e4eb4605a7db4efd99cd32e6437fc8ea30f793,Kampala
36e1a3911a9787fe7db719779dee9f0afd54e68999a8bf0d7d8d6afab7cddf3e,Kampala
766644bb3974d61b786e1ec774a9a654aac5318cc7085f813b3bef1bd1192853,Mbarara
76741626c6ae4df1cf98973b5f9e63d7ed3d01e712bbc9c3a7ea4aba67a89241,Kampala
2c309a125ca7e1e9c7981b39269b479db54e9f2c8cc98e017f9d93783ebc3adc,Jinja
70a6b5c54712c0bbf0ffc48e17fd9a686b26d055b304784aa1251cb41aa85900,Kampala
0c65e63d33fe7e9cc2deeea502b8d961acf98126132adbc7e384ec9fbed6f3d1,Kampala
e23b7e48f93b8cef4f7d3011f7d8da13cc4825dcc4793ddfd0d781bb8da25776,Gulu
84889e8187ef731bf6a9c402416e4067ea835527d38936969b72d7dcbaa306e8,Jinja
b96e7e458b439944e4c23c1ca8d6cf5ce875e2527f5ef525feee310930b5a8f5,Jinja
8be4f1063b390ed58c36512e71ea89ab49b14d3a27656c5615335fd477c22910,Jinja
2a9787a37519262a8c1ce7996df46d87ead148ea7cc9f1ce349d8aeb71c0a202,Kampala
1eb13b51dfa920a484bfce58320ca6b24f870abbe67299097cb47b71ff5888b5,Gulu
eda52e51ad079b08bf8504518f9092996a6e47705d0a16bb7922f301e59a87e9,Kampala
0b23e4b62e21368b096f1decb0ccad357bbd143f52d86102870f6c7dd97f8183,Kampala
81848fd32af700c9e09f2251d4c329e60650d033d0b6cdcdb8fc229a20f1e135,Kampala
840b57a00bd2947cfcadb35cbbcbae48f201771a099f7874f45ceef072f9759b,Mbarara
f5b178cc2d162258c2b85802619b1121cda100efbe4133934d8871821e6b141d,Jinja
b1e753ff5e167f52a53ad6d6b8994ad980f668d97c89af8863b10babc3a7669e,Jinja
37799c8b44bdb41f2f3ab292dae476f88cfeddc27d80e90709b7769299a678a6,Kampala
6db005f74fdf00311396a0d67b5bb747e6d7edb189c067652777101f0e738786,Mbarara
aa971b5ecdf5608121cf12e40a22bb914188205d18809baa992f49fb4bb13bb9,Mbarara
ce4ed25a679dd1acaa46e0e8c240eeae55493dd8f629b14474f723f85dd8ab90,Kampala
dc1db27d3f499dee8803e3415ddf52d59df6b930edc0875c5f8883f128e0668e,Gulu
11313e7a08c2b4456cd668a0917a17265acb26e4adfc087b6c560e5a0b272ffa,Kampala
4a8a5b4988b65986437354165f3271a5b97e446995bab5400f05ba7d0055b555,Mbarara
e689790998bd36d786984ea12ecf9cc6c39ba9c4f6f626c39f397da37315820a,Mbarara
bcec06d3dbacfb16a13bb07efa1bc6468d2e982885bda95c57ab749de45d7808,Gulu
3392a4be4d35e7d0326a3f6c7ae0a5b7ca6801675065ed388b54ef73d809a16f,Gulu
0a5e249448ba241084b8e6da5455081a4597c6757f0f6229ec502db12df77a07,Gulu
9d6b4eb9bed05187ec588136fee53bdab8a11c73254bf2c1663972d023f6c0ed,Mbarara
63037c4564b38a45089fcc57406bd9eaab715378fef8c7ba2bb0276f78d07c8f,Mbarara
95cdfa1b982bc41729d6ea1254dbb3bd4475e614c71dc730a55c7395d6f7ca71,Mbarara
bbb877ed2856d81480af452bd7fa4389114df3d4903c896c459f3a9c3afb0e16,Jinja
d2bcb89bd0732d45a82ca9f0a2e097a2be6b13c70de406f837f471fe7da414d0,Kampala
45c4a513815c234d766ddcfddb4a507570ebdcd51c7ba6df825d2431225efd35,Kampala
62a7e0acd2d6876e62cf3431fa77ee3200039f5644aea2886c713d4d97b21cb4,Mbarara
9048b5871ee7d533352c59a16588bf36348451349420da9744e3a0544c72b13f,Jinja
18d8711cfc751894cbd41ce95ca023d2465633bc6302f6b43ce2ca642e3e4f1e,Jinja
2c52aa4929189519bee9ed140da03cdb9ac809fb46b9f796181196e3730ef307,Kampala
907654e75442eb50fe531b1e4fdb8e8a7eb5da11472afe8806b963e0589e5c9f,Mbarara
4e862f1746cc6dc610396bbe533955ca9a8b51e554dac59dca2749521d37fb73,Gulu
f4cbf0b6397e62c51c8d4ab6c9b0a888a793f10d3db0242f45ab31821a9f21fc,Jinja
e579efa91d44323d7c6ac83196402a9cb0bd5ff21994774e31f7dc386a280e91,Kampala
f5b6dd31eb5e8cb83ec19b2d5532f585e6eca066ff562166c68e1245e3b6f6ff,Jinja
47084b9ca79f48c16db1e8a6e401d7f67725de95ff4ea9fc45e91afc4467d4f4,Kampala
fee50fffc6ca9af7ed8f9f7269b106ba328649c917a57cd47bb36c771b6d4766,Mbarara
b0ac6ceef6cf2e5ae9b3cdd7a24fe213677b742d22d566d3215eff8580c3d5ba,Kampala
d2f5f80af5ae37ab5ab9c5362a3b3ca2fae441b66cac351b99ace1159228e4fc,Jinja
0e176ed33c83fb1eca8e2e2b76c094665e5604a0cc359742eed4bc7f30c77037,Jinja
1d1945c76643b42d21c7876778a64626d0fb9c4be961843a05a23d2ada6af6bf,Jinja
463775784a140423a069f6d53ca77dd7214c10824413b29e461b4b3f26b33d3c,Kampala
708089959aa92e5bf035c71110c251a33cef6edf4ecbe9820b927a2211651490,Kampala
e8f3dddd66f1dc43214dd3fb1e6954c186c99111ae82559c71645b2e8ef66443,Mbarara
18be12642c5a07af71cdef98deab797e3c39dc63941f3abbe0d86c64e3f24605,Kampala
0d8d19b457823fdf5c0f8211f00bfd7ba723314bd62f6469b61b52a6279cc19e,Mbarara
7e0b85710f165b0da90ba45717410888377b22bda54dcf834539d2578ee701cf,Kampala
6b0585c1825fa3678725737b943f0443b8163546512c58ba550ee01011529d54,Kampala
f305a8c6936b9ff700d2164aa228b37e2cd3457682ec423b77299b8b1239163e,Jinja
53f9d3ec8028992d61e6416e2504256c555108d07438c640d5976b759f334f1e,Gulu
2593ae287c94fd556e9165d7ee7c6493f95653a37d3294f9bc757d2ae11bb4ef,Kampala
e87d8f2844ab9f6327f5ad4632be59ed2ee25589ef6371eac293ba42b3a63730,Kampala
089a6438e87b1eb8b0d6107d341ff8a67d08ed2bfb75614c4fd408e5ce5c2169,Kampala
c6e7477b8b5550b16c2058a3fdf0c9ccfabe93d8f2d0123da74a0d557acca09d,Kampala
2b56472c487c75f327d3671d0362f0a2f7fdc7567aa9df5d26deddea1a7a65ab,Mbarara
f11058165cf406051aaf6d50140e11892f0eaf948a34515d7b9601eb12a365b6,Mbarara
483782108a407955b9391f8614cd3436b54f23bf54304b4c927d606a5fb0ed69,Jinja
55331188e757d41cf737a110ce910fe4d68ff04d6f67732a82f9ffbc2c2b83b6,Jinja
90c424a5098faa0b68ab2598211f533ca68ee2778d4bfad3c2c0d91b23b6353a,Kampala
7c3367cb1f2717dd071357ffd98b4e12cceae0fc1081e9640221d35c397841b6,Kampala
5ab66ec23e1efe9f5aa89a71dc42f88ab857dbde68dc34ff74e89e5057cfe346,Mbarara
c5833e342e96d93d293187d27a3f24afa8287c192916cdc80ad51e60381e878f,Gulu
ea9f6c87131283cb78c608bdcd54972a81b8ba27623f40157515d20d08ec1490,Gulu
7a4313315028f8c996e158c527046bc866723de5ff1b3e30d38e0c5c74deb3b2,Mbarara
7d44b1b1ef51fc0ff92c53a7e62b7e84c021f00ac24aa0e4341d41900668a60a,Mbarara
cbdda9625461b8232a6c1979c4a15fd07f9e9ab4774b009445cb696456a7e070,Mbarara
c8f01f484b816da2309592c48a204acb5de3c9c2028716672fcbca8844be0e53,Mbarara
031669e186fb95e17fdcb3a1f67b32e38a802a097f944eabfa0bac6128b05877,Mbarara
08303e871d1b336e0846ba73bf73ae96a1b4bd3e4d0b8c64a39666a06bbce1b6,Kampala
c531cbe45f91d8b01cca0753a659816926865cdff91a1c6a435fa21064b2eccc,Jinja
f7026bcd990bc54b90d918fe575eb4706111a13729db153d0e174d38f42a5c0a,Gulu
926e150eaff55735eb43e655ccfbd1149607ee93b107ee41e8f70305a3be77b1,Kampala
6816e3195a31a15bcb26ab49aa055b37640a9b291686d1398076d57817e3c99d,Kampala
a43f53cbaf8920bd83ed0f5cf2cfbeb3349c1031cfdbe6f436581097682cacc8,Jinja
33fe3533b710886a70b66bde68109342e23c6f61344b6c984a077074a6f8d345,Mbarara
39332596d872e15958b9632c297e3fa1cfeafa73a6726e30cee9c300b37b23ab,Mbarara
9b67b7b8339ede3e6cd7af59b540afbbb4aa843d8462b111678e856381edc7b9,Mbarara
136363fe5c6300ba8a6d29f4c0d5ed5c2e9b1430f3bbe5f3841a09bf08ed6c6f,Kampala
194328ad4b19b1427f47d4827ec618bfdfb5df409eaa2cc0a0d91ad896213960,Jinja
3c713ab977a6a5b55b5ebd7f87e8f063f81212ee5cbcdd7507be8cd481b64c3c,Jinja
0e6bad718ccef67bc6127400df3b32210bb8d03dbf56ffc6985879dd584e356f,Gulu
fe29bc8930d856c16902066ab4990fc1e1417fca900509f4eeb57d467565923a,Gulu
0534b0ed7c6aff90ac3c212a4624b154623fec4d6b82cd2f71e3fc9f035d47d7,Mbarara
78f8eba49b55bb733427598200dc6af5d29946615d2315f440c03d6f1275d004,Mbarara
8d0c0664d1dcd0138e612915619ea84667fab9fe90a8c3233736c867c4595483,Gulu
3fcbba4c4f111e4456eb718fb8857d0cab271a30afe27f83834d11af8f67bfec,Gulu
1c33f9cfdbcc4ff61d9201389788577edabbba3edda80b95fd1dfd155458392f,Kampala
0659816540cb44ed699ca8a7c6df9d53ca9347c7d65dd081fc8cff77f38d81a9,Mbarara
29a8bfd4864772058de500c0f0679288af0d68fd96732f2dad9be0f85bc530d9,Jinja
ba1a6cfd618e9e52f9a007ce3fa6b4b639aa91d2a83193c2b73369e47efeabda,Kampala
8075fa75db520c9250d04e302aa77e36c59979159e8938180263da581ff54251,Gulu
d665d8f9348dee8ca6de0edd46921d9a8e430af0128504a3193cacbcdf9eabaf,Jinja
35e27104232cca16444ce26d450dec96bac9a8a6992d4e1b1c960fc63673e885,Gulu
cf0d9d6f1ec7d23dbafebe8b7a32570b21c50f6edd47094df573ff9a127cf2c3,Jinja
9b902f7c3441ffd2905e2c2adaa0b74a450ed0280ae81e175f7416ed53eb2d3d,Mbarara
61bd4d0c28d4a11b123fa70368dffc2406f9055d79d96a46e7fab91d865f4615,Kampala
d5dbc037b7f3387ef092d10bb89193122b7bc66dfdbb959c7410f210df4dbb58,Mbarara
798454019ab76625481db05aa14e4817246538167e238a8318dde5bbe6f10485,Gulu
86b31748ca86eecd23fbd59205608e9f0e7fda2f35f8ab27c1f06773dbe889bf,Gulu
e4cd2c094eaa6ac50ff6d259165e4951d8573d5964b1d3c0e29e78a04f723596,Gulu
ffe6c416fd388ba071397f27c7be643457a674fe5957f97a93bd2f4526ec915d,Kampala
b2a1b43c93c4cd86158d40e26e80c121f8d0cf3eb264f75a592b9d2993999dd0,Kampala
b97dd2dddcae225282c6808d21fec77f720fe9a74591acf7e22f06ee2e002c7f,Kampala
98a02076a7d5d60a0bb5764900d840eb9dfa87892b3a0a6b09cd5fff4a41b48c,Jinja
d68cb0ba5dc83b788fe87a9b606cac71e5ef834748f7694026ed80b3a79b59d4,Gulu
0b42ca039cc3b2a89175e95b5e604a27ee12f9d9e716fdb19133810e1c26a469,Mbarara
173d4050f0489ff864a1443c75d72bc4f9ce4eef6692ba420c2705e94b0909f1,Kampala
c1f0db1d9199bc600205fff92602b9994e18495ff1fd40c8d05fec30fe532bc5,Jinja
409e7b225646e33ebb758e42144a46eff3730ea90a98445b257b4e9485e5666d,Jinja
94ba10de73dc53ef7c20f3845149efca932b10e847c4e92216322052c4e864b4,Kampala
f2847ecb3c3d3128e279974ee78fae08fd7a124461f4470d912360f6bbf3ff5d,Kampala
d0d883b4a3dd3ebd60408139f0810c393942ec51657ed0b4b9e6322d63d08707,Jinja
ba756dbcd4fd8e060a85b4dfcba72593ee12633ae463405ee59460be7612cd06,Kampala
58a368e101d470b48fad9bd5a0f20a826f9bbee3a1e79967874875390701072b,Jinja
430553d2851f3b6c11f225e67849973876f3bec99f04e711febf2e65a1260776,Jinja
7b39194c5fe3231e1e8f8e0c61e22d4665c116da36861e4269afdce321fd11f8,Kampala
2b58e83634867295758b0c0639afbf3ea72e61ff8c7f629e47720b6b016c8ece,Gulu
6604dd7dde491dd010c65dfa0909a68039c1f7f873695ad40df1143fff013e6a,Gulu
cfb2668eb44b7c8384d784a7d5ba0820f0a695003489a3c8c9484e90c32ac6c4,Mbarara
e44e8e3ad544ad3e43bc78a6e9a9e381ca5d3f3ec30ab691a56171d7ee712af3,Jinja
e15293ac37d7ce6b4841f1f5e5fab1df165d845b3a2ddcc8173000161fad5bf0,Kampala
c97f6a2a3e825451f9b4e44b7417dfc45f61e841fc9dfac72a0e2220b8c23728,Jinja
7eafefb8a2a120c5f518fc7b99523ff9e0b0a95dceb287a96bb6f4f09736c33f,Kampala
221abc0a6a1a265f48eb66b15a9d042a0bf7ff0de7abbdfd93a0f40a9456a29d,Jinja
a396e36baab2fe36f71a817c1c01c76e33dc7fb40e1a367a979cb1fd6c52d642,Gulu
de296bac9e96aa6e85637275834cd27d45b371389cdc95bbaf039362f324cb7b,Kampala
0fae55960e52250a18f8059302310d16ed6a5ce484854597ee70cbabdcfa6b4d,Mbarara
09ea1b74366bc5e9060dcdc9cecdc802de44eee9a16847e904983ac94069c8db,Jinja
8ac5c3f5af159aa074da98fbffab443e9fd9f45439a7239e46f730510394ec2f,Kampala
4ebe1fd1d807148d91b13fc40a884266f5aa6819f973dcb1c9176b60b42e89fe,Mbarara
9e8be98d0c6f5954310d64117e4bd63bc9f6ffff630654c245566ea9f93b576f,Kampala
ac14a5eb4de2c87dee1d48f4ccd6891ac88aad518a8659d8a11e97ea843ffe07,Mbarara
2e32d4c9666bff8bcfd913e0f7594b56f95d754f94727c722447d1602ff4cfe2,Mbarara
1395d6750193cb950dea02a6e4527f9b61db4126a002cef9b82391ecaa85dfcf,Kampala
43a093978fc95193e6dc66eeefd89af4464b50efac98a753887fddb601688b42,Gulu
92a03d0a552f503415c0f3fd7dec43974774399a2f96ab220ada13730b967c9a,Kampala
43527e975ab8303426bb653ec340ce2cda725917d04b013f31d4be86325a1593,Kampala
ecdd24d727fb7c129800bddf4e95b5fec3c1e2fdead72ae1d28981924e296e0a,Kampala
ef2d08e54d3dd9aada7c9c6a2e3071b1993f6bd03d1665f4ab3b455e92fb769e,Mbarara
1ac4f2d36fa35d5abe533dcd82d6497fe8bbeebb08e709dc7e558ea96e37b070,Kampala
87345d00dc60aea6bc5c53160f6cf3d8d04ce7cdbceb21046ed01c3dedfa15e7,Jinja
51720a9d09d87e6587c4f5b5b1a26fe4cef711ccff0f005638560af70f8d0371,Gulu
42630a670fb61a6fb1209f469c8b7e9a63e7d11cfbc15a11ee2f353f402a46ef,Kampala
c5d0f58c86c309d37fdec5e468bca43e33c18e26f91b99af1bdebb8a1ca4f321,Kampala
2da037aa68c62ca8f75f9138c72748618a5d4beb1e59a2b71dbc8e26b72c71c6,Kampala
9a1a8028574364fab6e79df0c2429fb066a59229f4b888dfebe166da3e0864e9,Kampala
e40396f511aa802b746dff592910d84cde9ce627437a78c02cbb226b1063c618,Kampala
71fa06c9229aeec0214c568502c6917673275f16a4d02c85877034537740d142,Kampala
bdc57136cb7d49662c9810e7392e5ac81b8f2dae99817f9f5be0c366c20ab97b,Kampala
b3e0723c5a2cec5c83ef209db0c09f7d6c089caacf62b9cad99120e7920e22dc,Jinja
d6d66ef1d07be64e2e83890dcbe4acb6dbf041fdc251029c7c7c9efe5144ca94,Jinja
6180cdf72f2c63e2a06a720bcb82408d9bb6ebb20ed3fefab809a87fe1dad1e9,Mbarara
455882549da6a4dd5e177296417ba999b7848f9bd1ead0132317ffb638cd728e,Jinja
ce232c8b9c372ffe9b262bbcfa7e7f4515cae4a428e3d93ee99ee8d746f27185,Kampala
07c0cd09f4ee8226e976ac5786e5f6a4956d870502ad875d0a75b4a951fde41f,Mbarara
02e9738e8602563961673da897db1be49a9ba94f1ec31965342ccde572c94a99,Kampala
d0633bacc0e9e12ae9dc7fb2142d5ffbb5b43b5b328156866c41aac9d3b7f8ef,Kampala
c0832afcd84ce6ffa565fc4b35ad6ef096d88f5622d79bbcabcd146db409f0e1,Kampala
40edd3696d316df4fbe75a64d5fad670cfff8981e405531bfc7529018db2ff6d,Kampala
607180f60f0eb1f54efb3a21cae38031c23e4b682ecc7f6da3d870f9e534def4,Jinja
020d9af89f93d415274ae8163f91b08514cb596fd6fa3c9070482d253a721c28,Kampala
31bb60e6e2e027d9c328a35905b5cb96b2837957ba6258fa748acdae54ec7873,Mbarara
a4d0c63a8f2bf87609f75636b5f4d37638040868a75d8eacc2022a99c89bf90c,Jinja
75aeb981a9f5cf84b8ba9462d4b31ae646e8970c98db1dccf44ccb2a74b24a5e,Mbarara
4261b4f009fd622f0f519cd0911a69965322abb9c0393c8c9670cd30ecf44b02,Gulu
6e9f9e36d7a9edcd562e720fe3c27799582f3a3a926260994f658e60d7ac2945,Gulu
d89e7361b28b9369ce3a5cac85cdbd9b269ee2534a195083d9e44e4200fef8fa,Mbarara
3678bd36ea7fec85b52bf91f2cc11459cc8763f97ca4204b8752575d3351cd4a,Jinja
4ba8ad40ee55e1043c4f7244faba0761f2fee54cefd7dc519fd4f78b75918553,Kampala
a98d138d2cbca5623b03788f0f21dea32d20779e387e16ad686221d3bc82b7ad,Jinja
3cf2e88e7575dccad9a2bf5e46f18c1716709b9ec5188fb29f75789c7bc3eeb6,Gulu
c1804aeb945415d4c4d43a5bbed9338b0be7fff32a3f57ab34bf2b5f2c62cc80,Kampala
7df0238101d3fc3475fda11b8f0125e23e79e0b784dba5414687e0023cd57d0d,Kampala
560652a9a097107fdcc9fe8f8d08f02a2262ed59a60e83aeb271d167f9f40fed,Kampala
a0fcfa5e48835160999d9d6a11f969be34d3f2ab166bf59e7f141327a6e6bdb9,Kampala
bec44de66b3bd0ec18f6ce24ed91abdff65de189ea1088e93fdda838e3247c10,Mbarara
128f50fce79e0b880bbc57b08531ac273eab313b5f528568dc73337acc430b3a,Jinja
0ae1180deef5d7cf15d7f0216823016b6200dd434130630887271b838875f7fa,Kampala
2f910c90a36bdcff9327a52be8d3c48b6d06a47ae60bf3bd7b400ffc05a5c5e8,Mbarara
406bdbd1730f2cfdd575e7272fc9e8451c0fd4f52b5d61f6e23e78f8d725021a,Kampala
d2fce5eac1e157de3bdb7b3adb1b066afbf25ccb26ac5d8fbcc5a82dd0d16e6b,Mbarara
8482eb4a805103660c36b19fc6d63f426b6828a517a4a0f237383595a9c2a82e,Kampala
7d03bfacb76362e538f0dbf310d936a540c7c7067ff773052e9f07a69be3684a,Mbarara
ddfae7f03b008eeaf60cb4a947b07556601f015044ee1827ae2b2cb21e487380,Gulu
e6f8cecca4e75f6dd645a90a55b2779bb26f29f9dc615d9a3f66a39b7488d90e,Jinja
886120a240c8e9f88c1800b59c358fb25cd33e13cd59d966889018924839b88d,Gulu
35748b344e085ef03bc9fe6b9ed51bb49cfc98b897bccbc6fedc04ea3c43af42,Kampala
e248c60540da0f264b95ae75c9e9becd3d98e0dcd170bafce054ee2e7c87a112,Mbarara
10d5cfe3229d2a31c8669c64205750f9bc6ef3fe4c04f67115cd9eec5fdde751,Mbarara
a3b9778aff64ba4773b55db26515f5f3871048e8686825f1c2c5a6aa667d71c3,Gulu
b5760d3ca4354a7cf79cbd1110a2bef076d783fc159b96a0357f92d0c7b5ddca,Kampala
0fab30a184a6125dc2692098c00467fe4b3f70b0512aadc607711a2285f7cdd7,Gulu
181f2a45b510a67a11f8243e6b6af4f049c5f0361e2773484ceeb357e6cce8f0,Mbarara
d12513fdbb38519ab42dc955875a7dbbd1ef72e7224f6c01ce83bced61e5c677,Jinja
98f51896e8d97d2fa23ad18db7913ae7bb06a6c49b40aff145584ba4a9c77ed8,Jinja
70b66c7ba5d7348321f8474d6901a071f3d82d10f07e318d16749cd4f9fb6d8b,Mbarara
8a4fc61af32f1eb7b6850ff316ceaa031fefec55718cf7816c8baf969a762c3a,Mbarara
f78053427a6e00f9d437bbe900acb69abaafb47a88beadf118a4770edb5b5f2c,Jinja
6d302b20e9805bb64b4279b2a12deca6765f04b42b58e826e987cc94e31a3d3f,Kampala
b910a0541f8fddc85a0d04f35981b56686f99c950dd235395129fcb7e0004b51,Jinja
83228e757844dbce03e4112e68989dcb6015f7d69b7145d8940d7c3c030999a9,Kampala
d1891ad61a98266c1a0c8b81e14d96ccd2c7fe7e4f37365cc4faab76e3a92f59,Kampala
d6934e0df6a47ec48c5d9dd50fbb6aed316adc67bce21c45aaba6a829e1cbf6d,Kampala
beef56b103d89dd1a63885a8d34d1fb4d93b05b12a52b3ca92bd8f6da16c49dd,Jinja
f9c94dcb5180bce40dfd609142453a74b9e8d45ec5bf0a4eb213ac981db74c9f,Mbarara
46155f6957a8d960237569a40c32e6222dec14903a4bd504deaab3d750a92219,Kampala
22849cebf6035c78368676b6b519c24027db6b267a1247493cb930e23ba00c6e,Kampala
1b6f02923007d10ff762393479084d9c7b77517f45f514c80c72e06ce3943c0d,Gulu
9f245a344ea9a31c4842bf882a14703f3124c392d260d6719b9e62addfd98e86,Kampala
085b7753a82a1e336f86a6e852d8ec764b7c81fea13137ad3dfb643191a91b45,Mbarara
ff1a72a8357598f35e1b671f0a428ed5f2d6e521b9c537ee42a818128326b874,Jinja
ae25d7b5da1f795114c4f34ffa46209288d33e1134c2e72e8427294da652b999,Kampala
59da4d4ee82039233bef28b2b268eee5c47bc71b35ff24bbb9512f05530f6a5b,Mbarara
a770fa93fc42e7da7ef24a42453473c2b9686163efff55dc4a5690cc3a305d11,Jinja
4d8b4e52b5ae427bf15c2ba1579a1e687fcbedbfee46366997a247e005de6cbb,Mbarara
494de970f14e29079ab64f76ef8c88411435be038657a1756de461eda6ba7405,Mbarara
c44f7faf9e7613f47b57369c4de3a0d5c0f1a836a6cd10be05b018c1bcf88646,Mbarara
90e6dbcf31af7d978be4e8a02b21109cfc15f3010caac6421296ba19165df830,Mbarara
f2e4abb8acbcbf0b3c66a47f6a87d8934e56b1e9b3e17fd02384b96685ad357e,Gulu
8379ae3e6d922c1be28b050800843506e87719e350d927c365c9dfd29a8861ce,Jinja
d4b320be92e263abc02c59fdc20b95939f650618fb48d6fcaa12b36d7094550c,Kampala
44716e7fdaf979b34a603f5ae0411f14c8c5269a2533b681216c397d23df9b3c,Kampala
5082841ad6929302d94b79c6f81c3d1beb0e3b8297c27bdef4f227c8cdee45ea,Jinja
ff82a51e4f5da010128a0ec2d9e51828b2162d6559a6bc39230626bc86b73d9a,Mbarara
1e62b3784dc0f7137dd26b6bf48347bbfb833c8cd8037e93f1586009c120128e,Kampala
edd79a8cf6169a14ca9bb2f0cd6df0ed7efb9602a32783c3c2a3f327429b467a,Jinja
c0a7eefde17a85718223cf80d743ab27d07efb71e6dc5ebb735f8b066834d5d2,Kampala
65d03e4dbd0e993f7e6509ba8245ac1e58a4ecfd54d8899e8666506f98860706,Kampala
6b80e939d5323c45e7795c8934744a675aa6418f128de4d000aac8ad38c063d0,Kampala
de57f1a33cf4bbd586ecdf801e0b6fb6c10efce7dd470b767033139321d7a93a,Mbarara
5a3a728e2a38c67c646573a89a30e71da12be1670f5549d6b7d1e66f46037a37,Mbarara
97199c25e5ca0c408bfec9276cd5c9c9f45ebd1d537689d21d9832762b7a3300,Mbarara
a020c3f38967ef79012a7e08d08837a4ab8d4d671cfa9593af7fe3785b5103ca,Mbarara
f4cc8127fdc2f453186f7d712c58f70c14a5d646d568ba43888d5f097689b0ab,Mbarara
d7f7d8b575026f46eb4e8419134022227efce32a7a39d375b875b8eb57e5f505,Kampala
586d728a847c25da6767c4dcaf32a926b4fbe72a2946cde69b9e789179ec7a76,Gulu
f1007e91f5b9dd78681942ddd03122b21ba14ece1afc3e2d3d9b4b7a6687334f,Mbarara
5a280a3c52afec61957f6c02dd1e9a72386137261ad6ce2349d4bd701522644f,Jinja
f1a5b0a3f6c93b2aa5ea57beb2707840b219cdfc4e621593b3cbb3d44c311c35,Mbarara
11c54f833852a3af5756f21c356783644892cf420af84d1daa520c18a628691d,Jinja
558bc9107a43389a353f7504ac461783098bf51bd0fc8dfdffa62cae7d01cd51,Gulu
b6f0ba0679fc67b93ba74119b732365ab0e30772262d1dd68f43b287043cdb1d,Kampala
fd0c4d8bdb54a99c0095f321423d672c44e57be81c4309043c269d1e0ee24c2d,Mbarara
dd5a2068e4d3e656ed52e23ffa7512a7207560b093ea06f6aa7d4702e7415cd4,Gulu
ab8725ede267731182217b7ffbedbe72fcea639670d80d6f90a66ce3284c5b9b,Jinja
165400fe0bfa92877e0d397c92809e84f25e02e9e2ada5868625410d801d92fd,Kampala
fa566120f1c3d2a69c489ff2cce925106325b3cc7e43e2d636fcd6ddf7104bd9,Jinja
93cd4d9296dae526ec08a31c03fc691c661a95e0bea4b93fb924e612bc5938dc,Gulu
f9008ba1a89f47010ad00800745aa8207c2dc048dcad4ae0cb3903dacb1b5229,Jinja
719638b022b5a21cc804254e01e0db862de23a6420b0b04fcb7af510b28f9a0b,Kampala
21e5d26ac93516a65b30df1ab5106d63562800ef71f8b2a156c9e00535c66b70,Mbarara
53abdcbfe9fa7166831a68aeb3b7dcbecc1b833a90b2aeb9fd1aeb1eafeb22f0,Mbarara
8c7601b722338dfd9b9ec487c00e69b70259c02e35a62cd410c623971a4fe701,Jinja
16a8ef713172fb26a1f053671339dd9ce5a8e957e5486a27335c9103172404a5,Kampala
43925e19d654395990cf6fdd001098d6292ab6e1154725e769f5fccd2a9252fd,Gulu
652a081abced34249da58dcd5b4dd9ab5c320ad804b6950b94b40dbc4f8503d2,Kampala
bd643d6145449a4e2bcaf39c02fe3570880b9c27197d0f22fb8d3801e022778b,Gulu
e6711b3c559d7de0253bb93890e47a1fc173569d9f388eb8521072937b6eed64,Kampala
61833ede8b9ed3d2bd9c667bbaa277e399275a65d4f684eaea05fe9b296183ec,Mbarara
e82bf45b5bdea7d0f0b73974608a35fc40065ad407c0c764bf7a5c29433eb2cd,Mbarara
9307d37ea6cc4843dc3ec503eca8451370c8b9870238920461e5c7ef1881b656,Kampala
bc3192e3506195dff06ae6ed05bcc66e3d12471c84c7203d8cc5ef701c00fa03,Jinja
b830561d1c06f94a8b09969729c79d1bf90ee986fc5be621e184fec05c5621ba,Kampala
51499dd23269ca0239f41395b540d6d3e5b74c8beeb67c6cfd0a8b897801ddb0,Jinja
c986b3a665af814590822975c5469e5fd54e97f248f31be2256a614d3743d557,Mbarara
ff8116a60860d47e8201c120f6beb3e58d51f76a0d63646da72600cc83042003,Gulu
1d14344936ab065e6ae6f4849578cdd45f30306cf5f406aefbf933cc75bcf2d2,Kampala
1b7c6d26bf008b25e4e93d5c129220ff154f7976a39646c52413020c764016ca,Mbarara
bf50760b2eb4948d40293a348dc5b4d1449a2c626c84f0c2e5c885cc46995117,Kampala
fc18a7047e9137f9048ce7fe5e08265bb139fa4b45430364d82ed84163c2a893,Kampala
6ab87aac28fb01eb49a1ee78e0967e2357fdf036498405a4f9e141193e3be8a3,Mbarara
47f1fb00914e5b4cea131def9d77de5bda3950c44b261096b8f80fd2816a9d8a,Kampala
b93069ab4df34c108c4e5603d75078d667b0f60e4f4c7bbe563c755e7c7454d9,Jinja
8ce3a8f6324d52e44c5a30caa60bb3b43fe83c587cb6af2d01ce609b299ad536,Kampala
25a987ced1e0c0b9620402d2dd4e210ff3da3b997b422a8c0a83e02717412359,Gulu
08b4d90555680007789565de6957d86155a1251f96e1ec44e62af5360f428829,Kampala
a11bc1e055c2f9ec1113284875090d75645564f33a9819825299a2b479c67a11,Gulu
23fc0383d96b650c2ae452578dd48836126611c3bae218500ef0c8d787efaf84,Mbarara
0ee5922b73cbac627231a962dba1fa482b49a19c4034868e3451c81e69c22309,Jinja
91f47a5ac2ebe163bd1e0a63fc767e9e99ce242795c48b7f469f14060926ba3e,Jinja
d4559c2792703002bced6b85c1488e3b7a4c36672dc23629bf159f04e8d2704e,Gulu
3db03abcf9182bf4b4e0500aecbfb0925788027644c3aa3b5e8092c5db806ba3,Kampala
457007b0e7c988403f0f4f2c5390624ab2aff43b5ab79f173558f1fb060ccbba,Jinja
c9532980a0a7d5642706c49d5a37c9897b14f32c66a6ad97d29325901594120d,Mbarara
8239d5260b6389176913217b973f16e20f9cc7acf7428d3915f6ad504460341e,Jinja
abe582a94a683b6a59b22016a78728045e84d483e8e034ac4678fe54310bdfcc,Kampala
fb42023826c7edaa53882b6a7a80e830badeafbab9b6f26d5ef27e6fe6d6584b,Kampala
5d0dd1301b71a78ab7331a42cbda298755a84e0e86bfddd37b9e24e6d25ea88b,Kampala
add1ea84066282361b80bebe2bff0cf3afd4c999bcefb637973c8d16ee48bde9,Gulu
170600b2440bf9540202cdd9a8232a5c6f71a0cb88903cb3ecf4cc710881b437,Mbarara
1ed24b7351462bea8d30bebac6e137e161497bce3dd0d5a3da85df5c5e3c16f7,Kampala
606c073029b918389cd832053da9a4f3044c205889adbe1503be8b702bb744f4,Kampala
46f2e1f10db9b44346ab433846055904c1cca2ea9eaffac4473550b35bf57921,Jinja
a1c56e1e53100b5fdce4f34e37b42bfe3966e3f9da2b1f74ebae34033fcd98c7,Kampala
7d295f0a76d344d07ad128db41150bd5f174a4eb406564609be928a11f7ff033,Mbarara
d92a30aab11c41fbbcd33f7734c7e097b4681b7e1db8414f66c30b80612d28b2,Kampala
1ed4d68de845376f567752882d5459b63243bf2bb0b20b142bd2a1960034c45f,Jinja
8bc72cf26994e1046e125c3b0049bacd62c3695985c3fb1e7f5d22f279b93e91,Jinja
1cdb03f246a75eec2a851216b0110840dca57ae9cd4261618ce6e3315d391700,Jinja
daf1ca1283dcaf6c87cdf8eacbbcd65c78cf9524446089232de8f8dec4797bdb,Jinja
3237742b2e0e37d319e23a013c87252bbc328ccfe5e800c37c5814a0af295b76,Kampala
ccf423e656a2cf031673ffae8bc3e2d72eecd0a5e2c84f2148a2bfccc4f45830,Jinja
297a71cf51a4a25efdb9001b7db19fcbe4f9849b369f6e70852d0766a2afe426,Kampala
9b27b10d649c4a0178dab49836072281b59a0eec2888039fc5c91cb62c5d5551,Kampala
649ccc8b0b2aa5f1c30bb4af7406ebaf9cb2431dbca21563c57a3a811bb1dd94,Jinja
5754797f88c987c083237620c75963123a667a14cee9271ec5ca9ac033daed16,Mbarara
69b704d583dc19c7beb20989312cb5079c5e8928497dd5a4b0eb8388dd639d27,Mbarara
20892acc904d23d383c1d0bc399412f14e832c65b6b297b49ede095e3213e5f0,Gulu
eaa5634155a093b08b20d48a23363537f374206bed5147b3c8ef7d54ba9be6fa,Kampala
83e2e1ce61c370f8f7fae20614602939c1c85747a3358bc276ca0b273850b349,Mbarara
15e662a2327208d7e30302afc5ed2eed852f19348257139ffef001e8ed8ee888,Kampala
8f3b8314ae2372480264b9d781cc6c3fdf4a3857847b308818e7d0cd566fa8b4,Gulu
0aa774d8a2abca9c343cdcaa2c01ca1829b43780fd5493855f38fa4c77b152a3,Mbarara
bed68e10c5c40af5b40302f87ed8421c93b863c0468e997107922b5b8ae806d2,Kampala
1eec12b522ae5826be6c3397345f5e6cdb51c2675960cce1b9ff1175c0b64f70,Gulu
1cd11763bfa9f1a5e7f55a661e175e0d0d7088851788f5be6c8c4347d0900576,Mbarara
b788242478826f1cc3e575679430039596c7a60419c6077e8d6f71562f2fd099,Kampala
73e73a161386c64fcc2e4b23c948dcf1a086944b0563a8948becac95a9c21652,Gulu
d769308dd22567f9d427cdac3f41258801dce99da2af26acce51a5b417618c35,Jinja
91f7d05771f7521b74bfae23d35f3a7102a1f030b292a49e2af9e109cf9ed57b,Kampala
1a21675d70960152424f9b021ab679ef5067e3f0240204a7918069b8b1045069,Kampala
917e5e5d8d9596206f265ad72148145f8597967755696d0d3e4a7ef8d97c62e6,Gulu
de462c839c85e3fa50640ce60a890e38aef6a4c8937d77932b9c0e3496c40f5d,Kampala
888ea9d04f63f90e8bee05f8f4fa3eb15204e39f0a7b3e9aeb17116567a70bd1,Kampala
f9e1b9f0cc0a20a04a5d2fb1462c197ac99a38504940b7a5301992c1055d3c2d,Kampala
fc5d796a79480822f99966904a0d32515d53161ab203d0f98cbad618f2c33d4c,Jinja
0a2ffc33187348b055807148a3a16b8fa224000d8a6d928c42163fdfbdb665c4,Kampala
f4b353ca8660f6d45cc5c348436ab6aa856a8537d3c8b3490d24bcbf88c3ab68,Jinja
e379bc585960053a94a1624bd28af62d819862c9bef764537b3b855736b4f45c,Kampala
14dcd68221273e04298f3e0601ae0b6163cd05a30031153e26c7fe11fe57c27a,Gulu
3e079c3411a9602a42c5a14d9ca7254fe71443353f855d37c10df1bc8685a63f,Jinja
25b1d1b2619f0dea6389b0fe4bc50df2c864fbe69a39ec535af424b4ba186bad,Kampala
1809a2d6c8b33aa607fe63e9e504d4478855b1a08a47540e500f5a706bc447d0,Mbarara
a3c92c611dd4e2053b4af1039d6a99c3e6e2ce097783c04dbe78811bb200f0f5,Gulu
328bc60f71bf04670dc678fee9967a966b55832c75c713700867f08075bacc12,Jinja
73e7f817db6514967b8ac0739fdc0f48f211ad531392ff0f280ca7bbc5c3af00,Kampala
46cc1728b15fb0c48ee62369d8b98f696e07dde4ec1a5d857267cf1b207eb29d,Gulu
d2c9604c15d97c8f060266e3a4c3d25ec08891e6739db47e2f04d7e13910a7fb,Jinja
0e160e7fae293ea7a2ec41312175c7adf445dde8f4e92aab3ab87ec524f4fb1b,Jinja
7d70e511c0db53c6cd434143f9815247681e91fbf3c9c45c198d374928c95968,Gulu
eca0fadf0a1a6ebaaeff1575a971bff67e682c6b953114d4d006d3abc2a1ce13,Kampala
3db4dac059727aeebd4b4bf996bfad6c53d9e45dd734c946f00a2a844429e1cb,Kampala
8738804813bddc3f705ceed7663c9b2c32647ebd4384ec3ed877851b4ad7f52b,Kampala
cf36c212ea9e1cb60967f32c2dbbb13a61cd18c8d1f060e97a7e999eb5cce0cb,Kampala
54a70f8c330623b77e6a7007e560414249fdddfa8cb9fac70af54eda10c97035,Mbarara
155394437d68d1e297ebbb241d8df69b5cb92f7edaf8289e9a58f2ed8d8b014d,Jinja
49a693f7d37312f1e01ea31bb262083eb2e2a8679673f492761f088fbdf4ccb4,Mbarara
7a098623cbd345bc34af698c34c39b20a861f4abf6ffc6f335ee6c4e003ee293,Kampala
646a8929a281390b29444d86aeaa69e8106619a13f79ad637fdb16574a216ee8,Jinja
481a4694df3b5ea49d8ee399bdae44ab056ed50c0d06a0d7b5afadc99ecd8177,Gulu
4d183a08475c5fc959de1e7ce06cde0e6efd556ef3f707116d24b85f8b3a0eaf,Mbarara
88986789c4d57b92189c7f0faa00a67fc66b3aa300a5cf7f99b63c01a9a8d34d,Mbarara
feec273c9647f6c745883b9c041d2c771ae31f790b80c4e15c0d464c4f1ef58f,Kampala
bd8aaf94e77e483c815ef3e89983ef6e46c926b7d165ca57c7affc6afb9e533c,Jinja
b29ee3b92a9025138fac813e20d5f875017892a11f40bdacb4da827a60fe7c7f,Kampala
b019186f3f14bd3f5812cc6239e3b8345955f23279f0aaae393103a7996ec142,Mbarara
4edcaa3c8c3ee43e5e62fb94085edafe02b296c58707142a0509d241d978d294,Kampala
4b13c360ebf1d4e866e23ae8810ee4c82bec9dc9c460acf51f1fd14eb54890a1,Mbarara
8751e5e67f7d2053846af8dfee561443530d6233fcc7e0aad5ab5608497415c2,Kampala
6f6467eebd11b701dd2f4f7e876fb55e68cdcdef588eb6b8fc6fa3baf798f879,Kampala
190d28c69fa70e8cd9a45b37ffa5685451532d79f9a6d5b034b61258e0ccbbf1,Mbarara
5759bf1723ad3be285877aed3e8f4aa9aa0801e0ca110b6ec6919ae1c2dcb46d,Jinja
86dde53db9e6d26861654d0531d5c3b7697b7ac8661edbe225d90b3f48f2496d,Kampala
00d20e2df44832c64c28103c4b94022b4adc13785d2329769023e0ebd5651274,Kampala
91253ac7698a511b4bc5b30e42c4c3828270690808b570f1a52c3d5d6ec634bd,Kampala
544a22beb6d6e5cd3890d2d58a7283ee67640079e00667d87936071609db1aa3,Mbarara
5aadfc851cc8b6d677ffd5990abd09314918b69cea23880cdb2ab00bc53a97cf,Kampala
bac30beb1503cc38ddad1bf3a8690852744a5af80d6d6f3806aea7f56d7b9efb,Kampala
2bf08160812efaec8695da22932927169a649af62adcc44d313d88c471c79e91,Jinja
3d2b608f352117aeb58078233e196956642d5cda9266cdb288e540fac687a2e7,Jinja
14ad867b71b4078bb2a91aba3e0e4e368341bb2a59b162b2e2db05871c1bf038,Mbarara
c646fadcbc685a71c2fa05df43d50ad5ec77b8d23c1ce2bede19542a23892651,Kampala
06f26c58313ecf43a72d37c7ae0c002e5436fbe9d9f56ef08f1cd93061cbfa6a,Kampala
c911956085b11d3755846b8c0ee0e49c945a62a9ba2579013e02c881ac86b2f0,Gulu
352cd6346141e8902315f30aba8e13ee5b92fc6a566eaf87a5fea8e08fa49f62,Jinja
627b1b409eae166a502efff98d690b3b9f4a669dadcf1e882dad239e35ad5d9f,Mbarara
5c89400ee11cfc86cdcc5f7947a2c0ea8feb7cce5158289e650a9bfb524fcb65,Mbarara
4fff3c3064320e6c8e28d0c28ecd771372715cf8669815e756231bd27afc84fa,Kampala
129a2017785caed3484a99be819fc02430e15c20339b36457b7107ccea4d0ac4,Mbarara
7e2b5eccbf0dee3983713deb38bdef3b9f0ba79728e2afc4f0547c2be60caa9a,Mbarara
e4999596238a3811c7ae7c066c9bee9fc2e335a4531bc1e0e451be85a652770b,Kampala
17292a39e4f33d103e51e7818d4af5006e1355ee2e748b5d40ecec1c59c465ed,Kampala
baa5d48f5acd5a0f26c35ace49617e5d446ef52d393f83f4020baa9d7874f8e2,Mbarara
449bf04b1c0a76b9d1e992475931f80bd5c3e2f496b5728e3f2a5236fa23809d,Kampala
92ca75a3eb30080f73bf644a584485f63af5d51ff459c7d21fc537a177d33bb5,Jinja
fbf12b24d2a627183c41bd889ff0dce9e4fb01a68e200cf3de3bfbf12775d392,Kampala
5f3f5c7e779a9d019ec02f03d924404f6977911d85cb5b8ca0b16fdd5dc82f72,Kampala
39f60d598827151cea934f3a030475eaa3f001489e626c664495686cb8a14cc6,Jinja
fa83fb33ff1f576a9c9cf5fe282ce6a287cfe7b0e563052f9c3fe70ff894480d,Jinja
db775df542c9dde93be656ec3b885965d1ea0966052416765f077fa410919445,Mbarara
b483be258901e4e687b9d64281776bb078aee7615633440358af732fbcbe8ce2,Mbarara
a7e38d25ed79aa298b869bc529f3e47ed082eeb13071349fdc3280724274d31a,Jinja
ecd62b28b16ca075a8bb21eed03e4b432cde2162bbb4ffc8c6b91e936371bc55,Kampala
cc16d6980cc649c85f07217b93d80d1efe50842694a177410a617bc18896756d,Mbarara
f9f91bda395f5d68765d8347794773495c495c48209e3bdb56735f08b4f6bfa3,Jinja
4bb6f7b756510f06c12547cf82d91ba08131b2da339f794955c6a872922deee5,Mbarara
6c82fdeb78c753d7e49e6bd84fec48bb53644f2bcfa92884719adc32da49e398,Gulu
5588c5c30d7e5319b468dc7e1c20a403b580f72611b3c8a91cf37a4c496879a0,Kampala
10ae3d494c8b2eb924d06538b2034f3ccef1960770ab9497928b34bf1cc7719f,Mbarara
ec99999c039365be6d783da02a22b6ae96d9c397187eb5ec6c1b03a0dfb4a7bd,Mbarara
03ee7826d621a2ef2dedd2641f55edd5a03a2caf10006c9b7f8604edeff62622,Kampala
179faf18303027a0410374d7f6bd5389d6e8b2a6be041eac5b044c57b38462ec,Mbarara
b1fdf37cded49856b5d054742f0d4d3fa90d3d6800943e8d6990167e3e25a41a,Mbarara
530a8ec96e0de1f9046d84d7b162df7ab6965bd576ff1487fbb0818d4608aeea,Gulu
bd4c8250b1ff4423574a715d75378479c512b28b7931cedcfcc314371188553f,Jinja
f84804b4877150945e76e23b4184d4f644c9e5b3a961a16da1575b40f2d1b1bf,Mbarara
33bd8039b68e8b707592c5feeb09adea6448e226497ff539d5dc669a2d2cbbe3,Mbarara
1ca1e43f2938f075621fdf9bb9524ae2f83eadf64920cf490b22d2b45378d465,Kampala
e0c239495ca0f59993eed2755cc89d2f14e551b4e8758c6157a9c9e830c82e95,Jinja
ab5c0d0b67e3d9d1f3d6e11e0ff5d6692630b5b17d0fb00d411b677e4f4bcbeb,Kampala
58904b368960787f14d8403f1de600ff473475a4717afc4e1a073bc52eab69f3,Jinja
a4dbe20e1ab9932e3f2d4f3451bf9c2b5b95f6cf5dc7c0a1f6db5044eb55a4ed,Mbarara
7ae063e5c13eada2860749498f86c57b78919a2d2dd250a7bf0ee27c1e825ac9,Jinja
830ce6d6874332770c2eafc9b258c0cc6da0f212ba2e8bd4567609a2a962e8a3,Kampala
5ee4e5e4f221638bef1a0aeb0b5d7062705b8b11253860cc795099f04bfabd96,Kampala
b8b7e217bc274d6a319e7e4d275dcf780019801a8542830765a29775faa18735,Gulu
680c066638aa321df50442826bf02fbc387262aefc33b8fc042299fce4873026,Mbarara
ae673959f5c80f8b2888962b00baac8de7acb8750b50d8a23e164d0ec934ef47,Kampala
bbcf916bc6f6b335621a0cc61e4784f82006122da005e08d1d96d0bd074e558a,Kampala
9cb7fb0f1a334a2deda5908342bba9b7676d157ced4f0a4e21e6511932491fd7,Kampala
8e065d0c1e42b8d54cae25821134bdb6bf9624640a90bd1ab7bd5c982b4c7577,Mbarara
6e238c73e498c293972f957cb868f0135d0b731fdb088e3f1672e923551409cb,Jinja
149519e41e24d4a064e639ff5662ebae5577759308d532148b42c78116c34ac1,Jinja
200c3857c0a15a2ea7ccecf8d3cbe7e0c810922f5b5f06c1018b6d0bfeb08f27,Kampala
5c4f69d385ba91bb35b0a1b624a198d32f5c64d2ac64d0e578dc09e8b5d54d41,Mbarara
23fea8fb58e36f4d84e7986642c146b6808b1289786cdd5aa65814c75097b3fd,Mbarara
46d8ccfe150c316db6ca6f0e0cf72aeab4ca209b8745132666728176927d38a7,Jinja
d4e2015fc22b1c3fde9384c03002d247ad0087d87e5588b01a2c52273dcb5f91,Kampala
45cd16a1f4b093838d67f16ff99f3c7585e75d71b48ff932a2d592d1256f8fab,Mbarara
dbeb4fb24f071c57eb14d500673eb691fad7f252a7ce3653d413af5ed1e2fb09,Kampala
56d6557f78e622fb18b9cb730fb129cfba3050135c3a6a5e8e530f3ae016a6d8,Kampala
56ee425cc87022a6bd221e338a164a6be760b9e3b0f41a10e08a4114d399f3a2,Kampala
525d7920c87237d18489a97f50bf03685fd92640c9abe3f04372f1aa1af4eb8e,Kampala
65529d064dca115b7152008a9db2c5f0f8cc939ecc036b3ea796e7653b6199e8,Kampala
a70a540bac9f214d44fbc719c12dc736432598cf163e413b4977ec5029cd5e88,Jinja
906ec8d5c615d57b57533b0e7537290f584ce8a8f223764681d19a40a1718e9b,Jinja
063344e8935a1411bef1133fad55eb96bdafa1553b8f6d606e9007860ab80cc6,Jinja
53b2c08893b82c48e7a0a533c201ec23456483acde4b18386d8bcc1822efd025,Kampala
8b24b91fad7190b68ade7185f2de09c05991cd5489a7933996e8fed1dbb6b9ea,Jinja
c87132fd407c716526df06e48b923d5a9a80051ed3cf2465b00cbda2fce57664,Mbarara
c63b7c46eef6a569fb6bfb759c34b316a37dc4c1dce329e497ccb6e8d736b2b6,Jinja
56fc7f5cfd81558d6c82f862d446a276170e8c231a875a219a2d9d6d44e8612c,Kampala
416f39dc5a43b7ae4ae5ce2a042d010c2788c3c69a9ba4a98dd2f7cf8e40421e,Mbarara
05ab794927f2aabe91c162de8e091265ea64b90fd55a13f06cf7d8e9fee0c8ae,Gulu
eeb759e8889b0e6a586e08b40a27870ae29bf448dce8248378aebc148fcd6766,Kampala
b2308754595df2ef60d4b88f24719cf7bed4be4a7030423b2e44e1340febf7c2,Gulu
9f9968334a8cc219a6fa62be3bc0a41aacc7f59370bc965c2e2f211155c54abd,Kampala
d10a99d194190c940ce0cacad8821291ce41fe6383f8d1ebadcaf0845b281c2d,Kampala
b9adac9311cdc61261ddfdacef5f17eba794976a0bf6fe734c2dc3b61949bcb8,Jinja
eea9f141e4c9225ee7f37cd2bdf20e4a19167432f026b1712725089f60c7ebbc,Jinja
179bfcfa16c6346c6cfd8051e6e7208fc2949eba16a59741db4892b0d37c5746,Kampala
e9330d1648e9ff05d3134c568af5b36707f0a924fd74a8a1471d126c5fbe8028,Gulu
e45dc5f3fb503ec5743c340475cb2d4c3f2110832a88ccb168fdfc2c7372c9ac,Mbarara
18929686fa1352b07d4c8403e9b5748d1cbe1648b4b64c314f70176b23987a7b,Mbarara
3fa8916dba26d1df87ebcf5dc228c36231c5b55282562704dad60618c1ab02a3,Kampala
7163847960c457e9b1a2b4a93d70ac474bb9cd4304e3dde4f49aa988826f7f68,Kampala
82a3af0248f5f3de94e3d8d6f8d6bfb36f2775763971a6f70de449f250b886af,Gulu
94e8cfcb02d011a1b3bfe73dc7b18cfb5a76a4d3b0f3581e43321f8ff6fcc0e3,Jinja
368b76db9f75ac508592693a4781e5f24292d39d965f2db762d7956872ec2b16,Gulu
14bdedb93d9884b3c32cc6ebade0e2370a89cdb4ada62f23e61fc0734e454cd8,Mbarara
df140d6cdb454de3268aebed83129025ddc2fc25783f5e8fc6d3618b2c26089a,Gulu
b4ea8c20c04d278b6d6d939373bf589e1927d26f1406881cf8a820111d183cd9,Mbarara
50e0b25fa4cc7bbde2f43bb34feeb811a923b448ceae47e4b6f4f4c1bd9c68a2,Gulu
2d11b2a5b9c1d296e8af0bda86c78eb25ae4a91a84248944edb74a91310ff385,Mbarara
5a52e14b23a177433ee070f9c65e25c4bcd3c8b77490832234f9c8d1e9f369bd,Gulu
a5a98d3d05450d3970b1d647d841c39bfa6376eb21f5d4e65f9767bf0dc4c684,Kampala
781c4048fc91cf418daf4c6b540667c40a9ad3737468a05a45c48163167584fb,Mbarara
5685b2e50f80038482225d01f5e3607c8bf777dc0f4d65e6f29958b2a085bce9,Gulu
5d4f55f0b8c381ddb853095994a3b4dafc24d8232b732697d84d30e11a5e0848,Kampala
a52ee01136dc59593708571b0480d1b73b3892b1c8db794ad919fcf4d82cd23f,Jinja
255299be1696898982f0ee75de8438c61bc588d28c1fac547c1a1a2a68b51bde,Kampala
25a9e4e7098b401195ac3ac474eb597b88fecccb3a65e23a3e06f4ffa6ff816c,Kampala
541e3f79004ab525861639127961246ba33347bf6e7c708269a88997fa49f0a6,Jinja
6d512c70c81092ae33a29da75cf64a4a355e23d96ca0ec053999cca392f4182a,Mbarara
77d21bb719e94141a912493f372caeee352c1e4153121612ec0e477cf222f6ee,Jinja
33c8655fa3ec5f8809d143c723ce652a1517e9f09c0c391068fd4ee0647fda9e,Kampala
496bf98b06f8f5af3578142a0d5b2d7e8493dc39d035720e9583dce674973699,Jinja
a5d06287e2dcc2b21e3f57c934a67f7af25b58014aa4722a84c7d3df787546e0,Kampala
34194953c61ed164c2b7283ca451387507614dc2693f84d208cfd81c0278097d,Jinja
e02ea0a7225766f33fd1bb894f3a212852a40b434d6abc2b095c484c9f8281fa,Mbarara
55d579d10cb0618d696e7fafc9755db978544c0a2deed2a90b46aa8b45a40734,Gulu
fd525e70ffadafe635192e262ef4f9ab271ef96deaec6d877530d61e99ce8fe6,Kampala
f0361d64c2ce30b5c60fc250876a3670d8b53b493ebb27cef5269969581fcaee,Mbarara
7da020a0452b001ff380620dec2ccc9a572d06ecfc077af32d6d4bf3cada4c86,Gulu
2461897ea98d9af56e8548dd8dd6d65cae54196bbdfdb7bbce61965a0c533b8f,Kampala
d7fff101ad60bed462dc4f45a89fab025d014360bbf3b20f28e55e78162a4a2f,Kampala
ccf84203122b31ed5528c8b06b35cadf5ae90faf266c660d5326ea7813f63cca,Mbarara
2f28dec7bdc43aadf1d77a6c31001f68feb98196110d423fe5a9e57c7aea9c44,Kampala
78d096bb68a0e7756da73903848b60297d1bb97497e51f5c73a5e6c3224185f8,Gulu
a1cdb19fdf11cd10b131726da9b0a030fbcf1d68a69639353ea08314beb0f266,Mbarara
7d488f626907c9417f4ec6ede9beb081b61a6d8e12671fb3c434e6ce0361179d,Mbarara
d74487806c31185631170cc8911ca0d190176a41fbb6049354ba4b01dc25f40d,Mbarara
bdbe6fa237a5a655e203e7c13dac2ac28967520c6be3c5fd2ecd4563370c11b3,Kampala
506fb4b13c67626b32a10d19b51d437f706eb024e6b18e4a45a2a4461ce919ee,Gulu
6b785eef714f28eb8fba97c74683e710948b4b6d5a526bed9d825fa0d4d770f1,Gulu
ddf3f57e045f40fb7a9464c9eb0f41a67a50c9094f43c88ecedab5b795b63fee,Kampala
9905b7d296fa60a5fd0debfce47975b1d60f10d19b786dfdde52ea6c762caa9e,Mbarara
933394183eb8b58e7b1590971345d4438cd92500b88f844bc03742ea73c019b6,Mbarara
56283deae5849a9f125db512a9c233961f2dfa33949856ea70b63e85ff81bbc0,Kampala
5c9385f3fe0ce65802e2c6a23086ca0c574b67c81bd8b019ec6c00a42e5f49df,Kampala
683d46e564b2f0b4e52bf059b9c72dd26b09214cee4b3e72934e421cf65831fd,Kampala
abf0c30e948c9d11e7551aa63ba62ce6f7b9c56588e53c30b63f51767d135d3e,Kampala
2560d2ce45ed2b97725c26810b36a9cd39246e407a0b02467110f8d81fba4006,Gulu
8e1f3e8e120b70171673c5955fdac619a09e06ccb66d2ba4d162ca10dddd3bc4,Mbarara
9df1d28eb23427faef2e2c6d648535d89aa27662e57045b739eca5a1fcd65d4d,Gulu
7e6b1287770e4f16907f49b9271d60b63124d7cc78d9940b81d6fe1b3152e962,Gulu
b297fde1faf4c3038732f9d565da79f6ed28bcf55d649f48ff0380d3a67cd226,Kampala
f3152b0940517cf119e108f9517d228c02143060e6172e68538e1df88659e907,Jinja
153f30f2d959a664bac27fbea6958a6f5db17c761c34036e474dc937c6bf89e4,Kampala
b6273c3c79e45de0bf04d75097448c91e8bf788d01344663b43ccac79bde8a1e,Mbarara
5f7a7ca96a43864f3a57f6d56b5f425ef321878af28df24e20b55f752d79a5be,Gulu
bda70f4663d5fb9b10ea54c59beadeca76f7084e1f7d4fbf60b6bb8cbd6dafd6,Gulu
53d6ac6a7bc4b6d1850e35621543770d371ffb13ba00f340f734a9ee2b4a943f,Jinja
2f172abc87e6b96cfca1d28eddb54072b9456c7471d664412353439bcb6bc6aa,Gulu
aeb919bae9788869c70d3830f9aeb629af332e218e30b6080e628bdca7ff9225,Jinja
02f27be1815a428acae130938e2f6d1c23fd75fb50a90b21af741f58fd54f13c,Gulu
ed4cbe8f23a2f4e3c97762f5396e9456462464fbbe62813b5dbd0a06a2fd2ab4,Kampala
f01d8724dc22d9a47206dfcfe964737c979cb7fd3f06a1ec93f7ac46827d3d5c,Gulu
8d0608818f3646e94852674db038022606041287a2331fcf49aa3ae185e0a187,Gulu
c335dd096ba205aa0d5f6e0d4c8952ca3f0aa148fd5b64906522cf57d3358cf5,Kampala
e94e9bff4fe2979021b19fe3efcb0279f45811580da74b2e5a8b0a3a291a799e,Mbarara
401976dffa727f0badb34542db2dc411cc083907e37e1e93f0310368955cacf1,Kampala
052eb3394933b0396ba078430e63d8512bd6fc90781934ceb5d61de2db9ef0ae,Mbarara
32337584c07b342f975ac02a35c6a8dc739a5e30ade230c4a8e14466c8d58c93,Mbarara
5cd3868a7d330f3eeac56c15e9deb7d5642c8684023dbee5c2866a9db9570bcc,Kampala
2ef56206c745ddb33183a5d114eb382e9f19cbc6a5c3066b1fa1644a33bccb13,Kampala
ba03b2820946d2e958c1fbfa868b98cfcbb80c8d1be2497f64da925acf828563,Gulu
70b713f8c1f17622428824c6ebc1777cd33ac0333a7dcf47286126fa28e73d05,Kampala
2425165b2bb08f07c25cc5d95850cf6a94868baeb697ed8e0ce981ac0e6ad785,Mbarara
e5625cfa78cb7ff0ed18cf692db37fdf5c86a2f5da86fdcf904f84ce8662e1e4,Gulu
b84464a4f29d62e7ff3250975d42929383e0a2289ebb65fbfd071e9413a18ea7,Mbarara
2ac23dc5d34ac9842918360bd0d742906c82a742564a766e97136fa2d48fac09,Kampala
56f3370d0e58667d55856aa1cc789713eed444a31a31deb49592ece30b0660f5,Mbarara
7ee2d55bb6b10bca2f85bab25669d03d19fdb81a1f4d353cd99d33a589aa0c72,Kampala
6f90a267fd0a352df0d7c1c65dd0ed37c4dffc1cfa6dabd11522e87c0f66bbcd,Kampala
8b77d4c985822ea46f00c80f2b16bdc6a2cd4f0f9a8ac9be2dc7608d279b0ad7,Jinja
636d9313b3905323502baa2afdf1269b284ff83b3dc1a4ab3754e9a6e212b10d,Kampala
875bc302215756a4a1d762e5a45afc9d1a7ccb0a94e277232fd3def1b6a181e7,Kampala
fd2b0b57532992abaa711a040b356761619403f9868b4e7bae6fc6976461d78d,Mbarara
ea3ff546e60bbda5ddc13e3e88a17c787a7d596584cda52538c692843c799564,Kampala
f2a75198d644dd183735ad4f0716ed795682bb98c10d617eb1d9f7a40e89ca49,Jinja
d5bd113bd381ef19b58f435bfb84322b7010acdc69ed57d1a61a84ad3d58a5dc,Kampala
256f017ac6ee114c38e50560096e39f487a77774da4230dae3f5053d34726860,Kampala
08ce3f21d8c3efece8c9d8989c2f5eb8bc3d419e2c30ac893f13e9cd9c9dd271,Jinja
b4a9458292a2e4d3e9869dab0b1d678e917477f8db9a09696a1044ac1f69758d,Gulu
67cfaddc5bb2b9f7696b77b5de1288fd7dd5f8b773a6ce126f18f3da11aa192f,Kampala
62cf806de281a152592e293be30dad7bc491f3269fe8cbb0697a827806b923ba,Mbarara
d0fffeef1c9e49c5e1a2098ed7310c6cd55d3aa75fa48f3d39c4d76b5d9cf7f2,Jinja
4e7e4d06c554252384507f9f5184ccb301e4a6d6b4b8b42ba9044d41c5293ab1,Kampala
d742fbef6ff5020358bbf6cd6c5d0465c696b14c10e160c969d91d0d6a222184,Kampala
f038582e3a04fc0d864f2f666e2719628251a25c92756b8faca09d1701749444,Kampala
3c3fa19ff205acf03d8beec9e48d06f91385470ccfb16e441f08b6c87d17c238,Kampala
0a97edafaa4fae57f259b2646d9cc82b97b6ff08fe50c457ad304e5ed17780a2,Kampala
f59ad7d9f5ed90852f34b549d36d89da036ff5384a34368503698c0dc3168120,Jinja
92e1578d898e13dd7f3bf03f0c2e990632a4b1af5d000a72dee46b37d82c1ee3,Gulu
08715293a727287894ce2fd83a0db2dee53d67937704cce59de02c931676ab7f,Mbarara
0733d05e79923dbf97cead757d8c9294a97cdb44b4d32960b0cb0b208fdfe061,Jinja
0c770fa93d27c85e79d179299fa0f6c06e4b417fdef0bdf69c48cf519ca0ce0d,Jinja
3939b9490218c0f5ff971a0b9a09f8f12a1f7da8f97c579e35712ac3eeaeaeeb,Jinja
0234d48443e5e0d6a64a3cfe6da09dd2447a759a8e98537963c3fd4008168edc,Jinja
73181157a9e8d385050266baee424bf400e158ea31de43a82af6947c86589d76,Kampala
52638091478e543cfc7b11b923dde23e21a8cd20966d4682ab4c78a57c87a950,Jinja
5af4b2d37f51577c1a09025cdc6f1cd6e804c1ac0e3e95b88c2804395ba6b4ae,Kampala
a42aaa22158471268d21a7963ad680cda0f8d7c6c46e7d123939c78200b21f80,Kampala
90121fa06c759252e4e91e9dd0bba495acd7c35e3f90352e73777a3320f35344,Mbarara
a93f34cd6de42fdee956f8e7d6cf04512a9e2621f497a2447430588f4ce93ba6,Kampala
ed14b498c702653ae40cb6021aebdee53b72580315a26e75c5b375aeb4a63f93,Jinja
d93d198e3650ee6ee030cd12025975938fa3c924f7fee90dbb3e9b34f7c4edc2,Mbarara
3345f9e835299e875395379fbb77e8df02435518be35595471fe7b943f5062d8,Jinja
ad23666c1bdc6a647565500c77272d6c94cb434bdd979e4bcdfbed92bfc4c988,Jinja
9e9f9834a4500175ef57957dd76820cf1de71654f853f135c07755086f04c8d1,Kampala
44357131281c8d5dc7cf167fa18a496ebb8ee497e452328d4650efff554a615f,Kampala
ebef37dd31b7cfc4d227433e05ed7d2bf9f18a63efab3069ea25a952debf6d6d,Kampala
56dfb6458213573bf38c2cdfe292cd937c924a49c4e96b36e1cfda74e3b4eb5f,Mbarara
1a7d7cdc570d7c18951a5f0ebcfd5c33d6c37bc457fe7a4d0964f3bd44f0b683,Kampala
18c06f3e261df0010849ff1dae353e4c6cf676bc46708c33b546b13caa449f31,Kampala
1312674dd41a4d961f38a460f94989504f08364d88b1faf6b248ea550065522d,Jinja
df4992fb33bebbfa64d669b808e02008a92b387d0cf27efd01a88dfe8cfbccb5,Gulu
61b31506829ddabff6bbc035303334ddb7da3a8cead642000223a2ce802a0cfa,Mbarara
ac742c185f6ce7bfe45b00a97c85953c4f7bab9e63b3d86ddf5eac845d954513,Kampala
38c54cd57f954a84d595679131963d2878094608f45d58e6f2fa62c0c2b2c96a,Kampala
e47475b12dc69f93871e94a3faa59af831968ecc320268a32ccd470f96476c4d,Kampala
ef7f803c57ec29e7298cb169ee631a072e39b05b4ffbf35d1865072de537991f,Kampala
f0e0fa3277a6892a6b435c853a7ea12f7f7bcde8457935bf5b1e29d801acce5b,Jinja
00c507310a8e33e99e6e12b4e96ab2469af7a530952c2ddc7915799c8f2d431b,Mbarara
101bc48dc472ab3454d9a94f8c911229b19f912e1d20b66bc2239b585f478e7e,Mbarara
e003d8fc2848958ead3f2409a4fd1835cf176840e77537baa00d0b23bf58c018,Gulu
a96cc8827f8dddcf131342426aa0a5e683efe2e7ad78c39cb3c9de8c415372a0,Mbarara
e917535eea5261bf1d6dfc7294487e1938eadc3bc2d946dd64c1008d945906f0,Kampala
8d88c44272931c4be07e507ad8650a8721dd38c6c27cb80eacef522dfbde51c1,Gulu
962f83f2b9a1a03948839021d6841afd68354891afef5f0aaf70597a4da61cd3,Kampala
9049913586052c11bb93459d0bdc6990e236b710ad74e6836ee564362b52a30b,Mbarara
97532c1f6a9bd425515d5948d599f8e606d43499b8087732bc5a323ff76eb374,Mbarara
037174dff9a2cc2de7c03e99e3b267e4558d93f19ac56e53582a735dccdeb923,Kampala
bdf75692cee34eed71d68fcf07cc67643af6708037762d905e7e01e9ee0959cb,Mbarara
d798ca3b9513266d38458197c8ad46d9db1b6201c10971b0ed8efb08be5aec9b,Gulu
361d1171f34b5950d3c5546b1f0cd30e41acf40fe92a881bdd85529d6f47d74f,Kampala
4b1d93f9a87e4e10436a42027ada23e72fb603cef3e35b103d8db58683c81fb2,Mbarara
ab32023983c3a65196d0ac3d596b8f6a4aec43b5b6e62cc8ba266309ed6cc4b1,Kampala
4ed0d829f99e81de480ee5ad1399c84d18f9fb4b66298d54ffa22478db4c9b1f,Gulu
a0ab206258ed3474e54882400d83d7f52a898beba9c3d188ce6dc93875d4bc9a,Kampala
05c08c36d4bd61408ff7dda44f3e1c34a0b83fc4c4a3e94e4ce907aa21747e42,Kampala
f9c57bb834f8ca125facbc6217d866166e39425bf11ce3c8f32d4a381fd45656,Kampala
214334e1f00e0365b40e92729aabd2b02578ad4ce5d9d3f5ccd732a3b9800dac,Jinja
e224e3af6277a5f511b1014ecf7045be656af74ef53e2307f067a71ed4225e62,Mbarara
aae22c1bd82dbd136b6f80b4aecef92728b6b794d0c538176caba6fe2307c099,Kampala
d1768f3fba8222fd9361b83c2828e49e68fd05bc277b3b00235ea6e6afd73394,Gulu
0cb28dcc034418f2c209e9c913c985a115173459f2d2e0cfa0c87487a21fc5b0,Kampala
89fa8cdf6ea23315fde5046641a3b708686ec8d1cbacce86ba1be4f4cc653073,Kampala
2f9745b8745ff353c3e5efb0e088452d246f2984b66c8a79bd627c160efd3b0a,Jinja
7539d08fe1dafb6eb80c0502139c5944fc43476fbbaed9a1e0b667699afa3ae6,Kampala
ec42690a176255f0e9de9c13d46304f023e68ec4a992f1345c909460ae1e714c,Kampala
f5f6754249f1fea07cc064048d817660e7ba956358919996b8b460e67d364b3d,Kampala
f9f16947d518f9df7d2cea8ce0b895fbc3c54df92d6c27f51dcff8345134e1a0,Kampala
87ba13daa06b23ec35ba9a2eacaa9198f5b506e0f17053e0b32854b17d5d27e3,Kampala
4783f87bebcabb8cfd8bee80be2f313b889d4b226693c171f4f65f3fde59a202,Jinja
a1b1ba1773170f1021dc95657e1e542b0939e51e3dea6a3a00289738ac18f3f6,Kampala
37ec49f50f00255d9a89ad62c62691cfdf13b9d0b95ee75caff6f285e4f6cbc4,Kampala
a5fecdf6e673dda260733c17eb9131401bf18422d8840f2a96e8256138a6343c,Gulu
011e2307c59ea906078b1665b76695d8dbd506342612726c360f4d25a96ef9ca,Mbarara
2a8a9b13822c977614a6a69459da5db24f0a56567cfda8e911c8faafa6727ff3,Kampala
29172d9f38beecc6157b5d16d268faa6a159effa9126b1e7c67f75d882d9277b,Kampala
5d1613ad08ca72876c11b7ec0086e147e6af4efd4a717f9a2d8cc9fc3ea592a0,Kampala
879ff1e698644c75098efab5d80034b75e93d683395cad3894dac0de868d2595,Gulu
e21e6938c452347f994929a7ed2a9eb3951cf2281a698d27e48b012a471ae043,Jinja
f944fa608ff763fe8227aac07dda2f196287b5eb29604f351e530cd96a36ba1d,Kampala
c11e238ee8b2090c1692398743938e0230d428628077b9efe359904fdb84c56c,Kampala
72d3f1747b957436a04193de8bac1f3dc9ff7e8cd17a5f3e5b41c5d12fdb8acb,Kampala
f4e8b64b020c59f80423c30db2c6d9477c98219adad67613686cbbe75e5dc508,Gulu
63c05faf39a244d447f833725205451146a7cf849cc4e2a2a9918951a7c910bf,Kampala
720aadf8fe6bbeaca47c294438303970c96035653b659f4a4536ed76ca665d58,Kampala
aca822a7f43ac6ae0199ccfd1e57649e83c1b7844c45deb4b2ccf37454700151,Mbarara
833f78cd6985e0d9e39349e12ecd9c414975aa717194a8e79287008fb4caf23f,Kampala
0b756695b1a33432bffa32f50cae51f477219974b4700dc94a29832deed808ca,Kampala
7915154cece82fb3344b57681313339c90ffe72c937c5268097d0fff97351e13,Kampala
b796a07a8d879c6a8ca0f7dfe325c3fc4392cecf4aa02991f064328d1580209d,Kampala
f27664c745767cae7768718bceb1e9185b27538c35c06fb27e66743ef2bbf95b,Kampala
410b353a255ed0fb7ef44807538f78b241df1471a6de8656c7aad563ad87dd13,Kampala
8c7fb99243db60bf7b991f62d8a15e2c57b88559216003ca7d08e06f52e941b5,Kampala
bbe72cc049973471626d8846e10105f65fc0fbf01cc4cfa3eae3d6a0bdf28273,Jinja
78d9838dd8fb246ce10b81cabadc5cceccf02112f933951e4204998ec699eb15,Mbarara
d7710174243974e9db1fec975f368d96e5001b7a79fc9f57850eeb80793b48ae,Jinja
f07f212a23feefad9c9235f01ed868c8daea818247c3baadf39894502899115b,Kampala
2f363b64893ec932f1cd178d89285a5df233125a83ec7a2395fc73cb12fc9198,Kampala
17e5040458213cea0e8bb521f415fb85ae38ee1655df22e024e5a69d2e7d9d3c,Kampala
21ec2c8b348cf78b851b9dc902125f338a81131c0cd020de8d4e7aab7254578c,Gulu
13dfb842fa9735c54b8be85525fffff0a11a78baa35aaac18f9922f96171a425,Kampala
c64ae5a4ddfe7d1ff8be4ccf93f7d753570d655ad6d7fbb3b6cdf6c8f397e8b1,Jinja
b003f39bf4decc6715b40f934c35588c14c36e8647c92a4f35132cb37f77babe,Gulu
cf9f6ca0516a34801aaac5b6671fa3881561b448bcb7df7cb4cb4a893788d7d0,Gulu
9dda10b8c837ca31ec2fdf216b95fa48f4635a45071230a10e3be75c7bd2fb34,Kampala
bc9b5c3bba2eb33360520c9d73b2af8be146de60358cfd456518c221792d8674,Jinja
54287ad5299af070ea71a7ed5ca4a0550d83ae3f3803b943f51694f948832c29,Gulu
6f6e8114c029ff407794a407ea01d6b27cbfae15b20759941f591f316af9c662,Kampala
8b127a9637de78b136b3c2d236afae900c820f284ecfc435acd972987432c558,Kampala
66c3919a976dcefb1c216977046beefc438307edbfc334362e429667f195fc9b,Kampala
72bf8bc731438468bcf8c58ceec0e8202d7dbf96171fafedd8fad1b46d556736,Mbarara
ee0d6386d5280b7f00abeff7094eaedf903c9f84986a5d06e7a3bcbef4c75a65,Jinja
f6e92e4a82068ba08a338c1915328e4acb19fc95e8808a367051a0c80a5084d9,Mbarara
5ceee7a216392b0893d57e92b626f8f696f8cdf0df8c0d8b4dfe0cc386f925dd,Kampala
1bce4314ad2ad20bc4bd6bd5c9fdcea52c9f639660598e24703dbebdaa0548fe,Jinja
f9d361dbe54e274e308f4450b3dbef6044eca84246d6260dcfd948fc575d2e7d,Mbarara
600a273892388158836345ff1646743a192c2164fdb59a63f46631fd7ecafd8f,Kampala
647ae7c67c6fcfb5301b1518079830c0de8d315e6c9ad7d0d8f69e5078a0508e,Mbarara
6925c6d959580324079ba61b7547f884d389abb59e51b7aa93bb1c921b029ad1,Jinja
b634d819a063d35347d4fe3524e91871b96ce8debc108f3eb4078721a6898e53,Kampala
93d60c44b42b58d80457c122f3cf040757790cf923247f2aea999e5fb0b009f5,Kampala
c323fd930ecd5efd89d3b4ff6c3a24290c44396ca3baafcc22ba7cb33a5160f0,Gulu
8b4032d6c861afefd499d9eaceb40b2c5a20c378f02e4f4b35eec6e8cbda5207,Mbarara
a16edf512c4ad3e9eac2289b9a3809b7e8c9c4b9fa3c0468b885b485c8341b2c,Jinja
2d2ecfdcb3ce2aa26df358ffe6b1210b70bd6e6bc9a7290a41fa260fe62e562b,Jinja
09c60c2905e38fbadb9b93522bbcffc05f7f429ed8fdeb335f76280d5e9cad9b,Kampala
9c22b553043783436204b0b5aa322957672e70efe70b96b405626602cd2fbfb9,Gulu
cef3bfbc1a50431623d25d378dbb39dcfa8ca674a048fe10df2574f9669fc8db,Mbarara
a9bb28ae616ca4ae5def2c89efea780ec4ba2ab7c700387b80dcf5d67abd9773,Jinja
bd5531c6714a576f69c87f2f2c3a50f6a42991faa7885c3767d5ad6febf2ef4d,Jinja
c1443fb7ea05ece7709a3c627f2c1f6bd78b445a3fa3ce05940e1f98ad0cc481,Jinja
9008378d04b01eef3be1cb4969d23f51517be63d910fa8ea256d6728a58d7ff5,Jinja
6612444a7b3c64f8ca3db195b97f51f149db686f989d04b14c9925e7b0e245ca,Kampala
1ee8a8e229fddaa4c514ee4a2799100ceb8e8e428f418fe4f2dd0aac0fa6bb98,Kampala
253f467bd191ba0565548825939bad04808c428b19acf90f76d3acc0601e72f8,Gulu
b31434107fe8f5d1809081a41cbf4f61f475151ed2850aab8ff4c65edb28973a,Kampala
fae88aebd41c97a75aeaf555256372f58185f18b386cee7a38655cc50da6034d,Gulu
35e3f93be6f4f52c2445f825cd3867b3e9c6093937c6e2aab576c9e32e075d76,Jinja
5134c1c0a3179b2c2988daa984204a826321a8cb0791819d02f9e947da5d1c7f,Kampala
16534324a53712f9b4ba5e1715266625da134dc4569a97f5d13602f962c620fa,Mbarara
c10b070f6eb1bedf57988a7d4f00f18a3d44811ab2db0b429aee3b32e4268e2b,Mbarara
ed2ae36c84e81b67d44aaf6dd5c4be53d213105bd0526d31809daaa2c670bc3f,Kampala
349d7840c03a7bbe601c4214625539ebaf40d1a5751f2d2863bcf3334e0db368,Gulu
d48086323ee922cff46664635a717e2bdcfb7cbe2141f5618fae02b795807941,Mbarara
ac86ca75702f01eabe0a34a7973f982605a93e0fd969f4fbe416678f8bc727e2,Gulu
b7af797e0f5f297e10f4c7fbcf3577651fe487c8bdf3eaa41d2cdd3a1a1ff85b,Jinja
23700faf12c0bf0b7436c6986d8eae4cd4955f3c5e9635611c25503635ee25eb,Gulu
57c24e2b16016dbe3cd0014205dd9d1ca66e6ace10c24ac1826d344d7ace054f,Jinja
d11c67ea4a365d915c973148006725b764c4fa8ee2df2a36e50c8bd52fe605c9,Gulu
6eb06031b9dd4b903c64268b37dbe1aecbbf8a1cf37969fb5edaf6663350ab00,Mbarara
6a6f484128ec0f094f24bd14d8fc5b6b03b65f9f9688fead78e33e020d760c8f,Mbarara
30ae328e52b5245e8cf2d519b2b0daa589228ca74b7107e92c1f2ec441911c6b,Gulu
f912b6ad568efaa3ae4edf8dea5db0b8b3027f522bc6be001e3c4d1807a64d1f,Kampala
21377ffe76bf1160e66eae2f2000ac865df1319c47266cf02b2fe055088b0f9d,Jinja
54d30d84dbc029f815b4d7fb4b3fd7a90dba7866b7f3112f6ff0b65c9651bd89,Mbarara
9c4d4fce5770b47682075ae30cd5d3b329bd7c9a1d589cd751b52273a54b7fe4,Kampala
cea73d3a48d757484a2f75056a6c4917c87e640ce6a0d4fceeed97a232376048,Kampala
9a3c643fbb963fa8ec979dc899c5f95872b4155e3106c514b4c606433d2b7c24,Mbarara
763d1623d0094f7999a6e906c1ae78ea876c80f50eb5ce3d0b3e6140e79a459d,Mbarara
b5a58b41426fc6267eb9d8059906910509879652485dcd88ab30cd335c9789fd,Kampala
7364c4ae4d0dd1af3ece700e5c992c51c5fba7e1614ae5e56450a922ac4018ba,Jinja
433e74e16372d71eb30df43ca7c545c5d7f906adecd9f4a0129d0e8366ce2d4d,Kampala
e0ee6bd2fd5b5e1432290ba2b7f108f3521096f194ae011e30c6273a0fc8a057,Jinja
32d87513aa6e50e2a2a994317933cf4b10d268727ca4530a7dba5519fbe4fb83,Jinja
14805da75278507e9ff5d1308ec023ab0bbab02dcb4706a1924417bf301b66f6,Jinja
e7dae2167193f453821ac8fd1fc63b234b0bf28545dcd9670a17bd289b3867ab,Mbarara
b5bff850f41ed89bbebfab9883011ce59ed4c9ad0f5b2a530162d73427015e22,Kampala
5166da1e0e86439e782fad91f57065f7078d9c432a31688cae1f7b2881af663d,Kampala
97b8875401fb8020f36ae42c6d256696ef99b1665622ba007a91f9f65fcd91e7,Gulu
9c0a9d6e63b49e8c0f46423691cfafbcbae1ad8d20fb673dcd384f4e683d24ed,Mbarara
412b1b91dcdb895bba9c1b6ac4bcc100a4be7246a61cead91da0f25793a955d2,Jinja
7eef9cc4faedbb44d3cb2bdf23da47207f3c9fe1d2965b19b0d001a10ba2f315,Kampala
07105ddb38c13ff2e2321fd6694b653363556b1c53bdbc4b97dba4a667ec8148,Jinja
c3860f304c4a84b2e6d552119a2f3ffc52fc291b4a32556e59b6d88223c95040,Gulu
89c37d200b1b16a3c6b6a3897783f935d5ca6df3528253649ba5baa3d580306e,Mbarara
31e3956ff7dc4120af4566d87441f0bb8e85e0ac9d95738d5997ac525aad430d,Mbarara
6f4081c3b3c0a0f9414b5dfe4cd287c513998727e50a4c6b5421e30189100642,Mbarara
c7bafe14ffd78350b0bc8ef4edea717e2156bf8d735d15b8143853536837921a,Kampala
2c8d2e018b2b7599addb3460c2b5dadd270af303c862227c9e53764864c0757a,Gulu
ce3fabca5e2e8a6a8a5bc3bb48b6052e499efa2c9ca405cb4bcd8d4221387ae6,Jinja
20fa712fa0e3547ef01968d03ce3276d5d3635facd7a96125522f23ea0b76ee4,Kampala
77862a298b21f6f031beec9eba068093157c30a56ebb17c7b9a53f78276d6c21,Kampala
fb077dad148f8f8ad838131abef8e0e444b59ccf2bad51536adb9e3207532877,Jinja
f366e116049a162ead3d5f512a50330f04cdc20cc4fc2187e43944f944422e6d,Mbarara
808ee09cf967cc10b411ed1d5e3942b5231774cdf0da09811eccca79c6ad5011,Kampala
385c502aa385b28481298a097ff80be38b491069bb5d531d967624394c16f215,Gulu
0d26d94534c898939644af021897163a4f6bbd0c143a77fead15473fa51070be,Kampala
93b2be523ff80665b6bd4364086ccbb3136e8742c285bda39328ff9e143e9cdc,Jinja
572b696e4d9f4209e0468e64abe6fb90baa19855c958bbab85557a26249248cd,Jinja
d7332846d34c666ce0ed839719a00eb4ce4b947b1457be95e3276e20da924781,Kampala
d80254e4e4993bd12d5de5beef3757044a2508ec62ce37cbb91970627ee8a92c,Jinja
8f5e6ad2824bbb95463e723de25b47b02d3e05898688cf2978d9ee7d108504df,Kampala
66bb57c62e041f6afc37235888c8a03a1319feefcce30dae09524d24dc677a2b,Mbarara
f6f5cdb9a53cc09c63bc5164a77446dfeb48cc45d91651564de13f5384b48b10,Mbarara
456500f247c5f6c3178fdcbb6ebe8a1d1a1a3825284139dd9a89c5010089128f,Mbarara
7293c1a94e59062423e5c6d797e9edce4ab76a304ca193259c0e7c9e6007641b,Jinja
54f1990f0f8c3b1e939d89ef9823a1cb3333e65454560c9344e20143a65113b5,Kampala
a203a1e1e1b0a0741f3fe045711fb49b2379e00722330ccf5095fe39b8dc65c7,Kampala
de02c4ad0c5daf9a58f814c9c47e69fb9972f0db50c4f4b0fae1856d9c371e68,Kampala
840ff8ce61bf579b75d7c37e0253bfee25ab69a5de2fbf0cd42e36aa6d99cd4a,Mbarara
7f2627f0c61f6a65ad5b67ba418bed6ecbda8bc807c5fb7f206b8a4092f01b38,Mbarara
74c1b6b1241dead8bba08aef208d6225cb2dd86813ac9617371d633ba040d4b7,Mbarara
4b3d233b61f56c2072ecfc4f9e7f63ce2c403df9071bddb3c196741f7954ce34,Mbarara
484dc240732f190896cd671678ed992235da948785d09bc88acbc52bf9874c07,Mbarara
f5f56c16cf346ff897fb3f88d268388a832fae4c772b4cae48be3c0bf9c75a5c,Jinja
1238d0809f6b4ee5624b064e49624958e6f30f9c40069dd265860afa2d2f8e09,Jinja
47674a551581f9e1737899fe5a0c1398c8ad7bf8057a45d8024a33aa1e8e33ad,Mbarara
769ed1679116105cc504be29aa77ee951cbc96e25dcebf2b85b847f707365154,Mbarara
9c43de33549275e7013dfad2294339ef5102c51488833223e8547b9c7f520f92,Kampala
10c2bb6dbf2ae0e0ee92a9ca0ed74ba162944f4fdffb730d0a025cc0625129ca,Jinja
d4173bacf5ed33827bf552aa3a07cedc3ffbc7ceaf8f0c21620daf323365947d,Jinja
2eb67b4de4d8ac2809397a552d1b5a6f5c07672d7b1752773dd43ed327d44111,Mbarara
d1c8b68e25b7f2a409b305937e14b1af44192bf160110ae2254f09083030d768,Mbarara
9e4c78b758de5e20eb38c8f0f1f1308099742f81503a19aa7a50055770a2e9f3,Kampala
06a68cda82aeed63b2229ca26309b28e72ef245ad59737527ac56607bd63917b,Kampala
197310f9b7db26a264f6edfcee77a5648d0e0396f2f73d509179ffe58a646517,Gulu
a2e4ef5a9c3636718804fd6108d6b75a9f253782c1b7c1e79bb5c1afd6a934ed,Mbarara
0ff6ff50bd2b16edb0da350bb288053e6b349b0c73041f0b01b8eb823c9f26dd,Mbarara
8f6e8e720b3d9be9c9006782caf89fcddf975208edeb8683111ab2bb4288c3a8,Jinja
e535eb66aa906f7a1c21529f626f2600ce08a998fbd9524efbc680dbb830cb68,Gulu
f9e7e95d17343e7bbdf7409db39c946bb983d2bc49dd0a180cd9407a44919a9a,Mbarara
294554a64462d70fe9dca17baf8895022fcdd6d2269de11c092f59461453d7eb,Mbarara
885402471f36974d9ad736c123b75562c070d473db38d2d62252f4532fbb8ca2,Kampala
fae52c5edfa4ee5f415368cbec54e87802bee8f319fb2ec62b89c7a2b75e32a8,Jinja
31fd57ad9a6eaa2d78fff84482d17f608d3e2f1a13d6d3f12a5f09248360415e,Gulu
7bde9840b4cc15077b26c2bfce7574f2ca2d24bf2d1ce6f2590b0377127a5eb4,Mbarara
7781b257d67410b91563524c86f6fbade726998590a6627c612df21ebb0e2f81,Jinja
fe5dfb85a387b587f5f8d8ef14d1d6f55d731b849924b1bc85f8c3c1cf1d68b7,Kampala
a66fc607c036427b673270f275b0c3113420e7859473117b019468d64c33e5a0,Mbarara
737a464ce34ac4b4f48ec1b212f9d0ea064fb92f0ed308713dd0cd39f7866edb,Kampala
2d0576d4f4d4e5cb61dd5b7f87b91df0ecd4433062d06fd41c844beb69f89236,Mbarara
053ce3e19f051f4f72f8022cd50f5e14f315ba60af95aa727dc0c4693799ce81,Kampala
d5d97434514b07bc73b509ab1c2f9b89c4b051e2992a62293b8d337e3cbeeb6b,Kampala
26af7c00a48680e397fa09dfbffea4f38c9223b50817938c0ee6c6649464eed6,Mbarara
c0b72945638daea9044ec5ed1dc0af73af2254fd3b4d4c9faa5bc28cee2514f2,Mbarara
093de83f6780c30c6e5e0d35fe803985894a6cb41a3567be1e4ba10f665c808e,Mbarara
17542b7f08655bc7e5788bbaafd5cd75f8be0707f0431c0972d2036fed44ef84,Kampala
a0e6aca7b0da1fd81b509ec9c771ff4c18a97a1ea84e08c3a68574c8703655dd,Kampala
eb76c5eab61e8b7b13fe390543d3b94a214f12501956933c6d391f95b04db106,Jinja
1ade9c5a36792a0642dbadb7bdee5d29fec24f590d1a40d8ab8026922d6ff10f,Mbarara
af0ca2373388c7319207d5c261f200024e4391beb276e6f05b2d897a7397afa6,Jinja
84f97bbd9f218af59bb0f0babcecb76357e713fa7a620d0921b3af374b11e20b,Mbarara
c92422b88651869e71b39cf07df82ea4a6ac512e611a669a5b455ab52cb3edb5,Mbarara
2f684afed8c4f3e2bfca1c61cfd431deb87b8010d8701f2a46989bf778e27b08,Jinja
61b832dcea5fb7056a9f3d7a9fd1512d2b1b7eccd3a5196123db529b17bc7f5a,Gulu
e63d1dc03103c5dd9afc6e3c2b016068b9c3d057aa73be42cc098c6ac96912cc,Kampala
3e51a97a11c67968ce5ccbed9a53c938adab2d953e5378d37227002f860d0fcb,Kampala
4d5d08a97fd9090c303bb4eedfbdde28ce5e7ddda73de1c205363c64c8611530,Jinja
2777f01a80ba0003df407bad598985d54534846a859961cef4572ca5ab55d2a7,Gulu
26ca4257d09e89b3fb1a8da8bf0b3c95de99ab74f062dce4ed9bb1789a52c879,Kampala
0cd9d1f0d141f3fdebc5001398743a26fa3e88e1b2e0b2ead115a07451d28ebd,Kampala
84069f1c8c30be6f0732b9559c1e3aeb45f49ed8eec1565c3346fe1d4aa9cf68,Kampala
bde787587038b1b098ac65f2beb9f02b20e819f9adb02a9940fa0bcf2fed7e3a,Kampala
6fba63b31c8c0e8921668e81d240fd8cf753938ca0a3063e40a47ceac55b6d1c,Jinja
7bd564f2b4bb22224cb016c1ea06483d624c4d05d35ef28cbc89d0703b0a0c49,Jinja
9544ca0bc8d6c4af7d05ea7bb5e84a20642234d2ce5e06c416f0a7b16d889ea5,Kampala
3a963aadd7edddd1c00ca7694dde637c7bc60c0c9eabd0c7b03d6c43730396f9,Gulu
a6a3d886c4567dd97f917aae05f06a9214fe3e23f55465866a9c98d01eaed828,Mbarara
fc38d3712a7c418b0d897beaa335926dc6c1d7ca3984959b930157d017dedbc2,Kampala
ec2efac0601c07868e39ac713c3809583989a5e26d5de2b889f6c413f6ab54ba,Kampala
9920c0dc8228bab2f6700ba5a12e4b73efaf1dfd2ed1d396a318dd72648bbaf9,Jinja
bc012fb32aa40c1dc869d5a12a082fd0f2825762d021a82fcd4e990622a96b72,Kampala
e949bd0c0f8d1d1ed60b77b7c9844968bdff2adf4a3654804a44866147fcd177,Jinja
73de5d3b10e35554b8231f3861d068d62e0eac9b78dd9bfc63590f4c8a71ae5e,Mbarara
a903945fbd6e488d7befa6336b3dc86a27bb11a4eba133eaf852c57b2bc4e890,Jinja
8648a814466e1825e78f70acf2f4c8b9f274e26f4444c9bcdc5da1e0c755c636,Jinja
7cfe4dadc083d0142a67315ccba2b28622a11d07e1ba991780db31d891f72226,Mbarara
0258cf945d1dbf1346a880c914d7ccf224bf1a5e8a026e04f84bde26e94a3301,Kampala
b6916c0dadddbbfc2aacf937f1cdaad3d33d4fd09d2e426777fec7191f0525c7,Kampala
0d1c5bacd0c29b74464685457b532b83c4a3d79a9a47a10926b782a4b1db316e,Kampala
d4769d1918faaff89da9a011276ae8167d08848fd9be320f3e84a868d5e8dc06,Mbarara
d196b6c41671bf4e90635797dec0e2b04cdb29974fa3213fc312a9b1b656905a,Kampala
1a518f856a1faeb08fc36413c9f0219c1c2316f159ddbd924becf9c35a81d7db,Gulu
7a40d0bafad88c432ef796929e58407949c90400a9ead1d7deb8c8bdc26d0235,Jinja
7156c1c13475d7409ae72a9fe438ee3cb290b9b89b5976bc39163b490092c956,Jinja
120b4242afb4e33217d7d85732c5e15add2e2a62d6f65fa8efcf7d8bed29fd5a,Kampala
7bfd19588a10b70ccf5acafa4968e09b87696b8dbd68d9b95d676cd6b1f96327,Jinja
838fb8942a2cbbc3fe781ec204c6f945aefb36c37589a082394f8e6dfa7c75b1,Jinja
16d57b7f8221b52ef9a92aefadd3eafe357257c8896aff51eb23d3dffa618bf1,Jinja
bdac48393750c55fe689d2f34113890501db0d74e6e5c9240b78d33cb4e5ed85,Mbarara
2d7bd821e6ae08e9f7f8c0850fdbcaa09bfc9a61ba6157a4928b1ced82997d35,Kampala
0e38748726d0a64d1c06b933a5136c0adeede84d9e59ea426bfc610ca92d0e15,Kampala
c4035aa67e31bf8ae188a1b58ce86bb5f0faa17187f02ea01f656c88698a668c,Gulu
7cfd281f02833b6fa376598b20c2f6f6ad4b606ab93ab006171d40e2d1be219a,Kampala
5ee5dee6ce27ba767b4e74d80dd16d01dd6065e65ffe5c40249aebb4011255fe,Kampala
ca6410d85966aeb9b9e532dabac20fab17004627b1831cd3a5c08879f34c2f72,Jinja
510a5456e48e327246b6184f0acba0781fb39ff1f2230ceb2eaad3c1f182f87d,Kampala
bdb504be985e8503c38c1a7162f916d126503f59216ba7e413e4e74667b0db4d,Mbarara
499488353d2d2098561eb2705e633f5d203d2bede6a2256eda904eda62668a05,Kampala
3caa56725112e7f0fc2960192ab3b3d76fc5bc31797ae76d54d19aeac0cd696a,Kampala
44070bf4e5296dd5cb51bfc9560e4fdb2cefb96afa4bf448a1e7e5f51c459b09,Mbarara
6a2d1c6fe59f398fbd87466065a4f54804955223852808ad77e1601ac98d17de,Gulu
9a39e2e0d9eeec68c468f72b27897056b4b4985c4ea7f1c42ad74785fe7f8047,Jinja
b0440840625bfb9d5d2103b5a2d38ed45018017deacb18f76c3d61d6f721a32d,Kampala
5fb41968b0a993a9985d2a0f6dd8af95efd83db4a738201c824052d1c1e8e406,Kampala
e222e69e471c2304d973af8bd43791196caa893e97c3ea38cd9403ff6f4934be,Mbarara
f713a039e5484637604a9a662807cc84215e156642eb2c42f50dd43eacbc343e,Kampala
4fc9658016c913e34bd1fd8f104d015e6766d03485e90c37eccb1cd792cfaf30,Kampala
a7ad62972927e92fb584aef54215a7b73308be60e679963d50fcb6331c497c14,Kampala
fd3fb9289f1a8c472b9278ad4d5880d4fd3a7f7292e42248dd9abb265b8b43f0,Jinja
e9226c0b6559cbb7484cb0eccdb84fab537638a6cd6c714d68f7352c9af427d4,Mbarara
fb1d2d9dc2f185562c1e240d6262fb1ba6d48b3f314434e7628fabd167d58fd9,Mbarara
38985fc9e62db5aa462b74c7f0842e5d30c9b57924533eda3c3db212635c86a7,Jinja
1a2eb1cb13b98587796e2af35c93f21e84f658b3bcdcd65676901582b4463734,Jinja
da3019a6f331b6e9521c1540a7010e67c8ef4fba355ab99303e71096ad763caa,Kampala
b90c37a4e886542205ec8b203c3fb333e70e6f3bd99d8721d3e402d22b4923fa,Kampala
cdad43880247521ccdbfc710daac1f9a96082ebbd8e37bf56eb8b904d3e3841f,Mbarara
8682ac2991bcf06bf047b4615ecc2e1b22da804233d78d7d23dd460b1193c816,Gulu
52848aac534002c89858c6c38355d84dbea49cc55ca97f8c4d963e3978fb8fbd,Kampala
10aa5db8f07ae9b2c59e7464ef4a7b3f3422f84022d9f2d071bf26464f139599,Mbarara
1eb46af58382b3a99a32ebd899ac5ca3de06841b7415443bf65568658d07324b,Kampala
e659fce35813d33576a53fd67f960e6b9a8d327003b11b4cc1b968a8c38ee5ca,Jinja
77892db67d3bfbc12495b87584ccf8b13d069396f4f40e258b62e105b44882ad,Kampala
84bdf08f4d220983ef51248ee71d3faa568eb9d0022c42ece89209a8006f745c,Kampala
dd0e117d09eb8103e042ca292602f23bf08c34108452c04a4a29f5d6b05d04b0,Mbarara
f83ad5da126f45f1fa376208986dfe13815be3a8bc11da86b641c26322e87a36,Gulu
66d342007c6953630d5d8f9d152dc83419aff98ad2d7ebd3fb28d176dd75e626,Jinja
00d885d01abf40b121a81a47feac490c4f4851edd070de9069e6ce04cecaecaf,Gulu
4962bd23566f8cb3cfbdfc1e593114ac64266790463aeda223a96bd4685ea6e9,Kampala
66d1a0bbdea33b8fc76eb863841ee041204287e901e24a87368093ac600e6cee,Mbarara
d3ef76b9267a2c289fbda331795e9ded53b6a6d3adafbe7a1c475a57b774d260,Kampala
8ceab329979640787359108d2e0978ac30bcc5e0c6e566d875837b37659d4015,Mbarara
699a8ee3806ab5f566537824db96e33deaf6ad2eb829fdcaeed8bce616cc83c7,Mbarara
abdf72e978cfe2df37d53b9500f9cac9c2c52c4226ecdd9c9203ccc35c5fcbdf,Kampala
aa0be2f5db3e8edffb342941b1f6cd48cc51cffa1b806522e60db667053143a1,Gulu
f22731eb24580b59eac5ac8b154b60b819b197d8de66914f9d11c8e49a54668d,Kampala
080adf18d13a67bc798cf57f075b783feb3d5032a2e1a2227e4f9eece3c73982,Kampala
7108d067453deeff462e7d54bada2e1203de14b56c0702ed7be0a838473f1144,Gulu
7e0a52b25a3c87b85202cea8b31f6d1569b8b162cc028299c736e721c198ff8d,Mbarara
389ae3f6e59ccf63049373387a81d676ebabd470473314759fc51e94e8774995,Kampala
84d89bfd19de9a76f06f8a1c9a8348d22ee12bcdf3ad1555d65a6945cf53cb88,Gulu
695ea032d951475d9d290454aefd0b7fa3651a1a3317fd8b05e2147f755003a4,Kampala
39426860c6034fb57d6a0e073392d1154a8195b34d69a8e5223789cabf64c497,Kampala
2c3e606012fe932eb6673869e564806a1b4ea832bba6575490936f9e6d71f294,Kampala
a6a0cca016951331006fb0a4dfbaf0f11334dbd876bebe55701dc710b73e8a0d,Kampala
d3ad1ab3e8b0d05d58a136b8187ca82b4cf240c2a0a5dada7479cf9f0a427661,Kampala
875b2737e3514dfc737292b742fd1aac9ceabbde1e189cf107b65b77cb0d401a,Mbarara
b7f57d63b17e609f1fa6dac938f4db6b7322058c4f5acb1aceefc0f6dd00d14d,Kampala
1dea53186701b3d0fc00d18f2db0ea6a1a7a0a9103b299f2b71505c771414ccd,Kampala
c847d1ba8efc98d48dacb4b5e2e1227c9585b91405649e62abfb802cd32fd44d,Kampala
941b8629f9fa72feb19c6b8f1cd553e97ca2a26a399129c8846c22e66526b202,Mbarara
7a12a96e8ef7bdb12e331539421b5414bde5a82163e6c81b685bcf88ac5348cf,Mbarara
668d356b603a2ef90c0259cf0c977ec5748bd99422ec1d63134533cb7c3fabdd,Jinja
77d8a255de619cece0daaa5252e5ca77fff79d839793eae01536380a30a4ebc0,Jinja
35db146b87983c68b0de82c6d4ae15719b81a894c29e603850ad582efd955f36,Kampala
f99111e740ece4bc4d59b0290e9a3c5a0463b9d4c545c73dd500e5ee92a60332,Kampala
9ebd7c7c941e8d77039113e329cb43c67c04e7d060dc867580b32d8c5454fb7a,Kampala
1f90386ec4a66d1078aef81a1e18530907c3d9dcaeeecdd895b40a840fdc7e41,Mbarara
660156047c6d067c9982d7616fbb8e63d3afe2b7cced4918a1af1d9aa8d44fa9,Kampala
0be2501fbe8a5e35bca1f13470233c230cebec159e3b555e2e04e336d4001901,Kampala
fe0831239a31237ead33ac14928463a7594335e458d3ec9801a6ff9e68694877,Kampala
1cecdc5e004b2fa8ea7586774d4bf63e541f54b37e4f1f6ccdcf9a410778bc25,Kampala
a276aa0eb3bee162bd03ecfee29ab577f095687046ff5b64b910f3de86312394,Gulu
de3c0c0b92aecde4ac05915cabf4c59c9a6826130b18bdddb6f541793f562bd0,Kampala
08002ad4ff02df053e1e973122777619c6988e09217a29e8550a23672fec4d06,Gulu
237a1fc9e83a6e27fd4521149806ef6ba21a8c6e020a636d70161f950ec78488,Kampala
10cf67e7521777a82d7fcc8ff908d811869c86c55198a43a580bfea6cc8dd826,Kampala
b4cc094bc41b80a5b7a4c1fa283b393337ec6171111c52b5178e097e70c92a33,Kampala
066dec9f5ab544617f35fbfee10177805b07168dc9e0284cf5b48760cc08bc00,Gulu
69fd600103c38d59912846bf1fed774fd9483188076c58f6fb09e37e538e2c54,Mbarara
7eadb168aa33780aec8909a598af2995b62cf2138acbfac5ad8ecda2c5dbf69d,Jinja
aef28d951b0d0e57220bc7b4bdb2a7bb62543749d11c1a73c2f84835747a9eff,Jinja
741bbeedf904bb339b9d84ebca374d51958b6e37651b361f5805cc6be61ffdb5,Kampala
eecd418842b049316b3beb979bf603327fe6c540b7b2b12b4d26e291a08b60bb,Kampala
91798efb7971acdfc3bf26764b0384797cf6051104943901eb88cddea4e0f42c,Kampala
db32920a1c0998a8e6297b59232b35a947bedac700626b20b911474b23b03616,Mbarara
7ebd9e8dd189b76f767ab46c53501d352213c5cb80bc9af1a3cbc5b1b858c8f6,Mbarara
576321532b5782c6e85bbbe3bba54864440183392997140a9b32ad5a75ad33bf,Mbarara
7ba284510efb0277489489ffd92cb7df6209e9d30811aa9641e9474f0314e3f4,Jinja
d5c61b50d9dd4a5bc3e241c5fe5b13226971fdec4e146bea2afe1951beefa525,Kampala
024efd8f8843867cf126223344ec83d01ce59949a9fad34cd2237e27b57d728f,Mbarara
682a447c9f6282bc27ffa03e1bdbccc5cec67f4b6958afbaa3a5ac2d499af7c2,Jinja
f1417dd5449bc2239f94dc4a5bce7c0b3fd511c256109f58695dbb7c0c4ba571,Kampala
22dd691301577f3bbf691a4062ae7d7712aeea7f200a7b4333575b0a3f5c067f,Mbarara
cb684e46f3a9f56ac4da139ca36336f5a5bb634a0668d95d528e2450f3b34669,Jinja
26e296622991b79b0b8fb125584ffd8af476cdac25e6dfa7ec9ac8b06168a98d,Mbarara
2fbc1a181cb3e1901d24513beada70f96968c8839aa2dabc456c3eae166b1790,Gulu
63aa755ce8d7bfb231f6f7209bc7fcfd399c931d98245fe550c4f686d5829571,Kampala
e377d2df504cd578e308e97fdef3d5cff222da95e11574a7720a69cf4abc534e,Kampala
5fd9f9e26e5efec6e7fcaabfb67bd5c4395f821fbb5bccfb44221e1c42b8b02d,Mbarara
a5119e7eb7117094c0214848b15eaa09ca717b4462a0e42c7ab136f001644099,Kampala
2247cd45e1c6525c5c76431102872da3056dcaf76e9c08226b3fb3c374b0a9ac,Mbarara
f196f20fb5591f6e8f159dca8cf0bf9599599eed290249824064f92c27924e9b,Kampala
33c65126259cd69a733d25be25cfd9dc64fd1e377ac560752886e6af97d49d11,Kampala
28a529abe9e79640694537f6b1fa76cef57d1b1d1da031daa45e8086b76e0ba1,Mbarara
e2ed175b434314573a73ca4781afdeda0155a5bfbd9ac4dc4ef138e885a7c4da,Kampala
2aefe200d77728f2c4d27626391844e2f5a396384c6b0b60d9a44785859d264b,Jinja
64409842ce14eb7e4937c7525ec5a9ed9f93241f7fdcbf93d97d60e5793a6ffc,Kampala
ca5364e4116f7c0753107b8d28f689f270b53557a38584c18241e85bc0c344e6,Kampala
eb2ec1562425897101762ca6b626afa62f7338847dbaea702e9dc7cbc1b3fcdc,Mbarara
f90890e2c82787f2c1b7ba87239651c1ce110bf44586bab31b9fca2e7d405190,Jinja
e648915ee72ab4fa35a98c8b97477d7b9932787b51eeff6500fca6c65609ec76,Gulu
041dfe6554778d1bb69c1a0cc5219b6bd5f48eab37a2c2a687df4d3079f55d2a,Kampala
906713a2a3cf8277f2017dcb3f3e00f173fc6d71489717e5c20c2a363bc87016,Mbarara
46e81f3cdd2c2f6fd75d50cbd6b51ca518d37e6fe8cf2c598be9cd59dfb6f3da,Jinja
5557dde4a2be0f9cd9a78215e1698a3b9adf3c1d36d79fb27cf67433ab680885,Kampala
026be6c4c1937d42f4d3723d1e266258f4a2df417d1c6048bc4f3bc0860aa27f,Kampala
1e544197bfc67ed64bd4bcf6aaa6b2418d89aa97d43d2a9389f5d917c4beba67,Kampala
b71737c8ac1bd6364d51ed9011c213f69a0c0839d39f08e05d7b054afbb45204,Kampala
188cd856dc6c0c421e232ffa8c194787ef31bb4625f6b7532df8d96008a0a6ff,Mbarara
bda73dc8b4e5eab5eb78b9ad29de65604b092d3bbcc3840470100de9ab63ddec,Jinja
1d1fe7a965a177084042c0c7cd6766594763f97c3db6eba63ff5609dab3126c7,Kampala
537952c5bcc8e1eb634deee0e35de77ee29595ed44256fb0dde4baaaae40203d,Kampala
4f3f2bc52f2c3b9dc669aa9f4c785c5e629ed777eb7981f7ff383e79218abc7a,Kampala
9794eea3f2441a87a0e57427217d7a35aa54c848323ab0d3d8f5b7d225fddcdb,Kampala
c16b7a1f7d570361dd3b82ad11409f9009e82669494ada7e064b770e770d689d,Mbarara
2b5637208c5f29c5a819aabd24894e491ac6e69058e20e0fe051ac51db28d4ec,Kampala
b2162435dd42660c6519c465002fbb2041f3cb63922d06b59f6ce195315e2dcb,Mbarara
dcc7b0da1a7628dbbd7c019326e338fd2d9fa5d7dd39f41e244c945c4620c16b,Mbarara
83e4aeea8c0635901929d2aeb024259dbf3740d8989c56eba010c3c442e37f93,Mbarara
2d409176d0a99bff0da4d93bf0f654ca4bc86546673d13c6dbd36d54817cff6a,Jinja
2efc45e5ad40dd453720ba12cea06c1ab829bfd7b3a0b223812f2f67995fc365,Gulu
33c8cf7002a1dcc87d411f217d39629296f45c81bbd51e5ea683bd9670831636,Mbarara
13ddbfec4938cf6b3d49b849716173fbd97ab6210f35f7fb0205f02126a8f01a,Jinja
6a3fef95b8d13d2b0963f4041ba0dd194f941088c9a32f4189552fa794830f0c,Jinja
2d89f2780bca389151091218e7f34c73278cfff98e93f9474cb5f3fc05a79c67,Kampala
606aa765d7f2925acd69e75e9c47c4ea9deed83b96d03ff80840a1ecc44f6b42,Jinja
6d3386f0d90eb90f28dc6f59236816a0bdd9a0920a737ee304199c46de877030,Mbarara
198464f448fc2e6e33412f8111c8a512f450df291c9dc04e3c95b44081604c27,Mbarara
0b7a5ddbb5699f805e475df5f7239ac64ca38d1d57a79173cb835fbe2d01bbaa,Kampala
2b971eab2443a7f1aa16c3a9430f645ec19be23a6cdabc44068109ff84128611,Kampala
4f4291f67d9386003ccf6843529901c555c3392c11199c82bcc681667e06b7ab,Mbarara
872173f426026d1619fb7f136f0093bbdea65abb2af530eaca98dca755ce9edb,Mbarara
8bd4aee5a748f50cfbf4a449050cebb72b67b653cca173681fd7297cf468088a,Kampala
78f723249f3448900fb86e2641a1803634a6ad345e2b945b9f3dbbadf6b50307,Kampala
ccc7ebc640562fb941adab60c15bbc66332a5d923cc741237090e924ab962405,Mbarara
3968d317c11c43769cfe56d33b44b919d4029b8bdb3577df660837e0526c8bf2,Mbarara
1f336cc17911f089812b48a8d7c8e013bc7b528779d3b1458ed03744224d5217,Mbarara
df39cb1c1c28450e8d12140f8f735f36b751d3d8a3cd7f8bfa7f8cb070f1e5a8,Jinja
401b6585ba480c82b8e4dc02b2f5e1c54b0e664e89e83b126effcf4e21fc7bdd,Kampala
791ba678eacef3d608f326a98c3b31f15d4c06de9bc593ca5d1445bb2519b53e,Jinja
ea2167e387ae113db8b8069cc48a134722b231255a87a58cb04ae21110fb6d73,Jinja
b15782298114a93b03aad7075ae6f8244c5b21f055af9799bb3e8f88964005b4,Mbarara
1675405639945aa8dffa2c8471c18601bf4b1ece1a57ddf67fc204a485b10376,Mbarara
5fd78a5da52d6e6039972cfd79f372d7056d07991e59f35f022f75d3676c0e69,Gulu
2a0949b7dd8cd1554e04f1cd6bc240956135a46c45e38c2a14097960a6471c6c,Mbarara
324d5f17f9d9a12063cb8a7e9aa1b040bc6f927e1e3e24b28d2e2fcd96443a60,Jinja
45a0fe28593223224d912ce2db27c3e0cb4110909bfb17886df7e60f1ded9488,Kampala
deb2448592f3a8792611e984154d16a7cfa49ced8e769c5b6ff0eaace1b0bdff,Mbarara
54b132cbb2efb1169cfda3f5b21e586f74e567c422f2f1300ae78676034af54c,Kampala
ff388826526a8f6b09068987eda30e6c68f3e434a299261b90be25c8a322e576,Mbarara
62ffe2e9d8b256bdd8297539dbdd08e0b7f2a6b672d4e5a5443d92c4b179be2a,Kampala
6048333d675839c2b9404237688924da5f0984fa4ab5873636c4572073b4dcfc,Kampala
19d7ef872abc8a69f1629e9e84b30f546d9a89a96c31c6fe21393bee605e5bcf,Mbarara
0e52efbfe1d8bee5948227fa56e0f9aea7e1a92979cd0da939884885e41c45eb,Kampala
682605f7c2fbb9b9975f511563b7c0779e769b5027a739dc0c06598eaf044816,Kampala
836c73a5f310899112285fc1f71e9345251a333a5b21261b44fdaf0a86c8da9b,Gulu
a960fee1844409535673ccaac2d86661a77c4ea15fd81acbe2f0997e4d98ca59,Mbarara
de1eea21f6edf1305f2d809f47a51da7156411c680852b390299aee6a7aded7d,Mbarara
9e664e0d0329fb6c612f43bee523c8a21cab312c2a70fa83c441112a6ccb79aa,Mbarara
e24fe0ae059b3ad3473dc1125b5abb61e9d5f4c15465bd7e5567f0b1e74909c6,Mbarara
205a5ea1e8b17a1cbee681bd36076c5392a02cc6ceaf7136c12760bb27e5a11e,Kampala
5e8299974409f389b2df871053fd5e141938b50b812e8bf360b0328b8e05f3e3,Jinja
d49b18d1611be8d238c4b2384656478eb55d73b3c068902331694f2503243e37,Gulu
90e4bb5e8378c108fab6f3c653991223f93716ee67593328dce18127ebda0fcf,Mbarara
b2a75690068b2bacbae18e07198f148bfcdea05588e25eb2e0f80efefddf79c4,Kampala
7a85fea4e5a3c526e4a06034de42345bcec2cda763c0593a46059e6d42b08d3f,Kampala
b692ee8dfd31ba18a4acdba8c937c593f5099f7605f5d98b45cd2bf0e1f3818d,Mbarara
ad6e4f95aaeb94e545aad8ea310d843d865c651921dace5829e4a657e934df80,Jinja
8f159963e610317f8776c8268b32c5b3fac7bfd352a81d9e01fedff2783a2b76,Mbarara
ced7605d235ae5687cccd7afb8998289c7379985c400c653773556763f6faad4,Jinja
a20ff19c5a73fb50928b757a14358a9f3be83f43e7d5826165756cc962ffaa5e,Mbarara
4bdd46668e5652bd7c9326142f8e6b005595753c1b0bc3354d6460bec9878f79,Gulu
a4760615eeeca420ad7058a4a4b3e4619c7161942edef4d89be1657a223156b3,Kampala
7f62e37e4aa2069ed763587f1a56ac511abc78d5326373a2eea725d5796cbd57,Kampala
add8c563c3d29e6450fa54a0b0b697c1c5482f7e5ba33ca9a7a7d969e183d8de,Jinja
78463eaa3584d8cad7bf8cdbdbb868a73dfa4d1fe44286d785866227bcc2e05c,Kampala
a7f3d7d8b76ed34ced2ecc0528f4adf7014cdaef21bb8f2b89bd843df4aee8c5,Jinja
29b80f850e31940b75b4058ae77dbcb00d9f48959c0910c3d6b44780a423fa4e,Jinja
418a129971eda05321d584424285cace7fe7a25825b4874198065a569b78f330,Mbarara
ec14c02264f104163b4173fd197fcb4c0ddbe2725fff9f0512b0a3d7935f85fc,Mbarara
f1fd1368fe8293260820d8f2b2e3d9e4a4897ae2a2a90a674e1b08dc0f738063,Mbarara
9068369cb76311aad774a0575614e6644ca1c7a47c3cd938e09a856f047081ab,Mbarara
632a505d214740150e3ca283679e52f7aaac907f823a2a13e8ad4c2f93eea73d,Kampala
0977514ffb7d6156902b3a68a9dc462b801683b774343aae5f70f3e0315a3cd9,Mbarara
2437ce1e2db57c92deb8d6439c623e64c2cef376495c69cc60c20a85f48cb569,Kampala
a3a82304d47dbfdf73005766365ff84966e49dae4df67fe961190d3783bc6bac,Kampala
b8cc9c16e5c20c4656f4b62446a1787c42b1d6a3c9cb50d659623c6275824ff4,Jinja
ccd5073a20370f7fa03f2aaf2e7e1f6a020a68de12e1dc3dea5d3f97c99feb8b,Jinja
2c49cdb90620b8a338b995e464a162828239fde8784742fbc6e7b59283ea4a9e,Kampala
8df52e74c64fb3e0168db548809d779aac1bbe9842f5afdd523bc42551efc2eb,Gulu
1a64007c8345e6e15e1db894f4ba464bd8676585192e7b3e0da6745c92c088cd,Kampala
28fe8d6953e7b4fe85487e735cc96ee1390e322f579125622491ca00246b3022,Kampala
191a8ced24e9891a157f6663142662ec30216ad7ae5f942ff74302587da3e421,Gulu
8d77b3c8d07e798a679cce9d1c11cd12e36b02dad7910500086ff44ce3272504,Kampala
abf0a89ae8f7078fede29c99cf9ba0521d6a94497df18a54cd1fc82976a292ee,Mbarara
cd7d4b1d20a912ccf782dbffbd543edee8a594d0f197fad6406d46203eb0ecde,Jinja
80a5a6eb9f94549d51495b4d68ab078417af45341ce548684d00eca06e26f7ad,Kampala
a4b8f899dde57203ae3c20140211d142cbeb947bb6dae6c1d94a4f730c02503e,Mbarara
17af46fd1dc04ffc4f8c94afa668b47fa2f85a1cbaa2a2d41de83447c979fb09,Kampala
22592b58ebbf327135d0ca17874ee1b268d9fb4cdaa0cc49a82bbc30a651112f,Jinja
97d03e5a476c9f83ee5b8a6f902f5731e70870d07778ce7a288066246a6071c9,Kampala
aadf3edf5ca234a368a2c754be76a14a5f5fc6896e1e47bf43ed7deb6e95765e,Jinja
8a9dbda8d183ffa477f659212e197d65c93c346e30d47d80ac07c0b7bfd09868,Gulu
efaef128dbb58eef7c0a99b68744e4ad4d3ce7170be080c7b89bcbb46ebe407f,Mbarara
7574b33c73523bf6c8c97176d2e28efea099f13598902cb939d1dc22136d146f,Mbarara
d635af31ce1389994ae1124d603828e0ec6059d9ad48187d19fefceba2fcec1c,Kampala
46122931b164b73f6d530c658f673c5cfec8725e43fb76a7a65192d58b11690f,Kampala
31b240b3d00873ea04caf5f499895e3e0fa01cd5a9bb884c67c1ca2796344133,Mbarara
b6cfbb9d3789a208466b8f643b1fdd2114284275d95e5aefedca7c766afc4854,Gulu
65ee3f8cb567892c70d2e2d52b5f7e1154f2b7243d3fc34228e8ea0ad5083ef8,Gulu
c4d33e401dde00096e18c0cc1bbfab4babe50793023978608582f8718ffa1707,Mbarara
05e06c6a50583bd71be1a155efbbe0518ab795d2c130389af9fdd7dff0494e1f,Mbarara
da43a06aba289cca0564736ba1af2fdbbe81408a6774b9b72fdf6e27cf038de1,Jinja
ef14f31b4448c809ae8ae9375e881d13ee005996581e4928fd2f8c86b1985c43,Mbarara
bf0a385beb65981a80136e0adf5206df93ac70164ef0c46b07f3b33fd55c25eb,Jinja
3c4c30a8b5f1461573e2a3be7a91e3375850839b7602b23ac736eb4ef62c2b13,Kampala
63bd86591344ce9ff37e65b5b5daf5ada8957fd91c6884150e0bcfabd5790b2a,Mbarara
8f564845ac8f4c7708146ac97742ae6664a9f22dacc6f70430bcb97266a6b7ab,Jinja
7453bda27388530f9b3766067022a187179a3b6d8009c18f4ecb4738fd7b88d4,Jinja
26b3817d489dc5fc910d242037b54f0e70fa77be72d7c0e03d5524581e544c57,Kampala
dec845e9a890d91f3ac9e26f061e46508dbcfa61780dc5f3df732d283c3ba1a2,Jinja
cd95eec40b0de3de823d14fd016611f9f98cf2bcdaa3d4ac1a944bf85e55de39,Kampala
a068b8daca5d4059f399d1dac2f8fe92e360fae06c0046fc6450d0fc6433714c,Jinja
b9b62e0d4e9def47f15ec54821dd1db07660c8b163e21853c27b5c5f8caa4668,Mbarara
73a4756ef90ccac0de5ecca6ec645092d46fe90dfbcf2df116e1944003987678,Jinja
13429c38e64ce417449154ea295b3ec0fa8ace18863e735a51d52b5b7dd58b10,Mbarara
df99a21d6c8626d4520cdc2ef448579c9dff79d3634a51a72ed22aa18f768036,Jinja
bfac462e14fec2dd4999ee814977c3335b08046d94483be727e6ff37dd7661e0,Mbarara
2a16732306903669be3395b5769de759b0bcdaf4f73bf2050977d4ec71808b30,Kampala
efad22efc5663a988d8634579e820d53b4973832ee87fd3ab929e0e267f3dab8,Jinja
dee403cde52dca80b2f9ee8a0eeebc7bc73367e340934a10b5e6ad223637182a,Kampala
4359e6a74dcbbf2e1ed41d1f33b5c1535c4f7556735d410a24a4f463b92ddfaf,Jinja
4c75dbf081517e00de5c66944485c6dbf0968f9e3d3d3b54ba093d0f827cc6c4,Mbarara
57444e28e16ecaa36763770bb43f113bcebdd42704491a168e2f4491cb98a301,Gulu
021197ba97a5ee536df40e5fdf2705df1a096634526b269ff3c2008f077c3557,Gulu
1c5a112b23b978cb26033f91ed25b80278bf0e69bc21fc1c99ddfb85424ea0ee,Mbarara
172d125bbe7e4c2d8500de717fcf8aaeb808e2afecd6e016efb6984db6a6496d,Jinja
6150da8165538c996a4b743b75db903395cc40c1a00d7bf03e661c074db16a79,Kampala
cee7c7dcadd268b5fc11b00061b363bcfdedc90a665258b74da352f9fc3c4792,Mbarara
448e8223f2d2da1fef09cedf5e5c178d420bec1d77ac7b87d933066b781f792e,Kampala
43b312b6c9ca5ec214886611249e2aff1777ed206fa9e152fc957e416e301cf3,Jinja
4e7246a30f12a9ee8e496852ffbce7d21d315c18ca6daaee027fcc587121e708,Gulu
61711a6a3110f9b95cc21fb39a4f8e648967d93646a96e2d8807418071f8e841,Gulu
a5444e2ca845436de24b185884ccb133c212dd1ef95d219a738e594842393e36,Kampala
f1545a1f0565e3c31369c8abc237ee1051457f3dcc95982f184af6fbacf84991,Kampala
8547b6a444e39f41c32dd001202fe1b1ddb8a4a53978b4a516138068c7af97c6,Jinja
5b11760c3b199fa34bcf43b53421e5fe305098b87dd5aac38aa2576c8289f60e,Kampala
3d1d60317817af2d4f430917bc28820cbac85524ccf2a98e7050213cae1a0733,Mbarara
a55c36d50ceea13fd6bde195934f95862d28dc6e7bd0fecc72d7175f80751613,Gulu
c35fb725587c3250c3f87bd37c56de16f3e6c8aceb5e63cc07ab818f54a60f3e,Kampala
5abd85fbb6a9e3cc334409fcc868e012e03d5e47816d5ca73868fa147a165734,Mbarara
1c7613e03ace7e676172a2c8bc39bce855b12e55e315d01df009edebf1108efc,Mbarara
746ee8d14affe36502f216e0a6215283d1f1ff71511fdf03836ae006c86b13dd,Mbarara
942e6018299ab351fd568f398d554f16302f157e3410e6c2507de4ade2cb6544,Kampala
e2c12bb39d5e832e8dec4d730fb81abc1f9eebe23568d92cdb14648695214900,Mbarara
65c571ca3f0d68f2d50470cb173d64786bff657817bb840a171fa6248a0d2d29,Mbarara
7ef5fa7b7d7b901d527d9583b5047a5241109cd7c377ed401dbe337227efa443,Jinja
603c2bdca8918d8fbdb1cb245cb534e6194bcc7abaee1a0c5b192bdb661feca8,Gulu
d9d4928369f92a5c22f90b99a2b7133c2f16d6016312c21b79ec1f0efc1839f0,Kampala
f79aad87cfb5643fbfb03ab6807ed1a484fa6e0b7c601bab9690da004ec8abbf,Mbarara
dafba2d428632da17aee37aef4aa4604bab4b14d1783082fd2e1b378e83cfb13,Kampala
631e58eb929579a98bae19fe0645569200e6fac7ce3abfcb2b1ae32076f305cd,Kampala
bc0b6c3f27d0fb3e3d0cc1aef0dd3b3d71f52f7a4dc07dbeb24282f507528361,Kampala
fdae065c583ce574f48c4576d7388c1b67c20509f60440870f5a7ee57b532f5b,Kampala
4c624e7ee16e2016a95a00d2f264d7cfbe29c8064b110cec502b2f86f1ff343d,Kampala
2cf0d7c1ed0d9b3606dcf43286484fa7fb0f126e172b8de3c6b8635e095c70fe,Jinja
91096ebbb1f01e4cb5e5b09b2ecce7bd39945c45ede4a337f0f61b81605ced60,Kampala
db1e93ca69c4f5dc1d0756afb72bc1c57c568f1c09a411dbf1ff4e5949bb1c60,Jinja
2f3f78b99e6fb02059cae91fdd5b62ed8bcce3fafba871ee8361289cb0b8019c,Gulu
b67a74ad6a880eca0231cd2fed2cdf2000173cdd6b6647c8c733fddd906d519f,Jinja
c142c2e779d2108df8f5af9da97d7b4eb1238d772dcd643c07a4df41b0655c8a,Gulu
54aab32000f00f398ffba8577f432f6f6f7538ae19283665182f25caddc29b69,Kampala
7ed44c0a49deae65854a6ae78af5b7b864f08ee388259050ae765e3394553546,Jinja
3a33a0f7ada281fd0d10986f93b0392b89a67bd15bf7819f917f57ea9cb4f62b,Kampala
c6767e344e7c349b61ddc499a60a9dbd536e11b63277d71c9ba9b816d879979f,Jinja
f76443ec23bf3fa2b54699505d8403904dc4d87bde267c2b72d09a90b64994f5,Kampala
569514a90d4c87b67255ce064406e8b3466f0c06c3302a65c79e0a9c5d959109,Kampala
fd53aa8be77c2a232e6380aa6e1de95b1037c2ee66ed51a5795e5c1845417aaa,Kampala
37d93cb5b0b310aac6ca4b20b3d0bed44a5b2fa0785eeaea2dbd02e30bcd4c53,Mbarara
a0ac9dab8947932d48e95fa67d642bd96fbc14467062cecf8b34534e160eee21,Mbarara
b2cd5998713fd1fbeda1147d7ecd7c7395053341fcebceae78fb6f567279d845,Jinja
2e10aebdf5bc99d7b2e1668688dbc07e7573f678036d5e9adb91bd8831159908,Kampala
930fe16b9a903f0ca47e7a70368654a2d9de553e3acb0b0d531d4552968d567f,Jinja
d61ed42b7c95dacc6b06a0480ea7c614b481fd72d9cc497d6cf07cbdbc5fd5c6,Kampala
39f52ace5d49c770b69c74c0348d3c48dca7237135181f578970c5be00d3d4f2,Kampala
18496a48e08adbcc19c94378429f73001eebb25ea2e58bae63c4ecf2ab96f31e,Jinja
b4f2c4d525ed822b7566951f6ae7ce1fdadc046b42a49f1c07f6d7985cb63df7,Mbarara
aae00619c3601a48c42587727de3fb758da05418aeee27ca3bbfa4091d28b00b,Mbarara
e9108fa34fd8f2a464c8e728d2684d7b878908497e00a0931e1258668501c5fa,Jinja
262c06dd85fbaa64ba1b102e6918b0512fe0703dd8e9521c677953ae81246a05,Jinja
813b8ca67b557023d3bd1f6363b5614d9dd432f4f62d420f48a2a1b7d23aef65,Mbarara
2e5ffaaab00c82982d6aa9226daf44656c8b274d028cabefd4e67e05347b3734,Kampala
db3805ce725fc932dc1df0094d7bb2a17d4f056bb03423b0731a04bbace7001e,Mbarara
b6fa6c8c2c2e74b4871a48f9729f4ed489122cb5583661a725afac45fb335021,Kampala
4092586ee536313e1ce1d52cc197e6e6f5b25d57e3b598a4e7e6e89f4301b10f,Kampala
fa1d62b89021090aea8472e6b68c944aba81461b3b0704edf8bee2864f888e73,Kampala
f96a7133dc96ad967d907c6b5e6c672f9ac4139021c0f8f0db79243ce02efcf1,Mbarara
405123f5d01dd5a2ed6df2815d919611a83c9a0c25494dc2ce850d7cb1582257,Kampala
7aeee83609e79646cc4b34825a69e704ae9e0b39033f4f5be6cbc78c9fd9e243,Jinja
ed9c9cb72bf864aa32629a8823ee910c529adeefe98f9f1d58c35e86bd03d63f,Kampala
c63b8fb0a4e2e42f2019ebee9792102949775fab90d43a2d50b6e5c0852a7daf,Jinja
11bcc8f2caec8cf250bc181fe782e07a69124850d2e69516ae9c549749e95a23,Gulu
7d29bd88209bf86eb9f5800484de5747fefddbb24616a3c1fb4de50216e769d6,Kampala
e240f64a3d6a71311ca4461abc3f9e4053a18cf694ff2ff9efd7f0365c3f92eb,Jinja
13df09b2dee51089d3aade0908f680970e44df677e96251c17f845f20a3a91c1,Kampala
c23a6e03127a598241df6ecfff189dee394a03f41a3a5d1acf648881789c4fb3,Jinja
5d118f5dd30de53abedd5ef8950045619f309b8dd1c195c6c1475cbfe4f28f6d,Jinja
9281a541bce635b522bb2d2864038c57eac78c7cbdbf6666a06e060e530ca548,Kampala
01f6a7ec53e46ee246acfa878ea04cca55f8f15d0dc0f4f2006d61b9d91a1f66,Kampala
e1832e387347be8143579407f156efd5907787f9da980ec5c84df6cffa9fcb23,Kampala
4d91f233fc42fb29f984eb2c9a912923507fac5eeaf61bec6822f644bece209e,Kampala
a6b9a4d0fe622be24574df1a581279bfde909d6736bec476895822f18e4c30a5,Gulu
7386928a922db7b4c42621aa5d0dc2f82dea08d9cd1864049d7fbf975169790e,Kampala
7d9009584adba5039f9945fbf455bb89a10805a8a5bafdf453bd9967f388ecef,Kampala
403d8df13c385bb27ac313e053567c103f1459a99c818411e8952f737bd41c78,Gulu
f98792a519679445e12f5cba6832d0bfb49a3e19974a11f2602bd324d16e1f19,Kampala
df99e486adba21dae646806c49669dba749e9941a67eecb389fcd739a717a804,Mbarara
3f8a76e2d7383650474aa1cd0b5c899758f86115e1f93b21c47490177560dfd0,Kampala
643e23f6958b0b4b6bc548ccc9052cf62529dcff356ccebc77067de213d4abaa,Jinja
ccb205d09579abc0822802bb7952c4ef2628e706f9347d8b6da489e555a10138,Gulu
40f017019eae717107d09b3346bc7f3739c875216579ce128c5c13bb8142bd2c,Mbarara
aa1a0cb7260d11d05f14c8f392b9f4187636d7e7b10d622dadfa141401bdc50f,Gulu
18def3610c019bac63ddde4724f87a5a964920d31ec3d2544807b93a35b92aa7,Kampala
2ea95450da560f31f781c605344f899a421d8523ebd01e3e7b290e92d816723e,Gulu
c8435f59dc155581734305bd773b389c32843754a6289e09edcb18fda18c9652,Jinja
63f06177d2eda2ee57fdfe67ed3bf4064ba4f4da7488cd77c49c8a592075d767,Kampala
3cbd7e33a1e21ff5ed5bde3193805829d144d38ddb7f6f67faa74eca4273fdc7,Mbarara
5c90ff1e6f8fac0eaead2adb8572e79903f117512487d10c81c1bb5dae9cbbc0,Mbarara
d78322913c26d144ec234b5e751110c34b3a1b54cacbea048fe5749ed43598d1,Kampala
1f44b6fbbb76f7183627ec26f1fdf10232cffdc21a5308372ff696fa98292a8b,Jinja
e991349767cb05f6006b15eb04059d51d3d397ab7cc3b5795fab836e5b50c794,Mbarara
f37d4fe32476b347125dd0f5ba8628a41fe470ea7ebbb6fad57593d008314402,Kampala
d0208b656d57bf9d37baf4d78dbd6b943a5fbcd3ad897912a63fbe83f03a78a3,Jinja
f20cb26fc3fd33b69c08452a332910c6eee0c3b24595dea2c83b72097a1271c6,Jinja
c71d2fd7c4e6e3e923b4ecfd3daf8bb0cf99d969f0654959d97325231271083d,Mbarara
41f5cde10fd4b884c18984b72a8f9f2fa26ef5d207c1949440eab9b2a7a7f67f,Kampala
b06b1800cfe3e7dda8d4eb3828591ad45f0c4b85035e37e67cfe7a067348d17f,Jinja
b96b4668666fd5158ac53a190d22014a0aa26be3534308f98955fdcc209cfc46,Kampala
11ea25e827a69fd03c9d3a5d51ff8120f87b02ffa00b0ea6fcff0ceadc2f8e75,Jinja
0552d52495eb0122c9aa606a4bc160459ba94f3013bda025509ceee541052b3a,Kampala
28e309d0902713102b641a9196a4084fba8ee3166ef5c0f5d2dc23a9413a51d1,Jinja
dd832e2c7a8d72719cae3c573b317f5e5d5404afe65039ac31fbe735fe05a429,Gulu
80e010b52eaad557a6256e5357ff1d5dec9a5e03d6144f24b73ec3b1ee9c0df9,Kampala
4ca0053f4df9de95f1d8e46ed9bb6acc83d1a6bacabbdb2bbb2abe7c43a633bf,Jinja
de370cd060e822cf61e392632ba6e51409868d88b716558171806cb2c33311fb,Mbarara
e5eb3757987750e7c487677d5fbb5ff69ebcc3a1a1d6e5fc6a5e193b4d6f0caa,Jinja
64656983243efd802ea05f03cfec8d05cbd2ddb9d78983807c1695a33df5a71d,Mbarara
e360c942badc9fab84715cae638118b647dbc0e77a5e2d54ad9763cec774b455,Jinja
3d7a86bd425d767edb50cdbfb05d256ea34888a80234edf716a790b77285e915,Jinja
4a7681e6ce62dd727bc22b639e2d955e678f4c8058454feaaf83e1ad844753e9,Mbarara
7e4b7ee1bfbdbbe446620677f8e06f18bfb25f2e2825c47c2a9ceb5a753a8771,Gulu
8e2357df2eed92b83734b70adca6d7853c602b311f2a7a08ef20ba79720ab2d8,Mbarara
065c03923142d83a340cf9bbe9337a72ad4874ce94034b6cdfa222b36b73f82d,Kampala
08195b2cf30098602772feeab8be4985b3a756c88b2daadedc598d4471fcc39d,Mbarara
3ab7044b762dc0a02135c2cc64385e60a8a0bee7e197acb18d788f2866faba74,Jinja
045df63b9a73c52d0291ae3f3c7d5f12439025a2bf955de3061b279b579e4bad,Jinja
c22c926121ad2b8347f7c5acaa0233fdd92aa242789ec712a0b31d8165e4c189,Mbarara
cdf93df5f761dde861bb7af3dbaa4a601d11281b01034c1a8ca9498e38cf93b7,Mbarara
075c76e5ec7390509bc40daba2c4a2e4b385f9301f17b0aa27ecf4ac7c3c397f,Kampala
a64f68a9b987ea98b95cac2a001590ef7b449f074dcc59e0f45df451a5d44dca,Gulu
8a3406f81998ac3ae1107e8b2b63af2bd820ffb26de834d6f433e9835084659c,Mbarara
d777009171489c90f47f5504b8354913c85e90d250fda7936cb2a886a53d3ef5,Mbarara
1a37fe1303d7224f6472582edb86fc53a1881822cfddafc030a07a257cbe4f7b,Kampala
4f1e48c676f9015728f5e74805268b271503383d68811cafdbc6fab223c361b7,Mbarara
239f7ebb39f0ea917ca03aab4ccd0d8e776dfb84b2a248617bf7506b4b0714ca,Jinja
7e6bc69f850fbf394a4c098977f5b83cfc2e750833d2147d7d24419012b2f42e,Gulu
08ceb4bb1ef5d4c28e650a3d3450b05f78822a2809a339ee3bf87f396675520a,Kampala
06c91d15b36e9eb6f92397097b400a4f75b650dee610357c17ed7a3bb0020495,Kampala
a4376633e791d1bc5a6b2124904e9d05ddcc2a8083e99b6b697cf8089dc599c3,Kampala
b312891ec2f419056cec915e0e18404eabfda30b3ce99ad0b7316af7d1762dc0,Mbarara
12ea77e303e1f1e8c22ab6e2fe13f64443a392e916de4994e0b93ffc88631a15,Jinja
50df0227cfeade12efbf6d596b1bbb6395e13500258c33cbb131d9eabc92df3b,Kampala
4c2ad4a246a401a86c294e331ac91d71058543d92acba093e885ab37596e9352,Kampala
315252d3a80fbee9e9e96d98f0a7d3f77fa00edce7cb7714f80560264a793dc9,Jinja
64c9d8fbce9a6ea5811f70f5991b819bf727f6dd8d3acbbdae5142cc7fb9037b,Jinja
e85d3f91ae48d979df13a694ab72cec7146ff59c8007fccacf34e9f9c0a7f694,Kampala
0b57ab1674bbb886140fe0438bec8dc9b3965d0b1a02047e6b02316931c70201,Jinja
1676bf6d2a519dae6013c10c48e845879dffb3e58a9bd97f0921ba9ebdb9ef39,Kampala
dcc9be8764c1d9b23ce7746e51a10648857d3bf2d9e35d66c2b6def93242e814,Kampala
bacbb8d67b4dc00b1429dacdaaaaa61f08785c6853710d6b55a51734251a7208,Mbarara
c2de8464bb37fba535c6f7dca2455d46a05c2d1d07c18428dabd999f344106e8,Mbarara
c1323dc275bcd8402a187123fec36a2bf75501ab05ab0675a22fb05e01b1d913,Mbarara
b9b5b4a27ea8cf34a83c5cc084a1732592e1c617f37b85d84f1264e7edcbfbce,Mbarara
a4e1f15b18b435dc61b1b032676a82d18500ee07a434f06f735f4d958c052c43,Jinja
da055f97c629f2cfb8bec4f7f67e97efacde5abe86e851e389f26b7e5bdd47db,Gulu
60ec63746ca26d213e3609e102f7111e808cbde3516d08664af2e66996a07442,Gulu
c67594bb6fc9520e3f045bb48f5f661a22eca1cebfe794a483cfc4ebb34395dd,Mbarara
f435f5b11e3592e57b861ef0192fab111753b9658101ae26b36cea4c010514ec,Kampala
efabe1c2a25f1a73ab43a7455a4d4d6084961ce667ccd3fc417a38e41754f5fe,Kampala
a1db01b0387bc0c9131b749cbdb256fe78e3a77cb812e00e2d0add816870f65e,Kampala
2b889fc9c9659214947b37fe9e8389275f248f1f06667c04901aa4c8c833238a,Kampala
a23df22234049e9dacf1647e280266cdd11ff9f88e0281eb877dee1852580ba0,Jinja
5e0cfeadb8a238b9fd0cd3cbb756ce3312f1282382cb2792ef847aa71d6c6de4,Gulu
e1ac6299e8b10b50481e62dcd201815a39667b1249f435ec1cb1eb2edf5f067f,Kampala
e34e6af5fe12947407b788a1d9fd76c840538617b20ebb4ebc56ca2e2dd7aa7d,Mbarara
630efc9cd7937381e6373b3be536589f54cca7d7024c0d0e3f9416704923dde7,Kampala
2d6c15a29c8dbaaabe5567d550f9237f9d3dd91772228593d102b41468a77652,Kampala
0fbff77fc87fd08395bcc0922f2755464d7196685099609176e0d87ff0ba2e2a,Kampala
4a3b3b031f5c8c9c9cc3ef10a315c1baad2e4ff13185192ecc1112ab06f11ad5,Jinja
87345acb063478fe8fee65ec4a0d652c515126d0c993821f80e9efc2e05b7f83,Jinja
951666dfd45dbc3959316c6ca3fb80c14d28bdbc1cd5f021c736117aa630568e,Mbarara
0a60af7ea11204d0542b9d2beb5a20025a80c3ee790270bb3eccce5fa37b54fa,Kampala
e5ce54556550ba34e6cc1ca992f52ab76ebc2c93fef9f3d8f3c1278a5f4ab769,Kampala
10cd9c44d9e31496344502249310e08137eac379095f2000cf1f526ab5948920,Gulu
485717a3508469466075e1e03b873094da9ebc05762d2a156c54d36f7632d4b1,Kampala
4304b7cf2defe8745f6e19543bcb0b2f727d4b5e5010dc221177ec5d16863920,Kampala
2fd2aba8b5c122d2d9435a9c1eb6302c1da482f2f2a9b542aeadd4ec74663499,Jinja
7c4503c209b6f8d6aef9ab8fb26e217efea1bbd1d4a03a0203e6936765d76b41,Kampala
7d30153591cc2b97eb7ce10bc652d7402d16ad8ab3519b756a3186d64d249d03,Jinja
be034e427a7d847fd481d54d72aaa17d0315210fd3c1f8bf1ea361aedfe1c9c6,Kampala
188e74c7aa1fc59288069621be7007a4925912008021a1f3189002d0430433ee,Mbarara
a992c64cfa8eee4fb71284707148c833f6c7d1015bfc71b7507fcbf2c5ed3c76,Kampala
dbfe979fdb561af71f70638f4ed384f7335ee900ba1efc00edc54d7550085d31,Gulu
2c83545260172ae35c3b050a1151b6fafac29db7183385d4baacd367d40a15e6,Mbarara
3570ddf709a7d2251fe5fb904bbffe1060d97f76ae3c2d7ac37cbc9aaab228ce,Kampala
49b885f9985ef29373690c8141afe4160592c57b464b6eb6a635a7c3ef3e5387,Kampala
3a32808d2f9d49932aa43556cefd54f1f65e1d52e8f5ab0837a5650fd363b771,Kampala
de111deb4f3cc18415b0a7b780029d030ebc8bba0383279236190131958cc139,Kampala
a2143d39a2d45debd8337639b428f0618a8b45ebb54df0c4bd2c142739cd14e9,Jinja
041ad37e8d44807620b35f79d9df1bb1a9c7d858b338bced0b8f76d9cdcbba64,Kampala
de6428cd963d9d710d0c3a39aebcadcacf773463cac14669472b5e880dd52106,Mbarara
880ec975bc32530f7cabf9460567d2af9774d95ac7869e8271607d20464b53d9,Jinja
7cb24204be02a90fe9db22beb0df5057170870728873a59b300540c63e7d91df,Jinja
5409b6d458e3d9c98a310162dbd11a9ccbc6aff8dd5aa57c6413e7d2732645e0,Gulu
073d1a70347d5695f28e9302788d5952926e1d1346ff0272f168844a05e20872,Mbarara
72dcf82116e53dd4418a9916b02b26cca82662d3674e66b61c6088d110cec19f,Mbarara
12892c3314b7f5649b55149ec67a57a7325936d85e4a3247046d609372e9852b,Jinja
027ae95d1d0129d4bdb53947c4450db8e83b185bc889a9aea1897c762fca3a61,Mbarara
d84a86224aa6399bde642978b1ff985735a3b8f2fc8c1526589f6f302977b659,Mbarara
140fdf0a366a330ef95cb5cc838c21f8cf4886f0b065747595502cfc14978111,Mbarara
1925e00bbafe4c25dfd12908803407e7b38f54712e114b020ebe08d89581adad,Jinja
d095952d9fd036064024071d27ec9f2cec3a6815cdf9b5eba224b9dd52b5dddf,Jinja
994233a6374f4efe2e7fc78e2a33ae8f72994242eae23199f1344d28d06ea360,Jinja
c7ac320623da8a8ee83c542c6388a72550f5d58c8cf5fdd5295a400d1db29448,Mbarara
934320e87f6c536496d6c1595213ca0220fa984312f7c74db934103a67b786d5,Kampala
e852775acadbbcb8a510981b3e61e2d18bf7b81b37a82f4a82a77885a8a2cb12,Jinja
e4c15eb21ed629ae21b8ccf0833b1f09d4c1161baf1f062400a5d64820b5eebb,Mbarara
cc3ce781d2acbf379cc640591bd35391f047d99a73ae1a6c96e13ef53a1c814d,Kampala
082ad27ca39973a99bd29344bd934a55b29a538f9620bc9fcce2c27569aa60cf,Kampala
a66d2c6d9d75d00819fbcd6cbc55ee096e3d8a6e76debc6e5e298bfd2afea55d,Mbarara
2b031d3183763fdb0de3d80898b8622b59b91eeeaed85df2083d66368df04aa7,Kampala
6956a9ea02c2aee5e27dbd0a5ba71f9102c171bde966794d710bcc7d876a0feb,Kampala
f77368bfb1e834f8edf0006ff7b2a122e1c82e9af7ce13aa35757c693a5ed61d,Kampala
1c36d7bf3d5342ec570913bd58be7ec0db8d8a192810d4317c07383a233127a5,Jinja
c636a8eae097f61e32a85d60707142e4ff93d6355dd7737cdea11bccccabfa66,Kampala
578bb6b8b9537ab63c53be8291a30b674a0a8d370858023567418fec26383266,Kampala
1dfeabddc6e851a773d4f09c3845b55dc85302981ca417544d44b81de1539c13,Kampala
22d68d2c68761dc10a6d6637dadf7b27f2bd74b28d7e94fc23ab121198cbd0cf,Mbarara
d004e5e95cf0045fe0cae977277db2a1c2de58b975e36992bafa260b2929de9b,Gulu
6bc48c3e9de6caccf84971adf4e9a258bddc5ccb3e60839b52e340d58e916782,Jinja
ceaff69f2c7460d042d31b26d8f4761bfa082d5a3eef5a0a9fdf2e33661cad9a,Jinja
89c435a7b12bc29b58bb8190e32e41296f28a3c1e0d36c60025f1bf5d2409d3a,Jinja
0e0661aafcafa47e6b1b7c16a3e890aebb3bb2757f63865a92d837cab0d65512,Jinja
c9b94ffa9b79019981f45576931c3cb63d8286b2746ca6b968e5ba2788cc0726,Gulu
bbf4cce0a05892e598a53696d16e6e7e25f805d5bad71539860e2ed4e1ae165c,Gulu
71b748069fcb9d4f3b4e9ae1ae4849854000c1e1371ec5cdae58e19e9625cee4,Kampala
d82258ad2444b822fe287c61eb807d3943697c359f1495653d74155eb7ef6f7e,Mbarara
59892fd63ebbc45c29b78b79026b5e775052e211589cccaceab4ff2d8872cdfc,Kampala
3739b9f6ced77c0ad3eb6689f70ef931f890b3c3f00f460eb4041be9bfb61e7f,Kampala
4a84a21896f28ee0f9234982f10dd0e3d83940f05122df826349a6c60bd0c7ee,Jinja
b15a2be4ea2201a0eeb5ee3ca4d9a3172610886a9a9b7c894465731785bc16ac,Jinja
2097e1cbe5f25c1d6e407ca803b58ff8f1e399075e229d1bdc015505f5e34b0c,Gulu
c647d53af6776082db9dbee14c8735d8595fcadba4c76648005057fbb812bb95,Jinja
b81555e653c76cbcd5facdc0f4f7b01903d23856e154449ed1be392050ed7547,Kampala
65bcce741acc8a66cbe0ca89edece248127c2f1321d16f21f358bb8075e68d57,Kampala
8661a8a2386d90d7aa25e6a19748937689565162056cfb94c9d9de47d7b41157,Jinja
da227eb0620ff69a3a6f3bfcb0aac570bad9f8d10bd7486f3dbf07bf57653b07,Kampala
15fa6bb6ce8280d480b64d1d4e9846b222529d6bc7c06566d65d1b9f00e04aab,Kampala
099a13995d922ff3e605da846e6ee0cddc3a6b55ab9f599bc63320172d3dd70c,Kampala
1aaffb469012e58a20645a6e8395c16a4babc4d464c0d9451bc15de86031f1e9,Mbarara
93dfddecfd732a5cd204ef16355ac185fd6b7f09e3fcb32a3cd85d110945c4fa,Mbarara
1db094562bc9dfcbbb883aa7878e2be81c21f522ffc5d7e1471f24ba744c0c82,Kampala
8a873aa63ef0b5cd956d7af9c4e759738486e0315e11d47e32f4f85d1f466def,Jinja
a7515839b7ca81a42fea8563b457f79002af76d03642b789f29af59816cd2486,Kampala
57851defeb045c4106cf31931b4d3bca6f6d3c2a3af3858b6074a41dd3d30eee,Kampala
34eaddac95e6bab417c7589f73683ba1b0a887ee630be3044f5c14bcbcaf409c,Kampala
c187ed99c116b436f31e93195a8cc77c2891348bd25eea4995b8ee12c1e0dd20,Kampala
315b09c641a34c54826fe2fd20a99f2f17de32f5cabd27834e3c25684077f5c0,Kampala
b21da3215186f33e4d2d675daf0f97af598daec567817c280abc66fa48b197a2,Kampala
aeede3cbeb226b239f65a93e8acd5e123e708d3014d61c458126dea6a25382ff,Kampala
5e790910776ce10d32747461d704af009d15373991a748add312c33758ad2dbb,Kampala
f55f03d459679f6a61e3dad41e3209bfbee7e80c5eff1db21e43c5b6191c71ab,Kampala
ff278325db6bcefc4ebdbd2f9cf4ea8893d1c42dc49798db19d0f505e654c2f6,Kampala
93325278ce8c333bcd7c1be217389d914e47636b5b3338afc42781573290e73e,Kampala
0ea22a355cb1225e8c1a4399f874e0b205a1d1e359657f391c4d69eb130a9d3d,Jinja
ecf9a88e41c9895decf52a53cebbbeb3acb701b16dacc37682290698bab6b139,Mbarara
204d548cf29b3067fde1b015097dbe9360432f8c3667913e7f42437d2a840d7a,Jinja
ddeed3379e967c116213899e1c8ba28830f509aee16194e83f5978fe2fe867e2,Jinja
d21b10c3c15ce826e247fbf99b73a9a3c4aba4cec01e2fa219cd471a65c0552d,Kampala
0f6d34b4088b4f4a6a4e9123c470ab2b04857b9be290af497b5e137c2c7c8d00,Kampala
06c555fdd2952d9f680ea0f034d9d7bdacb9aeac6c0883e9da8e413a1e281183,Kampala
81b793e131c70cb31fa1d30dd98792845063309d14c7468b6c6542a82f1bfb07,Kampala
a208eb426b4a8e7ac526f67631150ed276f8613379c39092f41f58d1177eedf7,Mbarara
3fbe638c4e87eba0c822e76e4cd4d5c5287c7f73df552b6e5faae244bd3627a5,Kampala
5e1bd9ff84bea8546f4b5a81feeae984da22f91509ef821a94ecf5d2736ac949,Kampala
87a83c6d8695c406685104c9af74d6eade723957daad3fd679d3830fa92cab83,Mbarara
c11b3865928beab815b6bc9b57d390851cc406c297918461fa6eb8c7c054d5bf,Mbarara
cb36183a2d62e2efe95872c14c9fb56d08a1703226e7dd4e38539da7de00c8f4,Kampala
3476ac2d2743fd668d17ace519bc1c4f7bf326a1aa103caee407254316cc411a,Jinja
e4c74902d92e3b0105035456e2e30e5662917ce8833cf74872b5843f67e6f14e,Jinja
beb25b8ce1ba1752a405b8190f41925d5c9678082e1cde191224794cbbf04fa1,Mbarara
b9054ddeb7637034814f5e3c51623880c65bbf753712bd18d9e183dde8fad1af,Mbarara
7fce6253a4daae967ae0122ca970b0f63126141e752c1bb8c79e37d504d01bae,Mbarara
b0cf4a3be78e7f07c9e3b1c278149b83344a31dbfecb1c262014ab1e75272cb6,Jinja
f9c02a298edd0a5799f348554ccac6a0eeff00037c9e095f39a48c18848d377c,Gulu
0af6263990335be5bc92dc8e83962b629a5d52d1d7b7eb733929e1a6713fd94a,Kampala
c184310a2efc9e4dc508fc9252ed5d6e176e1e85b713d587130ed58126f639d5,Mbarara
7817be7a17ca15e4d51ee08cb61078d2757cebc607184a43ff57b5223ab07833,Mbarara
5a3f5aeea8311518a87e6f6f081a8700031dabd391ad70a64d208e6a46a6eb46,Mbarara
b36067de41864bfb0253d95d7d3b9f69ce87683f870fb90d6b5ba4db2383902b,Kampala
9a9dd82e97345523da7dff9f65f8b92f3d1c77d6e7da23660bb361b738de8016,Jinja
b9ada2c8a13eb9e1a82d38b909842c1b216138f11d77b459f7f58fd1ee2e437b,Jinja
ae89f7cea2243071de620e64802c5da4bc202d54970e886cb3aa00503622b2f8,Kampala
83c62db21d73f9a5d0b4a64d9aac4e8032d5acca5eb57438240f5c11d1b3721c,Mbarara
18ba4a455a86437e08c533f343bd1dda6679a7214e2abf53eb1ba91e6dc6a8ce,Mbarara
5c2220f032175f6ea41a66f59b0130e55a3da360b8f9f8a44134e7f07f53b901,Jinja
6f64a4019ee34376b954305e73a2dc086c2f817af6ff81f3707a2fb6acd53e71,Mbarara
f42a0e800c3519e6c6177da488049d16ec0d47f52ad8fe9cc26b795d41edac92,Kampala
8541b2cfcdb89ff76c06c344a218322c5267503de677ae1c1feb30bdef63b088,Gulu
2ec32d85def14ac634e0af76716250323d834d3073bd6631f559428bfe708a04,Jinja
9193c2845dd99cfe9c2d65055a0ef0701c201ead36237a3537591106c88ab146,Jinja
6b9582d321c3672b407703745e0f3bfa71988fe210ebc8a6f1f1504b6474b0f1,Gulu
535be907cffdb9dac7a941024187b03e9ca56adf67301f50f83c76d91e505d8c,Jinja
03762b6e3f9497b3f628fee04f355c07ae218a8c7e0f54b0329c0bd97b3334a4,Kampala
41b009476f37fb21d31dcf9666704d5088a3ba431f19cf5d63f4328cbbc2f09f,Jinja
a39e1919ee1a90a09de0c56933d14c5c97c394f9db1b363fd0bde8b349d1a40e,Gulu
5e8f7c29b132096ca0df84992a2b0c4eaa1819c8a6f30fa3eb2d6326ec26fd1c,Jinja
b257ad4c88939867d482519fc644cc1ff6acd56b857c84b162003cad1c6976c0,Gulu
65a247845ba041c34afbb353887973283a2e96d4b44ee70b91e93605a63be9c9,Gulu
6dc2f339e2e630f77f443da911534e0d7cf3bd8b973fbc0b1ba3f3a1cef39d51,Jinja
0ddccae6ede77c6d8ab2a5cd3a9bd6a5b34660108188fd8f1ba575f1287334c3,Gulu
a1ed9ce2cb9bb45d79616d5e056fc854cbf7831da7208fc80cca34c9b64c09c4,Kampala
9db52bf612c4d010081964d5fffcc475cde1d0db67fd330a00d3e8fa36f56bb3,Mbarara
015fadb9f8a7589a79573883e90b86e52cf801ca04a27dd5bed032f8a9cd9850,Kampala
063be3f57786c960ccb08e50cff1b9bf38a2a066bf3a9ca0971fe14a7317b8f3,Mbarara
fe0744801bd4ccc98cdecffe9db3e12bf1b2fd5bc555744edde082f34b91d429,Kampala
f894ef3731071d9e71274f90bff9bd96c933b0c7a6dfbe9f11e49e10f5b7c0dc,Gulu
e6577c77e76cbed956e05afed8aa65f787eac4ca7d65de19de9d58e0d5ef5e29,Kampala
05b76f96ea37003dab3ddc4ddeba694b0eb265f9b8caf6f931b0fc28af88a4e9,Kampala
45475b79d37b3b6d52bd644e489a7b3bff4d11ed01a46d4c1ce84229d17efa23,Jinja
d0b84f6a0a4d93a39374461d44460d638f685abce178e2de2dc346194ffe5434,Gulu
5706e504307adc1888f2f488b33402128c4ef916e97502a23156939f343c16db,Jinja
10cc65cbd894016503984f3c3f2d826d063f7e90c4a205f3211609cf72d7bc9d,Jinja
d440d3d07b85ce91b1de4cc584652f2aad1a7904567270a3a3e1d14dc0c07cbd,Kampala
044c0a01ad9bb7448940c0fa53f4fee491beacba37ab62348b0474b2b57db33b,Kampala
5c044b9b523899fb228e2afe348306b09b926a47ca82d485a1a9a0751ac15859,Mbarara
cb4e8ed4b75e49ac45114b5dfd2c25090572dffa044df883031b887e3be6f88d,Mbarara
70f28221f77fbee42a7c85d179842176ca6803e7f7e36b0f1f2d734ef0ff970d,Kampala
ae789b434972f84829257ffbeac698b0e73f2bc3907244487226714e7d91a2b4,Kampala
3062c87d12a6bf4ecb53538ae0704eb72cf73533cd3c8c927a8903a5878b080e,Mbarara
7c9ee90ce4b4fc32a73200136313da660d08990b23e26c0a813ab82208b9ae61,Mbarara
6d9b17261b46acfda76a1a6573ffdaa3d8f9e66e530951efc830c191e56769cb,Jinja
bc6bd24992e310316336d4dff27bbe87ee73fd528c4805495e72e4c3b5f00134,Kampala
b9e19ca67f7fe4885cb30bff79fadd9d7bc08afca80c005540923e8b78f6bdc7,Kampala
7c35d51987d0a8274c77ed55b34cf4056661e57b51d94f91e777b4708fe05d0b,Mbarara
b7c181e19a7f51023c57becdd894bf832746be3df24808e4aced3e99ba537c6a,Kampala
a9988284f4e6ed4cc10277d9b29f7385a397fc9634720b7679bf05ee2bd542f9,Kampala
913ca00b164a3c6e1958a956aacf5e46a0466de3004cd63c77755ab01da94b6d,Jinja
cd843e757d5bd4d9f1ffaa3ea0a7fbfdade20df9b6d183624b25bbadeb2e44ef,Mbarara
c24a9564fcf914a0f5b3b1af076866ed3e01697eae0c393b9c71d17e17cbb700,Jinja
661ddecbb6c39d31048d17add7f0b01bc496ef6c15d666075d7cb21b4552a35e,Mbarara
655be340050178d02c8e2186e6c7f71ae05fadd46e5f4869618c44f4afb9bf56,Mbarara
ece096186cc4de8d5e2c4e59df96686bee8860e573edb511f98c91eccef936d9,Kampala
2b27478a3b34b774d26ea964b16f1b3b3f8aa0c8c3a53d779fc26d1d90992231,Kampala
fe24b1cbfc6898bebd9e7b04a054380559d07af356eb04cbbc0a8db0d11e6f68,Mbarara
63d6facb0e5ebb0568c54ae09560e0e2be28b0572c221438c3117e90ee74c293,Mbarara
9bc482620f6054937bbd1d4084d265c95eefc7a8cbcdad0d17a0a8baa3a7ea25,Gulu
2b101f9bf4fb61f0d9b2e686f07dcd8bce382eba6b74a93162b05abf1b8e91b2,Gulu
41c299d9966a0f59eec4dc539fa46c093b20bafb16025575a0ede3f6dd689078,Kampala
cf6a9a651f5ac5b1ce32b5b20781cf7368ff0c80e4129af43ba491346d86c351,Kampala
ab76603ea460b2aa724bce6f66b68bed8dc12f2efc5f81c3bf8b7c9759f7245e,Kampala
7538bf9627d668f9ada8edaf38fa4f2d70bd3eb95dca8e457d13a4150aeefbe1,Gulu
4b5d5f5b665f4f840a45c1e38b30548efca28f1cc0b091ee1f3fcbc5221eab4c,Jinja
89f2dd6de5b3e4ad3845c4715e77d8ebf62bec3b6f4b8bd152a0084423f9ebeb,Kampala
6a9a09e6aa85e4a5a3b51db61567e149f4b87c929dc86971d6d54aeaa8861443,Kampala
8baf99b9cbc045c2613996c635f81efab0d2f3c01c0b53c6fa57ef869c5be755,Gulu
930fdb677ec3b1fde4bcf92e7afa789e81226e95e86378bf3f5d589910ed5c59,Kampala
0da64f4d4b9f974981d166029bde29211251f29531282d9e886e3aabdab60ed5,Kampala
4d0111c01e1601c59a59f9dfd92ef8f79ab8ac92133eee4d3f2561c6be2e8c35,Mbarara
1d2b2d85668200507ec6ba66a27119a2328fb691d86d3b93c580c1927a5e57ad,Kampala
5222cf17d43e302c4ee99e79ff06ed1c22f7f33674979d75eca808cde0191d47,Kampala
3bc67695b0066ddb931f0b0bc606293e072f6b174f82da0ab5c5ed9587c54ad5,Kampala
063eb6559120884adabf31843bce19011f0582b4da4da020a882a127f72784ef,Jinja
93a587d03951aad0034bea7d7060c3ce0c69e82544194d75b62c6d2f552f9450,Kampala
0ba6b993e7e9349a6422e03ed4766f0aa2b177238e5eaaa8bdb4595e8d60ae0d,Gulu
c1620c5cb3c30269f7a397780483551714da2bc0dfd7b97c047e40fa301fda4d,Kampala
aba63d2cb2fe1a7a539bdf8692965e477a679ce231c8dad0542daa1bef3db023,Jinja
a937f8a15bd3bd1ecc4c0fd8f9ad85f74dc9d3eede8434e93bfdb95d5dbdbbe6,Kampala
27e860cd30bb277423d40e2640971299ca7b16cc19657f84d392cfb6e9769625,Kampala
73650db29342bf78a4da52f461ce05d99f95058d81a8451382d7499c78e36013,Jinja
b29960e7f9ef47273def54552ebdd58496255fa60f39547cd36cbf96573bb828,Jinja
d3be79c049415ea4294d0650220beb3bf1f898823bfbb8880464988a1969a7dc,Kampala
f84a45780e0e686e9d4024ea08fff3b47bba366fed6cacc73ce4bc48fcb19283,Kampala
6361d9b6f28df07cc0a860631f9e1838feb495c9f76bc9a297845e30d4d2bf88,Kampala
4a099bbf5600bd78a199bed4a4f2a824c325fed68bf994b41a50cd9a5442000a,Kampala
3a270fda3d6ff85cd95e406df2c76ec16d41934628d900c974a7ba34de86f943,Mbarara
41b46be036b039905a894370a4f6a2ee61c6c0d3c534000e00633173b741dbbc,Jinja
f790a1131aed6e2b05aea4a1d43bf207e57d5bdec1722aed06e7f4eea2de3743,Gulu
eaa89df3e07072b659fcce539858d08f0deb3e39b22dd6b2995e1699f39a13bb,Mbarara
e8882edb051f1de96e6660b7df16f8bfc9568c717c3b59f5ea7f5bdbc042161a,Kampala
d2c5d8950feceb2c01104bfb5ca2b5a9c869e80fc20efa3de1b8d7830eb4c943,Kampala
c0b7c27948de23bb243abcd41a9481c9a1c7d9c613dd4d1d3415fb3bc8f5e7a5,Kampala
e4287e1ea7fd03e2508e458107053369978d14d8b5eab951cdb2472131ae5de8,Jinja
08fc419025347e93022f6fbe8a138bb9290e89212f0a4e1d5451eb9cea58a259,Mbarara
b2821ebf095a5bde57bdb5f31ac4c64a707736e29790b8ff4c0311a6406aad17,Jinja
a89d40eb77e2d349f96d1b30f3e15d6268cfaf2587d8bb049522a4eca56e7580,Jinja
51c44eeeb7e02ee7c08404b8ef8d9a41039fb41cfdbdce1a06a05bd05e79fc12,Mbarara
b4fa8ffb4a54d28728e17e9768ce8242d60d033950287654f8f8364595b8de01,Kampala
9b494c65304f85ea792880e70d55a0f23605259fb8ebec18ce65c361d4bb638c,Kampala
d81c6fa67d920bf4965eae89e2d85211458ef1ebdac63d5d32aa9f74b9a5b972,Mbarara
0f95957fd948a57fdfb8e9cb6c6280f5745ed0b79d3ba8377f86819c2215c019,Mbarara
50f4330c14aa1eaa664cefcdc944e6320adbdad8319ce63a805ae30f5fadde6b,Gulu
3f48e3bf33d9d47fba9f3993fe0a71cd81d91c074c591a94e70ade2be750a579,Jinja
c52f873e93b55cf2a5523fb684650dba33f5face46679e112e0c964221577287,Mbarara
7c88806bf4bf73a86a53efcf09eac0018f23000744ebe10ce5447d021aabb6f3,Kampala
b00bb815ad9bba114a21ad83642d1939737d511c754f293bd3a4c4b2c1074633,Kampala
a0d9ed4cdbfe82cbc3348c3dcd102370314e8e3fb8d0dd6523df564fa7e8aa70,Gulu
6495c39af49bdc879822f2670866bf9d6ef823e6854c95532eca028882283f5a,Mbarara
076302c336c21b102e2ec9aaa50e9a5b5e54275cfff65fc9dc6cea86c765dde0,Jinja
00caf6f3fe6b6699cdf14a5e64c0f9d0232d0d36e3fa8ade658f1fb533d70a03,Mbarara
b38de3475a98d3c9b6a8467206b69a8a5efb1650327dd278ca7342b79c5e773a,Mbarara
2d45ed41cfb6345ddb881c1ed1946772aa903274057bf53822a0f7344990937f,Jinja
ceaba5eb377c0ca680d4df426aea9e6ef272323d7d76120f831d5053ee60a2f6,Jinja
b7ca0ab5740aadff53a69697233b1408f8c0c17aa74c8c38bc938c34c38c1d90,Jinja
269346ff660b977474bc3eab3fb3c592a6a74f404d6980b560df58e1c03f3b6e,Jinja
e1ea9879fe4e58f34db0ce84c332f5d1dc095cd80c632e39331baa9cc94a0bbe,Kampala
62c74290285d2a1dbb70463ef2ad852ffc62600511fb2f659cbbb15731f7067b,Mbarara
aac64c356216eeff25e45a1e245217dd55d59b28e14f5e49efed7fcdc24885ee,Jinja
f6ae6cdb8eea9dd34b1fb4ffb990206f0c4720240ee7d15189007f4f382eaf96,Mbarara
12d6822d4da6fbdd00f1e7aafaa402ab96706ec029caaa477032b3076e864f72,Mbarara
94c9bae693bd600ff9a57be7408b919f9bd03907c4639909386f8b75a3648053,Mbarara
8800b4f9e35c8a72bea2a16fa0286b08ea81c20b901518d76f7a6ba3c811c9dc,Gulu
308ba2e6865d8e813fd4a74374455af99ba75432b585525fe12506b4d6ad49a8,Jinja
0519a512fdc816a176f3ca76ea67b517dc57cfb3b5fe18c4198c7b05360db25c,Gulu
aed088ec13f80ee276708c622ddafa06353caf2d5ac1617359d46340627a0898,Kampala
e8f6c5f1e119091dedc3944e0e997887513dfad88b36d2e4a1c958734dbd90ea,Kampala
0c256f25273e1f1bd0d3069b555e43e17311ea00bd40d6b6b3764fd373400a07,Kampala
e9cb8dc6e30884c134a01d3ed5e559e96493ebe9e39d6dfd5e5347c7831d217d,Kampala
416fbf52186a4332c1466c694026285e8c4e6437cdb0520723d33f0c31473ab9,Mbarara
99fdba01c8cc803935b3b7752876a3e22a315f54c376156307f4bf7a36115a1c,Gulu
a500dcb1635dbcd1afbbe1a862713e5ad4bec54975e59a6e7c9d3bbc59274340,Kampala
c9a301bd4820a060ad01cc7b0f49a81dafd2bfecb48b2ead7d564167e0ce855e,Mbarara
02640e7c37dcd016ac26321efdb45b93f684b4c95dc78c6b9d16c198f9fcc506,Kampala
c0b0a33c5aae4abfe809ad2a26b995c914aebfaf0ea65d077bcf51f88c135a48,Kampala
745208917a6ab9871c32863f3f961fc499007270e1c81a98b396dfed09a70343,Jinja
d637e8d2feace67cd50f760997d0a22d6953b46308aeb0445565f3c162584a18,Gulu
79062caed9a93329c27da1e85dd9e3c2d60981c97cf50d8eabc7c8ac5d5ddf0b,Jinja
0ef341ef9a3d08add67fcaf626fecd6ba755aebb55cff1f42cb425249816bf95,Kampala
16ead85072b70004f2887d2471f3a81a5d1e2de5353ca7c251d0edf8ecdf7ff6,Kampala
01a9374da1ac642e62e456f35b9b02e8dcde7b528db34955412b065886907d3e,Jinja
e8231401264af4a74c401fb182117a6ede2c9e0294e0039e782cfd663064a656,Jinja
8c640fc1435e3aeadf0b9c79efc895163a0b79fa52ac44324673f1d299e0b3d5,Kampala
ca67e1647246723abe3281d2bc3d303d51fee893302544f393a94fcd0696b1d3,Kampala
18d948f2be59d54f9c06092c8660852b712d176a6c7136bf364e306513313e92,Jinja
0a4cf123f817c3db8a0b18429dfbdf5420dfcac9833e455a5146c571e9c66b92,Mbarara
eb3bf3296f96ca999436eb957ac0039a41d1b813f4e0e1d5bac0022bb58ea081,Jinja
2edf17929466887d2a638402db9c1ab202967dcfe7c4f33be6fce9f2ad9dd15f,Kampala
9fd77c236b63206d5bf9a9c0bb96107306daa7ff70c75e34fdd1873a3a8e380b,Jinja
821cbd5a87cfbe40351b70b2239686b79c1efe0cea83825e5a386bc7f3e4f916,Jinja
30e8a95881341d93400fed8d8d9801ded24d627a1834a7cfeaa640688cdd2cd1,Mbarara
9b8b570a38cde8bc8f002999a2c335076c334826361ba601dfb9a681fc210f66,Jinja
2bba6198a17dcad90bd4e23acf77dd468468b7d5093b9524a4f5de9a53e3ebd7,Kampala
02016d46747d98824cfe7be281d25c6360d9061e919c4727034cb61ac1ce246b,Kampala
5cc12baeec9be181bd996c02b83c17585c7badb8ffa4077512924d60ceee1d87,Kampala
602c8f84598fb96dfe7f8c34ce3b014cb6a249193c70d4de992e080d59a6b481,Mbarara
e3e238a8c56816d280ced678f28f4c9ad10305d49cdd5f4ab6bb70b5ec090752,Mbarara
af49b6332b380014f47b20c2e948e2546299991822148b103880f6e32d659a06,Kampala
8c7afe443dbbce16809d306d0e8838a9b936742ff9c732ae1e74427547267995,Kampala
3953c8cf16772550d7034e3c35fc6a945307b40ae6f4d48d97b135cb1e0ffb86,Mbarara
ee6e45775f7cad6cd60548fee0b5e7d15290b1b26c01893de72a0226c889e8ed,Kampala
aa04e47ae74e5a197fdf466bf366879b22dbec3383b4f6fc57843d2e85e67569,Mbarara
834669842aa1899cf5a33a24bc114a0a0bafb4b33b415054ee7bcee7a06a77cd,Jinja
e4b87b0eb36bf479024888d0d853152be480c2f49228c64d4019278a28b74de7,Kampala
5439dddfe22bdbd931bcf5b5906107ff65745bacd39bdb3ac58438773b7bf778,Kampala
a13e7675638aa1f83cf56af48ac8bb876d31236ff0506f8121f233c020ce0688,Jinja
1ac5c99a6d31b86ca73046f2320714c0e4267a78cf1baf952be3022366404432,Mbarara
1fe52585d634432ede70d7b5c1ab2544109df03201f935293686368c11e5b678,Jinja
081431c2b6653f1f87c700eb0c6925373e01572279432457151ccd430d40a671,Kampala
76e6cce581f14e81aa62ba2a9fa7b332cbace6551f030ed50276acf0e55a2817,Mbarara
7e8ce7108d3903304c79bbbe98e4d4e56ff9ea1386142526f55a62dcec82bf94,Kampala
18a2dd5c93e24d1348d3a756be2527f2c027f552a4251b14992596f581d62eec,Kampala
758323c01194385ede05131a7b8fb6b968a7095aad65ebd1c91da324a64e2b20,Jinja
63b47e29181bd280d85c0c41535b307ac5ebdff133572195d29987fe1167c7a3,Jinja
ced07340022e8e5b0df0766c22da3381ebdd64c806931b82d772cde67c0560fc,Kampala
bcda7968b2e2979e53427ca53a95a67dd06a283dec0ea00eabf0ef45676d65a0,Gulu
b041e5f5914c1bf26d85e49603ae101bc6896498e4e96c936b4817fa67326ecf,Mbarara
c0650613d2c89c72371cd04e919344a7c539be733d9546952149287e3f62ef32,Jinja
d7b2353c0ea5b83f74115234dccf147caf2a8dbcf42b151a4d98d8346e11d35e,Jinja
3f9bfa2f3308c2f47df6779ccf7db1770360c1d7f9f2d5ed02f83d692aa92f68,Gulu
8d3fdb3997a070c7be9e2677cf7e42574431226ae410797b62aa48f69cec6be3,Jinja
11662a475701d26765973c5a3dac92bb434d9f92d6d72551910146d5a4d7fa05,Kampala
469fbc43aa30339f6b4c646625b61ce6cb0710296f86e8be9b2fcdb1b91b9317,Jinja
bf57be304be87d3afd42beef2e182bc5e4a9f4eb99a4f664c38f8de7c96b1444,Mbarara
6b047141d94f21f1a6eb7cfe38ec12c95be6f9732b078c1aa1244192c5db477f,Kampala
61596fcfc92d3e78deb0974b21401a00eda65febc681f8aa070358251438a735,Kampala
59d5baff7ba4286014dc1d553800cc6532a217ae1ecb4585d6077517dfe73580,Jinja
625fe5d3a08491a35c9038312f22ac0209b248bf47e1756d20b396d570694034,Jinja
bd4831dcafa5eca99fd6cf035f04f90caf01643f46e5805876fff074d879fcb1,Mbarara
a94782b0729067257790839bd542219c0ddb715fe07c2f29fe622626855dd5f1,Kampala
cb396166b2228e19ed9339fe8bb6e11e1df43b4a5f926514daead44abebbb7b3,Kampala
2f6d8fd17a9458450e4aba166192a7d42f7c8097e2872b9322e34ff93a76630a,Kampala
6214368dbdb4639088fe8f3fe1f2d92e95341c149515830188f10d57b1e1aa2e,Jinja
a23490147ee1da1eb1d8185b84e73d0ca4b24321ff82483da71e4cdf57089ca9,Kampala
a6b52c746ea9987a92c7af1988ab87fe659c4ef5a10ea42f67b341b851f64337,Jinja
a94e3459700c5fbaac857a5c6814cda4171ab500b5f9c71140b185ab03ee6e0e,Kampala
c54a4985fe8d37ca6cacb9d6c19482f591fdbc0afab02d5b5fd5f845f27986ba,Kampala
546228c89d7e0800a56bec7a36590a88cc6cea6e6a0ddfb6a817b7a85edcbf85,Jinja
ab4cadb7b0c2ec88d98d51ad6769810fd537852ab9a621a0a03ba97ba6db2e17,Kampala
66b45d256874e5d9d85a039a2a6d0a976bc772bd26399306091c2b1492a22c7d,Mbarara
55cfbbd89ee8e7154d6192b4bc54b276c11b8188079d49dd08f766eaea974acf,Jinja
03fb6d3c871d8b01aed9872ad5279ae7b58aed74bd3260b795bb350d5baf4af6,Mbarara
9429402e7bdb87974936e5b190e6719a5b7a7a5681a2927755e9510b0bef1947,Mbarara
cb76618e3860b8c1f95d04aa2163245e1a6df406bbc9beb05c092d932b292e1d,Kampala
390d6a363aed232432ad29d402a535c0b46686ecd5c641402eeb05f72246a8c9,Kampala
54063c9ec3a23e18efefa5f11aed4d2e921cda02661eb17065789550dca0be09,Jinja
13f39f1a13d4e3b699a32b314370556c2bb9db9ee012f805e46e4e9f5b6f8703,Gulu
4fc6e7fac07d23f8a5efed0ea106a27711b41d709edf5a3b5b93fcafffb542e5,Mbarara
ab41756f6e76959f1b0b8a99ae2d11a0a894b9aea7cc50533e1dba881e94f2ee,Jinja
19125c770232ce807b6bf5240d21e3e6a913a781fe832d151e4a56bded1d181e,Jinja
a31f72f39174bbef31912c822235c785ab6d345dd9920d64bdacd318e396d3e2,Jinja
b54cf0adaf2a78447e6cfd00e3391958e59a2fa19ff10d1fb181dbdf0c82f406,Kampala
7b0c56c6855cea55dbb55d2a694a07b722d2b3d0a2c645c4304c683c2a270d8c,Jinja
f20c17dea648e020e74ce475392e97c6feed808780c1bb39e75c380bce06c3b5,Mbarara
ee0fb233daf2527aa54c350a5ec093c9123c3556e11db5cd7ee878bf65dacb73,Jinja
453e29067d0f2b787dac7eb6a8d4b13efc712e87cf716935f33c506eda0ae165,Mbarara
a60980ef89a64d269fcf9984a91101a5f262a3c974bf38aefedc3d0da903aa3a,Gulu
45eb9c2caa58c413e9a8cf70ad6c9af6b4ef786908031678d7d1e2290117837e,Mbarara
271d663b40934b0b88d753ef667a4f376a57ea4e8d75bff653c8c0e8276a0d09,Mbarara
5e7dbf396a35797c341023ca9a033f5ccd4acd18d5b342f2e809ba01977500f4,Mbarara
05781ac3646b867b279e82ad4cf98927fd9540cdac4d0588c25d450fd71b649f,Mbarara
20a7b5c9daedeb38b2219554b575677192d7d8fbc2b1db1d877b32ac925cda70,Gulu
060bf36b3d025b7215f5474e18b5f05c314b709dbe934b6de2e2ed562fc44a5e,Gulu
a539836be653d681ac7ff24ed64382d15af7ce62c49c46f4c6c110009c2a7d0d,Kampala
349825f25c21a56339eeaa65861f3f33b7f5ba8dc072139daebeb80e0c947a79,Mbarara
62f3cad9199fb76b3836f49ffce4b6266e265f1ba54f79cbe2450cc76724f5ba,Kampala
31838ce7ae159f48ac74d586634ee29f96f633cc55cf8cc8e50b97ac5c3a11f0,Jinja
a67cdeaf79ff9b2142fd83e27c90a363a62459c149ec1d7d10db3804e88a4c16,Mbarara
75ed5d93e8e4db75f9073685a343a44feabc35522c64ae4449fe6c1973141f6a,Jinja
692e3b90f701ce7331b115594cae153e7fd0c73376ed2492614eae6fe6701dba,Jinja
0e152333158f2c3447bdbe395a6c2742868078c7f5c07b86c8b26725542c2c21,Jinja
9ebc425aff92434b04198797d608d53e3e1cb6112d24778130e53b079b80ba3c,Kampala
e269862f88f8670ef8fdbdf3900c6912dcceb2d917916d775a16bfd6df064cf6,Mbarara
f8b9590b805c23c1c5c49b9013a6a477f8998150d6bd55c9e53e0780fd993f6f,Kampala
e8e0a29d9d9af84a788be4d389e18f5d7a3af8bf40eaca450cd7b61ddec61cba,Jinja
e3f8c2923c7a3d5450eddd52bf42a600e1292bd54510ee9252485c8892580eb6,Kampala
d18778d6979efb09c49bd29d5db424d4b60f598fa1782bb21ded049cc4df6c08,Jinja
9b25077c2f70fbd47810747c89af32a73daf00f58a77d677e2fcf4bdfc0fee63,Mbarara
c8c93a8b232036f227c4930eeb4e11fc845ac740059747ed08cb02f76b9b4c10,Jinja
3cead4e122b725f01b450d4a0a9124c5044d73fd26248ad9eb88a176a578403e,Jinja
b1b2a7a0723a2249c5c1e4f7f57edfb7fcb860393343c91602f817a90f9d4320,Kampala
2bca6df6de8fa1fec26b185e094fc74d77b4ab9ea775dacf3bd9f1dcb7b03398,Mbarara
a87b7fa0c7cb21bdd2a85af7767a13c02e81402189131b133e2f6f40bdd59acc,Kampala
b0470e9297c325466419340018dbb1acb430e8fa9f82f99a9c74ccf5f07b2255,Gulu
a4e3bdfd7deb2061a36a4ad0e7d5f85f5346e93b3968560f2301d9c2c241f773,Mbarara
89f07fe2d94e2a241d4fd86fc7f9d580b52870f9f14975ec2b942127e1ffca61,Mbarara
5f7cbede95e9a3417053e26a140a43cf6a3572f10b7fa523eaaee08d93f46d5d,Kampala
7ac2027c970b77e14b4a1262f24d90ce4d9b55392a9e55b9b3a7e8e3a470a9de,Jinja
fd1429eac1fe8e90b52523850ffa87bb373b91f82c8ad0ad0e46973ae9404656,Kampala
6358d5a7f1c93f069adb31a3e7ebdd6a8d7841d7c141a609da72c5849717d1e0,Kampala
3e45b84149f1aa396edd5ece4914e8463c1f118592f6290706992749826c3375,Gulu
88e63bb374d8f5e1b8e0b486c7a27ef60a03d8fee09b7ba127bb502a615c0131,Kampala
6e25122260c6e01b20a8ec94f1c55727ebe0930045c0ace701c137b2dde87885,Jinja
f7e55f53be3bf65de65f348dae2252146c8a17a0ca83ef3302e836d261146db6,Kampala
c625da43f5c9c71f93115853e4c3224cb7610973e8716e57f3682281cbfe4b57,Kampala
eeeaebcf9d563b15941aa1becd726b182d239a8eac262c44910218093fa3f1f8,Kampala
de04b3305a493d121da2a234eae418c66dab0e95ad8f54eaf79f90921a538309,Jinja
689656ced6056f4787a66aa4acc81e0b05ebc7caa910e921e34f63369286329f,Kampala
e6dc164fcf7c24b14d211e1d32835786698025e0e08f4a54fa3de0b1e44ba8ea,Kampala
7bee628235ac2121315bfc20ac57cbb76f82564e3483bc431083cd7ebe469da8,Kampala
53c94d62aa6a6595ae02d8e656d19b90b86bfbc97a079ec727a99d3815e7d14b,Kampala
8c847a7d46d2715cf1ba04130f729a4a813983e6e4ff559d5b50433d99db2568,Jinja
767e4e133acd2e3b0d68e0565561e70294daccbdfd62b8c4ed29b8dbc0fcea8e,Mbarara
eeb1dfdea29388321aa4344c5dc3a943d7b3c50277d5b0e42c109ff552da021e,Kampala
cc260afc15cf9de447b279db6c6a7d406c635d8902b0de1398fe5ae5da22d448,Gulu
b19295a3202bd0b80c140b61074dd4d0970c8fca2c12833a2734a8ca40a3b3db,Gulu
62c3c2c4b3e00e01498dfdd786433cc438300498e8b8ab8f0691bfe7757bff9e,Kampala
b8bac5d54e0c9d1ae62a8f8db376fb7283a2aaee73dabc523694e28ef49fa86e,Kampala
c28ea65b56afc1e4584bc9e862108455cf482ba526056a6b81d3df17b2f48006,Jinja
ed3215b5ba9244b3012607c3c96d8c576ced2a5cd48f52dc549a694c2dbd89da,Jinja
1adba1b3db15071201c271f516d3b0b99bd804aa837762e445afc2f31f592741,Kampala
f6166cb4126da6148eaff482719515d98c77347f63d1e987a9a51fdfdee115e0,Kampala
6dca287198fca3910972ca0f5a6b72215d2db8a2302884f981288de4160e7a44,Gulu
f48c94b7608e150ae83f375be83ee9e4b3e9253a5703ec710027ae8cf4aaa848,Kampala
2cd60f31532a0a03cb38fe8b68de744b13af443a87848ff3af181655cdeb0504,Kampala
2cbb249a3e3e74f2bc9f20dd0a32dccacce4e01e4549ed6d10c7c7bc24364cad,Mbarara
ed24c61183d600f852658183283453cc6578b69b8cda3feed80224545c8c38ba,Kampala
3aa86586ce7072d0c6476f2dae72d94f68bdaf2d2a03edabc082843306b0a3c1,Jinja
964aaa9ce625a3c57e9df5fca148712a17f9cc108097700659f0dea2f051521d,Jinja
b96013321bdfb8ec16aea728d7655e2e03c6fe4d658c5496bcc0f27cc592362f,Mbarara
fb000b50dd376fbb3817b75b0a89a834cf0b6af26384dc3ae0b8d8bb6ce9f86c,Kampala
0bef83570a174025f982e213fd5e959d237d1bd4dbdfed715199b0db215d6052,Mbarara
35a68340a6e527846cd2f2c8579922e97a3e22f97624bab49210b40813f27caa,Jinja
2001c0ccceb73653cb2e55aa8892891eaa5228210cf870736e2b4c8b2ae55b7c,Jinja
5eb3ed5b7acd7aa81df7f6d066e6c8114739f39649dd0db5801718b6210ecfc5,Jinja
756f0361eb833748e4969d5e4e35839cb55b43384a25173d7c2884dc3cb095b2,Mbarara
45bfc197a8462e46e3ec448eff2384d852b3667a6d86f7a2cb3284178a405ac5,Kampala
0ceff010876a98cf7e7c094922037b6305ac51aad0fc406c00c15e1ecddc1df7,Jinja
38f0f0f1499023dfbfe79f5d9f109ce59b715364a4547bca99dc0fc9e2b2b7a7,Mbarara
b269a454295a2b4fc052db9b7f20a910d09a76cfa089c84468664fe0b4088f47,Jinja
b5ed176a06b4136593de2c657ebe3d73c877e8e029f321f6ef30fb59a74cfeff,Jinja
d19129aad0d06bad89eada7020dc634a865327fe4e951f141cc94842f89aafe3,Jinja
c011c0212c90f7d9c0adb2e5c34d027ca3d6d8a6d546257ee72c028b30b20420,Mbarara
07191e8301b1ff1025aaf23da1d7e693340bacde39851db35d06e3d68f25c3d9,Mbarara
0df94b8d2b1903e68cdcdde0fff11eaee2e6b7a03fbe9d107f7fbec3b7896fc0,Mbarara
24d316941bca8cead065375d67d75501b47e08b96c091dc184e93984a21f937d,Jinja
8bd60e59d3945cc5a62cf44d5a1508c10c1a7b9c57cc1402f7871b54d44e69da,Kampala
3789d657915a1ba8790887c55a0c42fc9231bbd892803c46593ee7584616dccd,Gulu
9552d512068215b178de58a1e81d487c447090ebcd30290cb68a3a19cd54a893,Gulu
24225b6b99ca86a0ec3f83e17d99794faf89daf3180209c6c3a40f3162a0f920,Kampala
85dc4cf45414789cd8cc61d39b8aee78cf43f197607f9a510b94893e03576722,Mbarara
70ea61c8f209ca243ad226713f9286178ad0a41e45aa86aed9d1f1d7105db9b3,Kampala
54e76680a74862a73b24fd326791381014c3afd4d54b074dd4596cb67098bb2c,Jinja
03282177dd97eb1b7e1d34696eaf8c9eaa0b0b844dcc44ec1e0964835ff51d5a,Mbarara
813d8138f13bc34bb6b9f2aada849c34f811437c92e3a24d1658331091a9a807,Jinja
5cdacb7ae5de195a190e133358922023fc36165894ad9b693443d0ded5466bdc,Kampala
1ddeb0a962373ed39c18f30a53be3d54c32919bb3584a3d87ff3bbfdd17b2bfc,Jinja
096e915e8b0f7076dd8c5c2b41a8940f415b9a1e8093d3d99d419ef2c0720a2a,Kampala
421de917862bc45534ffca5de279268f77d488373c903a0bba6f4cfb9a90fba9,Kampala
5f251a7c36b1640c5a9920d85fd54315dab8ff4b6cfdd308643b5d8700bbd045,Jinja
22bc42522005c81ecb986d2a8bef38cd9b8fc01c1af76c0c35512060728ffdd4,Mbarara
1c61f36dc370fd5e7a34d6b5d3bf1352d9780641577f7f645eeb8b2761712126,Kampala
f64a3449855cbfc21a3047511a4bb1693b33be5a39430e4f6d2f65d6c7a6d358,Gulu
bf2bcd0ad9dce45bd6b149f0990ee03aaee5d1498b2514c60c2b22912ae8f38b,Mbarara
f1a9f035b31ae9047f20a6df08075def4b2993e59a8aad4d97f561a2de4f01c9,Kampala
ee3868ab2d53b0fa2fe2d72bfb7e2a3bf258d2e2280d7b1e36ede2caad9df954,Mbarara
7b563573057a6217b21c9621ca037d971aed8c338ac1cbe58bb72a146a9de783,Jinja
8c22f42ced656f0e670c457962c7adfc65b3b1a9768d96c2c608dd5be9b6e44b,Jinja
e567b00543c4740e15d0712dbeaa9d193cf170a2863a7775d61e27bd552024d1,Kampala
23e4328699143be41336e7b84f43df83143ec869576ffe0b9961b3b713780ba0,Jinja
dcecb4df741ac5b12e60c148dbecd0a1f8badd58e4463ba1251cb566275a147c,Mbarara
89eb6a1805d44550f2c24e845c98dad9a482c6d38884b20ca8c70e3aee632229,Gulu
5e6c8c0445e63d5efcd3f9c055ea39ff0e0c8686b9fcd82d523608a5418673e4,Kampala
d8433cf3dd2365efbb560a280cbdc761d35047b5ec06802d5fd0b974e2d1e246,Gulu
34af28ccb4846c81c3447005bf463bf84bd48841e4df54777c0edcb2ef2fdc7e,Mbarara
417c53a0429d48cca990646668516cc8844e56a3d937c4b288b145f1048ff470,Jinja
68afcd9b596631c563ae6ed06c393eee6bd76ffa83e117ab52e24f68f5b61c7f,Kampala
e51b17883f43545127c8328406d2911757a5f090790b5e1774a1bb64fe038908,Gulu
2cb0b81cd1144af2489887e500d63aaa486b192927682a773e08d818d3b91893,Mbarara
de63a5c66938ee8dd9219a2a53007d6f6ee6c878f8390c1db39cc3add03b55be,Mbarara
0bfacae9671928cf08b7b138c371cd7e4a6d18ab257952ef13e99656c5634eb3,Jinja
f1a98fb7393dc19a25795a21b21bf384f932c16c062e89b717a877d8a91ff06e,Mbarara
f6c94151d3ef46adeb1cd9ea6c78c2eb142c6efcd406b909c40a16720217f340,Gulu
a0d678775660c538d8ce2c272a2ae000abe5359df340dff8a79e28c789883015,Mbarara
a76b5c7e1636aeb0cd0dc711f259533183f41da3171605a29ac934a5906df034,Mbarara
fedc4ad4a2a68563b48eedd7c1c1f31a51c2d1a98ba1a3a17735c1c4bdae969e,Kampala
b991f8195f12b645741ad8258f5ec0e3b3313ab077970d5507b55511622d164a,Jinja
17d81d45cafe10f2af321b05d8a65dc512ffdd70640241fb72da01bcb88a91ef,Jinja
c7be7d276868059d7291b4c415ec08b1206a744bded503722a83bb5c5b38239d,Kampala
da2ecbff21301bb16de2941d9f4f5917ecce2116dde5afc590d7f96969c11f30,Gulu
e9af1ef3c20d97269ef0d35f068323c80aff69e49d1ae329e3e9e52a590efa33,Kampala
8d7aa862751b658a5e351168f58907671260a5174966bf97871d37e8a45dd227,Jinja
6d157b7307ef5f4c211a33722e55000eb5764a726163f7dc4b3a558b006a62dc,Jinja
165b4b6782a1713124c183526c97253d956c0ea1e89b9aff4e619193026790a4,Jinja
190d2fd1df1d227ee5dedf06a6f59c40cede325b0485763f1163ebc5e05bcf86,Jinja
e37d976e73b50cb4e4904c811792f711c5643b47bc39afb1519b7d3b07d90faa,Kampala
ff88988512c6c356fb2e3dc92a39be471db1b7bb36847759fac33af160b9b50c,Gulu
285a2d3f076576be3383e2c0f7389762182b84c33231f23f89792e2ab643ac85,Jinja
f0ab943cb99621de26ded0c5814b64f64f0069ea3c8986a135d48c268601db7d,Gulu
fe271b2f8cf5735d7c1be5b685699332b8533136d43c976bb1f43c8710179f69,Jinja
49a6db4a108e5546271f35460fdeb307658da99e6c9d9864663d9fc9a3bc0216,Jinja
b317a248b4c6bc6a6c9f253f9a71743ef7c8e2c16a775bbf629634153ee1ebbc,Jinja
3b0457de2f47112c142aab60a66a46f4b1cffc2df95e3e01ec9e2f7f3b26ff1a,Jinja
dffb8278069fc271de2b731ce5366d498ffb498534fcf499e31ca18775443980,Mbarara
5bea029b40ce1d1f9494100ddf22bfbdac9046a8e31c50a03e4ff470fa229a50,Kampala
0c4093f8c1507ca1114f7dbad8dbdb0e7495e6dc176cb5e7bc770cc7349f685a,Mbarara
deeb82909b38623ad19172740d17d79667def9848a8eed44b62180417a9f0d37,Mbarara
9d6a5ca36b9aadf4ec51d7fc0e5ed39cd7d2a58ca547c1770ae937bb37aac255,Jinja
262b83d90484df170e7bfd0fe5a0216c0b3c2f9313b7121e5f13981362938f33,Kampala
9345dcaf692947abe86608c78f49e6a3d225391847cac8c7063b4e95aea3355a,Kampala
20d32cc09799763552b12476b0b3931eab325b5d80f6df2d06fe434cb07d5193,Mbarara
ccc36b6ad0a07271a74fad0cadf65900b38ea408afa8c61a23c1fe453faac9c1,Kampala
add634e5a805f6c3724ea85a63871a2a750ec432e533e37006ad5b4db6d373e1,Mbarara
ce8723622dc8d9cc46ba0da083b479d2f4296a22208a209b9c2fcb18ae59e516,Kampala
923703676a8ef7ec07854af04d6eaae31ff856c02bacb4d6c811fafb7bbc55bd,Jinja
e5c5c246342bdae0d9afbddb656a0c81576b41a0e7b2c4317e19717d349a0944,Kampala
942c5b245da9901447b612cabf17047f5d10c7aef96444ca97bcc5905e3c6d56,Kampala
37f55ce95eb010f5b74ac4371a993bc3de46a0d8bcea3e75028aa55e03f86d49,Mbarara
0fe845e69209d8315a294d26f43ce3b6d3b6556678feb5795ee54f53a2b358ad,Mbarara
3b9a4eb9bb7aed4f5f8e16b6f1ca7fa74de9419ad79995147c07721a33db338d,Kampala
6819a6fc4a9b5e1920caa3252ba719e7ded3366ad3426ecdaf7b4d7f12d07447,Jinja
735898b6485fc96353e3be8bdf00bb7b9b46eb9a36163fb3ebfed497addb585e,Mbarara
e8f8d4244af8ab7c9b36788256967479e0b84b3cd6baf004e685efc2e9b80038,Mbarara
bec7ccbb3e819deeccfa6930b8c8498a488b114eaebc51aa49db973fcc100075,Gulu
f8f1251a04aec611070e4b0146a5cee0fba5054d20dc147da506203eb999ff28,Kampala
5fefe2a4196e8401c75f5f5ca0aa6d391fb8718a4fe2b08f9c19fdc807af6624,Mbarara
ba3363acbbd93b18949a327aa7c24a5e595f97940f91b8c2ad3aca5b7df40a20,Kampala
22d71b5b6812952968e57a916848ea8f7cdee6863139ed56157cf40148d9b2d0,Kampala
35fc28171004e18a42e61498acd0cc953b1aae62fef7e3d7d4dca2180e274ecd,Gulu
ad9f3aada41c66c41822ca7299b0f4f2dfa78fc5fa814dcbcb7e8841d7a4f59a,Jinja
d62258bf2a727a98cfeec1790c2520c40398e47e2ce8acb71e8ec0c688a3d331,Jinja
ebf81f90b65f7aefb67a745d99d13abe8d4cf017fcb947b172ea5289fbf76059,Kampala
b2bb9084675d2be8a6092a643ffaa718fa33fc159309193c2bde1ecda012521e,Gulu
02bf88393e8da0e98a0d0c0bfbab2e6592ba11362d6bd0318f86c56a48cb5dff,Jinja
ca4df1ccc14592ff283abcfa9ba58b7cc17636ca8ba3d512e132eabdbd6b72a5,Jinja
87192f06ac5b31a668b0b7018c3b575290be46dace030280b45cab72803f866d,Jinja
6b694755cc5955eeefc2652f23ae96742312c870d312fe87dff0bdd9cf59e9a3,Kampala
c3f5bd3840a6d271521ead623b038ee6e7bc9a25b3d4338184814a66fb6b151d,Jinja
189cdeab48968db0b75b88e7fc1dc05663fe98200afde9631d7efd301f92c8be,Gulu
5a0d8038de2b02998e0be900c2e731717e4d8b9e938f446bd9b197c5dfef51a2,Mbarara
a054249dc7ba6308537ff182e71107231be113180ef3aad9a8691a666261d140,Mbarara
7a79e7d8272f8fc001e32005b661c26be27aad622df964fe487e20aa155f48ae,Mbarara
1ee1acac26a6536d086b2a1036f6c3816dc50cef483cd941fa512a7ab4be0a70,Kampala
e4435bd2b0618fbbba602066d82e872a4b02c99429370fe89639516524083d6a,Kampala
b8c9a94b544e8bcf177d1bd0a1df84add13a7ad432f338ea97c1c23356818fb7,Mbarara
06983e64f5aabffe7c61207e6894fce4a82adad196d3a67fe08988a51bc052d7,Kampala
dccbe4c8e448e57f2743bdacca5b34631cdb6665cd937996dcd169d90b562b42,Kampala
9f1d6e3ca7b4531a58e19913fa4c457edcc5a10560eaa83a45a9dd59e396a1fc,Kampala
6148efe138583ff485b94b9184e9d66cde74f5bfa26dc25f8d5b6a436d2b1e0a,Mbarara
4ef1ca9c76ab685dfb9a7294c3a228e6119afdfa6ac6181d890649b5c7b3d071,Kampala
84f8b4ecdbb13cdadafaca14ef0fe6a6bc4944f41c049be6362a6f9cce914d8c,Mbarara
9dde42f1da69ad5922f4ebc2af7c5f1a34b45f30a1b1fc41048617f7717a9e8e,Jinja
d6369b3bcfc7b484029e94f3879ac36376f5cdc119bf70636654bc286feea596,Kampala
08d7b1189c83a2600446e7144e33a173e15a866acce810225c4d2147b83c7810,Kampala
0e8bda5d879e427c77979090947de863ce200f803160aab4bd9e7184f7bfca34,Mbarara
9f3db1b425fe44eacabc90e39d40eaad3344078ac96e5fdd6f3268dc89c21890,Kampala
8a08a347956085d5d865f319075c4d09d1dbe8d9c5658b1991ce4c3461f0251a,Jinja
5cc2c06e916c57c25ed32481b4d84da790c80522143933239e1e2b0dbf4e4973,Kampala
f54e9a33058aea95457ac828137d6315b56c7446f108194fe77927d6c4142b0f,Mbarara
c574547de861260c0016a44d724417581d42efbb0ca70d3654e8d18d7ee6f3e3,Mbarara
b43314676f61e7a8d2211f307ca997c7d660e77bb6c7d350ac44496669245fa8,Kampala
925f5e491b674f714f844000cfc869c6a6e11a919a9804185b62a36e33a93d83,Jinja
ef89a6b67c3bff23105f813fd704bf3c6524b39aeee4368b3a878b553ee2477a,Jinja
b52dba46802bec05ebd8e15e7f868cb60c295235856f073dbb1e1c033d7b5c52,Kampala
fd4c142cc2c29fc922e0ad013647a152ccbc69da99958840c3e6c8b47daab533,Mbarara
2c31cadcdbc7e546443e6706a549063baa259abb8e19aecb12186c33e682c6c2,Kampala
04c97fe7b31d2dcc79975211ba568bb1c4b3ff4714ef3057fef2d4efe4ba8732,Mbarara
b0683169a0ce28711d0f3d786677e4fe1e5c7c685c1b2f3f60f2f0d5ab0d2ae9,Kampala
a97fd4fa1ad1d885cd6680c0653d5eb2c0439b9f385c4ce3cab8e749318eade4,Jinja
e8bffeafb634b192fb60c13bf94997d56e51f8026e9cc2176ffd51618edb66ec,Gulu
d47e16e3a829f2912a035c131aef1104e9c8c9598429aa825cb6b953dd23290c,Kampala
3e51841b6e36aceee65f987bb0441e36683d6deeeac192725bf7e7fe42bac5da,Mbarara
641d7960115d13efbc9313a48e6a1fc7877af67309585aba7e82ed313e7e5c99,Kampala
3e4da61601038f4b165f47f5e2d0bdd45cee68c2cac918110f4306ad141bfba1,Jinja
8e1cb3318c3f74c0b443dd8d94d1411e7ef4bd2ae28e80e18b467ea6b8910fb2,Gulu
e78b91a6190c257aeb7804eed8f3fa8364f927c28ea51b500966bacbd3467481,Gulu
8dc3bcc146e7fde896f1d425e6f74bd4f5d74266c72ba70bd14c4bb964deb439,Jinja
a2bbc3def904b9c5efb644c32bf8ef24af79ead1d2b6698c7f262f04e92ba63e,Jinja
7cf1137672d3a880d298d05adcf9926f66235be9eedebe72f7e8451aae11a742,Jinja
aa1fd55c781bd676bdaae5e6025c1d871117149baf9fa9ec813efd75b4091f12,Kampala
1a4db563bcee6d635519694b07925d0f42be7a95a0f48cf66cbdf93103b52707,Gulu
253a682a28cd7ac040df6a6c908f90050e5eff8607bce0a38f6bda83282902b5,Gulu
d2caff0db1e5148c54acbcabd5a2b544c668cc2c711b8d3b1319d305b7ecbef8,Kampala
2ddfbaa1b4b91ff97fed7f47077dbfd4bd470e7ff14d95b0d050b8f3fd9ce87d,Kampala
8dfc5853c3ba2ba44132423d8c081e3e8f7855fc9109a94524c0cda904b07741,Gulu
fdfe4916cc713b5a3500eda52af5ef5e759ef7a76ac14552e9530242955c4ae3,Kampala
bf70f0e9af8ad02955c2a8c29350b080dbf197f3d371963246c921707f6f8aa4,Gulu
573a67d61262839322493686ff365d02fe776c8f27d0c80a9b22fe2c5c65956a,Gulu
a8db214a47f1f5d7e6596141378d0e5c41e2d14c3f6c9d90e2ac9a51a6d5c317,Kampala
4d1b1ed6b39f2113f82d294cc16ddc720e3cf2bdfda4e1a8746b6c5711fd8efa,Jinja
919a1cbe0573d31e413b54f6e4ac505a8b677a17157a790c2a2240dac1ee0c2c,Kampala
ce5cd1385cfc911cd9b91dadf19ebf3652a51d37065029d032a093ecd1820523,Mbarara
15b2a379e72b95dadd2187eaf74cf0ba328e9fdc4bc5f99a1ac8717739252aca,Jinja
2be43c58c73af60ac8ead47405bed56298fce68d56f531ef7b0437af256a9f09,Kampala
102f428a3a5fff4882eae29319d9a445bed4b1ce71e7e4dc827c47db77ec3a08,Mbarara
901eef12f84840f6ae17259ccf04ecd22482abe2223c7345251de4f695d60218,Mbarara
32bc20f67f3d2b79b37086cc74432f4ebad96c403d16ba51cfca0a04c7c20ff6,Jinja
8aea6c797829e72288ad986fd4cf87ba6ff50f80b332b12afc7a1ef571aba101,Mbarara
29032c3625c98a896a79d37eac3609ad0b7c5536cf5957035c80aa41fa3c4c93,Kampala
7d10ccefb894887f69eea661d987f7aa1de77b53fcd9366256a01204095d1ed7,Jinja
66136988fc0c68d062a2c6af39697b02f5c315f96f763c3329ca2a9bd7b9aa60,Gulu
e54babf51c961d2368914a71a69f967f526773dd8db237693ea4b1a8b2e74fd9,Kampala
dae6dff3daad8d084ce66b4b5ff4778befe0f592e4a6f7803a97b7086328bf74,Gulu
14d93b6192575f81951f7ddcfcca743d6f222d32470e6c35aca052fe8fe85411,Gulu
7bca70c4bc2131107e164982087a3134f1d0f1ff93a8f5a440d25d36dad9519c,Gulu
ebdaadbd82234a08ea7dee229d44447a3bb98ffa8b1df837a7554910d3e8543f,Kampala
5642e48d7593b31bc2b7ad9bca37634e7a63b06514b93a01a258519a4c56561e,Kampala
dc1ea4da04c88261042884a2842d83209366efa6754071c28c1106b178bb95cd,Mbarara
42df3e840019e2deb917fb4b0334078392f2e43d4bb466dad11cca707e66f6f2,Gulu
d8c8aae707836c6bfb232001768dc816146f69afa85ca6679a40ff8d0afe3d22,Mbarara
aae20498c53f52d3d6416fe9d40e4da0740899826b96de198029b3caf67c210c,Kampala
b93589a4f4831c710e4821585d0a6730f687d577167bc6a01ff5d3fb26ca9dc3,Kampala
99da3bf3a2aec8dfe9ea223c4b1a308f177803293b66c514a9dd1fb085284eef,Kampala
679900828373cd1ca7bf84385af6b11a71074cac185a0498a865e81b538d85b4,Kampala
6c8f65eaa67fbd9f5a04cd7361db4cf672c09add2632d5b29bd31b17e0fe9a8c,Gulu
eeb7c234cd077e7b3494a86c4a0e2dd9b9ef4e4fa112e60033c8be508a73e259,Gulu
33bf1be83fd6c0ec29369be36ecee9ec035ae2d54129b8b8cdab085bc877613c,Jinja
524a07b381e8a11bbd213ce979ed6d528e144695a79e9093181833dbad6276a1,Mbarara
c198916d4e942ca35c3d5cd8f502d2f2f3316ba0f707900bdd9e94aa416be045,Gulu
111d0e87f0ec309182c97badd61795d382e4ecf8f7fc6a330e09fc88ff6995cc,Mbarara
80b3c3df935f1378ff9a17e7f44517c1e419d17fe6b7c7c4dd37bdfd879de820,Kampala
d95d8d54cce4050e50e8b0f5c30db3dcaa8e24aba7892abd5d3c34fd46dba773,Jinja
9332da23183a1061f2496056dc2c61bfa51394d09db14715977bb71d0be40f14,Kampala
81d38ec7cdd5e1d09b2ef9047d5f4e04b63cabae3aeb37667b7083989a81a6f0,Kampala
3f440b12604e5b320ca6c94587639fe61da65958938139ada37ea200a392b73b,Kampala
4ae55840694eaf681828e0ed9e14862c906bab3c8b130cf03cdea6f7ce50549c,Mbarara
3baf5432c81711aa9108cc446c6e42b8071017a448eb26e373b9e0d41b501b86,Kampala
7ac49c15860a54a8663b27d1116dd03086134b518bfd38b06720131083e02858,Mbarara
cf967834b18077ff79bbb0aa02770b7fae28c5ea8a157c9588ff2d314c19a9e5,Kampala
b0484069312d22124de0e15cefe0a70792c638560723210c159f468817b51674,Kampala
a9a1b93c3cdf7a0a00ad7a762ab89baecad2d095c336cb06242e0dcf13379bec,Mbarara
b7f918e48b7bd9df03db06828c8af0e54a87a8fe4c84b6a304af9cad39c50b11,Gulu
4fd9f02e8d5eaa78c5f78892c73f97f8469ea998a056aa3d6054b3c4aedde168,Kampala
fef0af51c39dd71b6758cb5d58606a3aeee88eca80e70f90e4afe7fad8d229a0,Gulu
a11b131dba848467965f7ac5e73a17ab83855ecd5e959df1fb1d65bb4ca61536,Mbarara
6e1c1616da6bfdfdf85526ec2cb46f71a5b939c0e96d32733d007d25f616e735,Mbarara
9859d8e782f75bc016a29883873b94cdbd3b7bffe06ba6b6cfff6ac922effb90,Mbarara
de82a564dbe33b4baab7415a066d171d14e40f092d35cbab95d341fd23e95d25,Gulu
e84eaa9366af513cf752aa6c6a08b67596309c03685f8abd34cac556329a00ff,Jinja
da05b1caf3d11f5e295311455a091b487f2f9e0dc6cf7b5042741d0c2fa913b4,Jinja
f83378c240edb34e06fe2e1a0010d2961883bf5494f80485a569567f93883116,Kampala
a0023c465b558e3f3766287f60e0fa1c24fa90256a14d1d80e802acef0b889a5,Kampala
96527ec81a0e8c68383ec1ba1e8051af4ac1bc7e2f335793dbbdf075f8573689,Kampala
fc37adc76c1e9b4f60d6b4a4876c66421d1b633cf149be23a60f58557fcb7d7f,Gulu
8499aeb7d7be122790d48a05ed7a69b80af1dbabbb34935d2f23afb7b8989754,Jinja
6ace3f5acaaa89b453b73c8e060715a8ce841fe752c6332fe8b63e852f13aee1,Gulu
18cb37c3683f9d24949d55f950ca451efd718e956b793231d4305fc9a7d74487,Gulu
9ec0b83445797509b5c9ac67139816055a114efa10cc1bd095d52b49aac4e751,Jinja
30c0cae18d5d80654e8331b3432773e6b1404a2f5f56e653519631447c97475c,Kampala
e437ef4ef39c85817309aa0ee782eb7ca5c1700da098a5f597ad0bb02d1ffe6c,Kampala
199258a40d5a38d05dfe10874ad5fc2645cae84652922ad6d3fb8f86b689c298,Jinja
bdc6abdb6956ab4fce9c71e91a2e05b7e7329beda7eeb8447cf0471f233779a5,Jinja
fe2412cfa8dcce46b8acc0872b61492dfbbc5ce4933318c559b140d4d3ac7836,Gulu
1ec60c8f7b3cca343075ffe21e2156dfc94f2c3d7678651508ed0e7677b89057,Mbarara
a4e39a3f7f88663befc033a5c08723efecc6592c45d4226c0e3d175cd1bd963f,Mbarara
7981db15153d94099efe8a6859d6e892538587979b890f70f13a0eb56209a94a,Kampala
a6ef74311315ed0672bbf99fe869174b56fe20e5a51b3839832afd003ab1f252,Jinja
8dd5f96b3ccc14a6169e2eb091896acd1c90ed7dd2ba7434a4558e24269782e9,Jinja
1c8472703dda3b8a2c64d6149cf03ddd6cec4e68e95a5f46169f4eedf23305dd,Kampala
5d6d2e026dcd500da16de9c2bcc97b3300541485aaff1324543a79e5e7c15f67,Kampala
eba15ad72da3be0de9144c22d0fd9cfbc94829ed494c21fc376ec8a149b9022a,Mbarara
5bde362bc5e87546e81731211df14db007c778cf677a1adef926ee2428dbd2f9,Mbarara
975b3e2daf1116bf5b3b1fe658f5051a18443ab7ac4475d85b4dc956a0a80479,Kampala
e2f475dcb2ae134b08edb382ae3c0b170361db86c33a85bc6d91e374998615a4,Gulu
f1418135aaf744ac845f1dde293869b4e0af88e1883cb1d00a2a182a415873e0,Mbarara
a16843f715fab905b8cbd5002a14d2ef028f4d102c6f3b3e83f0dd41e9843095,Jinja
45339facf17c860fe4eecd274b63b4a583ffb513096a429dce634abed4f09d06,Mbarara
bc1ef6cfb6ecb672baf53a7fc14a51cdd30c6c1130ceddd5df10e14cea4a05e8,Jinja
50c67f7598d79388c2eb195cc23ba1d77eadfd53143527993320b76b69e1184a,Kampala
dfbf5b251f96a6b531cde9eb7cf3e7b500e3cff3b3b96faa0140485ce2853ca8,Kampala
c1dbb95f67009a44f02b17f2e2463d4b35cd1378e36c8377b20427e67556dd46,Kampala
422365ee1c7b45c908a7b8d2014d521d606786d0184673cdc5d0de0ceb7c0a85,Kampala
c0273938e19a89fc7e4407408a66a038c330e7d7585d80ef07db24e802808f4b,Kampala
4df6fcac5ac5f153bc52b42cf674102dd5c12828f74dc22a9d0ddea62cea9488,Mbarara
88482f0656bcdf80a71c96d5cd3a7d2af68732818c1a24063fc711c8355f5a8d,Gulu
fb5cf53df35b43fde5525346d81587e7a5d8564fa556dc72d5016a2189573709,Kampala
3182df15cabbedf3231fb2ae7d2c77af4485f90c778ea6d7d2672ed983bad0ba,Jinja
aae3b72c5f7232f73240ca6c964722dd910daf0718ca625123d92e5acd6a8baa,Kampala
9e325d315db25af43528f07eaf323f230809eff8f6c91a853c54df523098fad7,Mbarara
e445aa7e5de3e631b22bf11be4676c80883805516cabe1c9f371d87e71a98814,Mbarara
d940c87e67b5f2d146c96853c2dcb3a931daa05172f609976f082bd8fd48289d,Mbarara
a4f0dbc05bce650ce3fee8f993c3c9c985b14d64a41ec4f9af1246ada8fc9453,Kampala
dcdeb7bf791c59ea0ca6b90e9c69809d08ff944dfeb3b040ad71e4b275f93f88,Mbarara
cdbd4cbc61ba493a602e80091c3b8a246026c62b3f8cfa897dfae846337f33be,Mbarara
2d08a14887120544c8a2e44ed6149ceeb38578750165d9d5db4c94f4b3455cbe,Gulu
0c1e1e38e924eca502f4af6f3ec3d4e69c4ead6c50ce8f64c059dc4dfa61daa0,Kampala
